anio,cve_entidad,rango_salarial,ta,ta_sal,masa_sal_ta,permanentes,no_trabajadores,entidad
2018,13,W21,267,267,483524.00999999966,234,0,Hidalgo
2018,1,W9,8417,8417,6285560.299999996,8091,0,Aguascalientes
2018,1,W21,439,439,794661.9399999997,420,0,Aguascalientes
2018,1,W15,1576,1576,2014241.3300000003,1492,0,Aguascalientes
2018,2,,2067,0,0.0,2067,189447,Baja California
2018,2,W2,303630,303630,39023005.26999915,269855,0,Baja California
2018,2,W23,14457,14457,29091689.23000002,14088,0,Baja California
2018,2,W1,792,792,69518.4100000002,686,0,Baja California
2018,13,W5,13585,13585,5367262.229999994,10226,0,Hidalgo
2018,14,W7,65507,65507,37397441.509999976,57530,0,Jalisco
2018,14,W20,4107,4107,7074019.580000002,3845,0,Jalisco
2018,15,W5,120104,120104,47505812.27999993,98391,0,Estado México
2018,22,W1,300,300,26491.600000000042,260,0,Querétaro
2018,23,W7,10287,10287,5885163.599999988,7160,0,Quintana Roo
2018,23,W22,484,484,917295.8299999998,405,0,Quintana Roo
2018,24,W22,943,943,1787337.8799999985,866,0,San Luis Potosí
2018,24,W9,7217,7217,5404245.369999993,6210,0,San Luis Potosí
2018,24,W19,1091,1091,1781489.980000001,970,0,San Luis Potosí
2018,9,W13,39732,39732,43821428.18999998,35589,0,Ciudad de México
2018,9,W3,508513,508513,110002900.2899997,419539,0,Ciudad de México
2018,9,W10,67383,67383,56576273.23999999,59288,0,Ciudad de México
2018,9,W17,23002,23002,33526740.279999964,21228,0,Ciudad de México
2018,9,,3701,0,0.0,3701,1218610,Ciudad de México
2018,26,W3,127016,127016,27297535.629999913,109434,0,Sonora
2018,26,W22,978,978,1853811.979999999,907,0,Sonora
2018,11,W1,639,639,56382.14000000013,596,0,Guanajuato
2018,11,,1060,0,0.0,1060,254286,Guanajuato
2018,12,W15,765,765,981232.4800000002,679,0,Guerrero
2018,12,W10,1678,1678,1406491.5700000003,1277,0,Guerrero
2018,16,W20,820,820,1412900.9499999997,680,0,Michoacán de Ocampo
2018,32,W5,13502,13502,5357002.629999999,11621,0,Zacatecas
2018,32,W20,238,238,409646.3699999999,220,0,Zacatecas
2018,32,W10,2527,2527,2121439.2699999968,2105,0,Zacatecas
2018,32,W14,910,910,1086105.5700000005,758,0,Zacatecas
2018,32,W1,110,110,9691.4,78,0,Zacatecas
2018,3,W22,306,306,579723.1900000001,273,0,Baja California Sur
2018,10,W19,395,395,644234.8599999999,375,0,Durango
2018,10,W13,1291,1291,1419904.2200000007,1167,0,Durango
2018,10,W21,271,271,490615.2300000002,263,0,Durango
2018,31,W7,48625,48625,27248560.309999984,47711,0,Yucatán
2018,4,W17,714,714,1039346.9100000001,625,0,Campeche
2018,4,W4,10655,10655,3274460.0900000026,8583,0,Campeche
2018,4,W1,23,23,2032.2799999999988,21,0,Campeche
2018,5,W6,44114,44114,21357151.539999977,38612,0,Coahuila de Zaragoza
2018,5,W12,7446,7446,7558160.620000005,6536,0,Coahuila de Zaragoza
2018,5,W9,15828,15828,11848957.22999999,13784,0,Coahuila de Zaragoza
2018,5,W22,1446,1446,2742343.450000001,1358,0,Coahuila de Zaragoza
2018,18,W21,78,78,141310.75999999998,68,0,Nayarit
2018,21,W3,108215,108215,23343374.240000002,84196,0,Puebla
2018,21,W4,58995,58995,18041407.360000033,48977,0,Puebla
2018,25,W6,20013,20013,9669039.929999975,16652,0,Sinaloa
2018,25,W17,948,948,1379611.1899999995,881,0,Sinaloa
2018,30,W14,5683,5683,6760857.319999998,5277,0,Veracruz de Ignacio de la Llave
2018,30,W23,8588,8588,17278051.879999995,8221,0,Veracruz de Ignacio de la Llave
2018,30,,32395,0,0.0,32395,456365,Veracruz de Ignacio de la Llave
2018,27,W7,4760,4760,2723124.169999997,4032,0,Tabasco
2018,27,W23,1839,1839,3700099.65,1737,0,Tabasco
2018,28,W4,92430,92430,28275776.72000003,83514,0,Tamaulipas
2018,28,W14,3704,3704,4412882.789999999,3405,0,Tamaulipas
2018,28,W21,1163,1163,2107375.5700000003,1081,0,Tamaulipas
2018,7,W4,18485,18485,5690651.319999984,16382,0,Chiapas
2018,7,W22,353,353,667776.1700000002,340,0,Chiapas
2018,7,W5,11878,11878,4702442.790000011,10553,0,Chiapas
2018,8,W8,20655,20655,13645052.740000002,18753,0,Chihuahua
2018,29,W2,41423,41423,5094022.459999965,30746,0,Tlaxcala
2018,29,W8,2230,2230,1470689.1,1995,0,Tlaxcala
2018,29,W9,1366,1366,1025603.5000000008,1196,0,Tlaxcala
2018,29,W15,459,459,585610.3799999997,426,0,Tlaxcala
2018,29,W10,1026,1026,860095.0499999999,911,0,Tlaxcala
2018,29,W19,177,177,288486.38,167,0,Tlaxcala
2018,20,W21,169,169,306397.12,163,0,Oaxaca
2018,1,W8,9795,9795,6467226.200000004,9242,0,Aguascalientes
2018,1,W6,17649,17649,8547446.899999965,16630,0,Aguascalientes
2018,1,W10,4665,4665,3917025.189999996,4438,0,Aguascalientes
2018,2,W8,20521,20521,13534613.85000002,18647,0,Baja California
2018,2,W7,26920,26920,15351429.63999999,24647,0,Baja California
2018,2,W21,2016,2016,3648954.380000003,1929,0,Baja California
2018,2,W19,2694,2694,4396842.179999996,2550,0,Baja California
2018,13,W8,5886,5886,3864533.0599999996,4146,0,Hidalgo
2018,13,W14,1164,1164,1392776.52,977,0,Hidalgo
2018,14,W6,84746,84746,41133766.84999995,74130,0,Jalisco
2018,15,W4,193228,193228,59213103.98000026,155443,0,Estado México
2018,15,W15,8317,8317,10637248.399999999,7512,0,Estado México
2018,15,W16,6998,6998,9580327.18,6345,0,Estado México
2018,15,W22,3169,3169,6003518.389999997,2891,0,Estado México
2018,19,W9,32742,32742,24539412.43000001,29766,0,Nuevo León
2018,19,W12,16662,16662,16911654.250000007,15311,0,Nuevo León
2018,19,W8,46512,46512,30712134.059999987,41676,0,Nuevo León
2018,19,W20,4685,4685,8070237.159999998,4429,0,Nuevo León
2018,19,W18,6024,6024,9309250.030000003,5658,0,Nuevo León
2018,19,W17,7412,7412,10800316.07,6992,0,Nuevo León
2018,5,W4,93511,93511,28641372.250000037,80663,0,Coahuila de Zaragoza
2018,22,W5,43684,43684,17257450.860000014,34979,0,Querétaro
2018,22,W14,4741,4741,5662641.690000003,4116,0,Querétaro
2018,24,W5,31968,31968,12631814.490000019,26305,0,San Luis Potosí
2018,9,W8,108031,108031,71268965.25999999,94108,0,Ciudad de México
2018,9,W18,18775,18775,29025037.539999977,17328,0,Ciudad de México
2018,26,W6,26615,26615,12896216.509999963,22859,0,Sonora
2018,11,W14,4874,4874,5818089.7499999935,4360,0,Guanajuato
2018,11,W20,1481,1481,2551196.8800000004,1329,0,Guanajuato
2018,12,W2,82342,82342,9630772.099999718,67348,0,Guerrero
2018,12,W6,6093,6093,2953356.570000005,4884,0,Guerrero
2018,16,W6,25392,25392,12292073.94,22309,0,Michoacán de Ocampo
2018,16,W7,15454,15454,8804215.259999992,13459,0,Michoacán de Ocampo
2018,16,W19,781,781,1275412.13,670,0,Michoacán de Ocampo
2018,32,W3,35306,35306,7565618.619999999,29818,0,Zacatecas
2018,32,W6,9506,9506,4628810.689999992,7978,0,Zacatecas
2018,32,W16,688,688,943704.3800000009,599,0,Zacatecas
2018,3,W11,1584,1584,1466439.3699999982,1222,0,Baja California Sur
2018,10,W4,22459,22459,6887657.290000002,19629,0,Durango
2018,10,W14,1288,1288,1539378.7300000002,1140,0,Durango
2018,31,W19,536,536,875345.3399999997,521,0,Yucatán
2018,31,W21,299,299,541591.53,286,0,Yucatán
2018,31,W17,831,831,1213541.7200000002,795,0,Yucatán
2018,4,W3,17882,17882,3874975.2700000075,14705,0,Campeche
2018,4,W10,2104,2104,1756560.4399999983,1506,0,Campeche
2018,5,W5,62519,62519,24737494.450000048,54924,0,Coahuila de Zaragoza
2018,5,W8,22621,22621,14925492.179999974,19829,0,Coahuila de Zaragoza
2018,5,W13,5873,5873,6474994.959999994,5122,0,Coahuila de Zaragoza
2018,5,W16,3538,3538,4842012.929999999,3257,0,Coahuila de Zaragoza
2018,18,W17,294,294,427252.8700000001,261,0,Nayarit
2018,21,W6,24755,24755,11996748.880000012,20719,0,Puebla
2018,25,W18,844,844,1310964.3899999997,804,0,Sinaloa
2018,25,W15,1535,1535,1963053.56,1419,0,Sinaloa
2018,30,W17,3143,3143,4579557.039999998,2989,0,Veracruz de Ignacio de la Llave
2018,30,W22,1466,1466,2782179.759999999,1399,0,Veracruz de Ignacio de la Llave
2018,30,W19,2088,2088,3413905.7399999998,1993,0,Veracruz de Ignacio de la Llave
2018,6,W3,20780,20780,4467794.680000003,16633,0,Colima
2018,6,W4,12553,12553,3856586.5100000035,9127,0,Colima
2018,6,W18,299,299,461893.7499999998,265,0,Colima
2018,27,W17,583,583,848539.5700000002,534,0,Tabasco
2018,27,W19,422,422,688614.4199999999,391,0,Tabasco
2018,28,W20,1333,1333,2295449.0400000005,1261,0,Tamaulipas
2018,28,W22,1131,1131,2144819.0,1058,0,Tamaulipas
2018,7,W1,90,90,7891.969999999989,82,0,Chiapas
2018,8,W15,4525,4525,5795816.2500000065,4263,0,Chihuahua
2018,8,W12,7796,7796,7912041.6000000015,7255,0,Chihuahua
2018,8,W17,3179,3179,4636140.859999999,3024,0,Chihuahua
2018,8,W1,483,483,42456.71000000008,452,0,Chihuahua
2018,29,W7,2899,2899,1658183.9000000013,2452,0,Tlaxcala
2018,29,W17,312,312,453296.63000000006,297,0,Tlaxcala
2018,29,W21,107,107,194161.06000000006,101,0,Tlaxcala
2018,20,W4,16986,16986,5104699.32,14030,0,Oaxaca
2018,1,W1,421,421,35398.99000000004,410,0,Aguascalientes
2018,2,W3,224690,224690,48777442.13000013,209895,0,Baja California
2018,2,W20,2229,2229,3838744.179999996,2141,0,Baja California
2018,2,W11,8643,8643,8004960.469999997,7994,0,Baja California
2018,13,W10,2611,2611,2182979.07,2130,0,Hidalgo
2018,13,W11,1993,1993,1846381.9000000013,1654,0,Hidalgo
2018,13,W3,42356,42356,9228052.649999969,30193,0,Hidalgo
2018,13,W16,895,895,1227291.2799999998,748,0,Hidalgo
2018,13,W19,354,354,577672.0000000001,317,0,Hidalgo
2018,13,W22,307,307,581826.4499999998,279,0,Hidalgo
2018,14,W2,696286,696286,85874545.04999834,589822,0,Jalisco
2018,14,W3,341419,341419,73581095.18000007,276436,0,Jalisco
2018,14,W19,4927,4927,8042445.149999997,4583,0,Jalisco
2018,19,W23,38067,38067,76618125.09999995,36239,0,Nuevo León
2018,5,W7,31777,31777,18099787.730000015,27925,0,Coahuila de Zaragoza
2018,22,W4,70621,70621,21624471.99000012,55818,0,Querétaro
2018,22,W19,2122,2122,3468145.320000002,1926,0,Querétaro
2018,23,,1407,0,0.0,1407,72866,Quintana Roo
2018,23,W6,15118,15118,7311785.919999968,10177,0,Quintana Roo
2018,23,W4,39309,39309,11988163.829999978,26442,0,Quintana Roo
2018,23,W1,56,56,4941.769999999999,52,0,Quintana Roo
2018,24,W23,6375,6375,12830438.990000004,5844,0,San Luis Potosí
2018,9,W22,14718,14718,27905164.370000005,13769,0,Ciudad de México
2018,9,W23,146176,146176,294255808.7099999,137441,0,Ciudad de México
2018,9,W19,16468,16468,26892715.490000017,15272,0,Ciudad de México
2018,9,W20,15661,15661,26980340.03999999,14489,0,Ciudad de México
2018,26,W7,21759,21759,12374402.170000002,18416,0,Sonora
2018,26,W4,60623,60623,18481853.719999984,51924,0,Sonora
2018,26,W1,428,428,37276.91,350,0,Sonora
2018,26,W12,4584,4584,4654625.809999995,4093,0,Sonora
2018,26,W18,1433,1433,2218399.200000001,1343,0,Sonora
2018,11,W3,206731,206731,44557637.189999804,171343,0,Guanajuato
2018,11,W2,431411,431411,52614945.32999883,375491,0,Guanajuato
2018,11,W23,10041,10041,20204915.39,9214,0,Guanajuato
2018,11,W16,3452,3452,4723453.07,3174,0,Guanajuato
2018,12,W5,8164,8164,3231478.589999998,6319,0,Guerrero
2018,12,W20,284,284,489116.5100000001,270,0,Guerrero
2018,12,W22,180,180,341461.78,166,0,Guerrero
2018,16,W9,6200,6200,4643860.769999998,5563,0,Michoacán de Ocampo
2018,16,W1,625,625,55220.30000000012,418,0,Michoacán de Ocampo
2018,16,W17,954,954,1387408.0300000005,881,0,Michoacán de Ocampo
2018,17,W17,785,785,1141468.1200000003,738,0,Morelos
2018,17,W6,12076,12076,5865002.619999998,10314,0,Morelos
2018,32,W2,74844,74844,9136891.999999398,64513,0,Zacatecas
2018,32,W19,315,315,513899.7100000004,285,0,Zacatecas
2018,3,W5,11431,11431,4515475.800000002,7791,0,Baja California Sur
2018,3,W10,2546,2546,2133342.5199999986,1974,0,Baja California Sur
2018,3,W23,1925,1925,3872968.9500000007,1723,0,Baja California Sur
2018,3,W13,1129,1129,1245431.2799999993,866,0,Baja California Sur
2018,3,W12,1327,1327,1347475.5299999993,1062,0,Baja California Sur
2018,31,W9,4133,4133,3094731.2599999984,3791,0,Yucatán
2018,31,W2,176541,176541,20513326.9199986,157142,0,Yucatán
2018,31,W18,631,631,974342.3400000001,598,0,Yucatán
2018,31,,933,0,0.0,933,109631,Yucatán
2018,4,W23,3392,3392,6826075.32,2865,0,Campeche
2018,4,W13,1258,1258,1385121.0700000003,824,0,Campeche
2018,5,W19,1896,1896,3098980.120000001,1778,0,Coahuila de Zaragoza
2018,18,W7,3999,3999,2276448.4000000004,3308,0,Nayarit
2018,18,W9,1964,1964,1468383.6900000002,1696,0,Nayarit
2018,18,W12,756,756,766870.1299999983,670,0,Nayarit
2018,18,W14,565,565,676403.1799999998,491,0,Nayarit
2018,18,W1,124,124,10937.839999999998,117,0,Nayarit
2018,21,W12,5488,5488,5569286.1099999985,4901,0,Puebla
2018,21,W19,1205,1205,1969014.8900000001,1070,0,Puebla
2018,21,W10,8490,8490,7131307.460000012,7338,0,Puebla
2018,21,W22,1018,1018,1929935.6100000003,914,0,Puebla
2018,21,,4787,0,0.0,4787,395125,Puebla
2018,25,W4,53255,53255,16645125.189999979,45011,0,Sinaloa
2018,25,W9,5666,5666,4242451.969999998,5047,0,Sinaloa
2018,30,W10,15435,15435,13056045.799999995,13792,0,Veracruz de Ignacio de la Llave
2018,30,W18,2690,2690,4144004.200000003,2551,0,Veracruz de Ignacio de la Llave
2018,6,W10,1486,1486,1242059.2600000005,1134,0,Colima
2018,27,W3,28392,28392,6109209.249999987,22673,0,Tabasco
2018,27,W5,8548,8548,3368926.0,6797,0,Tabasco
2018,27,W9,2702,2702,2020469.5400000026,2349,0,Tabasco
2018,7,W8,5262,5262,3468476.48,4772,0,Chiapas
2018,7,W12,1734,1734,1760441.9299999983,1588,0,Chiapas
2018,7,W16,796,796,1090597.8699999996,762,0,Chiapas
2018,7,W19,456,456,745755.9400000002,432,0,Chiapas
2018,7,W9,4292,4292,3220235.709999999,3992,0,Chiapas
2018,8,W16,3705,3705,5072234.9,3480,0,Chihuahua
2018,8,W23,10682,10682,21489351.490000002,10428,0,Chihuahua
2018,29,W4,11936,11936,3635838.880000005,8572,0,Tlaxcala
2018,29,W12,764,764,775457.5699999998,703,0,Tlaxcala
2018,20,W22,174,174,330167.6500000001,169,0,Oaxaca
2018,20,W16,612,612,838347.0699999998,582,0,Oaxaca
2018,1,W4,36466,36466,11221355.369999962,32803,0,Aguascalientes
2018,1,W11,3648,3648,3367956.3899999987,3452,0,Aguascalientes
2018,1,W20,499,499,860119.23,480,0,Aguascalientes
2018,13,W4,25742,25742,7854284.959999971,18680,0,Hidalgo
2018,13,,424,0,0.0,424,169391,Hidalgo
2018,14,W4,189852,189852,58036207.09000034,159177,0,Jalisco
2018,14,W12,15797,15797,16022482.600000005,14182,0,Jalisco
2018,14,W14,11218,11218,13411371.659999989,10099,0,Jalisco
2018,14,W10,29380,29380,24558001.370000012,26854,0,Jalisco
2018,14,W17,6315,6315,9190705.249999996,5868,0,Jalisco
2018,14,W1,2503,2503,210903.6900000002,2395,0,Jalisco
2018,15,,1129,0,0.0,1129,735321,Estado México
2018,15,W19,3834,3834,6261084.949999998,3479,0,Estado México
2018,19,W5,133556,133556,52845161.62999995,118732,0,Nuevo León
2018,19,W21,4053,4053,7344969.2299999995,3872,0,Nuevo León
2018,19,W1,328,328,28925.03000000001,264,0,Nuevo León
2018,5,W2,274661,274661,33541711.059999067,242471,0,Coahuila de Zaragoza
2018,5,W3,168879,168879,36683356.25999979,149225,0,Coahuila de Zaragoza
2018,22,W21,1563,1563,2831580.6199999987,1415,0,Querétaro
2018,23,W12,2214,2214,2247277.5200000005,1672,0,Quintana Roo
2018,23,W14,1386,1386,1649339.6100000006,1059,0,Quintana Roo
2018,23,W8,7913,7913,5222191.779999999,5532,0,Quintana Roo
2018,23,W21,440,440,797098.3100000002,354,0,Quintana Roo
2018,24,W2,149716,149716,17969722.60999889,117611,0,San Luis Potosí
2018,24,W21,919,919,1665564.5700000026,838,0,San Luis Potosí
2018,9,W7,128162,128162,73257895.82999997,111094,0,Ciudad de México
2018,9,W4,334590,334590,102815636.79000066,278976,0,Ciudad de México
2018,26,W17,1826,1826,2657646.9099999997,1627,0,Sonora
2018,26,W8,13289,13289,8751080.390000002,11438,0,Sonora
2018,11,W10,11733,11733,9826766.440000001,10308,0,Guanajuato
2018,11,W19,1815,1815,2965048.520000001,1656,0,Guanajuato
2018,12,W18,343,343,528862.0700000001,319,0,Guerrero
2018,16,W18,739,739,1144784.7599999995,648,0,Michoacán de Ocampo
2018,17,W4,20959,20959,6424731.519999993,17725,0,Morelos
2018,17,W10,3433,3433,2879507.26,3078,0,Morelos
2018,17,W18,640,640,988735.0199999999,601,0,Morelos
2018,3,W1,161,161,14172.839999999995,152,0,Baja California Sur
2018,3,W6,6993,6993,3391782.6300000087,5000,0,Baja California Sur
2018,10,W17,682,682,991803.5699999995,644,0,Durango
2018,10,W11,2029,2029,1878545.5799999998,1815,0,Durango
2018,31,W8,5982,5982,3958421.189999999,5498,0,Yucatán
2018,31,W12,1888,1888,1916671.52,1744,0,Yucatán
2018,31,W11,1998,1998,1851371.6199999994,1826,0,Yucatán
2018,31,W16,1043,1043,1425903.6099999999,1007,0,Yucatán
2018,3,W19,535,535,873065.7800000004,476,0,Baja California Sur
2018,4,W5,8458,8458,3347593.94,6924,0,Campeche
2018,4,W11,1410,1410,1306982.799999999,1003,0,Campeche
2018,5,W18,2284,2284,3530792.530000001,2108,0,Coahuila de Zaragoza
2018,5,W20,1704,1704,2934678.3800000004,1608,0,Coahuila de Zaragoza
2018,21,W15,3204,3204,4103360.130000002,2934,0,Puebla
2018,21,W17,2143,2143,3116126.8899999997,1907,0,Puebla
2018,21,W2,290852,290852,34158869.04999726,251265,0,Puebla
2018,21,W5,37449,37449,14859211.209999979,31428,0,Puebla
2018,21,W9,9330,9330,6979118.9199999925,7845,0,Puebla
2018,25,W8,8958,8958,5895532.21,7997,0,Sinaloa
2018,30,W12,8327,8327,8432565.190000005,7560,0,Veracruz de Ignacio de la Llave
2018,30,W7,28396,28396,16165102.14000002,23206,0,Veracruz de Ignacio de la Llave
2018,30,W13,6725,6725,7421336.63,6139,0,Veracruz de Ignacio de la Llave
2018,6,W17,424,424,617900.9800000002,387,0,Colima
2018,27,W10,1986,1986,1664506.4300000004,1672,0,Tabasco
2018,27,W12,1224,1224,1241547.8299999998,985,0,Tabasco
2018,27,W18,461,461,712206.2599999998,431,0,Tabasco
2018,27,W21,251,251,454264.6299999999,228,0,Tabasco
2018,28,W13,4320,4320,4764198.409999997,3946,0,Tamaulipas
2018,7,W3,33909,33909,7313713.17999994,29334,0,Chiapas
2018,7,W13,1544,1544,1699968.42,1392,0,Chiapas
2018,8,W3,238356,238356,51457044.33,216801,0,Chihuahua
2018,8,W9,15129,15129,11330178.550000003,13854,0,Chihuahua
2018,8,W21,1505,1505,2726816.349999999,1448,0,Chihuahua
2018,29,W6,4656,4656,2239265.319999998,3968,0,Tlaxcala
2018,29,W16,386,386,528846.8500000009,365,0,Tlaxcala
2018,29,W18,183,183,282813.21,171,0,Tlaxcala
2018,20,W9,4114,4114,3072073.739999993,3680,0,Oaxaca
2018,20,W11,1850,1850,1715960.7799999998,1575,0,Oaxaca
2018,1,,1281,0,0.0,1281,90091,Aguascalientes
2018,2,W14,4684,4684,5578744.840000002,4390,0,Baja California
2018,2,W18,3311,3311,5121992.230000004,3081,0,Baja California
2018,13,W7,9943,9943,5668842.119999986,6723,0,Hidalgo
2018,13,W12,1496,1496,1517971.1900000009,1235,0,Hidalgo
2018,13,W17,699,699,1018310.5299999998,618,0,Hidalgo
2018,15,W6,82909,82909,40151579.349999845,69851,0,Estado México
2018,15,W10,21987,21987,18450210.71000001,18975,0,Estado México
2018,19,W16,9145,9145,12513927.739999995,8577,0,Nuevo León
2018,22,W13,5668,5668,6248145.369999991,4863,0,Querétaro
2018,22,W11,8115,8115,7512150.5799999945,6990,0,Querétaro
2018,24,W3,85185,85185,18576456.949999817,61617,0,San Luis Potosí
2018,9,W2,1323578,1323578,157437208.25000152,1147167,0,Ciudad de México
2018,9,W6,170676,170676,82868028.78999965,145949,0,Ciudad de México
2018,26,W10,7578,7578,6352191.940000006,6459,0,Sonora
2018,11,W22,1432,1432,2712974.180000001,1279,0,Guanajuato
2018,12,W23,1902,1902,3828091.3099999996,1831,0,Guerrero
2018,16,W5,26598,26598,10568120.430000007,22347,0,Michoacán de Ocampo
2018,17,W23,2219,2219,4465578.869999999,2112,0,Morelos
2018,17,W9,4704,4704,3504726.8900000034,4163,0,Morelos
2018,17,W22,303,303,573216.76,296,0,Morelos
2018,17,W1,227,227,20005.990000000027,154,0,Morelos
2018,32,W4,18750,18750,5752415.539999984,15295,0,Zacatecas
2018,32,W7,7800,7800,4448309.1,6273,0,Zacatecas
2018,3,W7,5438,5438,3102366.069999995,4075,0,Baja California Sur
2018,3,W21,292,292,528550.1799999999,265,0,Baja California Sur
2018,3,W16,671,671,918331.9000000008,520,0,Baja California Sur
2018,3,W20,455,455,783578.7100000003,404,0,Baja California Sur
2018,3,W17,594,594,864785.9700000006,485,0,Baja California Sur
2018,10,W16,817,817,1118681.1300000001,746,0,Durango
2018,31,W6,17499,17499,8514763.309999999,16374,0,Yucatán
2018,31,W13,1514,1514,1669477.8000000012,1336,0,Yucatán
2018,5,W1,323,323,28388.58000000003,178,0,Coahuila de Zaragoza
2018,18,,5482,0,0.0,5482,78457,Nayarit
2018,18,W2,65054,65054,7709780.609999448,52668,0,Nayarit
2018,18,W5,8208,8208,3244801.0600000066,5920,0,Nayarit
2018,18,W8,2973,2973,1955783.369999999,2576,0,Nayarit
2018,18,W11,1105,1105,1024135.7900000011,990,0,Nayarit
2018,18,W20,150,150,258165.26999999993,129,0,Nayarit
2018,18,W19,141,141,230395.87999999995,132,0,Nayarit
2018,21,W16,2739,2739,3749917.189999998,2493,0,Puebla
2018,21,W18,1450,1450,2239418.7800000007,1297,0,Puebla
2018,21,W21,932,932,1689114.9399999995,820,0,Puebla
2018,21,W7,18803,18803,10690249.840000005,15810,0,Puebla
2018,21,W8,13410,13410,8834482.809999991,11048,0,Puebla
2018,30,W5,46755,46755,18414648.330000028,39021,0,Veracruz de Ignacio de la Llave
2018,30,W20,1513,1513,2606701.9799999995,1449,0,Veracruz de Ignacio de la Llave
2018,27,W4,14160,14160,4329304.460000007,11232,0,Tabasco
2018,27,W11,1471,1471,1360580.0499999998,1231,0,Tabasco
2018,27,W13,853,853,941244.5699999996,754,0,Tabasco
2018,28,W3,167859,167859,36480696.10999997,151689,0,Tamaulipas
2018,28,W12,5425,5425,5507144.539999996,4887,0,Tamaulipas
2018,28,W23,7432,7432,14951194.17,6945,0,Tamaulipas
2018,7,W14,1187,1187,1419876.6099999994,1102,0,Chiapas
2018,7,W7,8125,8125,4657289.9,7367,0,Chiapas
2018,8,W2,300706,300706,38108470.869998485,265693,0,Chihuahua
2018,8,W7,28946,28946,16483827.99000001,26182,0,Chihuahua
2018,8,W14,4998,4998,5951545.139999991,4702,0,Chihuahua
2018,29,W3,23367,23367,5072377.6300000055,15954,0,Tlaxcala
2018,29,W14,524,524,625846.4099999999,479,0,Tlaxcala
2018,29,W13,589,589,648459.7100000008,509,0,Tlaxcala
2018,29,W11,796,796,738634.6400000002,686,0,Tlaxcala
2018,24,W1,151,151,13295.359999999993,108,0,San Luis Potosí
2018,20,W3,41026,41026,8821858.419999989,36319,0,Oaxaca
2018,20,W17,519,519,756376.8499999994,482,0,Oaxaca
2018,20,W23,1074,1074,2160828.239999999,1048,0,Oaxaca
2018,20,W1,111,111,9785.540000000008,31,0,Oaxaca
2018,1,W2,127664,127664,15060615.849998953,115576,0,Aguascalientes
2018,2,W22,1850,1850,3506973.290000002,1791,0,Baja California
2018,13,W6,10309,10309,5006981.529999996,7255,0,Hidalgo
2018,13,W23,1876,1876,3773915.8099999996,1714,0,Hidalgo
2018,13,W20,322,322,555082.1199999999,285,0,Hidalgo
2018,13,W1,583,583,51509.18000000003,556,0,Hidalgo
2018,14,W9,38849,38849,29082238.309999958,35654,0,Jalisco
2018,14,W22,3898,3898,7396025.170000003,3668,0,Jalisco
2018,14,W15,9561,9561,12239920.170000002,8739,0,Jalisco
2018,14,W18,5641,5641,8727214.259999994,5231,0,Jalisco
2018,15,W11,16875,16875,15618662.239999995,14519,0,Estado México
2018,22,W3,113960,113960,24779145.86999999,85296,0,Querétaro
2018,23,W2,260053,260053,30834534.12000036,186780,0,Quintana Roo
2018,24,,7971,0,0.0,7971,137612,San Luis Potosí
2018,24,W17,1589,1589,2314508.670000005,1413,0,San Luis Potosí
2018,26,W13,3649,3649,4019985.42,3084,0,Sonora
2018,26,W16,2130,2130,2917459.380000001,1930,0,Sonora
2018,11,W6,44357,44357,21486108.169999972,37698,0,Guanajuato
2018,11,W8,21390,21390,14136146.940000024,18679,0,Guanajuato
2018,11,W18,2200,2200,3399913.039999999,2008,0,Guanajuato
2018,12,,1847,0,0.0,1847,167256,Guerrero
2018,12,W17,532,532,776199.0700000003,486,0,Guerrero
2018,16,W13,2165,2165,2389085.4999999995,1873,0,Michoacán de Ocampo
2018,17,,5328,0,0.0,5328,102037,Morelos
2018,17,W5,15471,15471,6120293.190000006,13256,0,Morelos
2018,17,W8,5547,5547,3656694.350000003,4818,0,Morelos
2018,17,W15,1125,1125,1440110.5799999996,1058,0,Morelos
2018,17,W11,2589,2589,2399966.8099999977,2293,0,Morelos
2018,17,W16,865,865,1184766.52,816,0,Morelos
2018,32,W11,1957,1957,1805815.2600000005,1662,0,Zacatecas
2018,3,W3,34551,34551,7372313.39,23846,0,Baja California Sur
2018,3,W4,18597,18597,5680682.109999993,12814,0,Baja California Sur
2018,10,W5,12948,12948,5113289.480000012,11283,0,Durango
2018,10,W10,2388,2388,2004144.6000000006,2162,0,Durango
2018,4,,1014,0,0.0,1014,52047,Campeche
2018,4,W8,3594,3594,2378986.93,2821,0,Campeche
2018,4,W12,1499,1499,1511952.5400000003,1116,0,Campeche
2018,4,W22,364,364,689914.4999999999,311,0,Campeche
2018,4,W20,394,394,678561.5199999998,330,0,Campeche
2018,5,W11,9054,9054,8382468.369999997,7863,0,Coahuila de Zaragoza
2018,5,W14,5245,5245,6257645.950000001,4632,0,Coahuila de Zaragoza
2018,5,W17,2854,2854,4155666.1800000025,2700,0,Coahuila de Zaragoza
2018,21,W20,987,987,1701423.2400000005,885,0,Puebla
2018,25,W5,27363,27363,10818221.910000011,22948,0,Sinaloa
2018,25,W23,2990,2990,6016035.47,2713,0,Sinaloa
2018,25,W1,221,221,19409.75000000002,212,0,Sinaloa
2018,25,W20,503,503,868514.3699999996,462,0,Sinaloa
2018,30,W15,5051,5051,6470105.76,4784,0,Veracruz de Ignacio de la Llave
2018,6,W5,16208,16208,6127155.410000002,13618,0,Colima
2018,28,W2,232093,232093,28594142.259998653,204022,0,Tamaulipas
2018,7,W15,1195,1195,1526917.2700000005,1165,0,Chiapas
2018,8,,6751,0,0.0,6751,211993,Chihuahua
2018,8,W22,1704,1704,3229904.2999999993,1654,0,Chihuahua
2018,8,W10,11679,11679,9787036.020000007,10748,0,Chihuahua
2018,29,W20,135,135,232359.4899999999,123,0,Tlaxcala
2018,20,W7,7101,7101,4049964.5299999956,6196,0,Oaxaca
2018,20,W14,888,888,1058050.7100000011,796,0,Oaxaca
2018,20,W15,891,891,1139449.0000000005,837,0,Oaxaca
2018,1,W13,2322,2322,2553379.4899999993,2156,0,Aguascalientes
2018,2,W16,3619,3619,4955510.729999995,3345,0,Baja California
2018,2,W10,11305,11305,9478090.45000001,10563,0,Baja California
2018,13,W13,1284,1284,1414079.2800000003,1041,0,Hidalgo
2018,14,W5,120857,120857,47755836.84999997,104202,0,Jalisco
2018,15,W3,316788,316788,69027398.22999968,250854,0,Estado México
2018,15,W17,5640,5640,8209271.270000001,5126,0,Estado México
2018,15,W13,11515,11515,12687836.929999992,9916,0,Estado México
2018,19,W7,75545,75545,42896204.92000003,67986,0,Nuevo León
2018,19,W4,209243,209243,64235042.36000034,183555,0,Nuevo León
2018,19,W15,10383,10383,13306670.230000002,9690,0,Nuevo León
2018,19,W14,11236,11236,13387137.010000002,10441,0,Nuevo León
2018,19,W13,13143,13143,14495333.089999989,12100,0,Nuevo León
2018,22,W10,10326,10326,8660897.350000013,8673,0,Querétaro
2018,22,W23,12202,12202,24555512.45000001,11238,0,Querétaro
2018,22,W15,4091,4091,5234198.449999995,3625,0,Querétaro
2018,23,W5,24053,24053,9492617.750000017,15870,0,Quintana Roo
2018,23,W16,1069,1069,1466245.0300000007,848,0,Quintana Roo
2018,23,W23,3689,3689,7425783.470000004,2972,0,Quintana Roo
2018,24,W16,1990,1990,2724087.160000001,1758,0,San Luis Potosí
2018,24,W12,3624,3624,3679698.3400000003,3097,0,San Luis Potosí
2018,9,W15,31181,31181,39924347.11,28528,0,Ciudad de México
2018,9,W1,1503,1503,132232.72000000023,1256,0,Ciudad de México
2018,26,W14,3304,3304,3947006.030000001,2947,0,Sonora
2018,26,W15,2851,2851,3641227.089999998,2576,0,Sonora
2018,26,W5,35022,35022,13869647.66,29788,0,Sonora
2018,12,W3,27247,27247,5870763.9800000135,19154,0,Guerrero
2018,12,W8,3591,3591,2372650.090000001,3139,0,Guerrero
2018,12,W9,2665,2665,1994203.6199999996,2175,0,Guerrero
2018,12,W14,703,703,837206.0200000003,599,0,Guerrero
2018,12,W1,54,54,4700.939999999998,51,0,Guerrero
2018,16,W11,3573,3573,3303390.629999998,3087,0,Michoacán de Ocampo
2018,16,W8,8778,8778,5767059.939999998,7693,0,Michoacán de Ocampo
2018,16,,7252,0,0.0,7252,238404,Michoacán de Ocampo
2018,16,W10,4271,4271,3583335.979999993,3668,0,Michoacán de Ocampo
2018,17,W2,82637,82637,9863116.209999932,72164,0,Morelos
2018,17,W3,35829,35829,7691184.250000002,29018,0,Morelos
2018,17,W19,481,481,785525.9200000002,458,0,Morelos
2018,17,W13,1572,1572,1727775.9900000002,1380,0,Morelos
2018,17,W14,1448,1448,1730547.3900000006,1303,0,Morelos
2018,17,W12,1997,1997,2027767.4400000004,1791,0,Morelos
2018,17,W21,403,403,732493.6599999998,380,0,Morelos
2018,32,W17,584,584,851117.8200000003,512,0,Zacatecas
2018,3,,408,0,0.0,408,51362,Baja California Sur
2018,10,W2,126722,126722,15174845.16999964,114749,0,Durango
2018,10,W3,44864,44864,9648048.090000007,39005,0,Durango
2018,10,W22,254,254,480911.4099999998,246,0,Durango
2018,10,W12,1754,1754,1781159.4099999992,1597,0,Durango
2018,10,W18,456,456,705127.3,436,0,Durango
2018,31,W23,2408,2408,4843351.68,2338,0,Yucatán
2018,31,W3,54759,54759,11718366.939999994,46946,0,Yucatán
2018,31,W20,413,413,711886.7799999999,403,0,Yucatán
2018,4,W2,51464,51464,6148193.009999958,41360,0,Campeche
2018,4,W15,803,803,1029334.3200000001,637,0,Campeche
2018,4,W9,2338,2338,1753743.3599999985,1863,0,Campeche
2018,5,W10,12191,12191,10210535.079999985,10395,0,Coahuila de Zaragoza
2018,5,W23,10112,10112,20347753.63000001,9678,0,Coahuila de Zaragoza
2018,5,W15,4126,4126,5276356.240000002,3713,0,Coahuila de Zaragoza
2018,18,W3,23839,23839,5145953.420000003,16801,0,Nayarit
2018,18,W23,643,643,1293750.7000000002,526,0,Nayarit
2018,25,W22,465,465,880962.5699999998,432,0,Sinaloa
2018,30,W11,10197,10197,9437273.479999997,9123,0,Veracruz de Ignacio de la Llave
2018,30,W2,297789,297789,34654799.72999701,249049,0,Veracruz de Ignacio de la Llave
2018,30,W9,15740,15740,11742466.790000014,13469,0,Veracruz de Ignacio de la Llave
2018,30,W16,3773,3773,5156132.189999996,3563,0,Veracruz de Ignacio de la Llave
2018,6,,1868,0,0.0,1868,50171,Colima
2018,6,W9,2024,2024,1517549.2000000011,1574,0,Colima
2018,6,W7,3896,3896,2214778.569999999,3061,0,Colima
2018,6,W23,832,832,1673416.7700000003,744,0,Colima
2018,6,W11,1117,1117,1033526.1299999998,843,0,Colima
2018,6,W13,937,937,1028661.2699999992,715,0,Colima
2018,6,W20,179,179,308153.77999999997,150,0,Colima
2018,27,W2,82997,82997,9767235.659999298,71251,0,Tabasco
2018,28,W9,10909,10909,8166498.509999991,9633,0,Tamaulipas
2018,28,W11,6461,6461,5987207.090000002,5796,0,Tamaulipas
2018,28,W18,1718,1718,2653542.9200000004,1625,0,Tamaulipas
2018,7,W11,2481,2481,2300797.55,2288,0,Chiapas
2018,7,W18,575,575,888910.0999999988,556,0,Chiapas
2018,8,W5,60169,60169,23711207.910000034,54189,0,Chihuahua
2018,8,W19,2393,2393,3907840.660000001,2297,0,Chihuahua
2018,8,W11,9287,9287,8599820.120000001,8612,0,Chihuahua
2018,20,W12,1456,1456,1479868.8499999987,1289,0,Oaxaca
2018,1,W12,2572,2572,2612470.4399999995,2420,0,Aguascalientes
2018,2,W4,113410,113410,34569443.99000004,105400,0,Baja California
2018,2,W17,3251,3251,4735378.920000001,3040,0,Baja California
2018,2,W12,7245,7245,7359567.720000007,6736,0,Baja California
2018,13,W9,4015,4015,3002148.9899999965,3173,0,Hidalgo
2018,13,W2,104653,104653,12403053.81999879,86067,0,Hidalgo
2018,14,W13,13293,13293,14665981.589999996,11818,0,Jalisco
2018,15,W18,4634,4634,7161421.950000003,4222,0,Estado México
2018,19,W3,323125,323125,70154345.9099998,283498,0,Nuevo León
2018,19,,1259,0,0.0,1259,323324,Nuevo León
2018,22,W8,18502,18502,12219497.639999978,15600,0,Querétaro
2018,23,W9,5664,5664,4241881.910000007,4059,0,Quintana Roo
2018,23,W11,2839,2839,2627167.2000000016,2022,0,Quintana Roo
2018,23,W17,1043,1043,1517996.4900000005,889,0,Quintana Roo
2018,24,W4,53213,53213,16304334.250000017,40837,0,San Luis Potosí
2018,9,W16,28804,28804,39428871.87999995,26509,0,Ciudad de México
2018,9,W12,45246,45246,45975712.16999996,40528,0,Ciudad de México
2018,9,W11,53339,53339,49400026.71000001,47584,0,Ciudad de México
2018,26,W20,966,966,1663053.4799999995,905,0,Sonora
2018,26,W21,878,878,1589453.4400000004,800,0,Sonora
2018,11,W7,34068,34068,19323191.810000017,29770,0,Guanajuato
2018,11,W4,109079,109079,33299917.04,92667,0,Guanajuato
2018,11,W5,59040,59040,23343288.460000027,50509,0,Guanajuato
2018,11,W13,5443,5443,6000705.709999996,4846,0,Guanajuato
2018,12,W4,13272,13272,4069083.7399999956,10006,0,Guerrero
2018,12,W19,285,285,466106.8,261,0,Guerrero
2018,16,W12,2517,2517,2553931.8199999984,2284,0,Michoacán de Ocampo
2018,16,W16,1623,1623,2231162.17,1528,0,Michoacán de Ocampo
2018,16,W21,898,898,1626867.4699999997,766,0,Michoacán de Ocampo
2018,32,W13,1033,1033,1135318.049999999,850,0,Zacatecas
2018,32,W15,808,808,1032910.8499999995,725,0,Zacatecas
2018,32,W12,1359,1359,1379947.8900000006,1119,0,Zacatecas
2018,32,,609,0,0.0,609,83995,Zacatecas
2018,10,W8,4735,4735,3122597.1999999997,4282,0,Durango
2018,10,W23,1734,1734,3489132.4199999995,1686,0,Durango
2018,31,W10,2689,2689,2252810.2299999995,2486,0,Yucatán
2018,31,W22,304,304,575993.08,290,0,Yucatán
2018,4,W14,1047,1047,1242652.0099999998,781,0,Campeche
2018,4,W18,494,494,764958.3300000004,421,0,Campeche
2018,4,W16,822,822,1123933.2299999995,640,0,Campeche
2018,18,W6,5493,5493,2663388.190000007,4417,0,Nayarit
2018,18,W10,1405,1405,1175805.3800000001,1198,0,Nayarit
2018,21,W13,4032,4032,4439623.440000004,3556,0,Puebla
2018,21,W14,3517,3517,4196265.999999996,3178,0,Puebla
2018,25,W3,90959,90959,19539159.019999832,73565,0,Sinaloa
2018,25,W11,3099,3099,2872732.320000002,2757,0,Sinaloa
2018,25,W14,1950,1950,2333171.970000002,1747,0,Sinaloa
2018,25,W16,1215,1215,1663975.319999999,1139,0,Sinaloa
2018,25,,5776,0,0.0,5776,284554,Sinaloa
2018,25,W21,465,465,843437.3200000003,420,0,Sinaloa
2018,30,W8,32678,32678,21544889.870000035,29430,0,Veracruz de Ignacio de la Llave
2018,30,W21,1428,1428,2583497.159999999,1340,0,Veracruz de Ignacio de la Llave
2018,6,W2,60165,60165,7199175.090000146,50438,0,Colima
2018,6,W16,483,483,661324.26,425,0,Colima
2018,6,W8,2819,2819,1856990.8000000005,2297,0,Colima
2018,6,W19,218,218,356308.1699999999,195,0,Colima
2018,6,W21,170,170,307943.79000000004,144,0,Colima
2018,6,W1,67,67,5882.519999999997,60,0,Colima
2018,6,W22,148,148,280290.9,132,0,Colima
2018,27,W1,59,59,5201.559999999996,33,0,Tabasco
2018,27,W22,269,269,509031.22000000003,251,0,Tabasco
2018,27,W15,654,654,837528.4099999999,582,0,Tabasco
2018,28,W5,46236,46236,18219254.86999996,41119,0,Tamaulipas
2018,28,W1,309,309,27074.030000000006,230,0,Tamaulipas
2018,28,W19,1572,1572,2566196.49,1493,0,Tamaulipas
2018,7,W17,680,680,991436.23,650,0,Chiapas
2018,7,W6,10106,10106,4877384.889999995,9032,0,Chiapas
2018,8,W18,3223,3223,4976118.279999997,3100,0,Chihuahua
2018,29,W5,6271,6271,2471820.6300000013,5126,0,Tlaxcala
2018,29,W23,756,756,1520242.5399999998,690,0,Tlaxcala
2018,29,W1,17,17,1502.1199999999994,13,0,Tlaxcala
2018,20,W2,101896,101896,12242596.219998548,89895,0,Oaxaca
2018,20,W8,5557,5557,3667263.600000009,4967,0,Oaxaca
2018,20,W5,10488,10488,4150139.3099999903,8756,0,Oaxaca
2018,20,W13,1207,1207,1332402.7000000014,1049,0,Oaxaca
2018,25,W2,274403,274403,33584770.449999586,235722,0,Sinaloa
2018,1,W5,23333,23333,9228438.860000003,21694,0,Aguascalientes
2018,1,W7,13576,13576,7715846.709999989,12742,0,Aguascalientes
2018,1,W22,446,446,844583.5399999996,436,0,Aguascalientes
2018,1,W19,578,578,943671.5699999997,552,0,Aguascalientes
2018,1,W16,1301,1301,1784263.3699999996,1217,0,Aguascalientes
2018,1,W14,1833,1833,2187590.530000001,1711,0,Aguascalientes
2018,1,W17,953,953,1388116.74,917,0,Aguascalientes
2018,1,W18,726,726,1121910.03,692,0,Aguascalientes
2018,2,W13,5634,5634,6213814.800000012,5267,0,Baja California
2018,2,W6,39891,39891,19285592.549999975,34999,0,Baja California
2018,2,W5,61183,61183,24115295.340000056,55914,0,Baja California
2018,2,W9,14848,14848,11120197.210000012,13746,0,Baja California
2018,2,W15,4109,4109,5262521.900000001,3898,0,Baja California
2018,13,W15,946,946,1209106.08,827,0,Hidalgo
2018,13,W18,481,481,743176.4099999998,428,0,Hidalgo
2018,14,W8,48802,48802,32227026.9,43886,0,Jalisco
2018,14,W23,23834,23834,47953629.999999985,22378,0,Jalisco
2018,14,W21,4099,4099,7432929.77,3869,0,Jalisco
2018,15,W2,636435,636435,76355215.38999574,526958,0,Estado México
2018,15,W14,10498,10498,12545746.309999997,9097,0,Estado México
2018,15,W20,3568,3568,6148840.490000002,3219,0,Estado México
2018,19,W2,526073,526073,66763689.55999772,484487,0,Nuevo León
2018,19,W10,25608,25608,21473416.98999999,23323,0,Nuevo León
2018,22,W2,192190,192190,23781867.079999734,158326,0,Querétaro
2018,22,W16,3498,3498,4788587.700000001,3136,0,Querétaro
2018,22,W17,2930,2930,4272912.389999997,2649,0,Querétaro
2018,22,W20,2466,2466,4245477.129999998,2266,0,Querétaro
2018,22,,893,0,0.0,893,119786,Querétaro
2018,23,W10,3852,3852,3231661.309999995,2923,0,Quintana Roo
2018,23,W15,1203,1203,1539633.6000000003,903,0,Quintana Roo
2018,24,W7,14467,14467,8256819.250000019,12098,0,San Luis Potosí
2018,24,W8,10421,10421,6871578.080000003,8882,0,San Luis Potosí
2018,24,W11,4364,4364,4046477.630000001,3717,0,San Luis Potosí
2018,24,W13,3702,3702,4078993.989999999,3138,0,San Luis Potosí
2018,24,W18,1356,1356,2095465.6899999967,1204,0,San Luis Potosí
2018,24,W20,961,961,1654101.0900000005,847,0,San Luis Potosí
2018,9,W5,224624,224624,89004757.87000006,188910,0,Ciudad de México
2018,9,W21,13340,13340,24165745.0,12423,0,Ciudad de México
2018,26,W23,5825,5825,11722739.290000003,5463,0,Sonora
2018,26,W9,8826,8826,6608593.249999996,7707,0,Sonora
2018,11,W9,17298,17298,12940390.760000017,15476,0,Guanajuato
2018,11,W12,6716,6716,6813195.419999994,5952,0,Guanajuato
2018,11,W15,4231,4231,5411190.050000001,3858,0,Guanajuato
2018,11,W17,2746,2746,3996527.37,2511,0,Guanajuato
2018,12,W7,4532,4532,2597983.5800000047,3814,0,Guerrero
2018,12,W12,1151,1151,1168115.9099999988,892,0,Guerrero
2018,12,W21,161,161,291447.67,148,0,Guerrero
2018,16,W4,39387,39387,12042788.509999963,30978,0,Michoacán de Ocampo
2018,16,W14,2175,2175,2605344.300000001,1926,0,Michoacán de Ocampo
2018,17,W20,408,408,702353.8099999997,386,0,Morelos
2018,32,W8,5333,5333,3505417.089999998,4323,0,Zacatecas
2018,32,W18,330,330,509186.6299999999,296,0,Zacatecas
2018,32,W9,3612,3612,2706741.6399999955,3044,0,Zacatecas
2018,3,W8,4849,4849,3212708.269999997,3840,0,Baja California Sur
2018,3,W9,3077,3077,2305742.4999999967,2271,0,Baja California Sur
2018,3,W18,571,571,883486.8600000005,499,0,Baja California Sur
2018,10,W7,6133,6133,3498900.1599999983,5453,0,Durango
2018,10,W6,8852,8852,4282338.480000005,7865,0,Durango
2018,10,W1,122,122,10730.379999999994,113,0,Durango
2018,10,W15,1028,1028,1315380.4499999997,952,0,Durango
2018,10,W20,327,327,563858.49,310,0,Durango
2018,31,W4,25455,25455,7781644.879999995,22391,0,Yucatán
2018,31,W5,15466,15466,6112432.079999994,13973,0,Yucatán
2018,31,W15,1381,1381,1772186.8700000008,1321,0,Yucatán
2018,31,W1,306,306,26905.310000000012,214,0,Yucatán
2018,4,W6,6739,6739,3288779.1200000006,5373,0,Campeche
2018,4,W21,336,336,608850.5800000003,281,0,Campeche
2018,4,W7,6361,6361,3581370.6400000057,5411,0,Campeche
2018,18,W16,372,372,508756.3099999999,334,0,Nayarit
2018,18,W15,455,455,581623.52,407,0,Nayarit
2018,18,W18,176,176,271983.03,154,0,Nayarit
2018,21,W23,9860,9860,19848368.79,8997,0,Puebla
2018,25,W7,12531,12531,7143253.559999994,10993,0,Sinaloa
2018,25,W10,4113,4113,3446435.539999999,3638,0,Sinaloa
2018,25,W12,2568,2568,2605275.1699999985,2304,0,Sinaloa
2018,25,W13,1990,1990,2192885.4700000016,1762,0,Sinaloa
2018,30,W6,38588,38588,18721647.12999998,31669,0,Veracruz de Ignacio de la Llave
2018,6,W12,892,892,904834.46,637,0,Colima
2018,27,W8,3788,3788,2498144.980000003,3129,0,Tabasco
2018,27,W20,290,290,499186.06999999995,271,0,Tabasco
2018,27,W14,747,747,890386.3099999999,687,0,Tabasco
2018,28,,3471,0,0.0,3471,162752,Tamaulipas
2018,28,W8,15169,15169,10010017.66999999,13605,0,Tamaulipas
2018,28,W10,8304,8304,6958647.509999998,7331,0,Tamaulipas
2018,28,W7,26231,26231,14824893.199999988,23477,0,Tamaulipas
2018,7,,5945,0,0.0,5945,186504,Chiapas
2018,7,W2,110779,110779,13037921.70999866,97641,0,Chiapas
2018,7,W21,351,351,636731.2400000001,336,0,Chiapas
2018,8,W4,106689,106689,32501010.37000003,96355,0,Chihuahua
2018,8,W13,5955,5955,6576148.259999998,5483,0,Chihuahua
2018,8,W20,2084,2084,3585803.119999999,2018,0,Chihuahua
2018,29,,155,0,0.0,155,77439,Tlaxcala
2018,29,W22,131,131,248529.10999999987,121,0,Tlaxcala
2018,20,W10,2763,2763,2304639.820000002,2438,0,Oaxaca
2018,20,W18,357,357,551954.86,331,0,Oaxaca
2018,20,W19,236,236,386071.7000000002,217,0,Oaxaca
2018,20,W20,245,245,422477.75000000047,231,0,Oaxaca
2018,23,W18,800,800,1240371.3000000014,653,0,Quintana Roo
2018,1,W3,57841,57841,12515651.209999984,52032,0,Aguascalientes
2018,1,W23,3271,3271,6582832.369999998,3206,0,Aguascalientes
2018,14,,17659,0,0.0,17659,403444,Jalisco
2018,14,W16,8091,8091,11077668.429999998,7510,0,Jalisco
2018,14,W11,19527,19527,18083807.689999994,17596,0,Jalisco
2018,15,W21,2993,2993,5422409.26,2760,0,Estado México
2018,15,W7,61979,61979,35235783.57000001,52669,0,Estado México
2018,15,W23,22927,22927,46137283.330000006,20918,0,Estado México
2018,15,W12,13239,13239,13440874.790000005,11453,0,Estado México
2018,15,W8,43109,43109,28440845.730000004,36825,0,Estado México
2018,15,W9,29357,29357,21967785.870000016,25288,0,Estado México
2018,15,W1,917,917,80859.54000000007,620,0,Estado México
2018,19,W6,94579,94579,45820093.779999875,84775,0,Nuevo León
2018,19,W19,5113,5113,8354269.369999997,4846,0,Nuevo León
2018,19,W11,19522,19522,18082367.479999993,17713,0,Nuevo León
2018,19,W22,4644,4644,8803066.190000001,4462,0,Nuevo León
2018,22,W6,31275,31275,15168111.749999955,25695,0,Querétaro
2018,22,W7,24783,24783,14142345.260000005,20456,0,Querétaro
2018,22,W9,14133,14133,10572002.109999994,12111,0,Querétaro
2018,22,W12,7244,7244,7352674.550000003,6286,0,Querétaro
2018,22,W22,1722,1722,3263132.559999998,1559,0,Querétaro
2018,22,W18,2535,2535,3915144.9399999985,2280,0,Querétaro
2018,23,W3,72389,72389,15474115.55999995,46328,0,Quintana Roo
2018,23,W13,1690,1690,1863711.9800000023,1269,0,Quintana Roo
2018,23,W19,731,731,1192908.1600000004,632,0,Quintana Roo
2018,23,W20,558,558,960338.7100000002,475,0,Quintana Roo
2018,24,W6,41233,41233,19841315.490000024,37576,0,San Luis Potosí
2018,24,W10,5552,5552,4658132.430000003,4613,0,San Luis Potosí
2018,24,W14,2907,2907,3472196.7699999977,2513,0,San Luis Potosí
2018,24,W15,2508,2508,3211073.2500000005,2218,0,San Luis Potosí
2018,9,W9,80841,80841,60606271.120000005,70318,0,Ciudad de México
2018,9,W14,35788,35788,42731258.51,32293,0,Ciudad de México
2018,26,,2531,0,0.0,2531,184098,Sonora
2018,26,W2,267895,267895,32973003.99999861,230906,0,Sonora
2018,26,W19,1238,1238,2022497.2600000005,1151,0,Sonora
2018,26,W11,5908,5908,5466908.300000001,5220,0,Sonora
2018,11,W11,8899,8899,8242112.3000000045,7823,0,Guanajuato
2018,11,W21,1270,1270,2301414.57,1152,0,Guanajuato
2018,12,W11,1420,1420,1312975.8499999996,1061,0,Guerrero
2018,12,W13,933,933,1029514.9800000002,771,0,Guerrero
2018,12,W16,588,588,804270.2800000003,543,0,Guerrero
2018,16,W2,208274,208274,24471819.159996785,168012,0,Michoacán de Ocampo
2018,16,W3,72511,72511,15693449.489999967,56216,0,Michoacán de Ocampo
2018,16,W23,5208,5208,10471199.010000002,4684,0,Michoacán de Ocampo
2018,16,W15,1585,1585,2026876.4900000007,1375,0,Michoacán de Ocampo
2018,16,W22,1055,1055,2001292.9999999993,947,0,Michoacán de Ocampo
2018,17,W7,7601,7601,4340099.120000001,6344,0,Morelos
2018,32,W21,328,328,593956.1500000001,291,0,Zacatecas
2018,32,W23,4866,4866,9800820.009999998,4255,0,Zacatecas
2018,32,W22,247,247,468815.35,210,0,Zacatecas
2018,3,W2,81444,81444,10389031.099999674,56205,0,Baja California Sur
2018,3,W14,884,884,1053309.3900000001,718,0,Baja California Sur
2018,10,,873,0,0.0,873,82301,Durango
2018,10,W9,3267,3267,2441982.39,3007,0,Durango
2018,31,W14,1108,1108,1315541.3999999997,1013,0,Yucatán
2018,3,W15,718,718,921941.5999999995,586,0,Baja California Sur
2018,4,W19,483,483,789858.9199999997,403,0,Campeche
2018,5,,1154,0,0.0,1154,103408,Coahuila de Zaragoza
2018,5,W21,1459,1459,2642212.2500000005,1361,0,Coahuila de Zaragoza
2018,18,W4,12928,12928,3945233.4299999955,8882,0,Nayarit
2018,18,W22,99,99,187453.43,89,0,Nayarit
2018,18,W13,612,612,671865.4400000006,516,0,Nayarit
2018,21,W11,7421,7421,6857402.629999986,6474,0,Puebla
2018,21,W1,391,391,34476.96000000002,336,0,Puebla
2018,25,W19,596,596,974682.6099999996,559,0,Sinaloa
2018,30,W4,62391,62391,19144007.62999998,51742,0,Veracruz de Ignacio de la Llave
2018,30,W3,103731,103731,22368339.429999918,85667,0,Veracruz de Ignacio de la Llave
2018,30,W1,397,397,34720.92000000001,328,0,Veracruz de Ignacio de la Llave
2018,6,W6,5058,5058,2435728.1500000022,3844,0,Colima
2018,6,W14,849,849,1013628.53,702,0,Colima
2018,6,W15,559,559,714312.6600000004,488,0,Colima
2018,27,,3794,0,0.0,3794,155045,Tabasco
2018,27,W6,5916,5916,2864177.7899999996,4780,0,Tabasco
2018,27,W16,623,623,854433.5300000012,522,0,Tabasco
2018,28,W6,29542,29542,14265193.059999982,26181,0,Tamaulipas
2018,28,W15,3321,3321,4253085.199999999,3109,0,Tamaulipas
2018,28,W16,2598,2598,3554448.5300000007,2424,0,Tamaulipas
2018,28,W17,2143,2143,3123544.549999999,2005,0,Tamaulipas
2018,7,W10,3309,3309,2762998.83,3002,0,Chiapas
2018,7,W23,1254,1254,2522713.000000001,1213,0,Chiapas
2018,7,W20,346,346,596465.75,335,0,Chiapas
2018,8,W6,37739,37739,18218540.19,34253,0,Chihuahua
2018,20,,4263,0,0.0,4263,154079,Oaxaca
2018,20,W6,7822,7822,3784668.720000001,6574,0,Oaxaca
2020,2,W5,55266,55266,30372685.85999991,50173,0,Baja California
2020,12,W5,6891,6891,3807080.220000001,5823,0,Guerrero
2020,12,W11,894,894,1151590.6,728,0,Guerrero
2020,13,W14,690,690,1144458.3099999998,624,0,Hidalgo
2020,13,W17,262,262,532813.4899999998,233,0,Hidalgo
2020,14,W4,163773,163773,69732382.05999984,142083,0,Jalisco
2020,15,W9,20322,20322,21222461.510000013,17880,0,Estado México
2020,19,W12,12263,12263,17352238.06,11475,0,Nuevo León
2020,19,W16,5592,5592,10660377.08,5321,0,Nuevo León
2020,21,W3,92355,92355,27843055.890000146,76166,0,Puebla
2020,21,W5,28966,28966,15999224.819999993,24319,0,Puebla
2020,21,W8,9052,9052,8331754.5699999975,7350,0,Puebla
2020,9,W8,83482,83482,76779494.25999993,74028,0,Ciudad de México
2020,9,W10,50426,50426,58938758.56999996,45414,0,Ciudad de México
2020,2,W1,2,2,205.36,2,0,Baja California
2020,26,W17,1046,1046,2122204.160000001,976,0,Sonora
2020,26,W14,2133,2133,3538793.2800000007,1975,0,Sonora
2020,11,W9,9849,9849,10288274.500000004,8848,0,Guanajuato
2020,16,W4,42610,42610,18490568.399999972,36615,0,Michoacán de Ocampo
2020,16,W13,1872,1872,2863904.8399999975,1744,0,Michoacán de Ocampo
2020,16,W12,2486,2486,3508948.3199999966,2288,0,Michoacán de Ocampo
2020,28,W6,23787,23787,16017847.24000004,20765,0,Tamaulipas
2020,28,W14,2647,2647,4392904.330000002,2478,0,Tamaulipas
2020,30,,30048,0,0.0,30048,444780,Veracruz de Ignacio de la Llave
2020,3,W2,92714,92714,15140103.32999985,64780,0,Baja California Sur
2020,3,W5,8850,8850,4862807.040000008,6387,0,Baja California Sur
2020,3,W9,2038,2038,2130057.0599999977,1665,0,Baja California Sur
2020,5,W8,15654,15654,14395085.689999979,13670,0,Coahuila de Zaragoza
2020,20,W7,5832,5832,4640714.810000007,5076,0,Oaxaca
2020,20,W15,337,337,602567.7999999998,317,0,Oaxaca
2020,20,W17,177,177,359072.0600000002,162,0,Oaxaca
2020,24,W15,1567,1567,2796593.999999999,1388,0,San Luis Potosí
2020,24,W14,1749,1749,2904058.580000002,1563,0,San Luis Potosí
2020,25,W6,15738,15738,10577725.800000004,13762,0,Sinaloa
2020,31,W9,2720,2720,2851141.859999999,2456,0,Yucatán
2020,31,W15,699,699,1247895.1599999997,663,0,Yucatán
2020,31,W14,1143,1143,1894808.4700000007,1103,0,Yucatán
2020,32,W10,1498,1498,1752008.189999999,1255,0,Zacatecas
2020,32,W17,254,254,514360.04000000004,231,0,Zacatecas
2020,32,W1,208,208,25629.759999999966,146,0,Zacatecas
2020,6,W13,741,741,1139171.22,661,0,Colima
2020,7,W6,8395,8395,5655119.539999988,7443,0,Chiapas
2020,27,W9,2142,2142,2242891.7400000007,1678,0,Tabasco
2020,27,W3,23909,23909,7173652.500000004,18420,0,Tabasco
2020,1,W4,33294,33294,14149155.379999975,31273,0,Aguascalientes
2020,1,W8,7409,7409,6815179.610000008,7086,0,Aguascalientes
2020,2,W9,11378,11378,11884649.800000004,10662,0,Baja California
2020,12,W13,736,736,1131647.2400000005,676,0,Guerrero
2020,12,W15,351,351,625828.4500000001,323,0,Guerrero
2020,13,W8,3723,3723,3409540.649999999,2909,0,Hidalgo
2020,13,W15,453,453,808106.48,413,0,Hidalgo
2020,13,W7,5513,5513,4392320.919999996,4483,0,Hidalgo
2020,13,W12,1168,1168,1650425.449999997,1037,0,Hidalgo
2020,13,W10,1671,1671,1951976.7900000012,1291,0,Hidalgo
2020,13,W16,361,361,688708.75,326,0,Hidalgo
2020,14,W12,11865,11865,16790322.16,10970,0,Jalisco
2020,15,W10,14432,14432,16845854.809999995,12497,0,Estado México
2020,15,W16,4028,4028,7672855.339999999,3722,0,Estado México
2020,19,W3,312619,312619,94640288.13000041,274903,0,Nuevo León
2020,19,W7,44808,44808,35730790.000000045,40887,0,Nuevo León
2020,19,W14,8645,8645,14352006.810000006,8100,0,Nuevo León
2020,19,,1156,0,0.0,1156,276467,Nuevo León
2020,5,W2,339294,339294,58024944.129996575,305958,0,Coahuila de Zaragoza
2020,21,W10,5781,5781,6713997.749999996,5068,0,Puebla
2020,21,W6,18563,18563,12498491.819999974,15699,0,Puebla
2020,21,,4216,0,0.0,4216,435807,Puebla
2020,26,W5,34023,34023,18748778.549999952,29218,0,Sonora
2020,11,W16,1814,1814,3458632.1,1635,0,Guanajuato
2020,11,W3,184311,184311,55244933.52000003,153797,0,Guanajuato
2020,11,W10,7028,7028,8212589.130000003,6112,0,Guanajuato
2020,16,W7,9206,9206,7346753.219999993,8221,0,Michoacán de Ocampo
2020,16,W8,6259,6259,5771322.720000002,5254,0,Michoacán de Ocampo
2020,17,W7,6486,6486,5165845.139999997,5180,0,Morelos
2020,28,W9,7695,7695,8028693.789999993,6734,0,Tamaulipas
2020,30,W2,339534,339534,53793199.44999014,287357,0,Veracruz de Ignacio de la Llave
2020,30,W18,7605,7605,16467258.420000013,7217,0,Veracruz de Ignacio de la Llave
2020,30,W12,5163,5163,7292662.330000003,4857,0,Veracruz de Ignacio de la Llave
2020,30,W9,11473,11473,11982644.420000013,10315,0,Veracruz de Ignacio de la Llave
2020,30,W13,4024,4024,6191955.569999992,3799,0,Veracruz de Ignacio de la Llave
2020,30,W16,1708,1708,3256500.3900000006,1629,0,Veracruz de Ignacio de la Llave
2020,3,W3,26143,26143,7840296.959999999,19369,0,Baja California Sur
2020,3,W4,14577,14577,6187080.910000006,9824,0,Baja California Sur
2020,18,W14,413,413,683374.91,367,0,Nayarit
2020,18,W9,1333,1333,1393015.6400000008,1151,0,Nayarit
2020,4,W18,3804,3804,8248011.13,3207,0,Campeche
2020,4,W13,1097,1097,1683759.5800000017,926,0,Campeche
2020,4,W1,64,64,7886.080000000004,52,0,Campeche
2020,5,W7,23625,23625,18896617.730000008,20899,0,Coahuila de Zaragoza
2020,5,W14,3191,3191,5298681.399999999,3007,0,Coahuila de Zaragoza
2020,20,W1,333,333,41008.50000000006,312,0,Oaxaca
2020,24,W7,34989,34989,27997926.88000002,33439,0,San Luis Potosí
2020,24,W9,5866,5866,6141537.5699999975,5022,0,San Luis Potosí
2020,24,W17,971,971,1967077.0300000012,876,0,San Luis Potosí
2020,25,W4,45518,45518,19791904.77000001,38518,0,Sinaloa
2020,25,W10,3000,3000,3503133.3600000013,2625,0,Sinaloa
2020,25,W1,844,844,103877.82000000015,817,0,Sinaloa
2020,31,W6,8950,8950,6028848.220000011,7950,0,Yucatán
2020,31,W13,1306,1306,2011595.2599999965,1259,0,Yucatán
2020,32,W8,4482,4482,4116213.179999999,3731,0,Zacatecas
2020,7,W11,1375,1375,1780612.9399999997,1283,0,Chiapas
2020,7,W17,308,308,625026.99,294,0,Chiapas
2020,23,W4,25680,25680,10962929.430000031,18474,0,Quintana Roo
2020,8,W3,228322,228322,68111058.67000005,206944,0,Chihuahua
2020,8,W4,88253,88253,37528597.70999994,80246,0,Chihuahua
2020,8,W8,15425,15425,14206255.139999986,14204,0,Chihuahua
2020,8,W16,2569,2569,4895006.81,2479,0,Chihuahua
2020,27,,3408,0,0.0,3408,146315,Tabasco
2020,10,W12,1154,1154,1632387.1000000006,1059,0,Durango
2020,10,W15,632,632,1125920.71,593,0,Durango
2020,29,W11,568,568,733584.7500000006,520,0,Tlaxcala
2020,1,,1145,0,0.0,1145,99927,Aguascalientes
2020,2,W6,35107,35107,23568360.239999987,31316,0,Baja California
2020,12,W3,19539,19539,5888795.929999995,15283,0,Guerrero
2020,12,W7,3724,3724,2966892.1400000034,3028,0,Guerrero
2020,12,W14,564,564,935689.9399999998,522,0,Guerrero
2020,13,W2,123109,123109,19639371.03999562,104335,0,Hidalgo
2020,13,W18,1718,1718,3722569.810000001,1550,0,Hidalgo
2020,14,W5,107262,107262,59160978.94999996,94421,0,Jalisco
2020,14,W15,6657,6657,11895164.55,6241,0,Jalisco
2020,15,W4,156334,156334,66437390.699999966,131845,0,Estado México
2020,15,W18,22971,22971,49773853.34,21077,0,Estado México
2020,15,W5,98281,98281,54159711.45999987,83417,0,Estado México
2020,15,W7,40840,40840,32595617.510000013,35751,0,Estado México
2020,15,W6,63219,63219,42624898.259999946,54794,0,Estado México
2020,19,W18,39719,39719,86089089.13000003,37983,0,Nuevo León
2020,19,W1,848,848,103980.38000000006,700,0,Nuevo León
2020,21,W4,45478,45478,19479533.69000001,38682,0,Puebla
2020,22,W12,4998,4998,7072336.159999996,4431,0,Querétaro
2020,9,W2,1505502,1505502,242073249.75998893,1307328,0,Ciudad de México
2020,9,W3,453981,453981,137651078.71999946,375361,0,Ciudad de México
2020,26,W7,13425,13425,10695134.22000001,11627,0,Sonora
2020,11,W12,4913,4913,6942998.49,4501,0,Guanajuato
2020,16,W17,578,578,1170874.3300000005,514,0,Michoacán de Ocampo
2020,16,W1,1427,1427,175834.9400000004,808,0,Michoacán de Ocampo
2020,16,W16,529,529,1006713.1599999999,495,0,Michoacán de Ocampo
2020,17,W9,3077,3077,3212218.5300000003,2703,0,Morelos
2020,28,W8,10671,10671,9826026.060000006,9228,0,Tamaulipas
2020,28,W16,1464,1464,2790412.359999999,1344,0,Tamaulipas
2020,28,,3041,0,0.0,3041,165778,Tamaulipas
2020,3,W10,1542,1542,1795888.5700000012,1197,0,Baja California Sur
2020,18,W6,4842,4842,3265648.220000002,4029,0,Nayarit
2020,4,W9,2117,2117,2203221.070000003,1581,0,Campeche
2020,4,W16,466,466,888136.6299999992,385,0,Campeche
2020,5,W6,33983,33983,22941058.260000035,30177,0,Coahuila de Zaragoza
2020,5,W17,1606,1606,3259764.6699999976,1516,0,Coahuila de Zaragoza
2020,5,W1,781,781,96198.38000000014,541,0,Coahuila de Zaragoza
2020,20,W6,7534,7534,5074113.310000003,6441,0,Oaxaca
2020,24,W13,2437,2437,3747227.770000003,2196,0,San Luis Potosí
2020,25,W3,72847,72847,21968083.730000153,59141,0,Sinaloa
2020,25,W9,4337,4337,4529029.939999999,3854,0,Sinaloa
2020,31,W7,5894,5894,4687932.070000001,5327,0,Yucatán
2020,31,W12,1295,1295,1837877.9800000007,1198,0,Yucatán
2020,32,W7,4681,4681,3736847.130000007,3960,0,Zacatecas
2020,32,W18,1280,1280,2772938.8900000006,1123,0,Zacatecas
2020,6,W11,983,983,1263874.9300000009,714,0,Colima
2020,6,W10,1220,1220,1421287.5100000007,955,0,Colima
2020,7,W2,122848,122848,19538340.04999624,106778,0,Chiapas
2020,7,W12,1157,1157,1638148.51,1103,0,Chiapas
2020,23,W3,54519,54519,16334240.41000008,39352,0,Quintana Roo
2020,23,W5,14899,14899,8166806.179999996,11145,0,Quintana Roo
2020,23,W14,1073,1073,1783092.9400000002,915,0,Quintana Roo
2020,8,W11,6578,6578,8483569.530000005,6066,0,Chihuahua
2020,8,W9,11575,11575,12103483.630000006,10757,0,Chihuahua
2020,27,W2,99752,99752,15680090.619997706,83464,0,Tabasco
2020,27,W17,389,389,789240.4500000001,369,0,Tabasco
2020,29,W3,18921,18921,5655686.730000014,14694,0,Tlaxcala
2020,29,W9,958,958,1000082.2100000009,852,0,Tlaxcala
2020,29,W16,160,160,304842.14999999985,140,0,Tlaxcala
2020,1,W13,1726,1726,2652031.0700000026,1658,0,Aguascalientes
2020,1,W12,2317,2317,3274999.0799999977,2193,0,Aguascalientes
2020,2,W2,384679,384679,78852359.74999654,340591,0,Baja California
2020,2,W18,16794,16794,36405828.14,16299,0,Baja California
2020,2,W12,5381,5381,7620552.270000008,5078,0,Baja California
2020,2,W16,3031,3031,5781963.009999996,2905,0,Baja California
2020,12,W2,86518,86518,13633881.7000001,70102,0,Guerrero
2020,12,W10,1061,1061,1236722.58,874,0,Guerrero
2020,12,W4,9953,9953,4257521.159999992,8272,0,Guerrero
2020,14,W7,50056,50056,39810085.11000001,45288,0,Jalisco
2020,14,W6,74713,74713,50311499.630000025,66813,0,Jalisco
2020,14,W14,7703,7703,12795661.009999998,7131,0,Jalisco
2020,14,W11,14196,14196,18320313.05000001,12804,0,Jalisco
2020,15,W14,6627,6627,11008089.549999999,6073,0,Estado México
2020,15,W13,8063,8063,12412476.829999994,7380,0,Estado México
2020,19,W13,10053,10053,15471645.080000002,9444,0,Nuevo León
2020,5,W3,153079,153079,45923762.81000014,133616,0,Coahuila de Zaragoza
2020,21,W2,333432,333432,53440337.61999127,286695,0,Puebla
2020,22,W7,19635,19635,15664590.34000003,16728,0,Querétaro
2020,22,W10,7780,7780,9070054.269999998,6604,0,Querétaro
2020,22,W11,5773,5773,7460059.110000001,5061,0,Querétaro
2020,22,W17,1702,1702,3462444.469999997,1530,0,Querétaro
2020,9,W15,21581,21581,38519649.599999994,19986,0,Ciudad de México
2020,9,W7,106532,106532,85187223.30000006,93178,0,Ciudad de México
2020,9,W12,39078,39078,55284531.759999976,35773,0,Ciudad de México
2020,9,W14,25147,25147,41775054.57999999,23219,0,Ciudad de México
2020,9,W16,19041,19041,36316490.58000001,17625,0,Ciudad de México
2020,9,W9,64410,64410,67369258.56,57575,0,Ciudad de México
2020,26,,2256,0,0.0,2256,206951,Sonora
2020,26,W15,1627,1627,2902641.880000001,1506,0,Sonora
2020,11,W18,10292,10292,22301431.28,9517,0,Guanajuato
2020,11,W4,85391,85391,36149670.44999993,72804,0,Guanajuato
2020,11,W14,2897,2897,4811314.949999999,2652,0,Guanajuato
2020,16,W5,27282,27282,15000518.079999944,22792,0,Michoacán de Ocampo
2020,16,W11,2751,2751,3549488.830000001,2448,0,Michoacán de Ocampo
2020,17,W13,1208,1208,1862074.3700000006,1153,0,Morelos
2020,17,W10,2405,2405,2812083.269999997,2059,0,Morelos
2020,17,W8,3813,3813,3514742.49,3196,0,Morelos
2020,30,W11,5654,5654,7294992.809999998,5243,0,Veracruz de Ignacio de la Llave
2020,18,W11,626,626,809384.5800000003,534,0,Nayarit
2020,18,W13,571,571,877304.8800000002,516,0,Nayarit
2020,4,W3,17182,17182,5191990.569999994,13950,0,Campeche
2020,4,W10,1477,1477,1728205.94,1089,0,Campeche
2020,20,W14,593,593,982634.2599999993,556,0,Oaxaca
2020,24,W18,6116,6116,13255299.840000004,5608,0,San Luis Potosí
2020,25,W7,8859,8859,7068526.840000003,7802,0,Sinaloa
2020,25,W12,2040,2040,2884943.93,1872,0,Sinaloa
2020,31,,828,0,0.0,828,112173,Yucatán
2020,32,W2,96228,96228,16056082.709999885,83436,0,Zacatecas
2020,32,W6,7685,7685,5164947.130000002,6420,0,Zacatecas
2020,32,W11,1490,1490,1924350.9,1352,0,Zacatecas
2020,32,W13,1291,1291,1980956.9100000004,1232,0,Zacatecas
2020,6,W16,279,279,532205.8300000001,212,0,Colima
2020,7,W3,31021,31021,9333930.130000016,27053,0,Chiapas
2020,7,W9,2655,2655,2765645.4600000014,2360,0,Chiapas
2020,23,W1,129,129,15895.379999999988,119,0,Quintana Roo
2020,23,W11,1593,1593,2056997.5499999996,1264,0,Quintana Roo
2020,23,W18,3654,3654,7914689.099999998,2784,0,Quintana Roo
2020,8,,6156,0,0.0,6156,205482,Chihuahua
2020,27,W15,601,601,1070943.419999999,556,0,Tabasco
2020,10,,743,0,0.0,743,89760,Durango
2020,29,W17,153,153,311644.7,142,0,Tlaxcala
2020,29,W1,159,159,19591.98,152,0,Tlaxcala
2020,1,W11,2645,2645,3412054.659999997,2521,0,Aguascalientes
2020,1,W16,652,652,1243147.9500000016,629,0,Aguascalientes
2020,2,W11,6585,6585,8498237.759999996,6138,0,Baja California
2020,2,W14,3692,3692,6130360.329999993,3452,0,Baja California
2020,12,W9,1602,1602,1672700.2699999986,1282,0,Guerrero
2020,12,W8,2282,2282,2092715.0900000012,1790,0,Guerrero
2020,13,,400,0,0.0,400,172634,Hidalgo
2020,13,W3,36513,36513,10973848.36999998,27203,0,Hidalgo
2020,13,W6,7871,7871,5291756.319999995,6195,0,Hidalgo
2020,14,W1,4179,4179,477213.3900000011,3951,0,Jalisco
2020,14,W17,4899,4899,9954073.95,4601,0,Jalisco
2020,15,W8,28207,28207,25928072.079999994,24785,0,Estado México
2020,19,W15,7079,7079,12638185.89,6712,0,Nuevo León
2020,21,W13,2857,2857,4391119.399999999,2608,0,Puebla
2020,21,W9,8046,8046,8418952.500000006,7033,0,Puebla
2020,22,W4,61036,61036,25992962.699999947,49295,0,Querétaro
2020,22,W5,40491,40491,22341860.459999934,33429,0,Querétaro
2020,22,W13,4186,4186,6449162.770000012,3725,0,Querétaro
2020,26,W2,317725,317725,54727733.51999196,271472,0,Sonora
2020,11,W8,14259,14259,13108278.8,12646,0,Guanajuato
2020,11,W11,5592,5592,7229547.64,5053,0,Guanajuato
2020,11,W1,1052,1052,129549.92000000045,966,0,Guanajuato
2020,17,W12,1284,1284,1815027.6700000004,1218,0,Morelos
2020,28,W3,186216,186216,55561943.86000009,170961,0,Tamaulipas
2020,30,W1,1644,1644,192818.23000000033,1569,0,Veracruz de Ignacio de la Llave
2020,3,W11,1145,1145,1480168.7699999996,883,0,Baja California Sur
2020,18,,5081,0,0.0,5081,77406,Nayarit
2020,18,W4,11366,11366,4808262.77000001,8097,0,Nayarit
2020,18,W1,264,264,32530.080000000093,258,0,Nayarit
2020,4,W11,1394,1394,1800710.6799999995,911,0,Campeche
2020,4,W8,2540,2540,2341155.9099999988,2028,0,Campeche
2020,4,W17,509,509,1033152.0200000005,431,0,Campeche
2020,5,W18,10116,10116,21913406.200000003,9555,0,Coahuila de Zaragoza
2020,5,W12,4948,4948,7004504.459999999,4592,0,Coahuila de Zaragoza
2020,20,W3,31125,31125,9285116.819999984,26591,0,Oaxaca
2020,20,,3920,0,0.0,3920,163875,Oaxaca
2020,20,W13,814,814,1251705.3099999996,753,0,Oaxaca
2020,24,W5,24362,24362,13396690.649999969,19599,0,San Luis Potosí
2020,25,W2,331490,331490,53091359.83999393,281612,0,Sinaloa
2020,25,W15,854,854,1521700.0799999996,804,0,Sinaloa
2020,31,W4,27646,27646,12206130.290000014,25432,0,Yucatán
2020,31,W8,3729,3729,3422307.0299999956,3330,0,Yucatán
2020,32,W3,29636,29636,8886987.630000008,24699,0,Zacatecas
2020,32,W15,534,534,949760.5800000001,478,0,Zacatecas
2020,6,W6,5018,5018,3383933.930000003,4035,0,Colima
2020,6,W4,10905,10905,4679722.919999996,8379,0,Colima
2020,6,W17,249,249,505071.1400000002,208,0,Colima
2020,7,W10,1983,1983,2318151.0600000024,1765,0,Chiapas
2020,7,W14,803,803,1330672.5900000012,769,0,Chiapas
2020,7,W1,965,965,114480.45000000026,936,0,Chiapas
2020,23,W15,911,911,1626688.87,801,0,Quintana Roo
2020,23,W16,733,733,1396681.73,614,0,Quintana Roo
2020,8,W6,33284,33284,22425072.99999999,29571,0,Chihuahua
2020,8,W1,783,783,96481.26000000027,674,0,Chihuahua
2020,8,W13,4347,4347,6681145.830000004,4063,0,Chihuahua
2020,8,W18,11181,11181,24228857.379999995,10882,0,Chihuahua
2020,27,W6,6322,6322,4254808.309999997,4846,0,Tabasco
2020,10,W4,16350,16350,6953363.319999995,14449,0,Durango
2020,10,W6,6723,6723,4530281.990000002,5911,0,Durango
2020,10,W9,2001,2001,2086454.75,1813,0,Durango
2020,29,W15,251,251,446770.77999999997,227,0,Tlaxcala
2020,1,W6,16433,16433,11014359.28999999,15638,0,Aguascalientes
2020,1,W3,56695,56695,17190471.820000008,51323,0,Aguascalientes
2020,1,W18,3545,3545,7675412.510000002,3432,0,Aguascalientes
2020,2,W4,104224,104224,44135315.41999993,96404,0,Baja California
2020,2,W10,8520,8520,9934432.350000013,7911,0,Baja California
2020,12,W17,183,183,371025.74000000005,170,0,Guerrero
2020,14,W13,10218,10218,15749706.12999999,9493,0,Jalisco
2020,19,W10,17721,17721,20696840.279999964,16411,0,Nuevo León
2020,19,W8,33298,33298,30653613.49999999,30244,0,Nuevo León
2020,21,W11,4374,4374,5634911.259999998,3890,0,Puebla
2020,21,W18,10206,10206,22137943.800000004,9271,0,Puebla
2020,22,W1,567,567,69731.28000000009,497,0,Querétaro
2020,9,W6,147876,147876,99575970.46999998,126966,0,Ciudad de México
2020,26,W10,5189,5189,6049362.130000003,4580,0,Sonora
2020,26,W13,2877,2877,4428300.309999997,2658,0,Sonora
2020,11,W2,526862,526862,86417547.54999071,458685,0,Guanajuato
2020,11,W5,55974,55974,30989844.849999983,48824,0,Guanajuato
2020,11,W6,32706,32706,22034826.329999994,28754,0,Guanajuato
2020,11,W17,1499,1499,3040251.5899999994,1392,0,Guanajuato
2020,11,,1087,0,0.0,1087,243513,Guanajuato
2020,16,W15,732,732,1304347.8300000005,675,0,Michoacán de Ocampo
2020,16,W6,16281,16281,10902988.170000002,14183,0,Michoacán de Ocampo
2020,16,W18,2925,2925,6335488.089999999,2661,0,Michoacán de Ocampo
2020,17,W5,12174,12174,6708023.360000005,10310,0,Morelos
2020,17,W18,2037,2037,4414018.04,1915,0,Morelos
2020,17,W6,7135,7135,4815486.100000002,6151,0,Morelos
2020,17,W17,387,387,783823.3900000001,365,0,Morelos
2020,17,W15,570,570,1014682.9599999998,541,0,Morelos
2020,28,W5,44150,44150,24404547.279999956,39362,0,Tamaulipas
2020,28,W2,269876,269876,50036683.42999388,239618,0,Tamaulipas
2020,28,W13,3235,3235,4981468.849999997,3021,0,Tamaulipas
2020,28,W17,1386,1386,2818110.8599999985,1175,0,Tamaulipas
2020,30,W15,2482,2482,4426082.250000002,2355,0,Veracruz de Ignacio de la Llave
2020,3,,398,0,0.0,398,54117,Baja California Sur
2020,3,W18,2332,2332,5052274.479999999,2066,0,Baja California Sur
2020,3,W17,433,433,879315.5600000002,386,0,Baja California Sur
2020,18,W8,1951,1951,1793238.9400000006,1681,0,Nayarit
2020,18,W18,887,887,1922134.3699999999,623,0,Nayarit
2020,18,W17,113,113,228910.96,98,0,Nayarit
2020,4,W7,3715,3715,2962890.1000000015,2800,0,Campeche
2020,4,W14,809,809,1344256.98,674,0,Campeche
2020,4,W12,1182,1182,1682634.22,945,0,Campeche
2020,5,W13,4445,4445,6834946.16,4192,0,Coahuila de Zaragoza
2020,20,W2,124426,124426,19953518.139995914,111531,0,Oaxaca
2020,20,W4,11605,11605,4987387.659999994,9459,0,Oaxaca
2020,20,W11,980,980,1262515.5499999998,870,0,Oaxaca
2020,20,W16,228,228,433661.92999999993,207,0,Oaxaca
2020,25,W16,660,660,1257491.6999999997,591,0,Sinaloa
2020,25,W8,5717,5717,5250532.589999996,5023,0,Sinaloa
2020,31,W18,2578,2578,5582495.94,2491,0,Yucatán
2020,31,W10,2027,2027,2357602.33,1856,0,Yucatán
2020,31,W11,1473,1473,1897469.6300000004,1270,0,Yucatán
2020,32,,584,0,0.0,584,88989,Zacatecas
2020,6,W8,2086,2086,1915108.7399999984,1691,0,Colima
2020,6,W14,565,565,940908.62,492,0,Colima
2020,7,W4,16104,16104,6910495.959999991,14470,0,Chiapas
2020,23,W10,2068,2068,2413167.3099999987,1637,0,Quintana Roo
2020,23,W13,1129,1129,1740062.000000001,907,0,Quintana Roo
2020,7,W15,542,542,966407.4699999997,520,0,Chiapas
2020,8,W2,388987,388987,72070444.24999376,351012,0,Chihuahua
2020,8,W14,3672,3672,6096345.8999999985,3478,0,Chihuahua
2020,27,W10,1377,1377,1608807.2099999974,1149,0,Tabasco
2020,27,W1,152,152,18729.439999999995,114,0,Tabasco
2020,27,W18,2466,2466,5341741.340000003,2220,0,Tabasco
2020,27,W16,468,468,889621.0600000002,429,0,Tabasco
2020,27,W13,787,787,1215359.9999999998,715,0,Tabasco
2020,10,W13,1002,1002,1542875.3100000012,951,0,Durango
2020,10,W16,438,438,834829.5999999997,418,0,Durango
2020,29,W2,56190,56190,9430648.629999913,41788,0,Tlaxcala
2020,1,W2,147493,147493,23704854.24999675,132105,0,Aguascalientes
2020,1,W9,5617,5617,5849172.449999999,5417,0,Aguascalientes
2020,2,,2161,0,0.0,2161,155605,Baja California
2020,2,W15,3390,3390,6059321.939999995,3229,0,Baja California
2020,2,W13,4452,4452,6849269.189999993,4038,0,Baja California
2020,12,W12,794,794,1124607.08,698,0,Guerrero
2020,12,W1,435,435,53584.799999999974,406,0,Guerrero
2020,13,W11,1381,1381,1778938.5900000012,1136,0,Hidalgo
2020,14,W3,301127,301127,90825308.58000034,249734,0,Jalisco
2020,14,W9,26841,26841,28181674.74000004,24352,0,Jalisco
2020,14,W8,33074,33074,30331043.13999996,29786,0,Jalisco
2020,14,W18,27993,27993,60643786.85,26366,0,Jalisco
2020,15,W2,796857,796857,131125380.41998336,666640,0,Estado México
2020,15,W11,11252,11252,14519843.88,9833,0,Estado México
2020,15,W17,3384,3384,6864851.399999999,3146,0,Estado México
2020,15,W1,1888,1888,232618.82000000018,1537,0,Estado México
2020,19,W6,73324,73324,49243434.49999992,64848,0,Nuevo León
2020,21,W17,1145,1145,2322495.8000000003,1040,0,Puebla
2020,21,W15,1586,1586,2830393.5800000015,1427,0,Puebla
2020,21,W12,3734,3734,5282406.359999999,3400,0,Puebla
2020,22,W2,253860,253860,42326946.81999725,205413,0,Querétaro
2020,22,W14,3377,3377,5605089.830000002,2990,0,Querétaro
2020,9,W18,150250,150250,325806163.7099999,141873,0,Ciudad de México
2020,26,W3,114757,114757,34383283.39000004,100786,0,Sonora
2020,26,W9,7402,7402,7735776.330000004,6601,0,Sonora
2020,26,W16,1216,1216,2318843.6000000006,1142,0,Sonora
2020,26,W8,9689,9689,8930755.649999999,8075,0,Sonora
2020,16,W2,253087,253087,39543026.019990645,203386,0,Michoacán de Ocampo
2020,16,,7461,0,0.0,7461,228904,Michoacán de Ocampo
2020,17,W11,2134,2134,2742040.9299999983,1976,0,Morelos
2020,17,W1,459,459,56557.98000000013,396,0,Morelos
2020,17,W16,579,579,1102268.4400000004,531,0,Morelos
2020,28,W18,7636,7636,16544774.34,6985,0,Tamaulipas
2020,30,W10,8559,8559,10027425.540000007,7720,0,Veracruz de Ignacio de la Llave
2020,30,W14,3241,3241,5374530.630000003,3075,0,Veracruz de Ignacio de la Llave
2020,3,W7,4588,4588,3643095.5699999966,3352,0,Baja California Sur
2020,3,W14,687,687,1142800.890000001,591,0,Baja California Sur
2020,3,W16,510,510,971661.6300000002,450,0,Baja California Sur
2020,18,W5,7159,7159,3944308.8900000015,5690,0,Nayarit
2020,18,W10,941,941,1101420.2400000002,797,0,Nayarit
2020,18,W16,157,157,298283.97,136,0,Nayarit
2020,20,W10,1626,1626,1899711.7300000002,1419,0,Oaxaca
2020,24,W2,184194,184194,30340676.969996076,146479,0,San Luis Potosí
2020,24,W11,3720,3720,4803074.430000002,3216,0,San Luis Potosí
2020,24,W16,1096,1096,2092882.8599999994,959,0,San Luis Potosí
2020,25,,5006,0,0.0,5006,291549,Sinaloa
2020,25,W5,24131,24131,13266887.449999977,20368,0,Sinaloa
2020,25,W14,1244,1244,2069374.4000000013,1175,0,Sinaloa
2020,25,W17,558,558,1132710.6300000004,520,0,Sinaloa
2020,32,W5,12558,12558,6940208.789999991,9793,0,Zacatecas
2020,6,W15,384,384,685122.5000000002,334,0,Colima
2020,6,W1,240,240,29572.800000000054,223,0,Colima
2020,23,,1499,0,0.0,1499,82092,Quintana Roo
2020,23,W2,222961,222961,35302271.57999877,164946,0,Quintana Roo
2020,23,W7,6199,6199,4944325.559999992,4925,0,Quintana Roo
2020,23,W8,4482,4482,4117678.3100000024,3534,0,Quintana Roo
2020,23,W9,3010,3010,3145291.0399999954,2410,0,Quintana Roo
2020,8,W17,1984,1984,4027766.5300000003,1916,0,Chihuahua
2020,8,W15,3046,3046,5434984.210000002,2926,0,Chihuahua
2020,27,W5,7795,7795,4304002.479999996,6129,0,Tabasco
2020,27,W14,751,751,1245965.9000000006,674,0,Tabasco
2020,10,W5,10803,10803,5945323.49,9646,0,Durango
2020,10,W8,3012,3012,2770178.9000000004,2694,0,Durango
2020,10,W10,1646,1646,1918995.7700000007,1471,0,Durango
2020,10,W18,2026,2026,4391421.83,1965,0,Durango
2020,29,W10,722,722,842322.729999999,601,0,Tlaxcala
2020,1,W10,3487,3487,4077648.6299999985,3288,0,Aguascalientes
2020,1,W14,1156,1156,1916745.9200000013,1098,0,Aguascalientes
2020,1,W17,567,567,1151281.8299999998,533,0,Aguascalientes
2020,12,W18,893,893,1934025.31,831,0,Guerrero
2020,13,W4,17044,17044,7223587.21999999,13845,0,Hidalgo
2020,14,W16,5187,5187,9900513.539999997,4838,0,Jalisco
2020,15,W3,293760,293760,89002230.23000014,239502,0,Estado México
2020,15,W12,9518,9518,13466594.810000006,8604,0,Estado México
2020,19,W5,118793,118793,65578740.13999988,105756,0,Nuevo León
2020,19,W17,4954,4954,10058065.820000006,4714,0,Nuevo León
2020,21,W1,617,617,75839.90000000021,535,0,Puebla
2020,21,W16,1272,1272,2426254.6100000003,1158,0,Puebla
2020,22,W3,114736,114736,34589577.679999776,92563,0,Querétaro
2020,22,W16,2706,2706,5119886.999999996,2479,0,Querétaro
2020,22,W18,13060,13060,28304042.880000003,11948,0,Querétaro
2020,22,W9,9642,9642,10078394.610000003,8205,0,Querétaro
2020,9,W13,31481,31481,48444329.74999997,29131,0,Ciudad de México
2020,9,W17,16175,16175,32862561.94000002,15121,0,Ciudad de México
2020,9,W1,3338,3338,409830.170000001,2538,0,Ciudad de México
2020,9,,4014,0,0.0,4014,1707981,Ciudad de México
2020,26,W18,6229,6229,13494599.500000004,5920,0,Sonora
2020,26,W11,3628,3628,4683416.019999997,3273,0,Sonora
2020,11,W15,2296,2296,4096247.5500000007,2110,0,Guanajuato
2020,16,W14,1090,1090,1808480.9800000002,1023,0,Michoacán de Ocampo
2020,17,,4374,0,0.0,4374,97192,Morelos
2020,28,W4,72008,72008,30527904.349999927,64721,0,Tamaulipas
2020,28,W10,5680,5680,6629720.39,4970,0,Tamaulipas
2020,28,W11,4230,4230,5453036.329999997,3738,0,Tamaulipas
2020,30,W8,18199,18199,16717749.750000022,16379,0,Veracruz de Ignacio de la Llave
2020,3,W6,5965,5965,4020254.8599999957,4518,0,Baja California Sur
2020,3,W15,633,633,1128289.13,565,0,Baja California Sur
2020,3,W8,3047,3047,2803845.8299999996,2352,0,Baja California Sur
2020,18,W3,21969,21969,6574027.529999994,14912,0,Nayarit
2020,18,W12,620,620,874946.5,557,0,Nayarit
2020,4,W6,5649,5649,3808297.850000001,4262,0,Campeche
2020,4,W15,727,727,1296464.8199999994,618,0,Campeche
2020,20,W9,2257,2257,2349843.860000004,1920,0,Oaxaca
2020,24,W12,3181,3181,4501021.530000001,2791,0,San Luis Potosí
2020,24,,6553,0,0.0,6553,143365,San Luis Potosí
2020,25,W11,1984,1984,2559127.280000003,1718,0,Sinaloa
2020,31,W3,47019,47019,14078192.550000103,40622,0,Yucatán
2020,31,W16,565,565,1077190.039999999,540,0,Yucatán
2020,6,,1782,0,0.0,1782,49115,Colima
2020,6,W3,20847,20847,6492019.2099999925,16938,0,Colima
2020,6,W7,3236,3236,2579880.939999997,2664,0,Colima
2020,7,W18,1275,1275,2760221.3099999996,1245,0,Chiapas
2020,23,W17,486,486,986402.5800000007,409,0,Quintana Roo
2020,8,W10,8272,8272,9661617.820000002,7729,0,Chihuahua
2020,8,W12,5337,5337,7557463.810000001,5014,0,Chihuahua
2020,27,W11,1133,1133,1466516.729999998,992,0,Tabasco
2020,10,W2,148918,148918,23956036.20999799,136162,0,Durango
2020,10,W17,346,346,702200.2400000002,335,0,Durango
2020,29,,147,0,0.0,147,80141,Tlaxcala
2020,29,W7,2014,2014,1604837.209999999,1802,0,Tlaxcala
2020,29,W6,3065,3065,2065091.3099999984,2680,0,Tlaxcala
2020,29,W12,396,396,561594.2200000001,353,0,Tlaxcala
2020,1,W1,1165,1165,135971.78000000006,1143,0,Aguascalientes
2020,2,W17,2528,2528,5130581.019999999,2419,0,Baja California
2020,12,,2545,0,0.0,2545,166469,Guerrero
2020,12,W6,5340,5340,3598905.4499999965,4574,0,Guerrero
2020,12,W16,267,267,508077.93999999994,247,0,Guerrero
2020,13,W1,919,919,113239.18000000018,887,0,Hidalgo
2020,13,W9,2363,2363,2467005.7099999976,1945,0,Hidalgo
2020,13,W13,1032,1032,1587050.2000000018,926,0,Hidalgo
2020,14,W2,872594,872594,143455617.50997618,739734,0,Jalisco
2020,14,W10,19865,19865,23113917.21000001,17726,0,Jalisco
2020,15,,1196,0,0.0,1196,806099,Estado México
2020,15,W15,5465,5465,9745309.089999998,5039,0,Estado México
2020,19,W2,680657,680657,114537244.4599899,615493,0,Nuevo León
2020,19,W9,24148,24148,25225743.869999975,22138,0,Nuevo León
2020,5,W4,77531,77531,32977455.16999993,67815,0,Coahuila de Zaragoza
2020,21,W7,12955,12955,10338153.069999998,11016,0,Puebla
2020,22,,980,0,0.0,980,125964,Querétaro
2020,9,W4,283686,283686,121488123.3899998,237089,0,Ciudad de México
2020,9,W5,202010,202010,111158365.92000002,168928,0,Ciudad de México
2020,26,W4,51323,51323,21786093.01999999,44090,0,Sonora
2020,26,W12,3295,3295,4669791.8599999985,3002,0,Sonora
2020,11,W7,22093,22093,17605157.239999995,19589,0,Guanajuato
2020,16,W9,4524,4524,4735985.690000003,3934,0,Michoacán de Ocampo
2020,17,W3,30137,30137,9088372.279999992,25031,0,Morelos
2020,17,W4,20701,20701,8828580.150000025,18019,0,Morelos
2020,17,W14,884,884,1468713.3400000003,848,0,Morelos
2020,28,W1,381,381,46864.66000000002,361,0,Tamaulipas
2020,30,W3,101343,101343,30687822.390000127,85864,0,Veracruz de Ignacio de la Llave
2020,30,W4,54431,54431,23262770.279999968,45477,0,Veracruz de Ignacio de la Llave
2020,30,W6,40659,40659,27138810.2000001,35609,0,Veracruz de Ignacio de la Llave
2020,3,W12,884,884,1251657.8499999996,711,0,Baja California Sur
2020,3,W1,150,150,18332.599999999988,139,0,Baja California Sur
2020,4,W2,60329,60329,9460443.2999999,50884,0,Campeche
2020,5,W16,1911,1911,3644882.329999998,1804,0,Coahuila de Zaragoza
2020,5,W11,6342,6342,8181617.7299999995,5708,0,Coahuila de Zaragoza
2020,20,W18,1132,1132,2451624.689999999,1083,0,Oaxaca
2020,24,W10,4528,4528,5286278.040000007,3758,0,San Luis Potosí
2020,24,W8,7450,7450,6862671.570000012,6318,0,San Luis Potosí
2020,25,W18,3246,3246,7032738.5100000035,2936,0,Sinaloa
2020,25,W13,1619,1619,2490846.0599999996,1521,0,Sinaloa
2020,31,W5,53987,53987,30049430.570000015,52344,0,Yucatán
2020,31,W17,444,444,900893.3800000001,431,0,Yucatán
2020,31,W1,658,658,80938.29000000018,598,0,Yucatán
2020,26,W1,1080,1080,133030.60000000018,998,0,Sonora
2020,32,W4,16988,16988,7262830.529999991,13733,0,Zacatecas
2020,32,W14,583,583,968028.6699999999,554,0,Zacatecas
2020,6,W18,957,957,2070899.7300000004,789,0,Colima
2020,7,,4182,0,0.0,4182,188707,Chiapas
2020,7,W7,6070,6070,4849213.649999993,5556,0,Chiapas
2020,7,W13,1108,1108,1706629.98,1058,0,Chiapas
2020,7,W5,12663,12663,6996909.329999971,11037,0,Chiapas
2020,7,W16,488,488,930752.3799999999,478,0,Chiapas
2020,8,W5,55618,55618,30581750.33,50346,0,Chihuahua
2020,27,W7,4421,4421,3523443.8200000017,3616,0,Tabasco
2020,27,W8,3067,3067,2820258.18,2533,0,Tabasco
2020,10,W3,34271,34271,10274252.440000001,29534,0,Durango
2020,10,W7,4467,4467,3557934.969999999,4108,0,Durango
2020,10,W1,314,314,38691.07999999999,294,0,Durango
2020,29,W4,8378,8378,3548037.8700000024,6817,0,Tlaxcala
2020,29,W14,349,349,579438.5099999994,329,0,Tlaxcala
2020,1,W5,25835,25835,14204125.460000003,24385,0,Aguascalientes
2020,1,W7,11084,11084,8847890.270000005,10617,0,Aguascalientes
2020,1,W15,888,888,1584365.0400000007,854,0,Aguascalientes
2020,2,W3,231326,231326,69360175.30000027,217133,0,Baja California
2020,2,W7,21523,21523,17150763.349999987,19562,0,Baja California
2020,2,W8,15518,15518,14289954.339999994,14376,0,Baja California
2020,13,W5,12794,12794,7088295.420000002,10014,0,Hidalgo
2020,14,,16294,0,0.0,16294,452016,Jalisco
2020,19,W4,179491,179491,76499314.50999999,160503,0,Nuevo León
2020,19,W11,14809,14809,19138278.36,13527,0,Nuevo León
2020,5,W5,52042,52042,28651758.989999957,45786,0,Coahuila de Zaragoza
2020,21,W14,2096,2096,3479195.3400000003,1907,0,Puebla
2020,22,W6,26885,26885,18110271.570000008,22503,0,Querétaro
2020,22,W15,2721,2721,4857466.34,2452,0,Querétaro
2020,22,W8,13328,13328,12274260.750000015,11425,0,Querétaro
2020,9,W11,43607,43607,56345974.95999994,39486,0,Ciudad de México
2020,26,W6,22320,22320,15023687.35000002,18779,0,Sonora
2020,11,W13,3823,3823,5881086.699999998,3511,0,Guanajuato
2020,16,W3,63525,63525,19130631.28000001,50591,0,Michoacán de Ocampo
2020,16,W10,3872,3872,4532135.879999999,3282,0,Michoacán de Ocampo
2020,17,W2,102095,102095,16530262.149999565,89257,0,Morelos
2020,28,W7,15967,15967,12731319.880000016,13969,0,Tamaulipas
2020,28,W12,3609,3609,5111631.820000002,3300,0,Tamaulipas
2020,28,W15,1819,1819,3246599.1499999994,1704,0,Tamaulipas
2020,30,W5,52251,52251,29299353.089999966,44431,0,Veracruz de Ignacio de la Llave
2020,30,W7,25800,25800,20625563.659999963,22291,0,Veracruz de Ignacio de la Llave
2020,30,W17,1407,1407,2854096.6499999966,1325,0,Veracruz de Ignacio de la Llave
2020,3,W13,902,902,1388997.01,693,0,Baja California Sur
2020,18,W2,82350,82350,12996787.32999849,64773,0,Nayarit
2020,18,W7,3036,3036,2420713.810000002,2589,0,Nayarit
2020,18,W15,257,257,457494.3800000004,222,0,Nayarit
2020,4,,325,0,0.0,325,56275,Campeche
2020,4,W5,10052,10052,5548805.979999993,8646,0,Campeche
2020,4,W4,10440,10440,4466551.450000002,8408,0,Campeche
2020,5,,996,0,0.0,996,117771,Coahuila de Zaragoza
2020,5,W9,10917,10917,11369083.940000026,9549,0,Coahuila de Zaragoza
2020,5,W10,7902,7902,9233757.600000001,6999,0,Coahuila de Zaragoza
2020,5,W15,2508,2508,4473832.459999997,2366,0,Coahuila de Zaragoza
2020,20,W5,9684,9684,5355072.489999984,8176,0,Oaxaca
2020,20,W8,3543,3543,3243307.769999996,3044,0,Oaxaca
2020,20,W12,836,836,1186642.9400000002,784,0,Oaxaca
2020,24,W6,17165,17165,11564091.840000005,14705,0,San Luis Potosí
2020,24,W3,86604,86604,26108892.96000012,64370,0,San Luis Potosí
2020,24,W4,43477,43477,18430547.229999993,35219,0,San Luis Potosí
2020,24,W1,359,359,44220.08000000006,281,0,San Luis Potosí
2020,31,W2,197972,197972,30950749.479993366,175310,0,Yucatán
2020,32,W9,2332,2332,2432122.840000001,1875,0,Zacatecas
2020,32,W12,2201,2201,3136727.2699999996,2108,0,Zacatecas
2020,32,W16,342,342,652889.5000000001,319,0,Zacatecas
2020,6,W2,73101,73101,11676598.419999344,61968,0,Colima
2020,6,W5,8839,8839,4847293.760000005,6548,0,Colima
2020,6,W9,1659,1659,1726882.0700000015,1215,0,Colima
2020,6,W12,762,762,1082530.8199999998,669,0,Colima
2020,7,W8,4236,4236,3893782.0799999977,3831,0,Chiapas
2020,23,W6,9984,9984,6717976.799999992,7862,0,Quintana Roo
2020,23,W12,1301,1301,1841383.6300000018,1004,0,Quintana Roo
2020,8,W7,22301,22301,17776901.360000003,20253,0,Chihuahua
2020,27,W4,11404,11404,4857125.829999987,8726,0,Tabasco
2020,27,W12,955,955,1350053.0199999998,767,0,Tabasco
2020,10,W11,1227,1227,1584695.0000000002,1104,0,Durango
2020,10,W14,871,871,1445244.2900000003,832,0,Durango
2020,29,W5,4765,4765,2620900.0200000023,3851,0,Tlaxcala
2020,29,W8,1301,1301,1194847.160000002,1167,0,Tlaxcala
2020,29,W18,718,718,1555961.43,656,0,Tlaxcala
2020,29,W13,452,452,695216.45,418,0,Tlaxcala
2022,23,W5,18982,18982,14590949.959999997,13135,0,Quintana Roo
2022,1,W2,184809,184809,41336126.79999702,166966,0,Aguascalientes
2022,1,W8,5138,5138,6643608.249999991,4876,0,Aguascalientes
2022,2,W3,283897,283897,118118938.64999998,264471,0,Baja California
2022,2,W5,55092,55092,42399378.730000004,48350,0,Baja California
2022,13,W14,1996,1996,4773390.720000001,1787,0,Hidalgo
2022,14,W4,165976,165976,99337693.19000018,146294,0,Jalisco
2022,14,W6,63399,63399,59778063.59999995,57970,0,Jalisco
2022,14,W14,40637,40637,97301760.85999998,38683,0,Jalisco
2022,19,W13,10530,10530,22876340.329999994,10075,0,Nuevo León
2022,26,W12,2174,2174,4311244.680000005,2034,0,Sonora
2022,11,W14,12364,12364,29612282.530000005,11607,0,Guanajuato
2022,11,W13,2737,2737,5929994.939999996,2575,0,Guanajuato
2022,12,W1,2452,2452,423877.2399999988,2423,0,Guerrero
2022,12,W6,3945,3945,3712237.57,3281,0,Guerrero
2022,12,W13,327,327,706563.9399999998,288,0,Guerrero
2022,3,W2,123893,123893,27719011.52999857,85189,0,Baja California Sur
2022,3,W3,32640,32640,13723328.180000046,21932,0,Baja California Sur
2022,16,W4,37823,37823,22487637.419999972,32530,0,Michoacán de Ocampo
2022,16,W14,3712,3712,8880952.59,3451,0,Michoacán de Ocampo
2022,4,W4,13311,13311,7917571.969999968,10622,0,Campeche
2022,4,W13,854,854,1849935.0499999996,682,0,Campeche
2022,5,W7,18721,18721,20910668.95999999,16705,0,Coahuila de Zaragoza
2022,5,W11,4530,4530,8203410.290000005,4221,0,Coahuila de Zaragoza
2022,24,W9,5398,5398,7928543.489999997,4913,0,San Luis Potosí
2022,8,W3,249132,249132,103615313.13000022,230281,0,Chihuahua
2022,21,W1,1140,1140,196884.77999999962,1058,0,Puebla
2022,27,W7,5339,5339,5947547.809999985,4196,0,Tabasco
2022,27,W8,3312,3312,4268441.69,2763,0,Tabasco
2022,28,,2700,0,0.0,2700,148409,Tamaulipas
2022,28,W4,79561,79561,47652055.13000025,73980,0,Tamaulipas
2022,32,W4,18864,18864,11322400.679999966,14518,0,Zacatecas
2022,32,W11,944,944,1704765.7099999997,847,0,Zacatecas
2022,29,W9,904,904,1329518.7899999993,835,0,Tlaxcala
2022,10,W10,1435,1435,2346367.6599999988,1342,0,Durango
2022,10,W11,947,947,1712438.4300000002,904,0,Durango
2022,31,W10,2280,2280,3722730.749999991,2149,0,Yucatán
2022,1,W5,19785,19785,15274508.060000014,18869,0,Aguascalientes
2022,1,W14,5030,5030,12044257.77,4873,0,Aguascalientes
2022,1,W9,4428,4428,6519205.3999999985,4234,0,Aguascalientes
2022,2,W2,454290,454290,131443921.01999134,402768,0,Baja California
2022,2,W10,7877,7877,12884691.259999987,7252,0,Baja California
2022,13,W4,22259,22259,13351243.629999964,15297,0,Hidalgo
2022,14,W2,1080791,1080791,243697685.28000778,919121,0,Jalisco
2022,19,W3,327882,327882,138154169.14999956,291741,0,Nuevo León
2022,19,W12,9732,9732,19316852.89999999,9249,0,Nuevo León
2022,22,W6,24173,24173,22784239.43999996,20746,0,Querétaro
2022,23,W6,11008,11008,10375281.049999995,7840,0,Quintana Roo
2022,23,W7,7493,7493,8354041.620000003,5451,0,Quintana Roo
2022,9,W8,76034,76034,98227736.45000017,69608,0,Ciudad de México
2022,26,W7,11354,11354,12669029.460000018,9777,0,Sonora
2022,26,W13,2000,2000,4333164.99,1880,0,Sonora
2022,11,W11,4288,4288,7775272.520000012,4017,0,Guanajuato
2022,11,W10,5650,5650,9245419.399999991,5287,0,Guanajuato
2022,12,W3,17948,17948,7548515.110000005,14578,0,Guerrero
2022,12,W5,5903,5903,4559585.2399999965,5208,0,Guerrero
2022,12,W10,1189,1189,1939639.5700000003,1066,0,Guerrero
2022,17,W13,676,676,1463887.3800000004,648,0,Morelos
2022,18,W2,108150,108150,23658972.95999808,79083,0,Nayarit
2022,18,W4,12824,12824,7646564.319999997,9706,0,Nayarit
2022,18,W8,1553,1553,2006270.619999998,1252,0,Nayarit
2022,18,W3,23283,23283,9777566.190000031,15361,0,Nayarit
2022,18,W13,278,278,600787.01,226,0,Nayarit
2022,3,W1,207,207,35759.31999999998,185,0,Baja California Sur
2022,3,W6,6245,6245,5887580.67000001,4577,0,Baja California Sur
2022,3,W14,3739,3739,8956052.249999994,3181,0,Baja California Sur
2022,16,W8,5228,5228,6740186.439999999,4707,0,Michoacán de Ocampo
2022,4,W3,17485,17485,7354714.200000009,13421,0,Campeche
2022,4,W14,4542,4542,10880584.490000008,3870,0,Campeche
2022,5,W1,604,604,104413.47999999998,572,0,Coahuila de Zaragoza
2022,15,W6,48142,48142,45388000.15000004,42383,0,Estado México
2022,15,W14,29225,29225,69974098.09999998,27162,0,Estado México
2022,15,W13,6528,6528,14149490.270000003,6074,0,Estado México
2022,24,W2,232126,232126,53329960.99999666,182715,0,San Luis Potosí
2022,24,W7,9740,9740,10907116.310000002,8616,0,San Luis Potosí
2022,20,,3185,0,0.0,3185,143982,Oaxaca
2022,25,,3948,0,0.0,3948,296097,Sinaloa
2022,25,W8,4444,4444,5742497.8399999915,3871,0,Sinaloa
2022,30,W12,2720,2720,5388547.259999995,2503,0,Veracruz de Ignacio de la Llave
2022,30,W1,2118,2118,341859.4399999989,1999,0,Veracruz de Ignacio de la Llave
2022,7,,5324,0,0.0,5324,211041,Chiapas
2022,7,W9,2120,2120,3113913.6500000013,1996,0,Chiapas
2022,8,W13,3524,3524,7616991.930000008,3393,0,Chihuahua
2022,8,W4,89860,89860,53377468.86000018,82710,0,Chihuahua
2022,8,W12,4249,4249,8428473.460000003,4077,0,Chihuahua
2022,21,,3616,0,0.0,3616,431988,Puebla
2022,27,W6,8115,8115,7655186.389999998,5611,0,Tabasco
2022,28,W5,35507,35507,27338544.520000033,32403,0,Tamaulipas
2022,32,W3,30788,30788,13152773.640000008,24102,0,Zacatecas
2022,32,,480,0,0.0,480,83982,Zacatecas
2022,29,W12,233,233,462292.2400000001,217,0,Tlaxcala
2022,29,W10,617,617,1009366.9099999998,571,0,Tlaxcala
2022,10,W2,176592,176592,39040669.79999825,162380,0,Durango
2022,10,W5,8894,8894,6839758.489999987,7953,0,Durango
2022,10,W13,621,621,1348360.8100000008,594,0,Durango
2022,31,W2,247378,247378,54020624.03999354,215083,0,Yucatán
2022,2,W14,20431,20431,48917651.10000001,19522,0,Baja California
2022,14,W8,25925,25925,33442516.90000003,23157,0,Jalisco
2022,19,,765,0,0.0,765,301472,Nuevo León
2022,9,W5,198229,198229,152829344.51000023,176153,0,Ciudad de México
2022,9,W14,183662,183662,440265050.76999986,175117,0,Ciudad de México
2022,9,,4792,0,0.0,4792,1770948,Ciudad de México
2022,26,W4,52094,52094,31010311.970000017,44611,0,Sonora
2022,11,W1,1696,1696,293187.51999999897,1633,0,Guanajuato
2022,11,W4,86129,86129,51578347.110000044,77932,0,Guanajuato
2022,12,,1734,0,0.0,1734,161598,Guerrero
2022,12,W9,1195,1195,1755951.0900000003,1032,0,Guerrero
2022,17,W4,16913,16913,10106262.07999999,14738,0,Morelos
2022,17,W11,1135,1135,2056814.700000001,1060,0,Morelos
2022,18,W5,6924,6924,5316876.699999998,5602,0,Nayarit
2022,18,W9,1297,1297,1910202.8500000006,1169,0,Nayarit
2022,3,W7,4460,4460,4979293.029999991,3461,0,Baja California Sur
2022,4,W9,2186,2186,3204118.789999996,1634,0,Campeche
2022,4,W8,2837,2837,3664674.2699999996,2016,0,Campeche
2022,24,,7081,0,0.0,7081,131865,San Luis Potosí
2022,20,W1,358,358,61887.45999999998,311,0,Oaxaca
2022,30,W4,72782,72782,44259465.240000136,62571,0,Veracruz de Ignacio de la Llave
2022,6,W8,2151,2151,2772194.799999996,1754,0,Colima
2022,6,W13,522,522,1129315.0499999998,490,0,Colima
2022,7,W5,10576,10576,8146330.079999999,9519,0,Chiapas
2022,7,W10,1579,1579,2584168.209999999,1496,0,Chiapas
2022,7,W4,18009,18009,10802972.679999998,15908,0,Chiapas
2022,8,W7,18280,18280,20415184.610000003,16912,0,Chihuahua
2022,8,W9,9292,9292,13634997.309999976,8723,0,Chihuahua
2022,8,W1,1204,1204,208135.47999999928,1153,0,Chihuahua
2022,21,W11,2556,2556,4625551.189999997,2300,0,Puebla
2022,21,W13,1714,1714,3713796.319999999,1512,0,Puebla
2022,28,W3,195029,195029,80998680.62999982,180464,0,Tamaulipas
2022,29,W1,277,277,47884.99000000013,269,0,Tlaxcala
2022,10,,627,0,0.0,627,72062,Durango
2022,10,W4,17725,17725,10590433.700000012,15608,0,Durango
2022,10,W6,4970,4970,4679451.24,4467,0,Durango
2022,27,,3311,0,0.0,3311,141479,Tabasco
2022,13,W10,1470,1470,2405353.3800000004,1282,0,Hidalgo
2022,1,W10,3152,3152,5154729.06000001,3030,0,Aguascalientes
2022,2,W12,5483,5483,10864087.060000002,5223,0,Baja California
2022,13,W5,10814,10814,8294348.140000009,8299,0,Hidalgo
2022,13,W2,162284,162284,36403994.339996435,134609,0,Hidalgo
2022,13,W13,528,528,1143866.6999999997,452,0,Hidalgo
2022,13,,260,0,0.0,260,180213,Hidalgo
2022,14,W1,6019,6019,950767.6699999969,5783,0,Jalisco
2022,14,W5,102961,102961,79351179.11000012,93133,0,Jalisco
2022,19,W14,56415,56415,135216299.49,54531,0,Nuevo León
2022,22,W3,118836,118836,49946760.95999971,97013,0,Querétaro
2022,22,W4,63430,63430,37944095.39000018,53303,0,Querétaro
2022,23,W11,2293,2293,4144841.6899999995,1857,0,Quintana Roo
2022,23,W8,4650,4650,5999366.729999997,3449,0,Quintana Roo
2022,9,W13,31669,31669,68690992.68000013,29853,0,Ciudad de México
2022,26,W8,7857,7857,10133628.150000002,6971,0,Sonora
2022,11,W9,8594,8594,12612353.810000015,8003,0,Guanajuato
2022,11,,791,0,0.0,791,251618,Guanajuato
2022,12,W4,9650,9650,5749854.22000001,8342,0,Guerrero
2022,12,W11,707,707,1275557.2100000004,631,0,Guerrero
2022,17,W1,851,851,147112.3700000001,812,0,Morelos
2022,17,W8,2729,2729,3521818.2399999993,2349,0,Morelos
2022,17,,3695,0,0.0,3695,99397,Morelos
2022,18,W11,552,552,998020.2099999995,447,0,Nayarit
2022,16,W10,2742,2742,4487185.239999998,2571,0,Michoacán de Ocampo
2022,15,W8,22401,22401,28935407.60000001,20034,0,Estado México
2022,24,W12,2012,2012,3990655.999999998,1815,0,San Luis Potosí
2022,20,W3,23769,23769,10076487.290000018,19928,0,Oaxaca
2022,25,W12,1213,1213,2402600.0600000005,1114,0,Sinaloa
2022,25,W13,1193,1193,2590229.999999999,1120,0,Sinaloa
2022,30,W14,8683,8683,20758053.73000001,8033,0,Veracruz de Ignacio de la Llave
2022,30,,27103,0,0.0,27103,441996,Veracruz de Ignacio de la Llave
2022,6,W6,4133,4133,3917426.57,3484,0,Colima
2022,29,,143,0,0.0,143,76063,Tlaxcala
2022,7,W2,147850,147850,32371969.82999689,126567,0,Chiapas
2022,7,W3,30411,30411,12780632.250000037,27227,0,Chiapas
2022,8,W2,473740,473740,122079986.56999058,433124,0,Chihuahua
2022,8,W10,7518,7518,12300954.66999999,6953,0,Chihuahua
2022,21,W2,407260,407260,89865029.37999293,354993,0,Puebla
2022,21,W6,16432,16432,15494638.429999977,14591,0,Puebla
2022,27,W12,1027,1027,2036485.7999999982,942,0,Tabasco
2022,28,W9,6099,6099,8951729.220000012,5748,0,Tamaulipas
2022,28,W14,8379,8379,20053848.95999999,7949,0,Tamaulipas
2022,32,W2,112675,112675,25805074.719997644,98043,0,Zacatecas
2022,32,W5,9761,9761,7512490.149999986,8125,0,Zacatecas
2022,32,W10,1513,1513,2480555.8000000003,1423,0,Zacatecas
2022,32,W12,526,526,1042598.7100000008,451,0,Zacatecas
2022,32,W14,1484,1484,3552072.7,1349,0,Zacatecas
2022,31,W6,7452,7452,7004416.869999997,6084,0,Yucatán
2022,31,W4,65295,65295,37351815.60999994,62112,0,Yucatán
2022,31,W13,834,834,1810545.9400000018,787,0,Yucatán
2022,2,W7,19445,19445,21700620.359999985,17915,0,Baja California
2022,13,W7,4036,4036,4508743.399999998,3413,0,Hidalgo
2022,14,,14901,0,0.0,14901,513610,Jalisco
2022,14,W11,10888,10888,19720305.579999987,10197,0,Jalisco
2022,14,W12,8449,8449,16765317.399999985,7901,0,Jalisco
2022,19,W4,188717,188717,112867947.56000033,172564,0,Nuevo León
2022,19,W5,102497,102497,78938000.40000008,92523,0,Nuevo León
2022,22,W8,11775,11775,15188449.07999999,10127,0,Querétaro
2022,22,W1,947,947,163675.8499999998,867,0,Querétaro
2022,23,W12,1476,1476,2923090.1999999993,1196,0,Quintana Roo
2022,9,W3,480233,480233,202898151.7599995,415525,0,Ciudad de México
2022,9,W6,138996,138996,131212837.13999999,124732,0,Ciudad de México
2022,26,W9,5947,5947,8721545.09999999,5426,0,Sonora
2022,26,W14,13171,13171,31578571.450000003,12796,0,Sonora
2022,12,W14,1570,1570,3763276.4,1485,0,Guerrero
2022,17,W5,9837,9837,7613996.439999985,8241,0,Morelos
2022,18,W6,3818,3818,3609632.0799999996,3102,0,Nayarit
2022,18,W12,324,324,640487.3600000006,269,0,Nayarit
2022,3,W5,10391,10391,8018176.369999999,7493,0,Baja California Sur
2022,16,W6,9493,9493,8968269.920000007,8371,0,Michoacán de Ocampo
2022,16,W9,3953,3953,5809916.410000001,3642,0,Michoacán de Ocampo
2022,5,W6,29164,29164,27519977.129999988,25842,0,Coahuila de Zaragoza
2022,5,W12,3423,3423,6790518.540000003,3212,0,Coahuila de Zaragoza
2022,24,W11,2622,2622,4745909.159999998,2310,0,San Luis Potosí
2022,20,W10,1307,1307,2138423.319999999,1216,0,Oaxaca
2022,20,W8,2217,2217,2866704.679999995,1945,0,Oaxaca
2022,25,W6,10235,10235,9638926.450000014,9065,0,Sinaloa
2022,25,W4,42294,42294,25402294.9699999,37322,0,Sinaloa
2022,25,W5,18772,18772,14409324.429999985,16641,0,Sinaloa
2022,25,W7,6531,6531,7298002.860000011,5849,0,Sinaloa
2022,30,W6,29017,29017,27275581.00000002,24939,0,Veracruz de Ignacio de la Llave
2022,30,W9,8376,8376,12307431.66,7599,0,Veracruz de Ignacio de la Llave
2022,30,W10,5787,5787,9491717.659999985,5330,0,Veracruz de Ignacio de la Llave
2022,6,W12,487,487,965258.6700000006,447,0,Colima
2022,8,W6,28312,28312,26745574.409999996,26098,0,Chihuahua
2022,27,W3,31518,31518,13282484.210000047,21261,0,Tabasco
2022,27,W10,1815,1815,2975401.19,1665,0,Tabasco
2022,28,W12,2380,2380,4725737.009999998,2261,0,Tamaulipas
2022,28,W6,20026,20026,18859792.069999974,18370,0,Tamaulipas
2022,28,W11,3228,3228,5838649.529999999,3055,0,Tamaulipas
2022,32,W9,2162,2162,3167724.730000003,1938,0,Zacatecas
2022,29,W8,1130,1130,1462484.0899999996,985,0,Tlaxcala
2022,10,W7,3188,3188,3563689.289999998,2885,0,Durango
2022,31,,825,0,0.0,825,103871,Yucatán
2022,31,W7,4726,4726,5274644.210000005,3800,0,Yucatán
2022,1,W1,1644,1644,273928.569999999,1627,0,Aguascalientes
2022,1,W13,1292,1292,2794338.3099999945,1254,0,Aguascalientes
2022,1,W11,1789,1789,3239611.9999999953,1709,0,Aguascalientes
2022,14,W7,38195,38195,42703940.10000002,34578,0,Jalisco
2022,19,W7,40774,40774,45531136.22999994,37758,0,Nuevo León
2022,5,W2,439027,439027,103525085.73999354,392650,0,Coahuila de Zaragoza
2022,19,W1,2093,2093,360497.1999999999,2019,0,Nuevo León
2022,22,W11,5375,5375,9739442.160000008,4890,0,Querétaro
2022,22,W14,17553,17553,42033253.09000001,16222,0,Querétaro
2022,22,W13,3612,3612,7829095.380000003,3326,0,Querétaro
2022,23,W14,6303,6303,15100846.940000001,5148,0,Quintana Roo
2022,9,W1,4258,4258,734341.339999998,3716,0,Ciudad de México
2022,26,W3,117937,117937,49092888.77000018,104287,0,Sonora
2022,26,W10,4395,4395,7179294.189999992,4089,0,Sonora
2022,11,W8,10661,10661,13770054.410000002,9716,0,Guanajuato
2022,11,W12,3114,3114,6171840.739999995,2902,0,Guanajuato
2022,17,W9,2173,2173,3187969.5000000023,1950,0,Morelos
2022,17,W6,6135,6135,5762144.239999998,5448,0,Morelos
2022,3,,376,0,0.0,376,54195,Baja California Sur
2022,3,W12,1069,1069,2108006.74,911,0,Baja California Sur
2022,3,W11,1475,1475,2677207.7199999993,1189,0,Baja California Sur
2022,16,W2,298589,298589,64803155.91999158,240957,0,Michoacán de Ocampo
2022,16,W11,1469,1469,2657392.5299999993,1363,0,Michoacán de Ocampo
2022,16,W13,957,957,2077000.92,908,0,Michoacán de Ocampo
2022,16,W1,1366,1366,236140.41999999926,1098,0,Michoacán de Ocampo
2022,4,,823,0,0.0,823,63195,Campeche
2022,4,W11,1178,1178,2129525.0500000007,922,0,Campeche
2022,4,W12,948,948,1881682.1899999995,792,0,Campeche
2022,15,W12,6710,6710,13315584.629999999,6198,0,Estado México
2022,15,W7,30776,30776,34394554.37000002,27271,0,Estado México
2022,24,W14,7612,7612,18218974.330000006,7066,0,San Luis Potosí
2022,25,W9,3668,3668,5395491.869999995,3361,0,Sinaloa
2022,6,W7,2809,2809,3132384.529999993,2254,0,Colima
2022,6,W1,318,318,54972.66000000005,290,0,Colima
2022,6,W3,20195,20195,8445611.650000025,15582,0,Colima
2022,6,W4,12854,12854,7706168.189999993,10446,0,Colima
2022,6,W10,908,908,1488178.1900000004,826,0,Colima
2022,7,W12,714,714,1417158.8799999987,678,0,Chiapas
2022,21,W3,85176,85176,35665807.98000004,74182,0,Puebla
2022,21,W9,5198,5198,7635008.810000006,4682,0,Puebla
2022,27,W2,134014,134014,29195949.80999797,106996,0,Tabasco
2022,27,W1,239,239,41315.930000000044,190,0,Tabasco
2022,28,W8,8278,8278,10686534.239999995,7526,0,Tamaulipas
2022,32,W7,4933,4933,5534825.350000002,4391,0,Zacatecas
2022,29,W14,825,825,1974125.1300000001,736,0,Tlaxcala
2022,29,W13,206,206,448708.1300000001,180,0,Tlaxcala
2022,31,W5,13059,13059,10086427.640000029,10699,0,Yucatán
2022,31,W11,1361,1361,2456937.2499999953,1299,0,Yucatán
2022,31,W9,2224,2224,3258318.4500000053,1989,0,Yucatán
2022,1,W3,57165,57165,24179775.040000007,53155,0,Aguascalientes
2022,1,W6,13471,13471,12652879.749999976,12984,0,Aguascalientes
2022,2,,1797,0,0.0,1797,156692,Baja California
2022,2,W6,30994,30994,29247711.94000002,28006,0,Baja California
2022,13,W12,590,590,1169550.0899999987,530,0,Hidalgo
2022,19,W9,21671,21671,31750486.990000002,20355,0,Nuevo León
2022,19,W6,61432,61432,57969566.420000084,56505,0,Nuevo León
2022,19,W8,29341,29341,37896906.63000001,27009,0,Nuevo León
2022,5,W3,157505,157505,66020788.79999994,141631,0,Coahuila de Zaragoza
2022,22,W2,337121,337121,78239544.31999683,271078,0,Querétaro
2022,22,W9,8851,8851,12986522.59999999,7873,0,Querétaro
2022,23,W4,36380,36380,21628868.819999974,23799,0,Quintana Roo
2022,23,W9,3172,3172,4641177.75,2327,0,Quintana Roo
2022,9,W2,1666919,1666919,371719022.10999566,1456972,0,Ciudad de México
2022,26,,1601,0,0.0,1601,201548,Sonora
2022,26,W2,380924,380924,90405013.02999188,324455,0,Sonora
2022,26,W6,16292,16292,15394800.819999991,13841,0,Sonora
2022,11,W3,171244,171244,71790869.1499999,150426,0,Guanajuato
2022,11,W5,44599,44599,34305615.67000003,40228,0,Guanajuato
2022,12,W7,2396,2396,2670647.509999999,1902,0,Guerrero
2022,12,W8,1694,1694,2189378.3499999996,1385,0,Guerrero
2022,17,W10,1511,1511,2475716.099999998,1430,0,Morelos
2022,17,W12,829,829,1646657.8900000001,781,0,Morelos
2022,17,W14,2334,2334,5584148.139999999,2170,0,Morelos
2022,3,W8,3261,3261,4216368.0200000005,2375,0,Baja California Sur
2022,3,W9,2268,2268,3323159.720000001,1746,0,Baja California Sur
2022,4,W10,1705,1705,2788058.089999999,1317,0,Campeche
2022,4,W6,5507,5507,5232981.81,3797,0,Campeche
2022,15,W3,275832,275832,115457104.99999931,232699,0,Estado México
2022,15,W4,146986,146986,87843039.19000004,127127,0,Estado México
2022,24,W3,82248,82248,34683834.59999999,67932,0,San Luis Potosí
2022,24,W4,42190,42190,25056832.339999914,36721,0,San Luis Potosí
2022,24,W10,3770,3770,6159483.810000002,3446,0,San Luis Potosí
2022,24,W6,14608,14608,13756336.879999999,12926,0,San Luis Potosí
2022,24,W13,1790,1790,3876209.500000003,1641,0,San Luis Potosí
2022,20,W2,151058,151058,32804948.139997657,131268,0,Oaxaca
2022,20,W9,1563,1563,2298023.2299999995,1458,0,Oaxaca
2022,25,W10,2489,2489,4075348.3099999996,2308,0,Sinaloa
2022,30,W5,46525,46525,35828153.0400001,39544,0,Veracruz de Ignacio de la Llave
2022,6,W5,8136,8136,6247697.22,6526,0,Colima
2022,29,W4,7449,7449,4426539.709999998,6267,0,Tlaxcala
2022,7,W6,6324,6324,5947773.559999987,5773,0,Chiapas
2022,7,W8,2739,2739,3550771.440000008,2485,0,Chiapas
2022,7,W11,993,993,1792814.530000001,951,0,Chiapas
2022,8,W11,5722,5722,10381209.350000009,5474,0,Chihuahua
2022,8,W14,14040,14040,33595110.30999999,13561,0,Chihuahua
2022,21,W8,6845,6845,8826738.929999994,6019,0,Puebla
2022,27,W4,18989,18989,11460627.049999967,11636,0,Tabasco
2022,27,W11,1329,1329,2403981.6600000006,1231,0,Tabasco
2022,27,W14,3756,3756,8993920.959999995,3479,0,Tabasco
2022,28,W2,320350,320350,83732100.9499919,283212,0,Tamaulipas
2022,28,W10,4920,4920,8050289.149999993,4692,0,Tamaulipas
2022,28,W7,12436,12436,13901464.06000003,11393,0,Tamaulipas
2022,28,W13,2096,2096,4543133.16,1962,0,Tamaulipas
2022,10,W1,475,475,82113.25000000023,456,0,Durango
2022,10,W12,688,688,1362457.2700000007,652,0,Durango
2022,31,W14,3336,3336,7984647.550000001,3169,0,Yucatán
2022,31,W8,3314,3314,4271929.27,2777,0,Yucatán
2022,31,W12,835,835,1656904.8599999999,787,0,Yucatán
2022,9,W12,30138,30138,59857419.389999986,28318,0,Ciudad de México
2022,1,,771,0,0.0,771,107741,Aguascalientes
2022,1,W4,32795,32795,19638392.780000016,31212,0,Aguascalientes
2022,1,W7,8362,8362,9327533.299999991,8091,0,Aguascalientes
2022,2,W4,106183,106183,62870565.06999999,96992,0,Baja California
2022,13,W9,2189,2189,3218507.1200000043,1923,0,Hidalgo
2022,13,W8,2704,2704,3492111.799999999,2248,0,Hidalgo
2022,14,W3,308530,308530,129899022.02999967,266930,0,Jalisco
2022,14,W10,15348,15348,25114927.149999984,14343,0,Jalisco
2022,22,W7,16500,16500,18427794.60999995,14396,0,Querétaro
2022,22,W10,6898,6898,11297175.770000003,6219,0,Querétaro
2022,22,W12,4563,4563,9068975.829999989,4179,0,Querétaro
2022,23,,1557,0,0.0,1557,86845,Quintana Roo
2022,23,W3,73136,73136,30762855.239999995,47431,0,Quintana Roo
2022,23,W10,2508,2508,4105234.860000003,1960,0,Quintana Roo
2022,23,W13,1252,1252,2720033.7799999993,1031,0,Quintana Roo
2022,9,W11,37441,37441,67803956.41,34949,0,Ciudad de México
2022,9,W10,48985,48985,80158568.34000006,45623,0,Ciudad de México
2022,9,W7,99680,99680,111364285.85999982,90564,0,Ciudad de México
2022,11,W7,16391,16391,18322558.41,14937,0,Guanajuato
2022,12,W12,399,399,790894.1300000001,344,0,Guerrero
2022,3,W4,16496,16496,9829691.509999989,11568,0,Baja California Sur
2022,3,W10,1683,1683,2754892.109999998,1272,0,Baja California Sur
2022,3,W13,878,878,1896206.8199999991,755,0,Baja California Sur
2022,16,W5,18691,18691,14360796.46000002,16832,0,Michoacán de Ocampo
2022,16,W7,7119,7119,7959488.849999996,6371,0,Michoacán de Ocampo
2022,16,,6322,0,0.0,6322,229943,Michoacán de Ocampo
2022,4,W7,3856,3856,4318128.510000002,2792,0,Campeche
2022,5,W5,45266,45266,34837085.999999985,40387,0,Coahuila de Zaragoza
2022,5,W14,12580,12580,30119622.979999993,11909,0,Coahuila de Zaragoza
2022,15,,896,0,0.0,896,837479,Estado México
2022,15,W9,17451,17451,25638066.890000008,15910,0,Estado México
2022,15,W1,2909,2909,502878.8299999988,2042,0,Estado México
2022,20,W5,8848,8848,6855332.639999992,7601,0,Oaxaca
2022,20,W6,6653,6653,6279241.209999999,5922,0,Oaxaca
2022,20,W14,1368,1368,3275518.0799999996,1338,0,Oaxaca
2022,25,W3,71502,71502,30048432.310000077,61706,0,Sinaloa
2022,30,W11,3978,3978,7191788.760000002,3614,0,Veracruz de Ignacio de la Llave
2022,6,W14,1403,1403,3352022.170000001,1319,0,Colima
2022,6,W9,1382,1382,2027989.5299999993,1201,0,Colima
2022,29,W5,3797,3797,2927659.5799999936,3315,0,Tlaxcala
2022,7,W7,4115,4115,4586953.849999997,3687,0,Chiapas
2022,8,,4940,0,0.0,4940,180614,Chihuahua
2022,21,W12,1893,1893,3758779.600000001,1706,0,Puebla
2022,27,W5,12963,12963,10018645.009999996,7843,0,Tabasco
2022,27,W9,2317,2317,3395284.080000005,2007,0,Tabasco
2022,28,W1,479,479,82742.39000000006,463,0,Tamaulipas
2022,32,W6,6562,6562,6164290.240000007,5207,0,Zacatecas
2022,32,W1,372,372,64307.64000000021,292,0,Zacatecas
2022,29,W11,376,376,679259.3999999998,347,0,Tlaxcala
2022,1,W12,1603,1603,3183635.5000000005,1554,0,Aguascalientes
2022,2,W9,9876,9876,14479270.020000003,9145,0,Baja California
2022,13,W6,6539,6539,6160686.979999996,5422,0,Hidalgo
2022,13,W11,943,943,1705743.7999999989,825,0,Hidalgo
2022,13,W1,1591,1591,275036.169999999,1499,0,Hidalgo
2022,14,W13,8265,8265,17925685.920000006,7793,0,Jalisco
2022,14,W9,20343,20343,29857447.63999999,18834,0,Jalisco
2022,5,W4,83523,83523,49863751.42000016,75124,0,Coahuila de Zaragoza
2022,19,W10,17913,17913,29305629.92999999,16958,0,Nuevo León
2022,23,W2,298882,298882,66648201.94999805,205847,0,Quintana Roo
2022,23,W1,366,366,63270.419999999925,347,0,Quintana Roo
2022,17,W3,32561,32561,13697383.900000019,28380,0,Morelos
2022,18,,4571,0,0.0,4571,57664,Nayarit
2022,16,W3,66791,66791,28619887.240000065,57005,0,Michoacán de Ocampo
2022,4,W2,72074,72074,15963182.939999271,59982,0,Campeche
2022,4,W1,68,68,11755.160000000013,46,0,Campeche
2022,4,W5,7143,7143,5527145.029999998,5084,0,Campeche
2022,5,,636,0,0.0,636,131037,Coahuila de Zaragoza
2022,5,W10,6878,6878,11250517.58,6411,0,Coahuila de Zaragoza
2022,15,W2,1022000,1022000,231704575.52998382,853298,0,Estado México
2022,15,W11,9165,9165,16578786.779999997,8483,0,Estado México
2022,15,W5,79553,79553,61249651.95000002,69886,0,Estado México
2022,15,W10,12714,12714,20806640.870000005,11694,0,Estado México
2022,24,W1,489,489,84533.43000000011,429,0,San Luis Potosí
2022,20,W4,12967,12967,7777718.609999983,10780,0,Oaxaca
2022,20,W13,312,312,677544.1100000003,299,0,Oaxaca
2022,25,W2,392998,392998,85426754.47999364,338179,0,Sinaloa
2022,25,W14,4289,4289,10267397.670000006,3928,0,Sinaloa
2022,26,W1,1175,1175,203122.24999999985,1101,0,Sonora
2022,30,W2,406583,406583,89111928.43998916,339550,0,Veracruz de Ignacio de la Llave
2022,6,,1689,0,0.0,1689,46833,Colima
2022,6,W11,607,607,1100532.94,553,0,Colima
2022,29,W2,72464,72464,16477323.089999337,55519,0,Tlaxcala
2022,7,W1,4822,4822,715043.3199999994,4787,0,Chiapas
2022,7,W13,633,633,1365882.7699999996,612,0,Chiapas
2022,8,W5,45994,45994,35459063.46000004,41604,0,Chihuahua
2022,21,W5,25700,25700,19943781.449999973,21846,0,Puebla
2022,27,W13,896,896,1950651.2300000007,747,0,Tabasco
2022,32,W13,534,534,1156706.6099999999,500,0,Zacatecas
2022,32,W8,3162,3162,4084323.8300000005,2879,0,Zacatecas
2022,29,W7,1325,1325,1481786.9300000013,1174,0,Tlaxcala
2022,31,W1,630,630,108908.09999999993,592,0,Yucatán
2022,2,W8,13392,13392,17311493.259999983,12401,0,Baja California
2022,2,W13,4753,4753,10289557.36000001,4503,0,Baja California
2022,2,W11,6433,6433,11673377.339999996,6096,0,Baja California
2022,13,W3,38885,38885,16226034.440000042,29352,0,Hidalgo
2022,19,W2,889426,889426,206421750.78998715,797785,0,Nuevo León
2022,19,W11,13022,13022,23578445.62,12358,0,Nuevo León
2022,22,W5,40564,40564,31294883.23999998,34067,0,Querétaro
2022,22,,1007,0,0.0,1007,135864,Querétaro
2022,9,W4,303012,303012,181101744.83000022,264096,0,Ciudad de México
2022,9,W9,63409,63409,92997583.95999992,58657,0,Ciudad de México
2022,26,W5,29229,29229,22552313.109999973,24804,0,Sonora
2022,26,W11,2894,2894,5240357.130000004,2728,0,Sonora
2022,11,W2,653369,653369,147309306.4099903,563778,0,Guanajuato
2022,11,W6,26610,26610,25075676.470000047,24134,0,Guanajuato
2022,12,W2,101104,101104,21929378.33999965,81498,0,Guerrero
2022,17,W7,4217,4217,4722398.9300000025,3776,0,Morelos
2022,17,W2,126417,126417,28017952.149998337,108493,0,Morelos
2022,18,W7,2258,2258,2520620.0100000007,1857,0,Nayarit
2022,18,W10,822,822,1343972.1799999988,695,0,Nayarit
2022,18,W1,1133,1133,195815.59999999948,903,0,Nayarit
2022,18,W14,1077,1077,2577412.9600000014,864,0,Nayarit
2022,16,W12,1043,1043,2073427.99,950,0,Michoacán de Ocampo
2022,5,W9,9465,9465,13893898.339999985,8748,0,Coahuila de Zaragoza
2022,5,W8,12825,12825,16559367.47999999,11547,0,Coahuila de Zaragoza
2022,5,W13,3229,3229,7001016.7599999895,3076,0,Coahuila de Zaragoza
2022,24,W5,41713,41713,32792535.830000017,39114,0,San Luis Potosí
2022,24,W8,7314,7314,9439055.959999999,6429,0,San Luis Potosí
2022,20,W7,3763,3763,4179346.4200000037,3265,0,Oaxaca
2022,20,W11,739,739,1332828.289999999,693,0,Oaxaca
2022,20,W12,416,416,826039.3199999996,385,0,Oaxaca
2022,25,W1,1847,1847,319290.8899999982,1798,0,Sinaloa
2022,25,W11,1579,1579,2855412.499999998,1440,0,Sinaloa
2022,30,W7,16738,16738,18708052.46000002,14653,0,Veracruz de Ignacio de la Llave
2022,30,W8,11503,11503,14835519.149999997,10097,0,Veracruz de Ignacio de la Llave
2022,30,W13,2459,2459,5324411.749999999,2249,0,Veracruz de Ignacio de la Llave
2022,30,W3,94598,94598,39767655.09999975,79258,0,Veracruz de Ignacio de la Llave
2022,6,W2,86028,86028,18770518.829999004,72027,0,Colima
2022,29,W3,18222,18222,7559913.30000001,14057,0,Tlaxcala
2022,29,W6,2452,2452,2321047.5999999964,2181,0,Tlaxcala
2022,7,W14,1735,1735,4147160.6600000006,1661,0,Chiapas
2022,8,W8,12623,12623,16291101.639999995,11714,0,Chihuahua
2022,21,W4,42674,42674,25526953.369999945,37216,0,Puebla
2022,21,W7,9933,9933,11096346.240000004,8811,0,Puebla
2022,21,W14,11349,11349,27219628.78,10431,0,Puebla
2022,21,W10,4034,4034,6603963.219999999,3712,0,Puebla
2022,10,W3,34657,34657,14480498.469999962,30379,0,Durango
2022,10,W14,2409,2409,5764748.07,2338,0,Durango
2022,10,W8,2253,2253,2907062.939999999,2004,0,Durango
2022,10,W9,2014,2014,2967227.2600000002,1819,0,Durango
2022,31,W3,52357,52357,22371464.11000004,45589,0,Yucatán
2024,1,W3,60561,60561,36870963.55999991,56376,0,Aguascalientes
2024,2,W10,6715,6715,15822516.410000004,6319,0,Baja California
2024,13,W9,1179,1179,2484099.240000001,1016,0,Hidalgo
2024,19,W2,1102232,1102232,362460958.34002364,995120,0,Nuevo León
2024,19,W5,88509,88509,97990769.81000014,81592,0,Nuevo León
2024,9,W3,504946,504946,307485323.20999885,423178,0,Ciudad de México
2024,9,,3472,0,0.0,3472,1475457,Ciudad de México
2024,15,W4,116357,116357,99631667.52000025,100643,0,Estado México
2024,15,W8,17187,17187,31887605.009999987,15715,0,Estado México
2024,20,W3,27472,27472,16871679.150000047,21687,0,Oaxaca
2024,20,W9,730,730,1539968.4199999988,646,0,Oaxaca
2024,20,,3473,0,0.0,3473,159712,Oaxaca
2024,11,W8,8566,8566,15889865.359999992,7979,0,Guanajuato
2024,29,W6,1763,1763,2409207.8699999987,1546,0,Tlaxcala
2024,29,W1,2143,2143,533456.9899999998,2135,0,Tlaxcala
2024,4,W3,19093,19093,11482317.650000012,15576,0,Campeche
2024,4,W8,2163,2163,4021327.8300000005,1657,0,Campeche
2024,4,W6,4740,4740,6466269.469999996,3513,0,Campeche
2024,17,W8,2070,2070,3843642.5399999972,1951,0,Morelos
2024,17,W5,7141,7141,7907611.460000006,6316,0,Morelos
2024,17,,4600,0,0.0,4600,108921,Morelos
2024,18,W10,385,385,908113.4199999998,307,0,Nayarit
2024,24,W2,285702,285702,93795333.42000219,228283,0,San Luis Potosí
2024,24,W3,80522,80522,48954178.579999655,67452,0,San Luis Potosí
2024,25,W9,2083,2083,4387038.28,1936,0,Sinaloa
2024,6,W2,101160,101160,31385457.55999825,85172,0,Colima
2024,6,W6,3473,3473,4724721.520000001,2845,0,Colima
2024,23,W4,35153,35153,30141582.74999991,22022,0,Quintana Roo
2024,23,W3,83678,83678,50280582.91999987,50260,0,Quintana Roo
2024,23,W10,1792,1792,4224523.109999998,1385,0,Quintana Roo
2024,31,W5,10443,10443,11525675.059999995,9056,0,Yucatán
2024,31,W1,3845,3845,957135.8499999965,3829,0,Yucatán
2024,31,W7,3640,3640,5854289.480000011,3230,0,Yucatán
2024,32,,301,0,0.0,301,93727,Zacatecas
2024,7,W3,32772,32772,19948129.279999945,28445,0,Chiapas
2024,8,W8,9839,9839,18300837.529999994,9311,0,Chihuahua
2024,27,W11,4614,4614,12435711.949999996,4271,0,Tabasco
2024,28,W10,2961,2961,6975663.920000001,2814,0,Tamaulipas
2024,10,W4,12318,12318,10511627.50999999,10867,0,Durango
2024,10,W1,2521,2521,627552.5299999974,2497,0,Durango
2024,10,W9,1030,1030,2169186.4400000004,965,0,Durango
2024,1,W5,13336,13336,14779513.380000005,12677,0,Aguascalientes
2024,1,W8,3523,3523,6553309.040000004,3332,0,Aguascalientes
2024,12,,553,0,0.0,553,164513,Guerrero
2024,14,W3,312663,312663,189815321.0099996,273717,0,Jalisco
2024,14,W9,13666,13666,28837981.049999982,12741,0,Jalisco
2024,14,W11,44955,44955,121015727.64999995,42710,0,Jalisco
2024,19,W9,17619,17619,37138840.00999995,16683,0,Nuevo León
2024,9,W9,46853,46853,98835712.2499998,43657,0,Ciudad de México
2024,9,W8,66522,66522,123634249.55000022,61425,0,Ciudad de México
2024,9,W11,204225,204225,550852746.8499998,194648,0,Ciudad de México
2024,26,W8,6350,6350,11858106.02000001,5718,0,Sonora
2024,15,W3,272360,272360,164809066.67999995,233563,0,Estado México
2024,21,W8,5586,5586,10383391.79,5050,0,Puebla
2024,3,W2,146853,146853,46956885.22999934,103278,0,Baja California Sur
2024,3,W7,3688,3688,5924938.740000001,2533,0,Baja California Sur
2024,3,W8,2309,2309,4304318.8100000005,1737,0,Baja California Sur
2024,11,W10,3719,3719,8770913.220000004,3468,0,Guanajuato
2024,29,W8,869,869,1615527.1299999994,783,0,Tlaxcala
2024,29,W9,412,412,867659.8899999998,359,0,Tlaxcala
2024,5,W6,22348,22348,30406345.470000036,19524,0,Coahuila de Zaragoza
2024,18,W7,1978,1978,3213842.2900000014,1689,0,Nayarit
2024,31,W9,1538,1538,3226783.8999999966,1463,0,Yucatán
2024,32,W5,8283,8283,9090699.049999995,6938,0,Zacatecas
2024,32,W1,1796,1796,447078.27999999723,1714,0,Zacatecas
2024,7,W9,1393,1393,2945919.6599999997,1315,0,Chiapas
2024,7,W5,8729,8729,9627707.060000002,7684,0,Chiapas
2024,8,W3,238750,238750,142091013.38999987,219740,0,Chihuahua
2024,8,W9,6979,6979,14714634.040000014,6686,0,Chihuahua
2024,27,W1,1050,1050,261376.49999999907,1019,0,Tabasco
2024,27,W4,12566,12566,10763805.400000013,9743,0,Tabasco
2024,27,W5,6782,6782,7486711.149999997,5543,0,Tabasco
2024,22,W6,20320,20320,27691544.629999995,17513,0,Querétaro
2024,10,W11,2393,2393,6434137.140000002,2308,0,Durango
2024,10,W8,1924,1924,3579067.409999998,1760,0,Durango
2024,2,W6,23806,23806,32335369.61000003,21004,0,Baja California
2024,12,W2,115059,115059,35509034.30999943,91427,0,Guerrero
2024,13,,141,0,0.0,141,220212,Hidalgo
2024,13,W3,36040,36040,22110314.97000005,25775,0,Hidalgo
2024,13,W6,5345,5345,7277187.1399999885,4025,0,Hidalgo
2024,26,W3,107460,107460,64119754.66999996,94345,0,Sonora
2024,26,W5,22516,22516,24963640.990000065,19266,0,Sonora
2024,21,W4,35979,35979,31137464.889999904,30025,0,Puebla
2024,21,W11,12233,12233,32986046.54999999,11017,0,Puebla
2024,21,W1,5998,5998,1488990.140000001,5930,0,Puebla
2024,11,W2,770761,770761,246023871.0800155,669906,0,Guanajuato
2024,11,W9,5065,5065,10685181.870000003,4697,0,Guanajuato
2024,29,W4,6125,6125,5231674.839999996,5283,0,Tlaxcala
2024,29,W7,1282,1282,2075282.2999999986,1167,0,Tlaxcala
2024,30,,23629,0,0.0,23629,448897,Veracruz de Ignacio de la Llave
2024,30,W1,8883,8883,2164296.950000005,8750,0,Veracruz de Ignacio de la Llave
2024,4,W1,458,458,114009.93999999938,449,0,Campeche
2024,4,W4,9070,9070,7867537.200000006,6803,0,Campeche
2024,18,W4,9870,9870,8412615.409999995,7457,0,Nayarit
2024,24,,5552,0,0.0,5552,142092,San Luis Potosí
2024,24,W11,9267,9267,24937753.120000005,8512,0,San Luis Potosí
2024,25,,2146,0,0.0,2146,293834,Sinaloa
2024,23,W11,7342,7342,19783190.919999998,5768,0,Quintana Roo
2024,32,W8,2105,2105,3906782.46,1865,0,Zacatecas
2024,32,W10,1721,1721,4043366.370000002,1681,0,Zacatecas
2024,7,,5291,0,0.0,5291,250194,Chiapas
2024,7,W1,8260,8260,1832586.959999996,8222,0,Chiapas
2024,8,W11,15983,15983,42991405.31000001,15396,0,Chihuahua
2024,27,W8,2411,2411,4501084.239999998,2115,0,Tabasco
2024,22,W2,417946,417946,137221834.0600071,337337,0,Querétaro
2024,22,W5,32715,32715,36234614.470000036,27904,0,Querétaro
2024,28,W8,6773,6773,12593332.620000001,6337,0,Tamaulipas
2024,1,W10,1366,1366,3226100.8099999987,1313,0,Aguascalientes
2024,2,W7,15433,15433,24871524.13000006,13807,0,Baja California
2024,12,W6,3152,3152,4285243.100000004,2516,0,Guerrero
2024,12,W5,5292,5292,5854238.920000002,4335,0,Guerrero
2024,12,W10,478,478,1126296.4200000004,407,0,Guerrero
2024,13,W4,19656,19656,16838693.98000002,12915,0,Hidalgo
2024,13,W11,2283,2283,6137351.48,2013,0,Hidalgo
2024,14,W2,1286975,1286975,411442329.4500313,1101405,0,Jalisco
2024,14,W6,44503,44503,60500989.530000046,39765,0,Jalisco
2024,19,W11,62088,62088,167328519.87000003,59695,0,Nuevo León
2024,19,W1,13102,13102,3261480.8599999975,12996,0,Nuevo León
2024,19,W8,26058,26058,48394892.85999998,24666,0,Nuevo León
2024,26,W4,42745,42745,36582679.47000012,37018,0,Sonora
2024,26,W9,4537,4537,9547380.270000007,4178,0,Sonora
2024,5,W2,518479,518479,174713145.46001396,467012,0,Coahuila de Zaragoza
2024,20,W7,2410,2410,3892779.750000002,2005,0,Oaxaca
2024,20,W11,1372,1372,3686634.960000001,1272,0,Oaxaca
2024,21,W7,7948,7948,12828703.380000005,7057,0,Puebla
2024,3,,235,0,0.0,235,54761,Baja California Sur
2024,30,W2,473339,473339,148664049.5300225,396777,0,Veracruz de Ignacio de la Llave
2024,30,W5,32511,32511,36014331.01000004,27109,0,Veracruz de Ignacio de la Llave
2024,30,W4,72263,72263,61509734.48000009,61468,0,Veracruz de Ignacio de la Llave
2024,30,W3,106459,106459,65626262.99999966,89739,0,Veracruz de Ignacio de la Llave
2024,4,W9,1752,1752,3682293.3499999996,1445,0,Campeche
2024,4,W10,1159,1159,2732550.2599999993,939,0,Campeche
2024,5,W9,6287,6287,13244203.15,5904,0,Coahuila de Zaragoza
2024,17,W9,1202,1202,2532408.1999999993,1125,0,Morelos
2024,17,W3,29034,29034,17584155.26999999,25237,0,Morelos
2024,17,W7,2936,2936,4747959.710000006,2686,0,Morelos
2024,18,W6,2580,2580,3509579.650000004,2082,0,Nayarit
2024,18,W8,1180,1180,2182431.0699999984,975,0,Nayarit
2024,24,W4,48380,48380,40679992.11999993,44018,0,San Luis Potosí
2024,25,W11,5031,5031,13532336.910000004,4606,0,Sinaloa
2024,25,W6,7706,7706,10478525.15000001,6841,0,Sinaloa
2024,25,W7,5099,5099,8248965.559999987,4638,0,Sinaloa
2024,25,W1,10708,10708,2665542.440000001,10609,0,Sinaloa
2024,6,,1342,0,0.0,1342,58627,Colima
2024,6,W5,7073,7073,7765663.790000006,5922,0,Colima
2024,16,,5348,0,0.0,5348,249034,Michoacán de Ocampo
2024,31,W4,20780,20780,17818939.170000017,18059,0,Yucatán
2024,7,W4,15897,15897,13617192.570000008,13823,0,Chiapas
2024,7,W7,3035,3035,4889032.339999994,2770,0,Chiapas
2024,8,W4,74315,74315,63581335.58000007,67880,0,Chihuahua
2024,27,W2,151685,151685,46797047.09999892,126257,0,Tabasco
2024,28,W9,4227,4227,8889675.450000003,3977,0,Tamaulipas
2024,10,W2,193367,193367,60973598.64999738,177640,0,Durango
2024,10,W7,2662,2662,4313339.530000003,2421,0,Durango
2024,2,W5,41874,41874,46367525.24000004,37180,0,Baja California
2024,12,W7,1726,1726,2781730.390000002,1392,0,Guerrero
2024,14,W1,18759,18759,4507227.430000007,18574,0,Jalisco
2024,19,W10,13613,13613,32107376.830000006,12908,0,Nuevo León
2024,9,W1,19482,19482,4849553.430000013,19092,0,Ciudad de México
2024,9,W4,297097,297097,255856832.46999952,237213,0,Ciudad de México
2024,26,W2,432342,432342,147211151.9900168,371937,0,Sonora
2024,26,W10,2883,2883,6798048.7699999865,2660,0,Sonora
2024,15,,366,0,0.0,366,906017,Estado México
2024,20,W4,13689,13689,11847123.249999985,10808,0,Oaxaca
2024,21,W2,475280,475280,148811193.49001262,409381,0,Puebla
2024,21,W9,3334,3334,7031690.809999998,2970,0,Puebla
2024,21,W3,77649,77649,47045928.11999996,66133,0,Puebla
2024,3,W6,5135,5135,6972825.650000005,3698,0,Baja California Sur
2024,11,W5,37635,37635,41522260.04000001,33967,0,Guanajuato
2024,29,W5,3141,3141,3487973.6400000006,2756,0,Tlaxcala
2024,30,W6,18961,18961,25810441.27,16170,0,Veracruz de Ignacio de la Llave
2024,30,W11,9697,9697,25978441.12999998,9079,0,Veracruz de Ignacio de la Llave
2024,4,W2,87870,87870,27590091.809998985,71259,0,Campeche
2024,5,W5,36555,36555,40501900.65000006,32232,0,Coahuila de Zaragoza
2024,5,W1,4384,4384,1091309.120000005,4348,0,Coahuila de Zaragoza
2024,17,W10,854,854,2011629.4300000006,824,0,Morelos
2024,17,W4,15081,15081,12967209.750000002,12853,0,Morelos
2024,17,W6,4519,4519,6145768.769999998,3809,0,Morelos
2024,18,W11,1217,1217,3271129.8199999994,962,0,Nayarit
2024,6,W1,1779,1779,442815.2099999976,1763,0,Colima
2024,6,W8,1407,1407,2619342.0100000002,1190,0,Colima
2024,6,W9,788,788,1667892.070000001,662,0,Colima
2024,16,W4,26705,26705,22925866.820000008,23628,0,Michoacán de Ocampo
2024,16,W5,13768,13768,15212098.650000036,12234,0,Michoacán de Ocampo
2024,32,W9,1457,1457,3099804.209999999,1347,0,Zacatecas
2024,22,W10,5152,5152,12154751.340000015,4676,0,Querétaro
2024,22,W3,118613,118613,72264115.54999962,98574,0,Querétaro
2024,22,W4,61637,61637,52894840.110000044,51998,0,Querétaro
2024,28,W4,62052,62052,53097574.569999985,56449,0,Tamaulipas
2024,28,W6,14945,14945,20319804.57000001,13419,0,Tamaulipas
2024,1,W4,29551,29551,25611068.690000042,27827,0,Aguascalientes
2024,1,W9,1782,1782,3754315.210000003,1707,0,Aguascalientes
2024,2,W3,277758,277758,165214193.4499993,258074,0,Baja California
2024,12,W4,8314,8314,7157357.840000004,7234,0,Guerrero
2024,12,W11,1090,1090,2929529.4000000004,978,0,Guerrero
2024,19,W3,352212,352212,215222209.59999922,315622,0,Nuevo León
2024,19,W7,34431,34431,55479798.159999944,31958,0,Nuevo León
2024,9,W10,37728,37728,89037768.05999997,35170,0,Ciudad de México
2024,26,W7,7454,7454,12001542.849999998,6537,0,Sonora
2024,15,W6,35467,35467,48251763.50999999,31289,0,Estado México
2024,20,W6,4047,4047,5507675.779999998,3208,0,Oaxaca
2024,20,W2,170254,170254,52353970.81999998,145303,0,Oaxaca
2024,3,W1,778,778,193573.75999999943,741,0,Baja California Sur
2024,11,W3,166438,166438,101082564.47999984,145102,0,Guanajuato
2024,30,W10,3285,3285,7750345.100000002,3019,0,Veracruz de Ignacio de la Llave
2024,4,W11,5480,5480,14759640.910000002,4607,0,Campeche
2024,5,W7,14490,14490,23348177.730000004,13139,0,Coahuila de Zaragoza
2024,17,W11,2697,2697,7248482.150000002,2555,0,Morelos
2024,17,W2,145201,145201,45997039.38999775,125090,0,Morelos
2024,24,W8,5192,5192,9643142.040000018,4614,0,San Luis Potosí
2024,25,W5,13208,13208,14603438.610000033,11641,0,Sinaloa
2024,6,W3,21178,21178,12897643.600000028,16804,0,Colima
2024,6,W11,1399,1399,3755928.340000001,1078,0,Colima
2024,16,W10,1222,1222,2880702.780000001,1111,0,Michoacán de Ocampo
2024,23,W1,2047,2047,509559.7099999982,2014,0,Quintana Roo
2024,31,W11,4253,4253,11442767.180000018,4029,0,Yucatán
2024,31,W6,5859,5859,7974235.570000006,5248,0,Yucatán
2024,31,,458,0,0.0,458,128759,Yucatán
2024,7,W2,177453,177453,55659762.640007205,150982,0,Chiapas
2024,7,W11,2186,2186,5845720.83,2083,0,Chiapas
2024,7,W10,787,787,1848894.6400000018,736,0,Chiapas
2024,8,W6,21867,21867,29713511.049999986,20336,0,Chihuahua
2024,27,W10,1149,1149,2708244.16,1060,0,Tabasco
2024,27,W7,2812,2812,4523692.070000001,2284,0,Tabasco
2024,22,W7,13596,13596,21934301.320000045,11940,0,Querétaro
2024,1,W2,224775,224775,72087626.97000536,203944,0,Aguascalientes
2024,1,W6,7266,7266,9857848.779999968,6816,0,Aguascalientes
2024,2,W9,9156,9156,19341718.499999985,8559,0,Baja California
2024,2,W8,12116,12116,22549118.569999985,11179,0,Baja California
2024,12,W3,16838,16838,10251494.870000027,13700,0,Guerrero
2024,14,W4,146571,146571,125557988.23999962,130507,0,Jalisco
2024,14,W5,78785,78785,86873871.05000007,71929,0,Jalisco
2024,19,W4,162417,162417,139221185.87999997,146271,0,Nuevo León
2024,19,,497,0,0.0,497,263125,Nuevo León
2024,9,W7,88742,88742,143200747.06000006,81700,0,Ciudad de México
2024,26,W6,12962,12962,17624736.67999999,11050,0,Sonora
2024,15,W5,60057,60057,66472760.0,52953,0,Estado México
2024,15,W10,9146,9146,21561529.11,8535,0,Estado México
2024,15,W7,25405,25405,41044909.890000045,23027,0,Estado México
2024,15,W1,15728,15728,3915171.0400000177,15355,0,Estado México
2024,20,W10,438,438,1028907.7799999996,395,0,Oaxaca
2024,21,W6,12296,12296,16739865.819999978,10618,0,Puebla
2024,3,W4,15358,15358,13239355.849999988,10817,0,Baja California Sur
2024,11,W7,12881,12881,20779304.720000006,11880,0,Guanajuato
2024,29,W2,85459,85459,27546950.63999977,66004,0,Tlaxcala
2024,29,W3,14701,14701,8873290.100000005,11808,0,Tlaxcala
2024,4,W5,6886,6886,7681302.289999998,5199,0,Campeche
2024,5,W8,9433,9433,17530776.549999986,8767,0,Coahuila de Zaragoza
2024,17,W1,4557,4557,1134374.0099999995,4510,0,Morelos
2024,18,,2557,0,0.0,2557,73111,Nayarit
2024,18,W2,130746,130746,40961877.78999824,96457,0,Nayarit
2024,24,W6,16361,16361,22189228.599999987,15033,0,San Luis Potosí
2024,25,W10,1504,1504,3540549.679999999,1385,0,Sinaloa
2024,6,W7,2167,2167,3483336.3399999975,1752,0,Colima
2024,16,W8,3654,3654,6777344.800000004,3264,0,Michoacán de Ocampo
2024,23,W5,17586,17586,19434132.080000013,11249,0,Quintana Roo
2024,23,W6,8918,8918,12090204.840000024,5991,0,Quintana Roo
2024,23,W7,5069,5069,8134475.929999991,3576,0,Quintana Roo
2024,31,W2,288285,288285,91773705.17001142,255304,0,Yucatán
2024,31,W8,3158,3158,5868913.319999997,2982,0,Yucatán
2024,7,W8,2325,2325,4330879.3900000015,2160,0,Chiapas
2024,8,W7,13767,13767,22184392.269999973,12663,0,Chihuahua
2024,27,W3,23922,23922,14471699.149999987,18871,0,Tabasco
2024,22,W11,21940,21940,59101755.49999995,20232,0,Querétaro
2024,22,W1,5216,5216,1298418.8800000031,5100,0,Querétaro
2024,28,W1,3179,3179,791198.0700000008,3162,0,Tamaulipas
2024,10,,336,0,0.0,336,68824,Durango
2024,10,W5,6190,6190,6857037.050000002,5540,0,Durango
2024,10,W3,30764,30764,18569297.54000003,27530,0,Durango
2024,1,W7,5094,5094,8252313.26,4797,0,Aguascalientes
2024,1,W11,5137,5137,13795584.380000006,4959,0,Aguascalientes
2024,13,W2,198475,198475,62455977.0800073,160311,0,Hidalgo
2024,13,W7,3375,3375,5459655.619999998,2813,0,Hidalgo
2024,14,W8,20702,20702,38475286.339999974,19313,0,Jalisco
2024,9,W2,1965962,1965962,622989092.6400174,1705471,0,Ciudad de México
2024,9,W6,117435,117435,159947816.54000008,105766,0,Ciudad de México
2024,26,W1,5686,5686,1415415.980000005,5645,0,Sonora
2024,15,W11,33536,33536,90255242.85999997,31213,0,Estado México
2024,15,W9,11562,11562,24399172.650000006,10633,0,Estado México
2024,21,W5,20653,20653,22910215.510000013,17547,0,Puebla
2024,3,W3,31249,31249,18843409.090000022,21392,0,Baja California Sur
2024,3,W10,1131,1131,2663606.52,910,0,Baja California Sur
2024,3,W11,4136,4136,11125341.809999987,3264,0,Baja California Sur
2024,3,W9,1881,1881,3978312.4499999993,1467,0,Baja California Sur
2024,29,,94,0,0.0,94,80380,Tlaxcala
2024,30,W8,7926,7926,14747806.140000004,7146,0,Veracruz de Ignacio de la Llave
2024,4,,678,0,0.0,678,73490,Campeche
2024,5,W10,4419,4419,10419461.660000006,4108,0,Coahuila de Zaragoza
2024,5,W11,15054,15054,40500267.870000005,14227,0,Coahuila de Zaragoza
2024,18,W9,642,642,1351837.2799999989,541,0,Nayarit
2024,18,W1,5967,5967,1484817.4099999974,5732,0,Nayarit
2024,24,W5,19065,19065,21132960.59000001,16840,0,San Luis Potosí
2024,24,W7,8601,8601,13875488.460000018,7840,0,San Luis Potosí
2024,24,W1,2820,2820,701982.5999999974,2779,0,San Luis Potosí
2024,25,W3,68963,68963,41720341.309999906,60517,0,Sinaloa
2024,25,W4,30648,30648,26450194.309999935,27726,0,Sinaloa
2024,16,W2,341612,341612,106384316.83001336,282157,0,Michoacán de Ocampo
2024,16,W1,7870,7870,1959079.1000000164,7395,0,Michoacán de Ocampo
2024,16,W6,6493,6493,8824753.42999999,5643,0,Michoacán de Ocampo
2024,16,W7,4712,4712,7640863.650000001,4108,0,Michoacán de Ocampo
2024,23,W2,354329,354329,113579051.11000155,251118,0,Quintana Roo
2024,31,W3,94172,94172,54575414.33000007,88159,0,Yucatán
2024,31,W10,1156,1156,2729742.1199999987,1092,0,Yucatán
2024,32,W6,4325,4325,5867098.54,3727,0,Zacatecas
2024,7,W6,5093,5093,6928296.5299999975,4422,0,Chiapas
2024,8,W1,7720,7720,1921739.6000000015,7671,0,Chihuahua
2024,27,W6,4381,4381,5959959.049999999,3516,0,Tabasco
2024,28,W2,364699,364699,136380285.81999767,322665,0,Tamaulipas
2024,28,W5,27810,27810,30669511.910000026,25212,0,Tamaulipas
2024,10,W6,4032,4032,5490319.439999998,3621,0,Durango
2024,10,W10,725,725,1708953.2399999988,674,0,Durango
2024,2,W2,535246,535246,223745345.13000038,478769,0,Baja California
2024,2,W4,88912,88912,75834592.50999984,79284,0,Baja California
2024,13,W5,9763,9763,10787326.85,6903,0,Hidalgo
2024,13,W8,2221,2221,4121552.149999998,1917,0,Hidalgo
2024,14,,12924,0,0.0,12924,593435,Jalisco
2024,26,,794,0,0.0,794,207803,Sonora
2024,15,W2,1271868,1271868,408633803.1300332,1068480,0,Estado México
2024,5,W3,168115,168115,102080333.45999974,151837,0,Coahuila de Zaragoza
2024,20,W5,8282,8282,9159879.389999993,6966,0,Oaxaca
2024,21,,3122,0,0.0,3122,437567,Puebla
2024,21,W10,2376,2376,5599346.3900000015,2167,0,Puebla
2024,11,W6,19736,19736,26816301.380000014,17483,0,Guanajuato
2024,11,W11,14707,14707,39625170.68,13603,0,Guanajuato
2024,11,W1,7951,7951,1979242.4300000062,7861,0,Guanajuato
2024,11,,424,0,0.0,424,282791,Guanajuato
2024,29,W11,991,991,2666317.84,873,0,Tlaxcala
2024,29,W10,300,300,709523.9500000002,281,0,Tlaxcala
2024,30,W7,11585,11585,18728244.81000001,10146,0,Veracruz de Ignacio de la Llave
2024,30,W9,4796,4796,10107025.349999996,4367,0,Veracruz de Ignacio de la Llave
2024,24,W10,2566,2566,6056760.940000006,2288,0,San Luis Potosí
2024,25,W8,3513,3513,6529735.389999992,3248,0,Sinaloa
2024,6,W4,10510,10510,9043258.98999999,8717,0,Colima
2024,6,W10,560,560,1322262.3800000013,438,0,Colima
2024,23,W9,2732,2732,5757873.6899999995,2148,0,Quintana Roo
2024,23,,1322,0,0.0,1322,107877,Quintana Roo
2024,32,W4,14691,14691,12593742.610000016,12010,0,Zacatecas
2024,32,W7,3815,3815,6156792.339999995,3428,0,Zacatecas
2024,8,,2780,0,0.0,2780,215201,Chihuahua
2024,8,W2,543449,543449,201027047.8000126,499959,0,Chihuahua
2024,8,W5,38071,38071,42184220.77000004,34995,0,Chihuahua
2024,27,,3292,0,0.0,3292,157235,Tabasco
2024,27,W9,1637,1637,3454986.8300000005,1504,0,Tabasco
2024,22,W8,10231,10231,19023299.390000008,9197,0,Querétaro
2024,28,,2126,0,0.0,2126,173272,Tamaulipas
2024,28,W11,9409,9409,25278167.31000002,8901,0,Tamaulipas
2024,1,,428,0,0.0,428,112809,Aguascalientes
2024,1,W1,5100,5100,1247950.8400000029,5009,0,Aguascalientes
2024,2,,972,0,0.0,972,183234,Baja California
2024,2,W11,23484,23484,63183379.469999954,22315,0,Baja California
2024,12,W1,9055,9055,2254061.1500000013,9040,0,Guerrero
2024,12,W8,1511,1511,2814100.059999999,1311,0,Guerrero
2024,12,W9,888,888,1863227.4900000007,771,0,Guerrero
2024,13,W1,4635,4635,1153790.5500000033,4556,0,Hidalgo
2024,13,W10,812,812,1913551.2700000026,697,0,Hidalgo
2024,14,W7,30290,30290,48917155.89000002,27856,0,Jalisco
2024,14,W10,11102,11102,26209214.36999999,10485,0,Jalisco
2024,19,W6,51417,51417,69899881.48999989,47462,0,Nuevo León
2024,9,W5,178792,178792,198744644.85999975,156203,0,Ciudad de México
2024,2,W1,36,36,8961.480000000001,36,0,Baja California
2024,26,W11,9404,9404,25287300.320000008,8944,0,Sonora
2024,20,W8,1825,1825,3382576.639999998,1618,0,Oaxaca
2024,20,W1,1626,1626,404692.4299999981,1586,0,Oaxaca
2024,3,W5,8382,8382,9304141.770000009,6129,0,Baja California Sur
2024,11,W4,73497,73497,62957117.92000011,65715,0,Guanajuato
2024,4,W7,3106,3106,5012578.399999997,2132,0,Campeche
2024,5,,326,0,0.0,326,141714,Coahuila de Zaragoza
2024,5,W4,73257,73257,62565595.89000019,67313,0,Coahuila de Zaragoza
2024,18,W3,23980,23980,14476715.36999998,16436,0,Nayarit
2024,18,W5,4654,4654,5138359.859999999,3770,0,Nayarit
2024,24,W9,3374,3374,7125608.6400000015,2963,0,San Luis Potosí
2024,25,W2,435070,435070,134795039.6600134,374185,0,Sinaloa
2024,16,W3,61584,61584,37352007.01999998,52487,0,Michoacán de Ocampo
2024,16,W11,3672,3672,9872597.810000002,3349,0,Michoacán de Ocampo
2024,16,W9,1987,1987,4179089.860000004,1794,0,Michoacán de Ocampo
2024,23,W8,3743,3743,6974405.82,2951,0,Quintana Roo
2024,32,W3,31900,31900,19288327.240000043,23468,0,Zacatecas
2024,32,W2,121928,121928,38958602.84000095,105118,0,Zacatecas
2024,32,W11,2621,2621,6999885.059999996,2450,0,Zacatecas
2024,8,W10,4981,4981,11739199.68,4776,0,Chihuahua
2024,22,W9,7488,7488,15839020.090000015,6811,0,Querétaro
2024,22,,709,0,0.0,709,163875,Querétaro
2024,28,W3,194855,194855,116855671.44999994,179623,0,Tamaulipas
2024,28,W7,8889,8889,14307040.999999993,8160,0,Tamaulipas
2026,2,W2,704918,704918,355859268.675538,645408,0,Baja California
2026,14,,10573,0,0.0,10573,621380,Jalisco
2026,14,W6,39469,39469,67859900.43000002,35686,0,Jalisco
2026,15,W9,11077,11077,29677437.29000001,10404,0,Estado México
2026,16,W2,360702,360702,141426267.53997934,299620,0,Michoacán de Ocampo
2026,19,W10,59997,59997,175775848.55000007,57915,0,Nuevo León
2026,30,W6,14931,14931,25699632.380000003,13176,0,Veracruz de Ignacio de la Llave
2026,30,W7,10248,10248,20850152.99999998,9372,0,Veracruz de Ignacio de la Llave
2026,20,W5,6535,6535,9127551.649999999,5734,0,Oaxaca
2026,12,,0,0,0.0,0,151169,Guerrero
2026,12,W1,11754,11754,3702965.1200000215,11733,0,Guerrero
2026,12,W2,113316,113316,44241969.9500014,91731,0,Guerrero
2026,12,W4,7958,7958,8664218.009999981,6659,0,Guerrero
2026,17,W3,27947,27947,21153922.630000044,24570,0,Morelos
2026,18,,1590,0,0.0,1590,76391,Nayarit
2026,10,W3,27865,27865,21283349.210000042,25025,0,Durango
2026,13,,32,0,0.0,32,222865,Hidalgo
2026,13,W5,7035,7035,9818458.789999949,5961,0,Hidalgo
2026,13,W8,1514,1514,3555930.1499999925,1308,0,Hidalgo
2026,22,W2,446840,446840,183672530.30998218,370818,0,Querétaro
2026,32,,52,0,0.0,52,103998,Zacatecas
2026,9,W3,474630,474630,364192175.0499985,390474,0,Ciudad de México
2026,23,W1,4101,4101,1291979.0400000021,4070,0,Quintana Roo
2026,23,W2,375182,375182,152113785.24998885,280025,0,Quintana Roo
2026,6,,1227,0,0.0,1227,51459,Colima
2026,24,W3,88000,88000,67917181.83999988,77163,0,San Luis Potosí
2026,24,,5261,0,0.0,5261,150824,San Luis Potosí
2026,29,W3,14304,14304,10953275.940000016,11839,0,Tlaxcala
2026,29,W6,1599,1599,2759202.04,1404,0,Tlaxcala
2026,29,,1,0,0.0,1,85505,Tlaxcala
2026,2,W7,13788,13788,28098239.750000007,12901,0,Baja California
2026,19,W1,26414,26414,8321466.560000038,26315,0,Nuevo León
2026,20,W10,1194,1194,3496323.6,1141,0,Oaxaca
2026,20,W6,2708,2708,4639249.670000004,2286,0,Oaxaca
2026,12,W5,4426,4426,6220472.089999998,3508,0,Guerrero
2026,27,W4,9909,9909,10770677.759999989,8320,0,Tabasco
2026,28,W6,11647,11647,19976684.23999998,10641,0,Tamaulipas
2026,3,,1,0,0.0,1,56235,Baja California Sur
2026,21,W2,492426,492426,193703233.05998376,427718,0,Puebla
2026,21,W5,18316,18316,25610100.200000007,15931,0,Puebla
2026,21,,2549,0,0.0,2549,490563,Puebla
2026,31,W2,340963,340963,143333282.9799811,315212,0,Yucatán
2026,5,W6,18711,18711,32170361.77,17257,0,Coahuila de Zaragoza
2026,5,W7,11791,11791,23989150.61999999,11095,0,Coahuila de Zaragoza
2026,13,W7,3250,3250,6584930.320000002,2915,0,Hidalgo
2026,22,W6,18284,18284,31449675.120000023,15859,0,Querétaro
2026,22,W9,5867,5867,15725998.219999988,5390,0,Querétaro
2026,32,W4,10971,10971,11823201.330000024,9161,0,Zacatecas
2026,9,,2324,0,0.0,2324,1461324,Ciudad de México
2026,9,W5,157221,157221,221142542.29000017,141069,0,Ciudad de México
2026,25,W8,2522,2522,5916471.309999988,2327,0,Sinaloa
2026,6,W5,5481,5481,7672317.440000004,4682,0,Colima
2026,7,W3,28403,28403,21822669.37000004,24826,0,Chiapas
2026,7,W4,15784,15784,17043724.909999963,13962,0,Chiapas
2026,1,W2,236757,236757,95779052.97999342,216853,0,Aguascalientes
2026,1,W4,26391,26391,28634307.979999963,25112,0,Aguascalientes
2026,2,,0,0,0.0,0,202368,Baja California
2026,11,,12,0,0.0,12,277381,Guanajuato
2026,15,W7,23255,23255,47221317.739999995,21637,0,Estado México
2026,15,W8,13980,13980,32943213.97000002,13038,0,Estado México
2026,15,W1,40434,40434,12738327.360000046,37522,0,Estado México
2026,16,W3,54547,54547,41581234.0900001,46636,0,Michoacán de Ocampo
2026,19,,85,0,0.0,85,178492,Nuevo León
2026,30,W8,5818,5818,13671106.240000019,5378,0,Veracruz de Ignacio de la Llave
2026,18,W4,7653,7653,8234175.089999979,6111,0,Nayarit
2026,18,W9,366,366,977432.6599999997,296,0,Nayarit
2026,27,W6,3191,3191,5475474.849999998,2690,0,Tabasco
2026,28,W1,5834,5834,1837907.1200000073,5820,0,Tamaulipas
2026,10,W5,5501,5501,7734988.350000005,4962,0,Durango
2026,21,W6,10404,10404,17879087.17,9050,0,Puebla
2026,31,W3,40589,40589,30857228.140000053,36996,0,Yucatán
2026,4,W10,3630,3630,10633501.600000001,3132,0,Campeche
2026,5,W9,5069,5069,13594240.46,4784,0,Coahuila de Zaragoza
2026,5,W10,13503,13503,39546655.03,12849,0,Coahuila de Zaragoza
2026,13,W4,15989,15989,17303323.63999996,12751,0,Hidalgo
2026,22,W5,28981,28981,40669384.349999934,25164,0,Querétaro
2026,22,W4,55279,55279,59952267.04999986,46869,0,Querétaro
2026,9,W7,81052,81052,164926557.44000018,74789,0,Ciudad de México
2026,23,,677,0,0.0,677,105452,Quintana Roo
2026,25,W4,24134,24134,25995024.609999992,22125,0,Sinaloa
2026,6,W10,1364,1364,3993263.1,1081,0,Colima
2026,7,,4698,0,0.0,4698,251278,Chiapas
2026,7,W5,7257,7257,10210611.150000008,6254,0,Chiapas
2026,24,W10,9063,9063,26544477.26,8143,0,San Luis Potosí
2026,24,W8,4245,4245,10007095.46,3814,0,San Luis Potosí
2026,24,W7,7309,7309,14746404.199999994,6676,0,San Luis Potosí
2026,24,W5,18275,18275,25538997.310000017,16266,0,San Luis Potosí
2026,29,W2,86275,86275,34616082.36000079,67970,0,Tlaxcala
2026,8,W8,7752,7752,18249129.170000013,7486,0,Chihuahua
2026,8,W1,14422,14422,4543506.880000028,14378,0,Chihuahua
2026,1,W8,2315,2315,5454712.259999996,2235,0,Aguascalientes
2026,2,W3,227103,227103,170149339.78999984,211959,0,Baja California
2026,2,W10,21752,21752,63710317.71999999,20490,0,Baja California
2026,2,W8,11124,11124,26298855.510000013,9786,0,Baja California
2026,2,W6,19723,19723,33924214.79000003,17968,0,Baja California
2026,11,W4,66735,66735,72232921.36000001,60633,0,Guanajuato
2026,11,W10,13964,13964,40906950.5,13020,0,Guanajuato
2026,14,W3,296802,296802,226505809.22999966,264232,0,Jalisco
2026,14,W7,25307,25307,51463626.410000026,23703,0,Jalisco
2026,14,W5,70234,70234,98224764.49000005,64620,0,Jalisco
2026,14,W10,41485,41485,121506730.75999999,39396,0,Jalisco
2026,14,W8,15879,15879,37396061.579999976,14888,0,Jalisco
2026,16,W1,14084,14084,4437023.3600000385,13891,0,Michoacán de Ocampo
2026,16,W10,3959,3959,11595849.170000002,3612,0,Michoacán de Ocampo
2026,16,W8,2370,2370,5592612.87,1970,0,Michoacán de Ocampo
2026,16,W9,1365,1365,3655926.2000000025,1266,0,Michoacán de Ocampo
2026,19,W4,151914,151914,164928211.61000007,138467,0,Nuevo León
2026,20,W3,30678,30678,23879756.160000026,24991,0,Oaxaca
2026,26,,4,0,0.0,4,209836,Sonora
2026,26,W2,449478,449478,190958862.72998524,393541,0,Sonora
2026,26,W3,89717,89717,67788087.8100002,80105,0,Sonora
2026,12,W7,1961,1961,4003361.1800000016,1719,0,Guerrero
2026,12,W8,894,894,2089225.4900000014,769,0,Guerrero
2026,17,W8,1380,1380,3237011.320000004,1309,0,Morelos
2026,17,,3877,0,0.0,3877,104750,Morelos
2026,18,W6,2062,2062,3579656.9699999946,1623,0,Nayarit
2026,27,,2890,0,0.0,2890,170300,Tabasco
2026,28,W3,166193,166193,124615121.17999999,154076,0,Tamaulipas
2026,28,W10,8427,8427,24680246.359999996,8012,0,Tamaulipas
2026,3,W3,30396,30396,23323090.180000037,20897,0,Baja California Sur
2026,10,,0,0,0.0,0,72693,Durango
2026,21,W8,3930,3930,9245400.359999992,3500,0,Puebla
2026,21,W7,7073,7073,14400752.209999993,6397,0,Puebla
2026,31,W1,7892,7892,2486259.44000001,7868,0,Yucatán
2026,31,W6,4808,4808,8242989.259999992,4265,0,Yucatán
2026,31,W7,4034,4034,8248671.3900000015,3791,0,Yucatán
2026,4,W2,86537,86537,34431483.87000071,71697,0,Campeche
2026,4,W5,5818,5818,8146063.710000016,4561,0,Campeche
2026,4,W6,2898,2898,4964431.199999999,2267,0,Campeche
2026,13,W2,217598,217598,85988854.1699891,175189,0,Hidalgo
2026,13,W3,34025,34025,26180074.01999999,25581,0,Hidalgo
2026,13,W10,2175,2175,6368714.729999999,1922,0,Hidalgo
2026,9,W4,255523,255523,278482123.8599998,222043,0,Ciudad de México
2026,23,W10,6401,6401,18749804.399999987,5156,0,Quintana Roo
2026,25,W7,4952,4952,10035945.100000001,4669,0,Sinaloa
2026,6,W2,110603,110603,43330730.04000128,93715,0,Colima
2026,7,W10,1656,1656,4849289.459999999,1555,0,Chiapas
2026,7,W8,1541,1541,3628670.4000000004,1421,0,Chiapas
2026,29,W7,1142,1142,2315713.8299999996,1063,0,Tlaxcala
2026,8,,344,0,0.0,344,208143,Chihuahua
2026,8,W9,6003,6003,16036840.840000018,5817,0,Chihuahua
2026,15,W2,1475683,1475683,593703179.2999212,1202625,0,Estado México
2026,15,,32,0,0.0,32,964695,Estado México
2026,19,W2,1211452,1211452,500517022.46996063,1104395,0,Nuevo León
2026,19,W3,336042,336042,257308869.09000024,303285,0,Nuevo León
2026,19,W6,46696,46696,80291826.29999997,43089,0,Nuevo León
2026,19,W5,83803,83803,117542963.52,76929,0,Nuevo León
2026,19,W7,32528,32528,66265480.31000006,30698,0,Nuevo León
2026,30,W5,29333,29333,40918890.08000003,25437,0,Veracruz de Ignacio de la Llave
2026,30,W10,7854,7854,22992141.69000001,7424,0,Veracruz de Ignacio de la Llave
2026,30,W9,3675,3675,9829689.139999997,3429,0,Veracruz de Ignacio de la Llave
2026,30,,15875,0,0.0,15875,402345,Veracruz de Ignacio de la Llave
2026,20,W2,180362,180362,69048499.93000133,154904,0,Oaxaca
2026,20,W9,584,584,1563180.59,541,0,Oaxaca
2026,17,W10,2152,2152,6302499.670000002,2040,0,Morelos
2026,17,W9,930,930,2491064.6200000015,873,0,Morelos
2026,27,W10,3245,3245,9504489.229999999,3092,0,Tabasco
2026,27,W2,154579,154579,59997516.88000144,130042,0,Tabasco
2026,3,W2,155997,155997,63008940.41000098,111952,0,Baja California Sur
2026,21,W9,2705,2705,7249572.659999998,2425,0,Puebla
2026,5,W4,63282,63282,68295999.67999996,58552,0,Coahuila de Zaragoza
2026,13,W1,8720,8720,2747148.800000028,8683,0,Hidalgo
2026,13,W6,4134,4134,7132599.139999998,3427,0,Hidalgo
2026,32,W3,27625,27625,21187977.970000073,21950,0,Zacatecas
2026,25,,24,0,0.0,24,230170,Sinaloa
2026,6,W6,3043,3043,5229166.060000008,2574,0,Colima
2026,6,W7,1798,1798,3644426.0400000033,1560,0,Colima
2026,6,W8,898,898,2108920.4099999983,746,0,Colima
2026,24,W6,10818,10818,18509723.199999955,9754,0,San Luis Potosí
2026,29,W4,5028,5028,5432428.829999991,4402,0,Tlaxcala
2026,8,W7,11709,11709,23828545.09000001,11088,0,Chihuahua
2026,1,W3,57158,57158,44014306.80000006,54014,0,Aguascalientes
2026,2,W9,8025,8025,21453351.83,7407,0,Baja California
2026,2,W4,66978,66978,72412160.10000014,61221,0,Baja California
2026,14,W1,36080,36080,11214433.48000006,35945,0,Jalisco
2026,14,W9,13063,13063,35027567.97,12336,0,Jalisco
2026,15,W10,31053,31053,90958896.51000002,29154,0,Estado México
2026,19,W8,20933,20933,49221245.45000007,19890,0,Nuevo León
2026,30,W2,490061,490061,193961174.62996897,414355,0,Veracruz de Ignacio de la Llave
2026,30,W4,61053,61053,67006823.43000025,52497,0,Veracruz de Ignacio de la Llave
2026,20,,2673,0,0.0,2673,176787,Oaxaca
2026,12,W6,2333,2333,3989283.3600000003,1806,0,Guerrero
2026,12,W10,927,927,2714254.4200000004,835,0,Guerrero
2026,17,W7,2622,2622,5320327.91,2450,0,Morelos
2026,18,W5,3428,3428,4780841.639999993,2753,0,Nayarit
2026,27,W1,2349,2349,740028.9599999993,2327,0,Tabasco
2026,28,W8,4648,4648,10912082.620000001,4417,0,Tamaulipas
2026,3,W6,4556,4556,7837821.700000008,3172,0,Baja California Sur
2026,3,W7,2785,2785,5669293.699999999,2041,0,Baja California Sur
2026,3,W8,2188,2188,5152928.6499999985,1750,0,Baja California Sur
2026,10,W7,2509,2509,5087253.919999999,2336,0,Durango
2026,21,W4,30769,30769,33509000.42,26775,0,Puebla
2026,4,W7,2321,2321,4765869.589999992,1862,0,Campeche
2026,5,,7,0,0.0,7,129973,Coahuila de Zaragoza
2026,32,W2,129181,129181,51703123.320001915,109611,0,Zacatecas
2026,32,W7,2899,2899,5850623.720000002,2558,0,Zacatecas
2026,9,W2,2278157,2278157,915838916.8899428,1891303,0,Ciudad de México
2026,9,W6,107956,107956,186259969.80999994,97741,0,Ciudad de México
2026,9,W8,52973,52973,124787576.43000023,49472,0,Ciudad de México
2026,25,W2,424897,424897,166922684.04997295,372405,0,Sinaloa
2026,25,W1,20325,20325,6403188.000000036,20248,0,Sinaloa
2026,25,W6,6792,6792,11714787.239999987,6127,0,Sinaloa
2026,25,W10,4436,4436,12992396.97000001,4137,0,Sinaloa
2026,6,W3,19991,19991,15245870.379999999,16992,0,Colima
2026,7,W2,184097,184097,73517459.8299965,160832,0,Chiapas
2026,20,W1,3438,3438,1083071.2799999977,3408,0,Oaxaca
2026,29,W8,536,536,1252309.33,485,0,Tlaxcala
2026,8,W3,190655,190655,143251904.6799998,177689,0,Chihuahua
2026,11,W7,11750,11750,23935917.749999974,11057,0,Guanajuato
2026,11,W8,6357,6357,14914606.000000007,5943,0,Guanajuato
2026,14,W2,1363972,1363972,547675723.7999268,1186773,0,Jalisco
2026,15,W6,32357,32357,55863947.72000002,29002,0,Estado México
2026,16,W4,23840,23840,25715355.669999987,20842,0,Michoacán de Ocampo
2026,16,W6,6989,6989,12023768.39000001,6111,0,Michoacán de Ocampo
2026,20,W4,12295,12295,13352571.410000006,10686,0,Oaxaca
2026,2,W1,21,21,6615.84,21,0,Baja California
2026,26,W10,11681,11681,34222701.870000005,10925,0,Sonora
2026,26,W9,3654,3654,9773725.68000001,3381,0,Sonora
2026,26,W4,35485,35485,38344120.17000006,31814,0,Sonora
2026,17,W4,11020,11020,11902493.190000016,9755,0,Morelos
2026,17,W5,5376,5376,7551666.590000002,4747,0,Morelos
2026,17,W6,3742,3742,6445529.130000002,3260,0,Morelos
2026,28,W2,398069,398069,185950884.69999114,359220,0,Tamaulipas
2026,28,W9,3227,3227,8628099.499999994,3079,0,Tamaulipas
2026,3,W4,13643,13643,14807746.37000001,9669,0,Baja California Sur
2026,10,W8,1149,1149,2693483.630000001,1077,0,Durango
2026,10,W6,3241,3241,5578078.8100000005,2893,0,Durango
2026,10,W10,2477,2477,7255276.230000003,2396,0,Durango
2026,31,,0,0,0.0,0,145699,Yucatán
2026,31,W5,8247,8247,11573461.640000034,7367,0,Yucatán
2026,4,W4,9743,9743,10614898.529999996,7906,0,Campeche
2026,32,W10,4666,4666,13667559.669999992,4466,0,Zacatecas
2026,9,W10,192758,192758,564801521.7999997,184261,0,Ciudad de México
2026,9,W9,44459,44459,119269767.42000002,41833,0,Ciudad de México
2026,23,W6,6368,6368,10932399.6,4680,0,Quintana Roo
2026,25,W9,1665,1665,4458883.090000003,1560,0,Sinaloa
2026,7,W1,15609,15609,4682861.430000027,15564,0,Chiapas
2026,24,W1,6213,6213,1957343.520000015,6176,0,San Luis Potosí
2026,29,W10,918,918,2688134.9400000004,816,0,Tlaxcala
2026,1,W7,4614,4614,9331629.299999999,4422,0,Aguascalientes
2026,1,W9,1775,1775,4753035.629999996,1721,0,Aguascalientes
2026,11,W3,143824,143824,109530981.53000015,126477,0,Guanajuato
2026,11,W9,4278,4278,11455856.459999997,3979,0,Guanajuato
2026,14,W4,133998,133998,145237880.26000008,121942,0,Jalisco
2026,16,,3050,0,0.0,3050,269246,Michoacán de Ocampo
2026,19,W9,16484,16484,44242603.01000001,15720,0,Nuevo León
2026,30,W3,108951,108951,85414808.56000014,93724,0,Veracruz de Ignacio de la Llave
2026,30,W1,16215,16215,5071027.540000057,16093,0,Veracruz de Ignacio de la Llave
2026,20,W7,2330,2330,4732269.26,2120,0,Oaxaca
2026,26,W7,7901,7901,16174582.469999988,7317,0,Sonora
2026,26,W6,10329,10329,17717518.939999998,9155,0,Sonora
2026,12,W9,424,424,1131259.3200000005,379,0,Guerrero
2026,17,W1,7801,7801,2457627.040000015,7771,0,Morelos
2026,27,W3,20226,20226,15533637.889999945,16522,0,Tabasco
2026,27,W5,5232,5232,7332462.340000009,4465,0,Tabasco
2026,28,,910,0,0.0,910,184748,Tamaulipas
2026,28,W5,21721,21721,30430264.11000002,19971,0,Tamaulipas
2026,3,W1,2324,2324,732152.9599999986,2299,0,Baja California Sur
2026,3,W5,7538,7538,10542766.120000007,5604,0,Baja California Sur
2026,3,W9,1352,1352,3621859.8800000018,1127,0,Baja California Sur
2026,10,W9,863,863,2307555.5300000017,808,0,Durango
2026,10,W1,5698,5698,1795097.9200000046,5684,0,Durango
2026,21,W10,10785,10785,31598489.240000002,9754,0,Puebla
2026,31,W10,3617,3617,10593460.980000006,3446,0,Yucatán
2026,31,W8,1961,1961,4592910.680000001,1850,0,Yucatán
2026,31,W9,1227,1227,3283513.2699999996,1159,0,Yucatán
2026,4,,457,0,0.0,457,59066,Campeche
2026,4,W9,1102,1102,2944187.9400000023,885,0,Campeche
2026,22,W7,12614,12614,25678833.700000063,11369,0,Querétaro
2026,22,W8,8189,8189,19209600.360000007,7463,0,Querétaro
2026,22,W1,9628,9628,3033205.1200000253,9477,0,Querétaro
2026,32,W6,3889,3889,6730027.540000003,3390,0,Zacatecas
2026,32,W9,989,989,2658313.2099999995,914,0,Zacatecas
2026,32,W1,3535,3535,1113666.400000006,3431,0,Zacatecas
2026,23,W3,74410,74410,56669169.65999987,49447,0,Quintana Roo
2026,23,W4,28006,28006,30268884.77,19988,0,Quintana Roo
2026,23,W5,12766,12766,17882425.730000045,9309,0,Quintana Roo
2026,23,W9,1855,1855,4973327.400000012,1479,0,Quintana Roo
2026,25,W3,58639,58639,44670030.61999998,52480,0,Sinaloa
2026,6,W4,10085,10085,11010205.559999965,8842,0,Colima
2026,6,W9,589,589,1578697.0499999996,482,0,Colima
2026,7,W6,3972,3972,6810696.859999986,3359,0,Chiapas
2026,7,W9,990,990,2648596.010000003,929,0,Chiapas
2026,29,W9,350,350,938919.4800000002,318,0,Tlaxcala
2026,8,W2,604940,604940,277798995.3499876,561203,0,Chihuahua
2026,1,,5,0,0.0,5,114155,Aguascalientes
2026,1,W1,8667,8667,2699194.050000021,8609,0,Aguascalientes
2026,1,W5,12212,12212,17131715.499999996,11674,0,Aguascalientes
2026,1,W10,5301,5301,15525764.449999996,5151,0,Aguascalientes
2026,11,W2,822566,822566,329373781.28996897,723745,0,Guanajuato
2026,11,W1,15322,15322,4827042.880000027,15186,0,Guanajuato
2026,15,W5,51339,51339,72021122.37999994,45622,0,Estado México
2026,16,W5,11758,11758,16526939.8,9850,0,Michoacán de Ocampo
2026,16,W7,4906,4906,9921445.68,4497,0,Michoacán de Ocampo
2026,20,W8,1000,1000,2343928.1999999997,941,0,Oaxaca
2026,26,W5,18891,18891,26544248.13000004,16575,0,Sonora
2026,26,W8,5603,5603,13160105.239999995,5079,0,Sonora
2026,26,W1,11897,11897,3748030.880000029,11848,0,Sonora
2026,18,W2,134094,134094,53011552.82000125,102385,0,Nayarit
2026,18,W3,21005,21005,15935763.410000052,15482,0,Nayarit
2026,18,W7,1526,1526,3078911.140000002,1336,0,Nayarit
2026,27,W8,1684,1684,3944627.610000003,1552,0,Tabasco
2026,3,W10,3449,3449,10102210.38,2670,0,Baja California Sur
2026,10,W4,11363,11363,12269200.329999998,10096,0,Durango
2026,21,W3,69460,69460,52988569.72000014,60064,0,Puebla
2026,31,W4,17066,17066,18490552.99000005,15343,0,Yucatán
2026,4,W1,1090,1090,343393.5999999992,1073,0,Campeche
2026,4,W3,16176,16176,12148114.52,13414,0,Campeche
2026,5,W5,30201,30201,42348354.71000007,27893,0,Coahuila de Zaragoza
2026,5,W8,6985,6985,16422048.76,6609,0,Coahuila de Zaragoza
2026,13,W9,953,953,2558086.1300000027,834,0,Hidalgo
2026,22,,234,0,0.0,234,168699,Querétaro
2026,22,W3,115360,115360,88806850.80999987,96887,0,Querétaro
2026,22,W10,20456,20456,59931034.54999997,19000,0,Querétaro
2026,32,W5,6202,6202,8608337.39999999,5110,0,Zacatecas
2026,32,W8,1131,1131,2664888.7200000025,1010,0,Zacatecas
2026,9,W1,42762,42762,13471740.480000094,39435,0,Ciudad de México
2026,23,W7,4143,4143,8449091.610000024,3327,0,Quintana Roo
2026,7,W7,3017,3017,6125794.909999995,2776,0,Chiapas
2026,24,W4,32881,32881,35504235.93999996,28926,0,San Luis Potosí
2026,29,W1,3213,3213,1012223.5200000008,3206,0,Tlaxcala
2026,8,W4,64701,64701,70125046.28999996,60309,0,Chihuahua
2026,1,W6,7254,7254,12491097.490000004,6852,0,Aguascalientes
2026,2,W5,33925,33925,47424648.23000007,31352,0,Baja California
2026,11,W5,30018,30018,42113479.1300001,27247,0,Guanajuato
2026,11,W6,16634,16634,28630780.07999999,15077,0,Guanajuato
2026,15,W3,247417,247417,188168357.98999938,209346,0,Estado México
2026,15,W4,103761,103761,112358881.44000001,90664,0,Estado México
2026,12,W3,15683,15683,12008574.129999971,12850,0,Guerrero
2026,17,W2,147993,147993,59101782.23000126,128714,0,Morelos
2026,18,W8,655,655,1537760.2899999993,531,0,Nayarit
2026,18,W1,10019,10019,3136430.2400000133,9818,0,Nayarit
2026,18,W10,1152,1152,3374715.0400000014,926,0,Nayarit
2026,27,W9,1057,1057,2828886.0599999987,961,0,Tabasco
2026,27,W7,2102,2102,4308953.240000002,1927,0,Tabasco
2026,28,W7,7955,7955,16237156.020000026,7590,0,Tamaulipas
2026,28,W4,49446,49446,53365810.750000075,45433,0,Tamaulipas
2026,10,W2,207261,207261,81720389.52000192,191255,0,Durango
2026,21,W1,10490,10490,3300094.6400000197,10425,0,Puebla
2026,4,W8,1491,1491,3488836.1199999955,1239,0,Campeche
2026,5,W2,553856,553856,232726902.0899836,502735,0,Coahuila de Zaragoza
2026,5,W3,142933,142933,108706552.68999985,129521,0,Coahuila de Zaragoza
2026,5,W1,9639,9639,3036670.56000002,9591,0,Coahuila de Zaragoza
2026,23,W8,3108,3108,7298461.949999998,2502,0,Quintana Roo
2026,25,W5,11208,11208,15728805.449999943,10280,0,Sinaloa
2026,6,W1,3317,3317,1044951.4400000047,3273,0,Colima
2026,24,W2,315784,315784,131016454.71998164,262352,0,San Luis Potosí
2026,24,W9,3107,3107,8305884.040000009,2816,0,San Luis Potosí
2026,29,W5,2530,2530,3515257.8000000007,2268,0,Tlaxcala
2026,8,W5,32198,32198,45100963.82000002,30122,0,Chihuahua
2026,8,W6,18019,18019,30946454.440000024,16701,0,Chihuahua
2026,8,W10,14536,14536,42573262.02999999,14063,0,Chihuahua
