anio,cve_entidad,rango_uma,ta,ta_sal,masa_sal_ta,permanentes,no_trabajadores,entidad
2018,20,W7,7127,7127,3737262.110000002,6153,0,Oaxaca
2018,1,W7,15232,15232,7974205.499999971,14264,0,Aguascalientes
2018,1,W13,2392,2392,2411839.7099999967,2256,0,Aguascalientes
2018,1,W21,517,517,853055.2999999996,495,0,Aguascalientes
2018,2,W6,44761,44761,19749294.41000002,39333,0,Baja California
2018,2,W16,3838,3838,4792337.6700000055,3639,0,Baja California
2018,11,W7,39400,39400,20640848.14,34158,0,Guanajuato
2018,11,W17,3394,3394,4511571.279999997,3120,0,Guanajuato
2018,11,W21,1567,1567,2588502.930000001,1430,0,Guanajuato
2018,12,W5,8885,8885,3185278.3199999947,6940,0,Guerrero
2018,12,W8,3792,3792,2290137.5600000042,3210,0,Guerrero
2018,12,W12,1315,1315,1215058.7800000003,975,0,Guerrero
2018,12,W18,501,501,706803.79,472,0,Guerrero
2018,12,W11,1504,1504,1271016.5799999998,1134,0,Guerrero
2018,14,W6,84753,84753,37379752.53999996,72792,0,Jalisco
2018,14,W10,33755,33755,25787926.609999992,31007,0,Jalisco
2018,14,W21,4181,4181,6907870.319999998,3894,0,Jalisco
2018,16,W10,5505,5505,4204170.529999996,4930,0,Michoacán de Ocampo
2018,16,W11,3688,3688,3124131.639999997,3138,0,Michoacán de Ocampo
2018,17,W13,1874,1874,1887958.8199999994,1670,0,Morelos
2018,17,W23,374,374,680806.8899999998,353,0,Morelos
2018,19,W3,317823,317823,63316888.86999996,281054,0,Nuevo León
2018,19,W11,22769,22769,19260687.149999995,20728,0,Nuevo León
2018,20,W10,3589,3589,2728671.739999999,3214,0,Oaxaca
2018,20,W14,1149,1149,1248019.6400000001,1012,0,Oaxaca
2018,21,W12,6740,6740,6228054.7999999905,5873,0,Puebla
2018,21,W25,9943,9943,20009319.53999999,9072,0,Puebla
2018,24,W14,3514,3514,3822753.460000001,2988,0,San Luis Potosí
2018,25,W10,4885,4885,3731231.5299999993,4366,0,Sinaloa
2018,25,W21,514,514,848354.9600000001,479,0,Sinaloa
2018,30,W18,3081,3081,4346418.620000001,2915,0,Veracruz de Ignacio de la Llave
2018,30,W22,1348,1348,2336258.7299999995,1297,0,Veracruz de Ignacio de la Llave
2018,30,,32395,0,0.0,32395,456365,Veracruz de Ignacio de la Llave
2018,31,,933,0,0.0,933,109631,Yucatán
2018,31,W13,1738,1738,1749651.8199999994,1603,0,Yucatán
2018,31,W12,1815,1815,1680349.0899999994,1657,0,Yucatán
2018,9,W3,528064,528064,104452142.48999916,437707,0,Ciudad de México
2018,9,W6,174676,174676,76927296.58999991,148317,0,Ciudad de México
2018,9,W7,145274,145274,75879946.64999984,124507,0,Ciudad de México
2018,9,W23,12190,12190,22107664.410000004,11351,0,Ciudad de México
2018,9,W17,26974,26974,35864263.02999999,24794,0,Ciudad de México
2018,26,W13,4255,4255,4286244.129999999,3797,0,Sonora
2018,26,W12,5352,5352,4952992.780000005,4731,0,Sonora
2018,15,W16,8890,8890,11080087.28,7996,0,Estado México
2018,28,W6,32848,32848,14459918.929999975,29094,0,Tamaulipas
2018,28,W7,28664,28664,15061773.620000007,26008,0,Tamaulipas
2018,28,W4,98976,98976,27519517.790000007,89094,0,Tamaulipas
2018,28,,3471,0,0.0,3471,162752,Tamaulipas
2018,28,W21,1398,1398,2306995.5700000003,1327,0,Tamaulipas
2018,28,W23,1076,1076,1951747.26,997,0,Tamaulipas
2018,3,W4,19291,19291,5398880.260000003,13376,0,Baja California Sur
2018,3,W24,300,300,567171.8,268,0,Baja California Sur
2018,13,W12,1823,1823,1686301.9100000006,1519,0,Hidalgo
2018,13,W10,3622,3622,2755958.4299999983,2899,0,Hidalgo
2018,13,W2,96078,96078,10953117.0299988,78978,0,Hidalgo
2018,13,W15,993,993,1162092.3899999994,824,0,Hidalgo
2018,4,,1014,0,0.0,1014,52047,Campeche
2018,4,W23,307,307,556830.2400000002,254,0,Campeche
2018,4,W14,1151,1151,1251108.6699999992,784,0,Campeche
2018,4,W13,1410,1410,1413142.33,1042,0,Campeche
2018,4,W22,346,346,599473.9899999999,288,0,Campeche
2018,5,W1,323,323,28388.58000000003,178,0,Coahuila de Zaragoza
2018,23,W3,78554,78554,15376474.519999959,51385,0,Quintana Roo
2018,23,W11,3446,3446,2915549.449999998,2616,0,Quintana Roo
2018,23,W23,400,400,725455.0499999999,319,0,Quintana Roo
2018,32,W3,37129,37129,7307149.970000026,31930,0,Zacatecas
2018,32,W16,765,765,953796.22,672,0,Zacatecas
2018,32,W23,290,290,526108.9799999999,262,0,Zacatecas
2018,6,W4,13640,13640,3778243.770000008,10100,0,Colima
2018,6,W8,3122,3122,1886068.8600000003,2487,0,Colima
2018,6,W15,810,810,951794.5,649,0,Colima
2018,6,W20,242,242,379592.5199999999,214,0,Colima
2018,6,W23,152,152,275735.37000000005,128,0,Colima
2018,6,W1,67,67,5882.519999999997,60,0,Colima
2018,27,W9,3063,3063,2092147.0999999992,2537,0,Tabasco
2018,27,W13,1137,1137,1143891.44,920,0,Tabasco
2018,27,W25,1856,1856,3733059.459999999,1753,0,Tabasco
2018,7,W17,800,800,1062603.9300000002,767,0,Chiapas
2018,7,W21,397,397,654772.2099999998,376,0,Chiapas
2018,7,W24,345,345,651745.3100000002,333,0,Chiapas
2018,8,,6751,0,0.0,6751,211993,Chihuahua
2018,8,W5,67688,67688,24320678.810000055,61020,0,Chihuahua
2018,8,W20,2673,2673,4195060.19,2572,0,Chihuahua
2018,8,W19,3020,3020,4507891.179999998,2877,0,Chihuahua
2018,18,W8,3259,3259,1968247.3300000008,2739,0,Nayarit
2018,18,W18,326,326,459930.8100000001,294,0,Nayarit
2018,18,W23,70,70,127076.47,61,0,Nayarit
2018,10,W6,9605,9605,4226653.140000002,8466,0,Durango
2018,10,W5,14856,14856,5328830.090000007,12888,0,Durango
2018,10,W7,7203,7203,3755073.3800000045,6491,0,Durango
2018,10,W9,3830,3830,2618221.839999999,3512,0,Durango
2018,10,W19,507,507,754313.27,486,0,Durango
2018,29,W17,346,346,460192.0400000004,318,0,Tlaxcala
2018,29,W14,580,580,630277.1400000007,503,0,Tlaxcala
2018,1,W4,35972,35972,10048161.649999993,32180,0,Aguascalientes
2018,1,W11,4262,4262,3608098.15,4068,0,Aguascalientes
2018,1,W23,386,386,699616.5099999998,368,0,Aguascalientes
2018,2,W18,3211,3211,4526228.170000002,2960,0,Baja California
2018,2,W15,4460,4460,5209105.85,4163,0,Baja California
2018,2,W7,30863,30863,16119816.059999973,28289,0,Baja California
2018,2,W11,10180,10180,8601541.510000017,9501,0,Baja California
2018,2,W24,1726,1726,3263369.7500000014,1667,0,Baja California
2018,2,W21,2343,2343,3867498.229999998,2218,0,Baja California
2018,11,W11,10411,10411,8793686.030000005,9170,0,Guanajuato
2018,11,W9,19015,19015,13057827.21,16815,0,Guanajuato
2018,11,W24,1375,1375,2600624.130000001,1231,0,Guanajuato
2018,12,W16,656,656,821147.71,573,0,Guerrero
2018,12,W10,2399,2399,1822500.13,1951,0,Guerrero
2018,12,W22,250,250,432569.78000000014,237,0,Guerrero
2018,14,W11,25816,25816,21762512.65999998,23539,0,Jalisco
2018,16,W8,12082,12082,7264132.20999999,10665,0,Michoacán de Ocampo
2018,16,W21,683,683,1129269.5399999996,573,0,Michoacán de Ocampo
2018,17,W10,3930,3930,2985631.5600000015,3462,0,Morelos
2018,17,W18,814,814,1148133.6499999994,770,0,Morelos
2018,17,W16,1171,1171,1458747.1000000006,1087,0,Morelos
2018,19,W13,15428,15428,15532046.100000007,14140,0,Nuevo León
2018,19,W16,9614,9614,12015438.420000002,8946,0,Nuevo León
2018,19,W21,4650,4650,7681774.399999996,4413,0,Nuevo León
2018,19,W15,10542,10542,12311861.309999991,9755,0,Nuevo León
2018,20,W2,94464,94464,10976748.159998704,83652,0,Oaxaca
2018,20,W5,10241,10241,3690866.0700000073,8483,0,Oaxaca
2018,20,W15,889,889,1036330.5200000014,775,0,Oaxaca
2018,20,W25,1088,1088,2187989.3099999987,1062,0,Oaxaca
2018,21,W13,5130,5130,5165476.349999999,4583,0,Puebla
2018,21,W1,391,391,34476.96000000002,336,0,Puebla
2018,24,W4,55885,55885,15604320.979999961,41713,0,San Luis Potosí
2018,24,W9,8352,8352,5704998.4799999995,7148,0,San Luis Potosí
2018,25,W25,3010,3010,6054823.8,2732,0,Sinaloa
2018,25,W16,1675,1675,2085329.8499999996,1549,0,Sinaloa
2018,25,W12,2875,2875,2663841.120000002,2556,0,Sinaloa
2018,25,W22,466,466,808088.6599999998,428,0,Sinaloa
2018,30,W11,14722,14722,12548209.359999998,13256,0,Veracruz de Ignacio de la Llave
2018,30,W15,5612,5612,6544473.909999998,5228,0,Veracruz de Ignacio de la Llave
2018,30,W25,8695,8695,17485534.749999996,8323,0,Veracruz de Ignacio de la Llave
2018,30,W1,397,397,34720.92000000001,328,0,Veracruz de Ignacio de la Llave
2018,31,W23,269,269,487636.89,257,0,Yucatán
2018,9,W22,13714,13714,23772655.18,12681,0,Ciudad de México
2018,26,W7,23850,23850,12491026.459999986,20340,0,Sonora
2018,26,W18,1867,1867,2632803.0300000003,1679,0,Sonora
2018,15,W6,90057,90057,39635447.22999994,75043,0,Estado México
2018,15,W17,6669,6669,8868243.99,6026,0,Estado México
2018,28,W22,1172,1172,2029889.9499999995,1111,0,Tamaulipas
2018,28,W24,1052,1052,1990020.9999999993,984,0,Tamaulipas
2018,13,W9,4315,4315,2943379.589999998,3222,0,Hidalgo
2018,13,W13,1393,1393,1399751.1699999997,1160,0,Hidalgo
2018,13,W19,557,557,829268.5000000002,492,0,Hidalgo
2018,13,W21,309,309,510111.7200000002,275,0,Hidalgo
2018,4,W25,3416,3416,6872625.12,2882,0,Campeche
2018,4,W11,1720,1720,1453406.67,1271,0,Campeche
2018,4,W18,753,753,1064315.3399999992,625,0,Campeche
2018,5,W9,18602,18602,12691755.679999977,16308,0,Coahuila de Zaragoza
2018,22,W1,300,300,26491.600000000042,260,0,Querétaro
2018,32,W2,66111,66111,7654466.719999699,56974,0,Zacatecas
2018,32,W7,8819,8819,4620489.059999993,7393,0,Zacatecas
2018,6,W25,843,843,1694748.24,753,0,Colima
2018,6,W22,168,168,290805.41,139,0,Colima
2018,27,W2,75915,75915,8568192.869999325,65575,0,Tabasco
2018,27,W7,4984,4984,2605330.3999999953,4051,0,Tabasco
2018,27,W1,59,59,5201.559999999996,33,0,Tabasco
2018,27,W23,226,226,409493.3899999999,208,0,Tabasco
2018,7,W15,988,988,1157373.43,909,0,Chiapas
2018,7,W7,7848,7848,4100312.259999993,6930,0,Chiapas
2018,18,,5482,0,0.0,5482,78457,Nayarit
2018,29,W2,36453,36453,4253346.810000093,27625,0,Tlaxcala
2018,29,W4,13507,13507,3746634.330000009,9616,0,Tlaxcala
2018,29,W5,7292,7292,2617194.3200000003,5742,0,Tlaxcala
2018,29,W15,449,449,525562.5200000001,405,0,Tlaxcala
2018,1,W20,627,627,983783.7999999996,597,0,Aguascalientes
2018,1,W18,1118,1118,1574024.7300000004,1061,0,Aguascalientes
2018,2,W8,22220,22220,13422995.230000027,20225,0,Baja California
2018,2,W19,2825,2825,4213135.090000002,2601,0,Baja California
2018,2,W23,1823,1823,3304277.4700000016,1744,0,Baja California
2018,11,W12,8192,8192,7581954.74,7200,0,Guanajuato
2018,12,W2,75892,75892,8539447.98999991,62680,0,Guerrero
2018,12,W13,1047,1047,1053572.3299999996,806,0,Guerrero
2018,14,W17,7694,7694,10222854.729999993,7079,0,Jalisco
2018,16,W6,25946,25946,11582642.310000004,22583,0,Michoacán de Ocampo
2018,17,W12,2386,2386,2210061.719999998,2117,0,Morelos
2018,19,W19,6272,6272,9341676.370000001,5917,0,Nuevo León
2018,19,W6,101376,101376,44643625.980000146,90582,0,Nuevo León
2018,19,W20,5235,5235,8221248.55,4910,0,Nuevo León
2018,20,W8,5851,5851,3538717.110000004,5077,0,Oaxaca
2018,20,W18,526,526,741427.6299999995,504,0,Oaxaca
2018,21,W3,113273,113273,22442746.720000174,88248,0,Puebla
2018,21,W4,62104,62104,17316093.099999957,50938,0,Puebla
2018,24,W11,4977,4977,4211787.849999998,4143,0,San Luis Potosí
2018,30,W16,4675,4675,5838833.1499999985,4403,0,Veracruz de Ignacio de la Llave
2018,31,W4,28125,28125,7831299.12,24065,0,Yucatán
2018,31,W16,1079,1079,1354417.96,1013,0,Yucatán
2018,31,W25,2425,2425,4876312.91,2354,0,Yucatán
2018,9,W9,86445,86445,59129267.640000075,75992,0,Ciudad de México
2018,9,W1,1503,1503,132232.7200000003,1256,0,Ciudad de México
2018,26,,2531,0,0.0,2531,184098,Sonora
2018,26,W3,133963,133963,26464872.929999873,113162,0,Sonora
2018,26,W1,428,428,37276.91,350,0,Sonora
2018,26,W25,5896,5896,11860442.09,5529,0,Sonora
2018,26,W10,7678,7678,5861266.270000001,6688,0,Sonora
2018,26,W5,37770,37770,13580943.529999983,32181,0,Sonora
2018,15,W22,3161,3161,5477439.500000002,2846,0,Estado México
2018,28,W11,7437,7437,6283660.029999995,6577,0,Tamaulipas
2018,28,W14,4156,4156,4518515.240000001,3798,0,Tamaulipas
2018,28,W20,1509,1509,2370636.709999999,1427,0,Tamaulipas
2018,5,W3,166268,166268,33378377.189999875,146839,0,Coahuila de Zaragoza
2018,3,W15,883,883,1031110.8899999994,690,0,Baja California Sur
2018,3,W14,1074,1074,1166095.2799999989,837,0,Baja California Sur
2018,13,W25,1895,1895,3810769.74,1730,0,Hidalgo
2018,5,W7,36827,36827,19235579.10999997,32553,0,Coahuila de Zaragoza
2018,3,W19,488,488,726910.3399999999,395,0,Baja California Sur
2018,4,W20,461,461,724056.7100000002,383,0,Campeche
2018,4,W17,787,787,1047462.8600000006,622,0,Campeche
2018,5,W5,66869,66869,24063287.370000113,58376,0,Coahuila de Zaragoza
2018,5,W14,5578,5578,6058487.0399999935,4873,0,Coahuila de Zaragoza
2018,5,W13,6907,6907,6954881.07,6049,0,Coahuila de Zaragoza
2018,5,W22,1504,1504,2606057.9799999995,1415,0,Coahuila de Zaragoza
2018,22,W2,170143,170143,20058038.559999634,140876,0,Querétaro
2018,23,W13,2033,2033,2046210.7099999983,1535,0,Quintana Roo
2018,23,W14,1634,1634,1774205.000000003,1216,0,Quintana Roo
2018,23,W25,3725,3725,7495577.150000002,3005,0,Quintana Roo
2018,23,W7,11646,11646,6073714.7699999735,7962,0,Quintana Roo
2018,23,W8,8629,8629,5206688.800000008,6050,0,Quintana Roo
2018,23,W24,458,458,866046.0499999999,380,0,Quintana Roo
2018,6,W6,5693,5693,2512648.48,4214,0,Colima
2018,6,W10,1775,1775,1357016.3300000005,1401,0,Colima
2018,6,W9,2191,2191,1499225.1600000008,1744,0,Colima
2018,6,W18,416,416,586930.41,373,0,Colima
2018,6,W19,348,348,518293.9100000002,312,0,Colima
2018,27,,3794,0,0.0,3794,155045,Tabasco
2018,27,W3,29814,29814,5877344.940000017,23967,0,Tabasco
2018,27,W22,253,253,438398.5499999999,234,0,Tabasco
2018,7,W13,1662,1662,1674696.3099999987,1523,0,Chiapas
2018,7,W25,1268,1268,2549869.9700000007,1226,0,Chiapas
2018,8,W12,8505,8505,7871055.729999999,7885,0,Chihuahua
2018,8,W10,13104,13104,10008283.920000006,12047,0,Chihuahua
2018,8,W11,10522,10522,8890232.950000005,9686,0,Chihuahua
2018,8,W21,2117,2117,3495973.8599999994,2032,0,Chihuahua
2018,18,W5,8709,8709,3135605.9699999974,5882,0,Nayarit
2018,18,W17,357,357,474719.2999999999,315,0,Nayarit
2018,10,W24,243,243,459254.97999999986,236,0,Durango
2018,10,W23,242,242,438957.2600000001,236,0,Durango
2018,10,W22,308,308,533892.3399999999,289,0,Durango
2018,29,W23,100,100,181522.50000000003,95,0,Tlaxcala
2018,25,,5776,0,0.0,5776,284554,Sinaloa
2018,1,W2,114056,114056,12766748.019998983,103119,0,Aguascalientes
2018,1,W3,59359,59359,11746207.410000017,53649,0,Aguascalientes
2018,2,W4,127980,127980,35556221.13000011,119731,0,Baja California
2018,2,W5,69852,69852,25042351.66000006,64239,0,Baja California
2018,11,W14,5140,5140,5586327.659999995,4565,0,Guanajuato
2018,11,W1,639,639,56382.14000000013,596,0,Guanajuato
2018,14,W16,9866,9866,12307198.960000005,9050,0,Jalisco
2018,14,W1,2503,2503,210903.6900000002,2395,0,Jalisco
2018,14,,17659,0,0.0,17659,403444,Jalisco
2018,16,W12,3294,3294,3040495.3099999987,2846,0,Michoacán de Ocampo
2018,17,W21,425,425,702551.1000000001,399,0,Morelos
2018,17,W19,606,606,903102.0700000001,570,0,Morelos
2018,19,W25,38403,38403,77269731.03999996,36555,0,Nuevo León
2018,19,W23,3747,3747,6797271.080000001,3578,0,Nuevo León
2018,19,W4,213380,213380,59688865.43000024,187148,0,Nuevo León
2018,19,W5,145275,145275,52188508.12000019,128258,0,Nuevo León
2018,19,W7,85756,85756,44919164.67999985,77672,0,Nuevo León
2018,19,W17,8927,8927,11860885.769999994,8353,0,Nuevo León
2018,20,W11,2413,2413,2028236.1600000004,2110,0,Oaxaca
2018,20,W13,1316,1316,1325779.7799999989,1163,0,Oaxaca
2018,20,W21,220,220,363502.1700000003,202,0,Oaxaca
2018,20,W24,162,162,306715.16,157,0,Oaxaca
2018,20,W1,111,111,9785.540000000008,31,0,Oaxaca
2018,20,W22,214,214,370752.06000000023,203,0,Oaxaca
2018,21,W5,39588,39588,14243984.100000009,33213,0,Puebla
2018,21,W21,1036,1036,1711568.3500000008,918,0,Puebla
2018,24,W6,41694,41694,19031590.79000004,37827,0,San Luis Potosí
2018,24,W25,6442,6442,12960345.0,5906,0,San Luis Potosí
2018,24,W13,3336,3336,3357938.3000000035,2863,0,San Luis Potosí
2018,25,W4,49293,49293,13777172.099999947,39785,0,Sinaloa
2018,25,W15,1654,1654,1935891.1900000009,1464,0,Sinaloa
2018,25,W1,221,221,19409.75000000002,212,0,Sinaloa
2018,30,W14,6014,6014,6539055.720000005,5415,0,Veracruz de Ignacio de la Llave
2018,31,W2,161474,161474,17964660.259998925,144341,0,Yucatán
2018,31,W15,1121,1121,1307642.5100000007,1023,0,Yucatán
2018,31,W11,2348,2348,1986166.5499999993,2162,0,Yucatán
2018,31,W20,520,520,817384.6599999998,494,0,Yucatán
2018,9,W2,1197567,1197567,136072777.65000343,1041106,0,Ciudad de México
2018,9,W14,37646,37646,40908464.79000001,33574,0,Ciudad de México
2018,26,W4,67373,67373,18740431.969999984,57942,0,Sonora
2018,26,W19,1438,1438,2139071.499999999,1307,0,Sonora
2018,26,W16,3028,3028,3775294.2299999977,2715,0,Sonora
2018,26,W11,6993,6993,5908891.130000002,5956,0,Sonora
2018,26,W23,790,790,1431898.3800000004,720,0,Sonora
2018,28,W12,5915,5915,5476906.270000001,5300,0,Tamaulipas
2018,28,W10,9574,9574,7302495.070000005,8426,0,Tamaulipas
2018,3,W17,645,645,857316.9100000006,524,0,Baja California Sur
2018,13,W7,10131,10131,5326731.319999991,7242,0,Hidalgo
2018,13,W6,10280,10280,4537672.079999992,7579,0,Hidalgo
2018,13,W16,1023,1023,1274003.4899999998,893,0,Hidalgo
2018,13,W18,797,797,1121839.4299999992,679,0,Hidalgo
2018,13,W24,290,290,548682.0699999998,265,0,Hidalgo
2018,13,W22,285,285,493996.6999999999,251,0,Hidalgo
2018,5,W4,98142,98142,27337632.74999997,85177,0,Coahuila de Zaragoza
2018,4,W3,18967,18967,3745861.7200000198,15540,0,Campeche
2018,4,W16,709,709,886000.2400000003,541,0,Campeche
2018,4,W8,3593,3593,2163444.870000003,2730,0,Campeche
2018,4,W1,23,23,2032.2799999999988,21,0,Campeche
2018,5,W6,47376,47376,20882456.390000008,41496,0,Coahuila de Zaragoza
2018,5,W19,2328,2328,3467922.38,2186,0,Coahuila de Zaragoza
2018,22,W14,5433,5433,5901748.659999996,4662,0,Querétaro
2018,22,W17,3386,3386,4499892.239999997,3039,0,Querétaro
2018,22,W20,2174,2174,3412449.9000000004,1953,0,Querétaro
2018,22,W22,2247,2247,3884695.2199999983,2080,0,Querétaro
2018,22,,893,0,0.0,893,119786,Querétaro
2018,23,W17,989,989,1314048.2499999998,757,0,Quintana Roo
2018,32,W12,1778,1778,1642180.0500000007,1513,0,Zacatecas
2018,32,W21,276,276,455457.86000000034,249,0,Zacatecas
2018,6,W13,819,819,824041.94,576,0,Colima
2018,27,W5,9594,9594,3449025.94,7624,0,Tabasco
2018,27,W11,1741,1741,1473240.1900000009,1478,0,Tabasco
2018,27,W17,568,568,755682.9300000006,492,0,Tabasco
2018,27,W18,578,578,814745.5000000006,522,0,Tabasco
2018,7,W16,1227,1227,1532727.9000000006,1190,0,Chiapas
2018,7,W20,479,479,751325.1999999998,462,0,Chiapas
2018,7,W8,6980,6980,4193071.0200000056,6414,0,Chiapas
2018,8,W3,240356,240356,48074892.63000001,218187,0,Chihuahua
2018,8,W14,5691,5691,6190804.750000002,5238,0,Chihuahua
2018,8,W17,3673,3673,4879132.150000003,3443,0,Chihuahua
2018,18,W2,58592,58592,6619267.56999959,48620,0,Nayarit
2018,18,W9,2369,2369,1616950.1800000016,2064,0,Nayarit
2018,10,W2,114859,114859,13169327.239999702,104342,0,Durango
2018,10,W12,1842,1842,1705780.42,1653,0,Durango
2018,10,W18,739,739,1041993.6399999999,692,0,Durango
2018,29,W6,5010,5010,2222256.0800000015,4187,0,Tlaxcala
2018,29,W16,486,486,605966.8199999997,459,0,Tlaxcala
2018,29,W24,126,126,238582.08999999988,116,0,Tlaxcala
2018,29,W21,146,146,240701.72,140,0,Tlaxcala
2018,29,W19,207,207,308044.7199999999,194,0,Tlaxcala
2018,1,W6,18372,18372,8114337.6499999855,17311,0,Aguascalientes
2018,1,W8,10018,10018,6034485.68999999,9395,0,Aguascalientes
2018,1,W25,3300,3300,6639043.249999998,3235,0,Aguascalientes
2018,1,W22,456,456,790998.7900000004,438,0,Aguascalientes
2018,2,,2067,0,0.0,2067,189447,Baja California
2018,2,W13,6635,6635,6683022.000000005,6178,0,Baja California
2018,2,W1,792,792,69518.4100000002,686,0,Baja California
2018,11,W8,23941,23941,14431055.790000008,20820,0,Guanajuato
2018,11,W3,216683,216683,42788865.599999875,178297,0,Guanajuato
2018,11,W2,380450,380450,44001347.189998314,334067,0,Guanajuato
2018,11,W13,6302,6302,6342311.759999995,5570,0,Guanajuato
2018,11,W19,2241,2241,3337826.299999999,2043,0,Guanajuato
2018,12,W25,1913,1913,3849421.2399999998,1841,0,Guerrero
2018,12,W15,700,700,816568.21,600,0,Guerrero
2018,14,W4,199657,199657,55830928.280000396,165977,0,Jalisco
2018,17,W25,2240,2240,4506279.609999999,2133,0,Morelos
2018,17,W9,4668,4668,3200302.7700000033,4080,0,Morelos
2018,17,W17,894,894,1186996.8600000003,843,0,Morelos
2018,19,W14,12630,12630,13726840.259999992,11665,0,Nuevo León
2018,19,W18,7582,7582,10681980.560000006,7146,0,Nuevo León
2018,20,W6,8411,8411,3702860.289999989,6929,0,Oaxaca
2018,20,W12,1726,1726,1599691.2300000011,1467,0,Oaxaca
2018,20,W19,419,419,623323.7399999995,377,0,Oaxaca
2018,20,W20,288,288,451736.36999999994,269,0,Oaxaca
2018,21,W19,1606,1606,2390304.4699999997,1422,0,Puebla
2018,24,W5,35837,35837,12887515.959999971,28955,0,San Luis Potosí
2018,25,W24,457,457,864429.3500000001,423,0,Sinaloa
2018,30,W5,48964,48964,17667597.770000003,41328,0,Veracruz de Ignacio de la Llave
2018,30,W20,1935,1935,3038815.3399999994,1810,0,Veracruz de Ignacio de la Llave
2018,30,W17,4106,4106,5450808.1999999955,3890,0,Veracruz de Ignacio de la Llave
2018,31,W5,16729,16729,6019090.579999993,15107,0,Yucatán
2018,31,W18,786,786,1105906.85,757,0,Yucatán
2018,31,W22,371,371,642839.1499999999,362,0,Yucatán
2018,9,W4,334963,334963,93821886.49000028,277346,0,Ciudad de México
2018,9,W10,72650,72650,55510352.79000004,63029,0,Ciudad de México
2018,9,W16,31335,31335,39076192.84000008,28510,0,Ciudad de México
2018,9,W15,31872,31872,37239664.06999998,28812,0,Ciudad de México
2018,26,W14,3516,3516,3819127.55,2962,0,Sonora
2018,26,W21,1119,1119,1848585.35,1036,0,Sonora
2018,15,W4,207139,207139,57595654.29000031,165935,0,Estado México
2018,15,W5,131462,131462,47252846.100000046,106883,0,Estado México
2018,15,W7,71803,71803,37578691.28999996,61071,0,Estado México
2018,28,W9,12314,12314,8413554.349999996,11041,0,Tamaulipas
2018,28,W25,7530,7530,15141230.079999998,7038,0,Tamaulipas
2018,28,W17,2685,2685,3565257.100000002,2519,0,Tamaulipas
2018,28,W13,5045,5045,5079856.3599999985,4538,0,Tamaulipas
2018,28,W1,309,309,27074.030000000006,230,0,Tamaulipas
2018,3,W1,161,161,14172.839999999995,152,0,Baja California Sur
2018,3,W6,8147,8147,3569224.850000002,5658,0,Baja California Sur
2018,3,W10,2713,2713,2073762.120000002,2007,0,Baja California Sur
2018,3,W9,4174,4174,2846101.7799999984,3248,0,Baja California Sur
2018,13,W11,2250,2250,1898555.7600000014,1848,0,Hidalgo
2018,3,W21,488,488,804650.6300000002,442,0,Baja California Sur
2018,3,W16,655,655,817530.0700000004,528,0,Baja California Sur
2018,5,W17,3369,3369,4478579.950000001,3079,0,Coahuila de Zaragoza
2018,22,W8,19622,19622,11849455.520000007,16084,0,Querétaro
2018,22,W12,7398,7398,6849101.859999991,6356,0,Querétaro
2018,23,,1407,0,0.0,1407,72866,Quintana Roo
2018,23,W10,4945,4945,3770556.459999996,3592,0,Quintana Roo
2018,23,W9,6451,6451,4403257.040000002,4473,0,Quintana Roo
2018,32,W15,805,805,943894.5800000003,677,0,Zacatecas
2018,6,W14,888,888,962887.6299999992,672,0,Colima
2018,27,W14,821,821,891700.4199999996,711,0,Tabasco
2018,7,W3,35771,35771,7051471.349999985,30834,0,Chiapas
2018,7,W12,2297,2297,2127970.979999999,2115,0,Chiapas
2018,7,W1,90,90,7891.969999999989,82,0,Chiapas
2018,7,W6,10280,10280,4538029.990000008,9216,0,Chiapas
2018,7,W22,334,334,578625.5700000002,323,0,Chiapas
2018,8,W4,120452,120452,33421284.049999997,108818,0,Chihuahua
2018,18,W10,1689,1689,1290715.4200000006,1461,0,Nayarit
2018,18,W11,1206,1206,1019184.5800000009,1020,0,Nayarit
2018,18,W1,124,124,10937.839999999998,117,0,Nayarit
2018,18,W19,205,205,305600.84999999986,182,0,Nayarit
2018,10,W4,23914,23914,6657334.660000006,20868,0,Durango
2018,10,W10,2792,2792,2127874.6999999997,2561,0,Durango
2018,29,W18,353,353,498051.0400000007,339,0,Tlaxcala
2018,29,W20,178,178,279634.45999999996,165,0,Tlaxcala
2018,1,W15,1657,1657,1937410.4000000008,1527,0,Aguascalientes
2018,14,W18,7003,7003,9861250.260000004,6541,0,Jalisco
2018,2,W14,5504,5504,5980157.99000001,5135,0,Baja California
2018,2,W17,3488,3488,4634799.189999996,3284,0,Baja California
2018,11,W23,1161,1161,2106690.2199999997,1050,0,Guanajuato
2018,12,W4,14464,14464,4021574.509999997,10729,0,Guerrero
2018,12,W6,6497,6497,2868182.969999999,5046,0,Guerrero
2018,12,W14,893,893,970143.1299999999,731,0,Guerrero
2018,12,W7,4883,4883,2549277.4200000023,4039,0,Guerrero
2018,12,W19,453,453,674956.4700000001,413,0,Guerrero
2018,12,W1,54,54,4700.939999999998,51,0,Guerrero
2018,14,W2,621210,621210,73156383.19999616,528209,0,Jalisco
2018,14,W13,14759,14759,14845237.020000007,13244,0,Jalisco
2018,14,W20,5227,5227,8219475.199999997,4840,0,Jalisco
2018,14,W22,3639,3639,6304949.540000001,3408,0,Jalisco
2018,16,W9,6579,6579,4496759.5699999975,5754,0,Michoacán de Ocampo
2018,16,W4,42728,42728,11941422.079999939,33056,0,Michoacán de Ocampo
2018,16,W14,1953,1953,2120579.170000001,1685,0,Michoacán de Ocampo
2018,16,W13,2389,2389,2403221.8799999976,2167,0,Michoacán de Ocampo
2018,16,W25,5293,5293,10636055.07,4758,0,Michoacán de Ocampo
2018,16,W20,751,751,1181855.1199999999,651,0,Michoacán de Ocampo
2018,16,W23,814,814,1477072.2900000005,701,0,Michoacán de Ocampo
2018,17,W8,6396,6396,3858370.750000001,5619,0,Morelos
2018,17,W14,1557,1557,1690161.09,1357,0,Morelos
2018,17,W1,227,227,20005.990000000027,154,0,Morelos
2018,19,W10,28843,28843,22046268.69,26266,0,Nuevo León
2018,19,W24,4379,4379,8283151.990000002,4213,0,Nuevo León
2018,20,W16,840,840,1049623.9599999993,785,0,Oaxaca
2018,21,,4787,0,0.0,4787,395125,Puebla
2018,21,W10,8251,8251,6291358.429999996,6941,0,Puebla
2018,21,W15,3161,3161,3696419.2299999995,2842,0,Puebla
2018,21,W14,3937,3937,4274338.580000004,3464,0,Puebla
2018,21,W20,1265,1265,1986362.4000000008,1135,0,Puebla
2018,24,W16,2511,2511,3132313.3699999964,2214,0,San Luis Potosí
2018,24,W18,1697,1697,2392169.8700000006,1519,0,San Luis Potosí
2018,24,W21,979,979,1615980.6400000008,879,0,San Luis Potosí
2018,24,W1,151,151,13295.359999999993,108,0,San Luis Potosí
2018,25,W2,243343,243343,28323207.05999908,214310,0,Sinaloa
2018,25,W13,2375,2375,2391359.2099999976,2136,0,Sinaloa
2018,25,W17,1203,1203,1597668.479999998,1128,0,Sinaloa
2018,30,W7,35055,35055,18209534.95000001,29686,0,Veracruz de Ignacio de la Llave
2018,30,W4,62304,62304,17409382.409999944,51494,0,Veracruz de Ignacio de la Llave
2018,30,W24,1387,1387,2626631.2699999996,1324,0,Veracruz de Ignacio de la Llave
2018,31,W6,11393,11393,5011227.809999993,10140,0,Yucatán
2018,31,W10,3643,3643,2779174.089999999,3355,0,Yucatán
2018,31,W19,769,769,1145569.6900000002,736,0,Yucatán
2018,31,W1,306,306,26905.310000000012,214,0,Yucatán
2018,9,W18,23835,23835,33571458.00999994,21915,0,Ciudad de México
2018,9,W20,16694,16694,26221551.61999999,15373,0,Ciudad de México
2018,26,W24,928,928,1755059.7799999998,858,0,Sonora
2018,15,W10,25515,25515,19467530.850000016,21993,0,Estado México
2018,15,W8,47132,47132,28451098.780000012,39907,0,Estado México
2018,15,W21,3416,3416,5640946.12,3122,0,Estado México
2018,28,W5,57496,57496,20523508.40000002,51759,0,Tamaulipas
2018,3,W2,71579,71579,8725114.179999923,50606,0,Baja California Sur
2018,3,W5,12060,12060,4331387.449999989,8467,0,Baja California Sur
2018,3,W8,4417,4417,2663600.909999994,3346,0,Baja California Sur
2018,3,W25,1942,1942,3905927.2600000007,1738,0,Baja California Sur
2018,3,W20,534,534,838187.3400000005,467,0,Baja California Sur
2018,3,W18,612,612,861643.6700000009,481,0,Baja California Sur
2018,13,W17,762,762,1012401.4699999995,660,0,Hidalgo
2018,4,W2,46673,46673,5339172.730000015,37504,0,Campeche
2018,4,W5,8400,8400,3039172.6400000043,6818,0,Campeche
2018,5,W10,13944,13944,10643777.549999986,12081,0,Coahuila de Zaragoza
2018,22,W11,9247,9247,7828821.470000008,7817,0,Querétaro
2018,22,W7,27366,27366,14311583.579999976,22932,0,Querétaro
2018,22,W16,4189,4189,5222669.589999996,3694,0,Querétaro
2018,22,W15,4246,4246,4959164.820000003,3648,0,Querétaro
2018,23,W4,41583,41583,11619852.26999999,27372,0,Quintana Roo
2018,23,W6,17429,17429,7662248.25999999,11681,0,Quintana Roo
2018,23,W22,490,490,848211.4000000005,416,0,Quintana Roo
2018,23,W1,56,56,4941.769999999999,52,0,Quintana Roo
2018,32,,609,0,0.0,609,83995,Zacatecas
2018,32,W5,14190,14190,5126894.549999997,11991,0,Zacatecas
2018,32,W6,9588,9588,4215723.609999996,8210,0,Zacatecas
2018,32,W25,4882,4882,9831833.95,4267,0,Zacatecas
2018,6,W24,141,141,266377.98,127,0,Colima
2018,27,W4,15539,15539,4315128.199999999,12191,0,Tabasco
2018,7,W9,4135,4135,2821787.549999997,3742,0,Chiapas
2018,8,W6,42647,42647,18773086.309999984,38644,0,Chihuahua
2018,8,W22,1843,1843,3189319.1499999994,1788,0,Chihuahua
2018,8,W18,3138,3138,4421500.990000002,2994,0,Chihuahua
2018,8,W25,10815,10815,21747223.550000004,10560,0,Chihuahua
2018,18,W12,1030,1030,954028.7700000007,922,0,Nayarit
2018,18,W13,718,718,723175.1599999988,640,0,Nayarit
2018,18,W22,138,138,238487.78999999992,119,0,Nayarit
2018,10,W11,2178,2178,1844466.3900000001,1960,0,Durango
2018,10,W14,1292,1292,1401720.2500000007,1167,0,Durango
2018,10,W21,336,336,553541.8099999999,321,0,Durango
2018,10,W15,1067,1067,1249611.2200000004,939,0,Durango
2018,10,W16,1103,1103,1375159.4899999995,1017,0,Durango
2018,29,W7,3231,3231,1685552.48,2800,0,Tlaxcala
2018,29,W1,17,17,1502.1199999999994,13,0,Tlaxcala
2018,16,W5,26180,26180,9445327.490000011,21771,0,Michoacán de Ocampo
2018,1,,1281,0,0.0,1281,90091,Aguascalientes
2018,1,W9,8312,8312,5658312.659999999,7902,0,Aguascalientes
2018,1,W14,2216,2216,2406601.710000001,2059,0,Aguascalientes
2018,1,W1,421,421,35398.99000000004,410,0,Aguascalientes
2018,2,W2,251561,251561,30230695.619999133,228794,0,Baja California
2018,2,W3,229935,229935,45701424.26000015,206844,0,Baja California
2018,2,W22,1997,1997,3461142.1199999973,1916,0,Baja California
2018,11,W16,4213,4213,5256205.040000001,3863,0,Guanajuato
2018,11,W20,1933,1933,3036298.0500000017,1760,0,Guanajuato
2018,12,W9,2939,2939,2002658.1900000006,2592,0,Guerrero
2018,14,W3,351244,351244,69782472.5099999,284147,0,Jalisco
2018,14,W14,12511,12511,13604187.920000004,11104,0,Jalisco
2018,16,W7,18056,18056,9421057.289999997,15438,0,Michoacán de Ocampo
2018,17,W11,3110,3110,2627600.5800000015,2796,0,Morelos
2018,19,W8,53530,53530,32248118.56999999,47237,0,Nuevo León
2018,19,W12,17869,17869,16539648.649999991,16214,0,Nuevo León
2018,20,W4,19521,19521,5379639.179999975,16535,0,Oaxaca
2018,21,W9,10713,10713,7310059.499999993,8827,0,Puebla
2018,24,W3,82445,82445,16512072.45999995,58794,0,San Luis Potosí
2018,24,W12,3985,3985,3693086.3699999973,3388,0,San Luis Potosí
2018,25,W3,105291,105291,20561393.55999982,81770,0,Sinaloa
2018,25,W5,37246,37246,13368358.669999992,32266,0,Sinaloa
2018,25,W23,430,430,780481.3500000001,389,0,Sinaloa
2018,25,W6,21204,21204,9355882.120000016,17312,0,Sinaloa
2018,25,W8,10054,10054,6072296.07,8917,0,Sinaloa
2018,30,W9,29300,29300,19742032.160000026,26662,0,Veracruz de Ignacio de la Llave
2018,30,W3,107520,107520,21325670.14,89053,0,Veracruz de Ignacio de la Llave
2018,30,W19,2956,2956,4413212.469999999,2822,0,Veracruz de Ignacio de la Llave
2018,31,W3,59689,59689,11696206.110000046,51360,0,Yucatán
2018,31,W7,56260,56260,30612615.01999999,55369,0,Yucatán
2018,31,W8,6583,6583,3959495.1899999985,5914,0,Yucatán
2018,31,W14,1484,1484,1613158.3000000012,1315,0,Yucatán
2018,31,W9,4981,4981,3402397.6999999983,4569,0,Yucatán
2018,31,W17,1140,1140,1512140.44,1102,0,Yucatán
2018,31,W21,464,464,765338.8199999998,451,0,Yucatán
2018,9,W13,41368,41368,41684243.339999944,37111,0,Ciudad de México
2018,26,W22,835,835,1447998.4099999997,784,0,Sonora
2018,15,W18,5947,5947,8379542.73,5420,0,Estado México
2018,15,W2,569799,569799,65053852.75999556,473644,0,Estado México
2018,15,W12,15460,15460,14299441.229999999,13305,0,Estado México
2018,15,W23,2775,2775,5032714.81,2559,0,Estado México
2018,28,W2,203291,203291,23730812.149998818,177650,0,Tamaulipas
2018,28,W15,3462,3462,4043759.2600000007,3169,0,Tamaulipas
2018,28,W18,2128,2128,2997303.4000000013,1982,0,Tamaulipas
2018,3,,408,0,0.0,408,51362,Baja California Sur
2018,3,W11,2256,2256,1905784.0799999984,1779,0,Baja California Sur
2018,13,W5,15646,15646,5613647.019999992,11810,0,Hidalgo
2018,13,W23,250,250,453266.36999999976,219,0,Hidalgo
2018,4,W6,6417,6417,2837274.9600000014,5048,0,Campeche
2018,4,W4,11041,11041,3092318.2799999965,8988,0,Campeche
2018,5,,1154,0,0.0,1154,103408,Coahuila de Zaragoza
2018,5,W20,1962,1962,3081613.050000003,1812,0,Coahuila de Zaragoza
2018,5,W11,10851,10851,9168206.77,9281,0,Coahuila de Zaragoza
2018,5,W12,8277,8277,7659509.989999999,7178,0,Coahuila de Zaragoza
2018,5,W25,10213,10213,20543602.130000006,9775,0,Coahuila de Zaragoza
2018,5,W16,4238,4238,5285599.8999999985,3790,0,Coahuila de Zaragoza
2018,22,W13,6651,6651,6699258.529999995,5791,0,Querétaro
2018,22,W24,1616,1616,3055265.4499999997,1465,0,Querétaro
2018,23,W2,240375,240375,27510751.479999956,173212,0,Quintana Roo
2018,23,W21,633,633,1044302.1499999997,560,0,Quintana Roo
2018,32,W9,4247,4247,2891275.8699999955,3471,0,Zacatecas
2018,32,W10,3040,3040,2321266.3199999984,2608,0,Zacatecas
2018,32,W24,238,238,450783.77999999997,205,0,Zacatecas
2018,32,W1,110,110,9691.4,78,0,Zacatecas
2018,6,W16,562,562,701016.7200000002,496,0,Colima
2018,27,W6,6194,6194,2731029.6099999985,5046,0,Tabasco
2018,7,,5945,0,0.0,5945,186504,Chiapas
2018,7,W2,102034,102034,11557984.639998721,90174,0,Chiapas
2018,7,W14,1509,1509,1644059.0899999994,1361,0,Chiapas
2018,7,W10,4202,4202,3213471.1899999995,3905,0,Chiapas
2018,7,W23,317,317,576013.8800000002,303,0,Chiapas
2018,8,W2,254571,254571,30321379.029998485,224350,0,Chihuahua
2018,18,W3,25723,25723,5077550.090000014,17682,0,Nayarit
2018,18,W14,602,602,653569.4699999997,508,0,Nayarit
2018,18,W24,94,94,177679.38999999998,85,0,Nayarit
2018,18,W16,516,516,642943.6099999998,470,0,Nayarit
2018,18,W20,150,150,235860.66000000006,134,0,Nayarit
2018,10,,873,0,0.0,873,82301,Durango
2018,29,W10,1187,1187,907652.9200000006,1032,0,Tlaxcala
2018,29,W25,764,764,1535751.62,697,0,Tlaxcala
2018,29,W12,726,726,673380.2800000005,623,0,Tlaxcala
2018,29,W11,937,937,791445.0699999997,830,0,Tlaxcala
2018,14,W15,10098,10098,11805370.059999995,9013,0,Jalisco
2018,1,W24,431,431,814343.03,421,0,Aguascalientes
2018,1,W16,1654,1654,2065876.8000000024,1578,0,Aguascalientes
2018,1,W17,1124,1124,1493660.679999999,1053,0,Aguascalientes
2018,2,W10,13042,13042,9945391.589999992,12180,0,Baja California
2018,11,W4,118486,118486,33019082.380000062,99974,0,Guanajuato
2018,11,W5,67157,67157,24090569.060000062,57822,0,Guanajuato
2018,11,W10,14042,14042,10736847.440000013,12419,0,Guanajuato
2018,11,W18,2888,2888,4069743.7600000026,2645,0,Guanajuato
2018,11,,1060,0,0.0,1060,254286,Guanajuato
2018,12,W3,28375,28375,5617432.790000014,19832,0,Guerrero
2018,12,W23,149,149,269948.46,136,0,Guerrero
2018,12,W21,271,271,447340.39999999997,251,0,Guerrero
2018,14,W9,41350,41350,28317758.209999986,37537,0,Jalisco
2018,14,W25,24102,24102,48473191.2,22628,0,Jalisco
2018,16,W2,190860,190860,21521369.499997295,155315,0,Michoacán de Ocampo
2018,16,,7252,0,0.0,7252,238404,Michoacán de Ocampo
2018,16,W17,1286,1286,1710273.06,1187,0,Michoacán de Ocampo
2018,17,,5328,0,0.0,5328,102037,Morelos
2018,17,W7,9308,9308,4855270.750000003,7566,0,Morelos
2018,17,W5,15946,15946,5799304.389999997,13714,0,Morelos
2018,17,W20,563,563,882948.5400000002,529,0,Morelos
2018,19,,1259,0,0.0,1259,323324,Nuevo León
2018,20,W23,161,161,292065.32,156,0,Oaxaca
2018,21,W6,27981,27981,12308949.700000035,23353,0,Puebla
2018,21,W7,21715,21715,11367782.96000001,18688,0,Puebla
2018,21,W18,2360,2360,3327326.9599999986,2129,0,Puebla
2018,24,W7,18610,18610,9677521.709999999,15686,0,San Luis Potosí
2018,24,W19,1345,1345,2005695.0900000012,1188,0,San Luis Potosí
2018,24,W23,829,829,1504660.270000002,753,0,San Luis Potosí
2018,24,W15,2622,2622,3065559.649999995,2221,0,San Luis Potosí
2018,25,W9,6998,6998,4773003.880000002,6227,0,Sinaloa
2018,25,W19,734,734,1092717.2899999996,677,0,Sinaloa
2018,30,W13,7855,7855,7902952.8199999975,7157,0,Veracruz de Ignacio de la Llave
2018,30,W12,9065,9065,8404001.35,8074,0,Veracruz de Ignacio de la Llave
2018,30,W6,34997,34997,15434082.87999999,27839,0,Veracruz de Ignacio de la Llave
2018,30,W10,13330,13330,10140154.72,11375,0,Veracruz de Ignacio de la Llave
2018,9,W5,237230,237230,85489810.00000027,199924,0,Ciudad de México
2018,9,W12,48941,48941,45301864.09999999,43655,0,Ciudad de México
2018,9,,3701,0,0.0,3701,1218610,Ciudad de México
2018,26,W17,2066,2066,2743714.9700000016,1886,0,Sonora
2018,15,W9,34459,34459,23558640.319999978,29474,0,Estado México
2018,15,W14,11159,11159,12126096.989999989,9554,0,Estado México
2018,15,W19,4638,4638,6908476.030000002,4212,0,Estado México
2018,15,,1129,0,0.0,1129,735321,Estado México
2018,28,W3,161316,161316,32399431.480000027,146250,0,Tamaulipas
2018,28,W8,17084,17084,10301395.749999993,14876,0,Tamaulipas
2018,28,W19,1853,1853,2759825.799999999,1741,0,Tamaulipas
2018,3,W7,6022,6022,3146349.9400000074,4359,0,Baja California Sur
2018,3,W12,1464,1464,1354633.7699999993,1121,0,Baja California Sur
2018,3,W22,403,403,698412.6000000003,364,0,Baja California Sur
2018,13,W8,7506,7506,4543009.029999995,4622,0,Hidalgo
2018,13,W20,406,406,637621.7499999997,361,0,Hidalgo
2018,4,W7,7521,7521,3963187.1299999966,6521,0,Campeche
2018,4,W10,2246,2246,1724976.2999999975,1723,0,Campeche
2018,4,W9,3070,3070,2092761.0199999996,2446,0,Campeche
2018,22,W3,111511,111511,22305795.79999993,83826,0,Querétaro
2018,22,W19,2623,2623,3908312.869999996,2390,0,Querétaro
2018,23,W16,1120,1120,1397729.399999999,835,0,Quintana Roo
2018,32,W19,458,458,680992.4400000003,400,0,Zacatecas
2018,32,W20,291,291,457293.1600000001,261,0,Zacatecas
2018,32,W22,222,222,385288.1299999999,201,0,Zacatecas
2018,6,W7,4124,4124,2160006.0699999984,3200,0,Colima
2018,6,W17,454,454,603303.7100000002,403,0,Colima
2018,6,W11,1303,1303,1098018.5700000003,986,0,Colima
2018,6,W12,1043,1043,964219.0700000004,787,0,Colima
2018,27,W12,1343,1343,1241368.500000001,1117,0,Tabasco
2018,27,W21,359,359,592342.5700000002,337,0,Tabasco
2018,8,W7,31497,31497,16481481.919999994,28749,0,Chihuahua
2018,8,W16,4228,4228,5282809.960000001,3981,0,Chihuahua
2018,8,W13,7226,7226,7274868.28,6733,0,Chihuahua
2018,8,W1,483,483,42456.71000000008,452,0,Chihuahua
2018,18,W4,13664,13664,3807338.089999995,9573,0,Nayarit
2018,18,W6,6056,6056,2662701.8600000073,4639,0,Nayarit
2018,18,W21,120,120,198378.39999999997,108,0,Nayarit
2018,18,W15,440,440,515699.5599999997,371,0,Nayarit
2018,10,W8,5034,5034,3043890.5,4440,0,Durango
2018,29,W3,23400,23400,4665965.540000016,15458,0,Tlaxcala
2018,29,W8,2390,2390,1442363.4300000018,2035,0,Tlaxcala
2018,1,W5,26505,26505,9489943.80000004,24329,0,Aguascalientes
2018,1,W19,768,768,1143643.5400000005,736,0,Aguascalientes
2018,2,W9,16288,16288,11136759.700000007,14802,0,Baja California
2018,2,W12,7958,7958,7364807.71,7351,0,Baja California
2018,12,,1847,0,0.0,1847,167256,Guerrero
2018,12,W17,627,627,832042.5800000002,562,0,Guerrero
2018,12,W20,254,254,398607.18000000005,233,0,Guerrero
2018,12,W24,172,172,325698.04999999993,159,0,Guerrero
2018,14,W5,131864,131864,47738620.960000135,113208,0,Jalisco
2018,14,W7,73715,73715,38488570.969999954,65187,0,Jalisco
2018,14,W19,5192,5192,7741266.869999999,4816,0,Jalisco
2018,14,W23,3818,3818,6931276.72,3612,0,Jalisco
2018,14,W24,3680,3680,6969200.270000004,3462,0,Jalisco
2018,16,W3,75332,75332,14946260.020000067,57672,0,Michoacán de Ocampo
2018,16,W15,1847,1847,2159318.5700000003,1604,0,Michoacán de Ocampo
2018,16,W1,625,625,55220.30000000012,418,0,Michoacán de Ocampo
2018,16,W24,983,983,1860547.6899999995,883,0,Michoacán de Ocampo
2018,16,W18,1366,1366,1924928.38,1279,0,Michoacán de Ocampo
2018,17,W4,21395,21395,6007087.609999986,18000,0,Morelos
2018,17,W6,11786,11786,5219053.819999993,10109,0,Morelos
2018,17,W24,286,286,539934.28,279,0,Morelos
2018,19,W22,4100,4100,7104464.610000001,3882,0,Nuevo León
2018,19,W1,328,328,28925.030000000006,264,0,Nuevo León
2018,20,W3,41700,41700,8388889.73000006,36679,0,Oaxaca
2018,20,,4263,0,0.0,4263,154079,Oaxaca
2018,20,W9,4483,4483,3067612.2000000016,4061,0,Oaxaca
2018,21,W23,857,857,1555356.0499999993,759,0,Puebla
2018,21,W16,3052,3052,3809561.429999998,2784,0,Puebla
2018,21,W22,894,894,1549880.0199999996,801,0,Puebla
2018,24,W20,1149,1149,1804983.7199999995,1011,0,San Luis Potosí
2018,24,W22,866,866,1499981.8800000006,765,0,San Luis Potosí
2018,24,W24,895,895,1692669.3699999985,822,0,San Luis Potosí
2018,24,,7971,0,0.0,7971,137612,San Luis Potosí
2018,25,W11,3640,3640,3076064.8899999964,3211,0,Sinaloa
2018,25,W7,15405,15405,8032117.9099999815,13497,0,Sinaloa
2018,30,W2,273877,273877,30601030.719997246,229110,0,Veracruz de Ignacio de la Llave
2018,30,W23,1310,1310,2372214.8599999994,1227,0,Veracruz de Ignacio de la Llave
2018,30,W21,1878,1878,3099212.0700000003,1796,0,Veracruz de Ignacio de la Llave
2018,9,W8,111306,111306,67312479.2999998,96108,0,Ciudad de México
2018,9,W19,19420,19420,28921622.409999996,17986,0,Ciudad de México
2018,9,W21,15121,15121,24976373.64999999,14029,0,Ciudad de México
2018,26,W2,237015,237015,27745208.19999805,206537,0,Sonora
2018,26,W8,16291,16291,9812598.210000008,13665,0,Sonora
2018,26,W15,2870,2870,3356221.6999999993,2532,0,Sonora
2018,26,W9,10416,10416,7107392.449999984,9117,0,Sonora
2018,26,W20,1312,1312,2061646.2100000011,1233,0,Sonora
2018,15,W11,19638,19638,16622055.370000012,16967,0,Estado México
2018,15,W24,3012,3012,5695286.659999998,2755,0,Estado México
2018,5,W2,243106,243106,28198755.179998923,214667,0,Coahuila de Zaragoza
2018,3,W3,38321,38321,7491039.50000004,25014,0,Baja California Sur
2018,3,W23,252,252,456805.8599999999,228,0,Baja California Sur
2018,3,W13,1197,1197,1204891.6100000003,972,0,Baja California Sur
2018,13,W14,1245,1245,1351439.4,989,0,Hidalgo
2018,13,W3,41593,41593,8312327.580000009,30945,0,Hidalgo
2018,13,W1,583,583,51509.18000000003,556,0,Hidalgo
2018,4,W19,472,472,703239.9100000003,407,0,Campeche
2018,4,W15,1062,1062,1239145.4400000004,773,0,Campeche
2018,4,W24,348,348,658202.5799999998,302,0,Campeche
2018,5,W18,2991,2991,4216065.98,2794,0,Coahuila de Zaragoza
2018,5,W23,1337,1337,2424396.71,1246,0,Coahuila de Zaragoza
2018,22,W4,73633,73633,20556739.710000187,57727,0,Querétaro
2018,22,W5,47802,47802,17197659.950000018,37930,0,Querétaro
2018,22,W23,1437,1437,2606273.859999998,1297,0,Querétaro
2018,22,W18,2873,2873,4047784.2999999993,2560,0,Querétaro
2018,23,W12,2611,2611,2414940.3600000027,1866,0,Quintana Roo
2018,23,W19,808,808,1201025.15,678,0,Quintana Roo
2018,32,W8,6153,6153,3712369.9400000013,4817,0,Zacatecas
2018,32,W13,1214,1214,1221760.5600000008,1019,0,Zacatecas
2018,32,W11,2364,2364,2000778.7899999977,1966,0,Zacatecas
2018,6,,1868,0,0.0,1868,50171,Colima
2018,6,W2,54773,54773,6293937.290000184,46628,0,Colima
2018,6,W5,17235,17235,6241808.350000001,14486,0,Colima
2018,27,W10,2396,2396,1826876.1600000025,2074,0,Tabasco
2018,27,W24,258,258,487198.31,239,0,Tabasco
2018,27,W20,415,415,652641.9299999994,384,0,Tabasco
2018,7,W11,2684,2684,2268954.0199999986,2442,0,Chiapas
2018,7,W19,587,587,875014.9499999993,564,0,Chiapas
2018,7,W5,13104,13104,4701392.390000003,11731,0,Chiapas
2018,8,W8,22170,22170,13366059.290000005,19755,0,Chihuahua
2018,8,W9,17410,17410,11893912.139999995,15896,0,Chihuahua
2018,18,W25,649,649,1305378.99,531,0,Nayarit
2018,10,W3,48198,48198,9491542.760000024,41992,0,Durango
2018,10,W13,1609,1609,1621076.7899999998,1465,0,Durango
2018,10,W17,786,786,1043838.3599999999,711,0,Durango
2018,29,,155,0,0.0,155,77439,Tlaxcala
2018,29,W9,1798,1798,1222929.829999999,1621,0,Tlaxcala
2018,29,W22,117,117,202354.7599999999,105,0,Tlaxcala
2018,1,W10,7481,7481,5662963.509999998,7186,0,Aguascalientes
2018,1,W12,3355,3355,3097601.2700000005,3172,0,Aguascalientes
2018,2,W25,14617,14617,29402057.80000002,14247,0,Baja California
2018,2,W20,3033,3033,4762375.090000002,2875,0,Baja California
2018,11,W15,4450,4450,5205112.959999995,3931,0,Guanajuato
2018,11,W6,45822,45822,20233817.98000002,38675,0,Guanajuato
2018,11,W22,1325,1325,2295796.6599999997,1196,0,Guanajuato
2018,11,W25,10119,10119,20356216.080000002,9282,0,Guanajuato
2018,14,W8,53012,53012,32001335.510000005,46690,0,Jalisco
2018,14,W12,17860,17860,16524769.90999999,16093,0,Jalisco
2018,16,W16,1887,1887,2350719.5000000014,1670,0,Michoacán de Ocampo
2018,16,W22,763,763,1322794.6600000001,629,0,Michoacán de Ocampo
2018,16,W19,693,693,1031976.8599999999,639,0,Michoacán de Ocampo
2018,17,W2,74626,74626,8504560.610000202,65574,0,Morelos
2018,17,W3,37174,37174,7360760.57000003,30036,0,Morelos
2018,17,W15,1208,1208,1414817.1300000004,1091,0,Morelos
2018,17,W22,355,355,615220.03,338,0,Morelos
2018,19,W2,460873,460873,55742471.4199975,425004,0,Nuevo León
2018,19,W9,38069,38069,26014206.569999974,34492,0,Nuevo León
2018,20,W17,633,633,839797.32,599,0,Oaxaca
2018,21,W2,264835,264835,29756451.88999749,230198,0,Puebla
2018,21,W11,7846,7846,6646618.76,6830,0,Puebla
2018,21,W8,14359,14359,8674628.770000005,11712,0,Puebla
2018,21,W17,2702,2702,3590144.319999999,2475,0,Puebla
2018,21,W24,947,947,1791241.98,847,0,Puebla
2018,24,W2,133434,133434,15212577.909999013,106438,0,San Luis Potosí
2018,24,W8,11599,11599,7005179.530000013,9767,0,San Luis Potosí
2018,24,W10,6305,6305,4813798.559999997,5422,0,San Luis Potosí
2018,24,W17,1993,1993,2646351.7099999995,1762,0,San Luis Potosí
2018,25,W18,1031,1031,1453107.6799999997,971,0,Sinaloa
2018,25,W14,1886,1886,2047143.81,1651,0,Sinaloa
2018,25,W20,760,760,1195326.9699999995,728,0,Sinaloa
2018,30,W8,22189,22189,13401996.810000006,17949,0,Veracruz de Ignacio de la Llave
2018,31,W24,297,297,561580.89,284,0,Yucatán
2018,9,W25,147214,147214,296268626.06999993,138404,0,Ciudad de México
2018,9,W24,13944,13944,26382002.610000003,13052,0,Ciudad de México
2018,9,W11,60185,60185,50978527.709999934,53047,0,Ciudad de México
2018,26,W6,27572,27572,12155607.599999998,23620,0,Sonora
2018,15,W3,309515,309515,61683312.06999973,244875,0,Estado México
2018,15,W25,23129,23129,46528980.580000006,21096,0,Estado México
2018,15,W15,9091,9091,10640568.33,7778,0,Estado México
2018,15,W13,12188,12188,12266839.680000002,10582,0,Estado México
2018,15,W20,4049,4049,6358467.609999999,3668,0,Estado México
2018,15,W1,917,917,80859.54000000007,620,0,Estado México
2018,28,W16,3113,3113,3888196.6399999987,2900,0,Tamaulipas
2018,13,W4,27735,27735,7743308.059999966,19488,0,Hidalgo
2018,13,,424,0,0.0,424,169391,Hidalgo
2018,4,W21,444,444,733140.0899999996,381,0,Campeche
2018,4,W12,1297,1297,1201885.0099999995,910,0,Campeche
2018,5,W8,24476,24476,14764676.610000018,21369,0,Coahuila de Zaragoza
2018,5,W24,1367,1367,2587301.5200000014,1282,0,Coahuila de Zaragoza
2018,5,W15,4870,4870,5693378.5100000035,4281,0,Coahuila de Zaragoza
2018,5,W21,1736,1736,2868022.58,1635,0,Coahuila de Zaragoza
2018,22,W6,32603,32603,14367795.660000062,26351,0,Querétaro
2018,22,W25,12335,12335,24813461.310000002,11358,0,Querétaro
2018,22,W10,12012,12012,9177003.800000003,10156,0,Querétaro
2018,22,W9,15915,15915,10889238.459999979,13588,0,Querétaro
2018,22,W21,1909,1909,3153882.540000001,1723,0,Querétaro
2018,23,W5,25685,25685,9235974.969999997,16998,0,Quintana Roo
2018,23,W15,1352,1352,1577474.3100000026,1042,0,Quintana Roo
2018,23,W18,1021,1021,1439964.120000001,853,0,Quintana Roo
2018,23,W20,767,767,1207025.8700000006,621,0,Quintana Roo
2018,32,W4,19656,19656,5475775.59999999,15706,0,Zacatecas
2018,32,W14,1075,1075,1165647.889999999,859,0,Zacatecas
2018,32,W17,637,637,846267.8300000005,566,0,Zacatecas
2018,32,W18,615,615,866394.7600000002,535,0,Zacatecas
2018,6,W3,21162,21162,4116512.469999999,16504,0,Colima
2018,6,W21,192,192,316780.36,174,0,Colima
2018,27,W8,4067,4067,2458123.9799999986,3425,0,Tabasco
2018,27,W19,485,485,722617.0000000003,435,0,Tabasco
2018,27,W16,614,614,766830.46,541,0,Tabasco
2018,27,W15,716,716,836350.9500000002,658,0,Tabasco
2018,7,W4,19173,19173,5343048.779999983,16746,0,Chiapas
2018,7,W18,676,676,953180.9699999995,648,0,Chiapas
2018,8,W24,1600,1600,3025813.399999999,1549,0,Chihuahua
2018,8,W15,4795,4795,5596223.069999993,4476,0,Chihuahua
2018,8,W23,1363,1363,2472982.9899999998,1312,0,Chihuahua
2018,18,W7,4627,4627,2415453.539999999,3813,0,Nayarit
2018,10,W25,1749,1749,3518206.8099999996,1700,0,Durango
2018,10,W1,122,122,10730.379999999994,113,0,Durango
2018,10,W20,402,402,631974.32,380,0,Durango
2018,29,W13,710,710,715277.9299999999,653,0,Tlaxcala
2020,2,W12,8692,8692,8672930.120000012,8130,0,Baja California
2020,2,W9,19121,19121,14074768.769999996,17343,0,Baja California
2020,2,W20,2448,2448,4143776.770000001,2306,0,Baja California
2020,14,W6,93440,93440,44176178.970000066,82045,0,Jalisco
2020,14,W12,18160,18160,18109518.42999999,16243,0,Jalisco
2020,15,W24,2362,2362,4810680.239999999,2191,0,Estado México
2020,19,W14,12255,12255,14357112.739999995,11368,0,Nuevo León
2020,21,W12,5375,5375,5375258.119999999,4475,0,Puebla
2020,21,W18,2107,2107,3200556.0200000023,1917,0,Puebla
2020,22,W19,2741,2741,4401088.400000002,2394,0,Querétaro
2020,22,W24,1256,1256,2562363.029999998,1133,0,Querétaro
2020,26,W17,2411,2411,3452707.37,2204,0,Sonora
2020,12,,2545,0,0.0,2545,166469,Guerrero
2020,3,W10,2762,2762,2272929.919999999,1908,0,Baja California Sur
2020,17,W8,5258,5258,3409148.6500000013,4474,0,Morelos
2020,17,W16,1114,1114,1498499.5500000007,1041,0,Morelos
2020,17,W1,459,459,56557.98000000013,396,0,Morelos
2020,18,W8,3724,3724,2419957.6400000053,2956,0,Nayarit
2020,18,W24,81,81,164796.33999999997,72,0,Nayarit
2020,30,W16,3737,3737,5036899.0200000005,3476,0,Veracruz de Ignacio de la Llave
2020,20,W9,4575,4575,3375150.609999998,3984,0,Oaxaca
2020,20,W10,3830,3830,3148276.1399999983,3362,0,Oaxaca
2020,20,W20,353,353,596160.6299999999,336,0,Oaxaca
2020,20,W1,333,333,41008.50000000006,312,0,Oaxaca
2020,31,W10,3805,3805,3129060.509999999,3445,0,Yucatán
2020,31,W16,883,883,1188425.050000001,791,0,Yucatán
2020,31,W11,2725,2725,2476314.439999999,2410,0,Yucatán
2020,4,W16,844,844,1130856.8799999997,522,0,Campeche
2020,4,W13,1242,1242,1347254.96,890,0,Campeche
2020,4,W12,1716,1716,1709376.59,1363,0,Campeche
2020,5,W25,10224,10224,22139113.0,9657,0,Coahuila de Zaragoza
2020,5,W18,3273,3273,4974506.240000004,3075,0,Coahuila de Zaragoza
2020,5,W22,1477,1477,2759508.809999999,1390,0,Coahuila de Zaragoza
2020,28,W18,2251,2251,3420030.5799999996,2097,0,Tamaulipas
2020,29,W6,4556,4556,2159729.8500000015,3642,0,Tlaxcala
2020,29,W11,958,958,870424.1900000001,858,0,Tlaxcala
2020,9,W21,14907,14907,26516940.5,13809,0,Ciudad de México
2020,9,W16,29063,29063,39130862.23999999,26612,0,Ciudad de México
2020,9,W23,12410,12410,24244161.520000007,11379,0,Ciudad de México
2020,9,,4014,0,0.0,4014,1707981,Ciudad de México
2020,24,W2,119441,119441,16682238.239998732,97342,0,San Luis Potosí
2020,24,,6553,0,0.0,6553,143365,San Luis Potosí
2020,24,W21,1117,1117,1988939.2399999995,996,0,San Luis Potosí
2020,32,W14,1073,1073,1256632.8099999996,882,0,Zacatecas
2020,32,W24,180,180,366337.15,164,0,Zacatecas
2020,32,W16,1013,1013,1365577.4099999997,924,0,Zacatecas
2020,6,W5,11912,11912,4545440.470000003,9874,0,Colima
2020,6,W9,2825,2825,2080255.9899999974,2315,0,Colima
2020,6,W15,769,769,967358.6099999996,569,0,Colima
2020,6,W16,519,519,697892.6599999996,393,0,Colima
2020,7,W2,85278,85278,11839849.909998108,74793,0,Chiapas
2020,7,W3,42405,42405,8923236.189999934,36172,0,Chiapas
2020,7,W10,4133,4133,3394765.899999994,3814,0,Chiapas
2020,7,W12,2359,2359,2353219.409999997,2141,0,Chiapas
2020,25,W4,51176,51176,15381022.179999944,41408,0,Sinaloa
2020,25,W12,3265,3265,3261927.860000003,2918,0,Sinaloa
2020,25,W9,8127,8127,5965038.550000001,7119,0,Sinaloa
2020,25,W20,842,842,1425341.0,803,0,Sinaloa
2020,7,W21,370,370,657209.4100000001,353,0,Chiapas
2020,8,W3,292717,292717,62918171.48999843,265986,0,Chihuahua
2020,8,W6,49990,49990,23726890.66000006,45402,0,Chihuahua
2020,8,W13,7527,7527,8157345.25,7020,0,Chihuahua
2020,27,W23,258,258,504038.6899999999,237,0,Tabasco
2020,10,W17,783,783,1121574.5500000003,727,0,Durango
2020,10,W21,458,458,814000.5399999998,430,0,Durango
2020,1,,1145,0,0.0,1145,99927,Aguascalientes
2020,1,W11,5568,5568,5073619.18,5310,0,Aguascalientes
2020,1,W15,2084,2084,2622536.7099999986,1985,0,Aguascalientes
2020,1,W13,3173,3173,3431847.8100000024,3054,0,Aguascalientes
2020,2,W5,94207,94207,36485608.42999996,87661,0,Baja California
2020,2,W8,27081,27081,17533012.09000001,24058,0,Baja California
2020,2,W10,13923,13923,11465464.669999994,12716,0,Baja California
2020,2,W17,3748,3748,5373887.930000002,3518,0,Baja California
2020,2,W15,4982,4982,6269790.539999998,4643,0,Baja California
2020,2,W21,2356,2356,4195390.819999998,2240,0,Baja California
2020,2,W18,3201,3201,4863950.75,2863,0,Baja California
2020,13,W7,9221,9221,5213576.659999992,7166,0,Hidalgo
2020,14,W5,138307,138307,53674226.97000014,118862,0,Jalisco
2020,14,W7,76186,76186,42836646.19999993,67050,0,Jalisco
2020,14,W23,3476,3476,6798943.429999998,3255,0,Jalisco
2020,14,W8,57333,57333,37290477.61999998,51204,0,Jalisco
2020,14,W16,8928,8928,12014721.269999998,8126,0,Jalisco
2020,14,W20,5176,5176,8762135.449999997,4845,0,Jalisco
2020,15,W6,86580,86580,41139706.72999992,73471,0,Estado México
2020,19,W8,56933,56933,36899626.589999974,49697,0,Nuevo León
2020,19,W10,29154,29154,24030797.259999987,26669,0,Nuevo León
2020,19,W1,848,848,103980.3800000001,700,0,Nuevo León
2020,19,W22,4495,4495,8390479.539999997,4267,0,Nuevo León
2020,21,W3,120276,120276,25582590.099999793,94402,0,Puebla
2020,21,W24,834,834,1697632.5699999998,767,0,Puebla
2020,22,W2,157160,157160,22070378.589999877,129974,0,Querétaro
2020,22,W3,112772,112772,24330958.259999875,88090,0,Querétaro
2020,22,W14,5265,5265,6162268.970000002,4446,0,Querétaro
2020,22,W21,1896,1896,3372702.1800000016,1715,0,Querétaro
2020,22,W18,2973,2973,4524716.739999998,2663,0,Querétaro
2020,26,W4,82261,82261,24627849.449999984,72310,0,Sonora
2020,26,W5,45921,45921,17781887.340000026,39885,0,Sonora
2020,26,W14,3572,3572,4178754.3100000015,3158,0,Sonora
2020,11,W4,131350,131350,39385574.67000012,109195,0,Guanajuato
2020,11,W15,4065,4065,5118749.649999998,3663,0,Guanajuato
2020,16,W7,18849,18849,10602087.129999995,15814,0,Michoacán de Ocampo
2020,16,W13,3073,3073,3335284.629999999,2677,0,Michoacán de Ocampo
2020,16,W8,13099,13099,8496660.740000002,11342,0,Michoacán de Ocampo
2020,17,W5,16136,16136,6264414.709999992,14015,0,Morelos
2020,17,W25,2055,2055,4451633.18,1932,0,Morelos
2020,17,W21,412,412,732428.3999999999,390,0,Morelos
2020,17,W23,321,321,625639.3200000001,307,0,Morelos
2020,18,W16,479,479,645743.3700000002,430,0,Nayarit
2020,30,W8,35396,35396,22905795.070000008,31465,0,Veracruz de Ignacio de la Llave
2020,30,W17,3542,3542,5059994.09,3342,0,Veracruz de Ignacio de la Llave
2020,30,W19,2624,2624,4212837.200000001,2467,0,Veracruz de Ignacio de la Llave
2020,30,W24,997,997,2032131.1999999995,938,0,Veracruz de Ignacio de la Llave
2020,20,W3,44001,44001,9366689.819999946,38967,0,Oaxaca
2020,20,W13,1297,1297,1406101.1000000013,1115,0,Oaxaca
2020,20,W16,591,591,794564.1799999991,536,0,Oaxaca
2020,20,W25,1147,1147,2482984.3599999985,1098,0,Oaxaca
2020,31,W25,2612,2612,5653595.08,2524,0,Yucatán
2020,31,W23,340,340,663812.9400000002,329,0,Yucatán
2020,31,W21,506,506,900548.4299999997,478,0,Yucatán
2020,4,W2,44009,44009,6105344.820000113,37445,0,Campeche
2020,4,W15,959,959,1207728.3499999994,710,0,Campeche
2020,4,W20,571,571,966181.9100000004,485,0,Campeche
2020,5,W14,5423,5423,6355214.219999995,4762,0,Coahuila de Zaragoza
2020,28,W11,7763,7763,7068794.430000008,6799,0,Tamaulipas
2020,28,W23,897,897,1752154.33,827,0,Tamaulipas
2020,28,W2,87884,87884,12038392.289999649,73262,0,Tamaulipas
2020,29,W21,190,190,338014.4700000001,171,0,Tlaxcala
2020,29,W1,159,159,19591.98,152,0,Tlaxcala
2020,9,W22,14485,14485,27025039.639999982,13551,0,Ciudad de México
2020,24,W13,3975,3975,4307208.969999998,3410,0,San Luis Potosí
2020,24,W12,4355,4355,4345601.429999998,3679,0,San Luis Potosí
2020,32,W5,14632,14632,5691662.870000002,11935,0,Zacatecas
2020,32,W12,2075,2075,2066680.2299999995,1695,0,Zacatecas
2020,6,W13,965,965,1042469.1499999996,735,0,Colima
2020,6,W14,914,914,1066373.7000000004,712,0,Colima
2020,6,W12,1266,1266,1266997.3799999994,932,0,Colima
2020,6,W18,562,562,854490.3900000004,504,0,Colima
2020,25,W3,111595,111595,23521111.519999757,90384,0,Sinaloa
2020,25,W5,34021,34021,13185748.539999988,27800,0,Sinaloa
2020,25,W11,4216,4216,3834698.81,3700,0,Sinaloa
2020,25,W1,844,844,103877.82000000015,817,0,Sinaloa
2020,7,W6,10515,10515,5009991.559999991,9425,0,Chiapas
2020,7,W20,488,488,825323.479999999,464,0,Chiapas
2020,8,W7,39143,39143,21987409.669999957,35336,0,Chihuahua
2020,8,W15,5086,5086,6396371.8100000005,4638,0,Chihuahua
2020,10,,743,0,0.0,743,89760,Durango
2020,10,W3,54917,54917,11570261.22000001,48780,0,Durango
2020,10,W5,14718,14718,5684108.5600000005,12983,0,Durango
2020,10,W10,2949,2949,2423726.240000001,2720,0,Durango
2020,10,W19,679,679,1091187.6700000004,650,0,Durango
2020,1,W3,56180,56180,12124085.249999914,49848,0,Aguascalientes
2020,2,W25,16983,16983,36800863.84000002,16479,0,Baja California
2020,13,W5,15410,15410,5952825.969999987,12479,0,Hidalgo
2020,14,W24,3294,3294,6710916.559999999,3070,0,Jalisco
2020,14,W18,7041,7041,10708762.00999999,6531,0,Jalisco
2020,15,W18,5726,5726,8702906.580000002,5262,0,Estado México
2020,19,W4,216649,216649,65152765.55000043,190600,0,Nuevo León
2020,19,W7,84589,84589,47636069.18999985,75086,0,Nuevo León
2020,19,W19,6803,6803,10931919.770000007,6401,0,Nuevo León
2020,19,,1156,0,0.0,1156,276467,Nuevo León
2020,5,W3,179070,179070,38663545.89999917,160038,0,Coahuila de Zaragoza
2020,21,W16,2719,2719,3662569.039999997,2408,0,Puebla
2020,21,,4216,0,0.0,4216,435807,Puebla
2020,22,W16,3769,3769,5072890.180000003,3337,0,Querétaro
2020,22,W12,7600,7600,7575420.020000002,6488,0,Querétaro
2020,22,W15,4334,4334,5452462.310000007,3770,0,Querétaro
2020,22,W1,567,567,69731.28000000009,497,0,Querétaro
2020,26,W18,2071,2071,3149584.519999999,1910,0,Sonora
2020,26,W11,7036,7036,6410394.899999995,5814,0,Sonora
2020,26,W8,17238,17238,11200681.260000013,14596,0,Sonora
2020,26,W16,2248,2248,3024304.4300000034,2039,0,Sonora
2020,11,W13,6210,6210,6722206.140000012,5595,0,Guanajuato
2020,11,W19,2336,2336,3750508.6599999974,2127,0,Guanajuato
2020,12,W2,62434,62434,8645456.150000174,51530,0,Guerrero
2020,12,W18,536,536,814601.28,488,0,Guerrero
2020,12,W22,213,213,397471.0899999998,194,0,Guerrero
2020,16,W22,439,439,820118.3699999998,414,0,Michoacán de Ocampo
2020,16,W24,407,407,828592.1399999999,357,0,Michoacán de Ocampo
2020,3,,398,0,0.0,398,54117,Baja California Sur
2020,3,W7,6090,6090,3414369.2200000035,4450,0,Baja California Sur
2020,3,W20,540,540,916557.0000000005,474,0,Baja California Sur
2020,3,W8,4600,4600,2992172.4000000036,3383,0,Baja California Sur
2020,3,W14,1129,1129,1317744.8300000015,873,0,Baja California Sur
2020,3,W1,150,150,18332.599999999988,139,0,Baja California Sur
2020,30,W2,241241,241241,33328243.45999627,204699,0,Veracruz de Ignacio de la Llave
2020,30,W25,7686,7686,16636529.780000016,7293,0,Veracruz de Ignacio de la Llave
2020,20,W7,6632,6632,3743044.699999998,5650,0,Oaxaca
2020,20,W12,1879,1879,1882170.360000002,1583,0,Oaxaca
2020,20,W18,612,612,931061.3600000009,558,0,Oaxaca
2020,31,W14,1373,1373,1605729.5499999986,1258,0,Yucatán
2020,31,W22,442,442,825094.7099999996,420,0,Yucatán
2020,31,W20,686,686,1159211.1199999996,661,0,Yucatán
2020,4,W3,18780,18780,3977945.980000016,15349,0,Campeche
2020,4,W25,3840,3840,8323283.570000002,3241,0,Campeche
2020,4,W19,644,644,1034023.9400000018,522,0,Campeche
2020,5,W10,16494,16494,13602676.569999997,14660,0,Coahuila de Zaragoza
2020,5,W24,1165,1165,2373057.589999999,1098,0,Coahuila de Zaragoza
2020,23,W6,14510,14510,6899219.719999995,10561,0,Quintana Roo
2020,28,W14,3977,3977,4657692.589999995,3461,0,Tamaulipas
2020,28,W21,1276,1276,2270286.02,1205,0,Tamaulipas
2020,28,W24,1032,1032,2105623.579999998,855,0,Tamaulipas
2020,29,W23,88,88,171905.10000000006,80,0,Tlaxcala
2020,29,W16,331,331,443971.86999999994,306,0,Tlaxcala
2020,29,W17,289,289,414101.69000000006,254,0,Tlaxcala
2020,9,W3,545969,545969,115648305.72999889,454832,0,Ciudad de México
2020,9,W4,319765,319765,96155266.2200005,261337,0,Ciudad de México
2020,9,W7,143231,143231,80322051.29999992,118336,0,Ciudad de México
2020,9,W10,73294,73294,60436194.99999997,63876,0,Ciudad de México
2020,9,W20,16705,16705,28300303.949999996,15477,0,Ciudad de México
2020,24,W6,23442,23442,11116540.589999972,18618,0,San Luis Potosí
2020,24,W10,31415,31415,25323944.870000027,30390,0,San Luis Potosí
2020,24,W1,359,359,44220.08000000006,281,0,San Luis Potosí
2020,24,W16,2423,2423,3263447.1100000003,2114,0,San Luis Potosí
2020,24,W23,747,747,1459957.0900000008,658,0,San Luis Potosí
2020,32,W7,9148,9148,5151972.329999993,7060,0,Zacatecas
2020,32,W20,438,438,743538.7,414,0,Zacatecas
2020,32,W1,208,208,25629.759999999966,146,0,Zacatecas
2020,6,W22,210,210,391255.16999999987,169,0,Colima
2020,6,W6,6921,6921,3316331.630000001,5511,0,Colima
2020,6,W20,407,407,688450.7699999998,355,0,Colima
2020,6,W21,273,273,485683.44,233,0,Colima
2020,7,W23,288,288,561989.43,280,0,Chiapas
2020,25,W15,1604,1604,2015779.5000000033,1397,0,Sinaloa
2020,25,W23,415,415,810207.0699999998,386,0,Sinaloa
2020,8,W4,163604,163604,48788518.75000001,147982,0,Chihuahua
2020,8,W5,80235,80235,30940367.300000034,72914,0,Chihuahua
2020,8,W12,8824,8824,8805106.259999992,8190,0,Chihuahua
2020,8,W11,11281,11281,10275843.540000007,10337,0,Chihuahua
2020,8,W21,2109,2109,3751202.670000001,2032,0,Chihuahua
2020,8,W18,3189,3189,4841073.309999999,2955,0,Chihuahua
2020,27,W3,31605,31605,6734301.4900000105,25036,0,Tabasco
2020,27,W4,15969,15969,4774442.549999989,12541,0,Tabasco
2020,27,W6,6689,6689,3179835.789999998,5064,0,Tabasco
2020,27,W11,2305,2305,2098478.4500000016,1895,0,Tabasco
2020,2,W7,38165,38165,21434872.48999995,34385,0,Baja California
2020,13,W3,42092,42092,9007364.58999997,33178,0,Hidalgo
2020,13,W14,1172,1172,1372953.9000000006,891,0,Hidalgo
2020,13,W18,754,754,1146223.8699999999,684,0,Hidalgo
2020,13,W1,919,919,113239.18000000018,887,0,Hidalgo
2020,14,W2,554875,554875,77638852.16998824,480010,0,Jalisco
2020,14,W11,24365,24365,22101217.41,22003,0,Jalisco
2020,15,,1196,0,0.0,1196,806099,Estado México
2020,15,W4,208802,208802,62925739.63000028,169001,0,Estado México
2020,15,W7,68642,68642,38631449.41999992,58362,0,Estado México
2020,15,W15,8480,8480,10668144.360000001,7488,0,Estado México
2020,15,W16,7189,7189,9675981.570000002,6322,0,Estado México
2020,15,W10,27170,27170,22376389.060000006,23953,0,Estado México
2020,15,W13,12926,12926,13990516.719999999,11375,0,Estado México
2020,15,W20,4474,4474,7579856.4399999995,4072,0,Estado México
2020,5,W2,185000,185000,25640946.54999874,167505,0,Coahuila de Zaragoza
2020,5,W5,65702,65702,25455252.66000007,57873,0,Coahuila de Zaragoza
2020,21,W2,227461,227461,31482954.999996264,204028,0,Puebla
2020,21,W13,5960,5960,6447676.2,5366,0,Puebla
2020,22,W23,1163,1163,2269624.4299999997,1037,0,Querétaro
2020,22,W25,13202,13202,28600778.54,12072,0,Querétaro
2020,22,W6,35044,35044,16629054.319999987,28767,0,Querétaro
2020,22,W11,9602,9602,8741946.099999994,8251,0,Querétaro
2020,22,W13,6600,6600,7165555.289999989,5617,0,Querétaro
2020,22,W10,12923,12923,10643764.800000004,10933,0,Querétaro
2020,26,,2256,0,0.0,2256,206951,Sonora
2020,26,W9,12216,12216,8987303.200000009,10346,0,Sonora
2020,26,W13,4848,4848,5258700.3500000015,4328,0,Sonora
2020,26,W19,1796,1796,2882993.539999999,1665,0,Sonora
2020,11,W17,3307,3307,4733555.130000005,3057,0,Guanajuato
2020,11,W21,1628,1628,2896845.1999999997,1505,0,Guanajuato
2020,11,W24,1088,1088,2215080.34,1013,0,Guanajuato
2020,12,W9,3053,3053,2251323.9100000025,2592,0,Guerrero
2020,12,W19,458,458,734941.6799999999,427,0,Guerrero
2020,16,W10,6205,6205,5099760.889999995,5552,0,Michoacán de Ocampo
2020,16,W1,1427,1427,175834.9400000004,808,0,Michoacán de Ocampo
2020,16,W21,528,528,939078.06,484,0,Michoacán de Ocampo
2020,26,W1,1080,1080,133030.60000000018,998,0,Sonora
2020,3,W2,62912,62912,9079628.18000013,44612,0,Baja California Sur
2020,3,W3,34261,34261,7194021.820000014,23522,0,Baja California Sur
2020,3,W6,7781,7781,3697100.999999998,5536,0,Baja California Sur
2020,3,W15,827,827,1041718.1699999991,637,0,Baja California Sur
2020,3,W24,302,302,615612.9800000002,268,0,Baja California Sur
2020,3,W18,621,621,942262.1300000008,465,0,Baja California Sur
2020,3,W23,311,311,607460.9400000001,280,0,Baja California Sur
2020,17,W4,21138,21138,6355369.469999995,17463,0,Morelos
2020,17,W9,4939,4939,3641837.4699999983,3890,0,Morelos
2020,17,W14,1684,1684,1969153.5499999993,1422,0,Morelos
2020,18,W3,28448,28448,6045262.250000005,18663,0,Nayarit
2020,18,W9,2689,2689,1975144.1300000004,2342,0,Nayarit
2020,18,W20,254,254,428427.09000000014,218,0,Nayarit
2020,30,W4,70977,70977,21382149.319999963,60010,0,Veracruz de Ignacio de la Llave
2020,30,W20,2048,2048,3461371.089999999,1947,0,Veracruz de Ignacio de la Llave
2020,31,W6,18372,18372,8840241.739999993,17071,0,Yucatán
2020,31,W12,1955,1955,1948891.830000001,1762,0,Yucatán
2020,31,W17,932,932,1337811.97,875,0,Yucatán
2020,4,W5,8268,8268,3214578.3099999977,6601,0,Campeche
2020,4,W11,1749,1749,1593915.649999999,1374,0,Campeche
2020,5,W13,6529,6529,7082393.369999996,5775,0,Coahuila de Zaragoza
2020,5,W17,3449,3449,4940218.200000002,3207,0,Coahuila de Zaragoza
2020,23,W5,22627,22627,8759845.590000033,16059,0,Quintana Roo
2020,23,W1,129,129,15895.379999999988,119,0,Quintana Roo
2020,23,W12,2330,2330,2323937.4599999995,1840,0,Quintana Roo
2020,23,W20,719,719,1216061.31,594,0,Quintana Roo
2020,23,W24,336,336,685317.0900000001,284,0,Quintana Roo
2020,23,W17,903,903,1294158.0499999993,710,0,Quintana Roo
2020,28,W3,214127,214127,46133875.979997955,196168,0,Tamaulipas
2020,29,,147,0,0.0,147,80141,Tlaxcala
2020,29,W2,32923,32923,4642667.890000125,26147,0,Tlaxcala
2020,29,W5,7581,7581,2922227.0200000014,6160,0,Tlaxcala
2020,29,W19,261,261,419398.45999999996,238,0,Tlaxcala
2020,29,W22,124,124,231748.49000000002,107,0,Tlaxcala
2020,24,W3,77141,77141,16800557.999999896,57913,0,San Luis Potosí
2020,32,W15,1085,1085,1365535.9499999997,977,0,Zacatecas
2020,32,W17,1763,1763,2533704.69,1706,0,Zacatecas
2020,32,W23,224,224,437563.4799999998,204,0,Zacatecas
2020,32,W21,328,328,583254.06,298,0,Zacatecas
2020,6,W2,50337,50337,6980485.690000225,42815,0,Colima
2020,6,W25,976,976,2110605.53,802,0,Colima
2020,6,W1,240,240,29572.800000000054,223,0,Colima
2020,7,W5,13360,13360,5159594.850000006,11829,0,Chiapas
2020,7,W19,680,680,1092022.38,655,0,Chiapas
2020,7,W17,798,798,1143812.7800000003,763,0,Chiapas
2020,25,W2,231066,231066,32397836.419997945,200378,0,Sinaloa
2020,25,W24,387,387,788746.0399999998,360,0,Sinaloa
2020,8,W2,133153,133153,18499494.609998945,118813,0,Chihuahua
2020,8,W24,1400,1400,2854164.7700000005,1350,0,Chihuahua
2020,8,W17,3725,3725,5337430.480000002,3522,0,Chihuahua
2020,27,W7,5330,5330,3002565.0999999978,4201,0,Tabasco
2020,27,W12,1551,1551,1547961.3099999996,1280,0,Tabasco
2020,10,W7,7392,7392,4164743.2700000033,6590,0,Durango
2020,10,W14,1171,1171,1371015.23,1034,0,Durango
2020,10,W20,556,556,940521.0900000002,530,0,Durango
2020,15,W14,10226,10226,11969046.559999999,8774,0,Estado México
2020,1,W9,8171,8171,6015871.430000015,7694,0,Aguascalientes
2020,1,W8,12838,12838,8332914.760000017,12251,0,Aguascalientes
2020,1,W22,517,517,964063.3999999999,493,0,Aguascalientes
2020,2,W24,1727,1727,3521207.830000001,1656,0,Baja California
2020,13,W23,214,214,417841.6599999999,194,0,Hidalgo
2020,14,W25,28528,28528,61762067.01000003,26881,0,Jalisco
2020,14,W14,13024,13024,15235263.519999996,11428,0,Jalisco
2020,15,W3,333556,333556,71130125.64999937,273909,0,Estado México
2020,15,W8,46881,46881,30431659.840000004,40385,0,Estado México
2020,15,W17,6602,6602,9451088.430000003,5955,0,Estado México
2020,15,W1,1888,1888,232618.82000000018,1537,0,Estado México
2020,19,W21,5023,5023,8938761.060000004,4751,0,Nuevo León
2020,19,W24,3510,3510,7152330.510000002,3342,0,Nuevo León
2020,21,W14,3791,3791,4429630.4799999995,3277,0,Puebla
2020,21,W11,6665,6665,6070986.239999992,5402,0,Puebla
2020,21,W17,2564,2564,3672009.030000003,2347,0,Puebla
2020,26,W3,175808,175808,37115623.48999675,150088,0,Sonora
2020,26,W24,724,724,1475148.0700000003,677,0,Sonora
2020,12,W8,4088,4088,2660986.839999997,3492,0,Guerrero
2020,12,W13,1021,1021,1107053.41,850,0,Guerrero
2020,12,W14,732,732,856504.5999999999,593,0,Guerrero
2020,12,W20,355,355,600340.49,331,0,Guerrero
2020,3,W16,733,733,985352.150000001,582,0,Baja California Sur
2020,3,W17,600,600,859543.2099999997,485,0,Baja California Sur
2020,3,W21,401,401,714035.0600000003,348,0,Baja California Sur
2020,17,W13,1978,1978,2138795.81,1690,0,Morelos
2020,17,W22,417,417,779557.6700000004,379,0,Morelos
2020,18,W10,2018,2018,1660212.710000001,1714,0,Nayarit
2020,18,W1,264,264,32530.080000000093,258,0,Nayarit
2020,18,W22,138,138,257944.61000000002,122,0,Nayarit
2020,30,W6,34077,34077,16242196.800000008,27775,0,Veracruz de Ignacio de la Llave
2020,30,W10,18180,18180,14913323.049999988,15722,0,Veracruz de Ignacio de la Llave
2020,30,W21,1821,1821,3237768.439999998,1733,0,Veracruz de Ignacio de la Llave
2020,20,,3920,0,0.0,3920,163875,Oaxaca
2020,20,W17,613,613,879518.6400000001,579,0,Oaxaca
2020,20,W22,208,208,387799.05000000005,190,0,Oaxaca
2020,20,W24,130,130,264192.07999999996,116,0,Oaxaca
2020,20,W8,5843,5843,3798266.8500000024,4933,0,Oaxaca
2020,31,W2,144023,144023,19850556.14999562,128253,0,Yucatán
2020,31,W4,32653,32653,9765975.639999954,28259,0,Yucatán
2020,31,W8,6728,6728,4364943.179999992,5881,0,Yucatán
2020,31,W15,1127,1127,1417009.7399999998,958,0,Yucatán
2020,4,W4,12405,12405,3739413.599999998,10212,0,Campeche
2020,4,W7,7775,7775,4355569.339999999,6762,0,Campeche
2020,4,W10,2432,2432,2010139.9600000004,1811,0,Campeche
2020,4,W1,64,64,7886.080000000004,52,0,Campeche
2020,5,W21,1826,1826,3249354.0199999977,1719,0,Coahuila de Zaragoza
2020,23,W4,37898,37898,11342843.829999981,27661,0,Quintana Roo
2020,23,W15,1208,1208,1518243.4699999993,942,0,Quintana Roo
2020,23,W11,3314,3314,3016197.829999998,2625,0,Quintana Roo
2020,28,W16,2652,2652,3570141.8099999996,2401,0,Tamaulipas
2020,28,W12,6179,6179,6163094.049999996,5300,0,Tamaulipas
2020,29,W14,505,505,590237.8100000005,417,0,Tlaxcala
2020,29,W8,2327,2327,1509229.2699999984,2013,0,Tlaxcala
2020,9,W8,109934,109934,71404296.97999993,93896,0,Ciudad de México
2020,9,W18,22475,22475,34150350.35000001,20787,0,Ciudad de México
2020,9,W1,3338,3338,409830.170000001,2538,0,Ciudad de México
2020,24,W4,62189,62189,18658354.210000068,45896,0,San Luis Potosí
2020,24,W5,38578,38578,14924312.340000067,31265,0,San Luis Potosí
2020,24,W15,2797,2797,3522832.699999999,2408,0,San Luis Potosí
2020,32,W2,59444,59444,8309324.520000271,51958,0,Zacatecas
2020,32,W4,20457,20457,6092406.170000009,16762,0,Zacatecas
2020,6,W7,6175,6175,3451457.089999998,4461,0,Colima
2020,7,W25,1296,1296,2804106.3000000003,1265,0,Chiapas
2020,7,W9,4716,4716,3470982.339999999,4227,0,Chiapas
2020,7,W8,6503,6503,4226967.019999996,5761,0,Chiapas
2020,7,W7,8717,8717,4926547.459999982,7652,0,Chiapas
2020,25,W16,1364,1364,1840481.7500000002,1212,0,Sinaloa
2020,27,W9,3807,3807,2805158.559999996,2912,0,Tabasco
2020,27,W17,611,611,875555.6600000006,504,0,Tabasco
2020,27,W24,284,284,578336.6900000001,272,0,Tabasco
2020,27,W15,821,821,1032801.5199999984,719,0,Tabasco
2020,10,W1,314,314,38691.07999999999,294,0,Durango
2020,10,W22,351,351,655419.02,331,0,Durango
2020,13,W11,2871,2871,2606808.899999998,2172,0,Hidalgo
2020,1,W17,1546,1546,2212801.129999997,1457,0,Aguascalientes
2020,1,W1,1165,1165,135971.78000000006,1143,0,Aguascalientes
2020,2,W22,2361,2361,4408776.0200000005,2271,0,Baja California
2020,13,W6,9531,9531,4536594.900000001,7815,0,Hidalgo
2020,13,W10,3802,3802,3116387.1799999983,3096,0,Hidalgo
2020,13,,400,0,0.0,400,172634,Hidalgo
2020,14,W21,4495,4495,8002949.680000003,4193,0,Jalisco
2020,15,W19,5283,5283,8482467.620000005,4847,0,Estado México
2020,19,W13,15703,15703,17022018.540000003,14413,0,Nuevo León
2020,19,W6,102068,102068,48441131.14000002,91908,0,Nuevo León
2020,19,W11,24305,24305,22127016.34999999,21988,0,Nuevo León
2020,5,W4,108335,108335,32491260.360000025,94206,0,Coahuila de Zaragoza
2020,21,W8,14061,14061,9145881.929999992,11776,0,Puebla
2020,22,,980,0,0.0,980,125964,Querétaro
2020,2,W1,2,2,205.36,2,0,Baja California
2020,26,W15,2811,2811,3537580.0,2519,0,Sonora
2020,11,W22,1415,1415,2641403.0999999996,1291,0,Guanajuato
2020,11,W5,75489,75489,29158615.67000012,63970,0,Guanajuato
2020,11,W12,7551,7551,7535643.820000007,6737,0,Guanajuato
2020,11,W14,5086,5086,5958132.029999999,4374,0,Guanajuato
2020,11,,1087,0,0.0,1087,243513,Guanajuato
2020,12,W25,904,904,1957000.82,841,0,Guerrero
2020,12,W23,152,152,296662.6,142,0,Guerrero
2020,16,W16,1857,1857,2506423.4699999997,1623,0,Michoacán de Ocampo
2020,16,W6,28314,28314,13504155.03999998,24427,0,Michoacán de Ocampo
2020,16,W20,694,694,1174142.39,645,0,Michoacán de Ocampo
2020,16,W25,2954,2954,6396109.289999999,2688,0,Michoacán de Ocampo
2020,16,W12,3429,3429,3417208.1100000003,2937,0,Michoacán de Ocampo
2020,16,W15,2323,2323,2919899.21,2071,0,Michoacán de Ocampo
2020,16,W17,1602,1602,2293629.1999999983,1520,0,Michoacán de Ocampo
2020,3,W5,12507,12507,4874175.829999998,8456,0,Baja California Sur
2020,3,W4,18256,18256,5479268.529999999,13462,0,Baja California Sur
2020,3,W25,2368,2368,5127516.819999998,2097,0,Baja California Sur
2020,3,W11,2272,2272,2069111.31,1743,0,Baja California Sur
2020,3,W13,1301,1301,1408727.9799999981,1059,0,Baja California Sur
2020,3,W19,567,567,908352.8000000007,467,0,Baja California Sur
2020,17,W7,8182,8182,4621619.369999994,6935,0,Morelos
2020,17,W2,67668,67668,9374108.460000183,60537,0,Morelos
2020,17,W10,4228,4228,3474308.119999998,3644,0,Morelos
2020,17,W12,2372,2372,2365463.6799999997,2086,0,Morelos
2020,17,,4374,0,0.0,4374,97192,Morelos
2020,18,W7,4824,4824,2713827.84,3850,0,Nayarit
2020,18,W2,58074,58074,8007507.000000294,48508,0,Nayarit
2020,18,W5,9997,9997,3871533.970000001,6787,0,Nayarit
2020,18,W11,1456,1456,1325115.5999999996,1245,0,Nayarit
2020,18,W17,405,405,578558.54,360,0,Nayarit
2020,18,W13,837,837,905834.7499999999,722,0,Nayarit
2020,30,W7,37038,37038,21099282.00999998,31494,0,Veracruz de Ignacio de la Llave
2020,30,W15,4650,4650,5834946.3599999985,4340,0,Veracruz de Ignacio de la Llave
2020,30,W22,1364,1364,2544660.4999999995,1296,0,Veracruz de Ignacio de la Llave
2020,30,,30048,0,0.0,30048,444780,Veracruz de Ignacio de la Llave
2020,20,W5,9391,9391,3618860.2599999933,7767,0,Oaxaca
2020,20,W15,826,826,1034282.7799999997,731,0,Oaxaca
2020,20,W19,484,484,777539.2099999997,456,0,Oaxaca
2020,20,W21,236,236,420512.44999999995,220,0,Oaxaca
2020,31,,828,0,0.0,828,112173,Yucatán
2020,31,W5,19061,19061,7353748.670000026,16871,0,Yucatán
2020,31,W18,940,940,1430210.1399999987,904,0,Yucatán
2020,4,W8,4343,4343,2836956.6000000024,3351,0,Campeche
2020,4,W21,511,511,909289.7799999999,436,0,Campeche
2020,5,,996,0,0.0,996,117771,Coahuila de Zaragoza
2020,5,W11,11183,11183,10186307.709999992,9770,0,Coahuila de Zaragoza
2020,5,W23,1184,1184,2312095.8399999985,1124,0,Coahuila de Zaragoza
2020,23,W21,662,662,1177630.25,596,0,Quintana Roo
2020,23,W23,430,430,840321.52,359,0,Quintana Roo
2020,28,W13,4884,4884,5293748.549999999,4284,0,Tamaulipas
2020,28,W20,1640,1640,2776447.410000001,1529,0,Tamaulipas
2020,29,W3,26569,26569,5627779.889999995,18122,0,Tlaxcala
2020,29,W13,596,596,646213.16,521,0,Tlaxcala
2020,9,W14,34373,34373,40261965.810000025,30949,0,Ciudad de México
2020,9,W17,27107,27107,38809254.14999996,24752,0,Ciudad de México
2020,32,W11,3426,3426,3111818.289999999,2837,0,Zacatecas
2020,32,W25,1291,1291,2795927.5300000007,1134,0,Zacatecas
2020,6,W4,12609,12609,3795698.8500000034,9669,0,Colima
2020,6,W19,390,390,625834.7200000004,346,0,Colima
2020,7,W18,822,822,1252431.9299999995,782,0,Chiapas
2020,7,W24,221,221,450175.97999999986,211,0,Chiapas
2020,7,W11,3138,3138,2845457.3399999975,2824,0,Chiapas
2020,25,W6,28475,28475,13648180.219999999,24608,0,Sinaloa
2020,7,W22,376,376,701571.8799999998,368,0,Chiapas
2020,8,W22,2049,2049,3825334.4400000004,1974,0,Chihuahua
2020,8,W16,4024,4024,5415063.389999999,3766,0,Chihuahua
2020,27,W5,10387,10387,4003918.030000009,7797,0,Tabasco
2020,27,W25,2490,2490,5391905.6400000015,2243,0,Tabasco
2020,27,W16,812,812,1093484.9700000002,671,0,Tabasco
2020,27,W18,533,533,811273.0400000003,482,0,Tabasco
2020,27,W21,423,423,752259.94,389,0,Tabasco
2020,10,W2,99844,99844,13864160.920000318,92413,0,Durango
2020,1,W7,18055,18055,10156900.189999994,17116,0,Aguascalientes
2020,1,W16,1710,1710,2304813.1099999985,1630,0,Aguascalientes
2020,2,W3,421372,421372,88150255.12999758,375220,0,Baja California
2020,2,W4,165321,165321,49556594.68999992,155171,0,Baja California
2020,2,W6,53782,53782,25473072.350000013,49412,0,Baja California
2020,13,W2,86620,86620,12051146.77999826,75262,0,Hidalgo
2020,13,W9,4334,4334,3188911.430000003,3504,0,Hidalgo
2020,13,W16,865,865,1165360.1799999992,741,0,Hidalgo
2020,14,W17,8306,8306,11891539.700000007,7698,0,Jalisco
2020,15,W5,138186,138186,53477825.65000018,116639,0,Estado México
2020,15,W21,3789,3789,6739873.69,3491,0,Estado México
2020,19,W2,403484,403484,56844857.98999604,369843,0,Nuevo León
2020,19,W20,5572,5572,9430549.660000004,5226,0,Nuevo León
2020,5,W7,36354,36354,20452586.509999957,32161,0,Coahuila de Zaragoza
2020,21,W4,64945,64945,19527264.589999977,52967,0,Puebla
2020,21,W9,10562,10562,7774492.789999996,9003,0,Puebla
2020,21,W6,26518,26518,12602894.779999983,22566,0,Puebla
2020,21,W22,1011,1011,1886911.6099999999,919,0,Puebla
2020,21,W23,804,804,1571540.2299999993,723,0,Puebla
2020,22,W4,83216,83216,24989044.940000057,67386,0,Querétaro
2020,22,W17,3514,3514,5030055.250000002,3113,0,Querétaro
2020,26,W12,5718,5718,5702569.520000005,4987,0,Sonora
2020,26,W20,1355,1355,2293099.5500000003,1247,0,Sonora
2020,11,W23,1131,1131,2208863.5200000005,1022,0,Guanajuato
2020,11,W6,45701,45701,21670046.270000003,39081,0,Guanajuato
2020,11,W8,24628,24628,15999514.77000002,21630,0,Guanajuato
2020,11,W9,18426,18426,13550049.099999975,16213,0,Guanajuato
2020,12,W5,8732,8732,3368753.969999998,7228,0,Guerrero
2020,12,W12,1210,1210,1207461.8799999994,961,0,Guerrero
2020,12,W10,2440,2440,2007210.6699999992,1964,0,Guerrero
2020,12,W1,435,435,53584.799999999974,406,0,Guerrero
2020,16,W3,78326,78326,16729614.859999996,62450,0,Michoacán de Ocampo
2020,16,W4,45223,45223,13612598.219999956,36138,0,Michoacán de Ocampo
2020,16,W9,7707,7707,5664164.9299999885,6817,0,Michoacán de Ocampo
2020,16,W18,1434,1434,2168215.779999999,1332,0,Michoacán de Ocampo
2020,3,W12,1604,1604,1601466.6700000002,1287,0,Baja California Sur
2020,18,,5081,0,0.0,5081,77406,Nayarit
2020,18,W6,6185,6185,2946833.549999995,4950,0,Nayarit
2020,18,W25,893,893,1934671.2899999996,627,0,Nayarit
2020,18,W21,192,192,341312.3100000003,162,0,Nayarit
2020,18,W23,80,80,156162.10000000003,68,0,Nayarit
2020,18,W19,348,348,558310.4799999995,321,0,Nayarit
2020,18,W18,423,423,642134.5000000006,382,0,Nayarit
2020,30,W14,6012,6012,7054155.189999996,5393,0,Veracruz de Ignacio de la Llave
2020,30,W9,18153,18153,13375819.209999984,15497,0,Veracruz de Ignacio de la Llave
2020,30,W18,2900,2900,4407456.16,2748,0,Veracruz de Ignacio de la Llave
2020,20,W2,85937,85937,11972164.379998052,77486,0,Oaxaca
2020,20,W23,120,120,234319.54000000004,112,0,Oaxaca
2020,31,W13,1962,1962,2131505.799999998,1796,0,Yucatán
2020,31,W19,909,909,1460739.739999998,881,0,Yucatán
2020,4,W6,6413,6413,3059021.4300000016,5251,0,Campeche
2020,4,W14,1069,1069,1255072.3099999998,777,0,Campeche
2020,5,W6,45110,45110,21420856.379999995,39259,0,Coahuila de Zaragoza
2020,5,W16,3837,3837,5160273.780000001,3463,0,Coahuila de Zaragoza
2020,5,W20,2080,2080,3519980.8200000008,1964,0,Coahuila de Zaragoza
2020,5,W1,781,781,96198.38000000014,541,0,Coahuila de Zaragoza
2020,23,W7,10146,10146,5679745.4300000025,7611,0,Quintana Roo
2020,23,W13,1946,1946,2109024.4299999983,1555,0,Quintana Roo
2020,28,W7,31906,31906,18014189.099999942,28534,0,Tamaulipas
2020,28,W22,1176,1176,2194850.97,1084,0,Tamaulipas
2020,28,W9,13816,13816,10172884.259999994,12101,0,Tamaulipas
2020,28,,3041,0,0.0,3041,165778,Tamaulipas
2020,29,W4,13123,13123,3920511.689999997,10175,0,Tlaxcala
2020,29,W18,342,342,520745.2000000002,318,0,Tlaxcala
2020,9,W25,151749,151749,328938698.0699998,143283,0,Ciudad de México
2020,9,W5,234727,234727,91126961.92999992,197807,0,Ciudad de México
2020,9,W12,48001,48001,47872803.150000006,42821,0,Ciudad de México
2020,24,W11,5406,5406,4921528.379999999,4590,0,San Luis Potosí
2020,24,W8,13056,13056,8478526.099999998,11054,0,San Luis Potosí
2020,24,W19,1454,1454,2334092.9400000004,1299,0,San Luis Potosí
2020,24,W20,1162,1162,1967884.7400000005,1035,0,San Luis Potosí
2020,32,W18,999,999,1517456.2400000007,950,0,Zacatecas
2020,32,W22,281,281,523613.74000000005,254,0,Zacatecas
2020,6,,1782,0,0.0,1782,49115,Colima
2020,6,W3,25299,25299,5337664.020000004,21149,0,Colima
2020,6,W8,3868,3868,2512664.940000003,3086,0,Colima
2020,7,W16,962,962,1292859.7200000007,909,0,Chiapas
2020,25,W22,508,508,948693.7599999998,450,0,Sinaloa
2020,25,W7,16392,16392,9212462.489999989,13961,0,Sinaloa
2020,25,W10,5926,5926,4878848.500000004,5257,0,Sinaloa
2020,25,W13,2715,2715,2940142.2,2392,0,Sinaloa
2020,25,W17,1403,1403,2009023.5300000007,1294,0,Sinaloa
2020,8,W19,2827,2827,4543372.0200000005,2655,0,Chihuahua
2020,27,,3408,0,0.0,3408,146315,Tabasco
2020,27,W1,152,152,18729.439999999995,114,0,Tabasco
2020,27,W22,392,392,731702.51,360,0,Tabasco
2020,10,W4,23428,23428,7004846.760000002,20158,0,Durango
2020,10,W9,3884,3884,2855158.830000002,3522,0,Durango
2020,10,W15,902,902,1136022.0400000005,820,0,Durango
2020,1,W5,29397,29397,11347046.149999969,27293,0,Aguascalientes
2020,1,W10,7943,7943,6499728.489999988,7680,0,Aguascalientes
2020,1,W24,413,413,841934.0799999997,387,0,Aguascalientes
2020,1,W21,640,640,1138801.7300000004,616,0,Aguascalientes
2020,2,W14,5930,5930,6936342.839999998,5504,0,Baja California
2020,13,W22,277,277,517497.3099999998,244,0,Hidalgo
2020,13,W21,327,327,581883.2700000004,301,0,Hidalgo
2020,13,W15,1078,1078,1356424.1000000015,872,0,Hidalgo
2020,13,W20,431,431,728419.3300000001,398,0,Hidalgo
2020,14,W3,361874,361874,77009237.52999902,296572,0,Jalisco
2020,14,W4,214546,214546,64456074.61000019,176484,0,Jalisco
2020,14,W13,19981,19981,21739520.470000036,18372,0,Jalisco
2020,14,W22,4239,4239,7899987.040000005,3988,0,Jalisco
2020,14,W15,10815,10815,13604175.510000005,9753,0,Jalisco
2020,14,W1,4179,4179,477213.3900000011,3951,0,Jalisco
2020,15,W11,21042,21042,19144408.470000006,18457,0,Estado México
2020,15,W12,15526,15526,15509028.359999994,13672,0,Estado México
2020,15,W23,2473,2473,4833468.829999999,2301,0,Estado México
2020,19,W25,40098,40098,86881293.55000001,38334,0,Nuevo León
2020,19,W17,8399,8399,12031623.370000005,7870,0,Nuevo León
2020,19,W18,7221,7221,10970590.879999997,6774,0,Nuevo León
2020,21,W1,617,617,75839.90000000021,535,0,Puebla
2020,21,W19,1676,1676,2689419.51,1530,0,Puebla
2020,22,W9,16066,16066,11843614.529999994,13820,0,Querétaro
2020,26,W25,6305,6305,13653426.660000004,5991,0,Sonora
2020,11,W2,336186,336186,46528626.88999666,300530,0,Guanajuato
2020,11,W3,220356,220356,47411676.27999984,183181,0,Guanajuato
2020,11,W16,3854,3854,5189159.540000002,3481,0,Guanajuato
2020,11,W1,1052,1052,129549.92000000045,966,0,Guanajuato
2020,12,W11,1720,1720,1563092.8299999996,1329,0,Guerrero
2020,16,W5,29946,29946,11662061.010000002,25200,0,Michoacán de Ocampo
2020,16,W14,2643,2643,3096101.8599999985,2205,0,Michoacán de Ocampo
2020,3,W22,409,409,764051.5899999999,368,0,Baja California Sur
2020,17,W6,12304,12304,5839861.819999999,10671,0,Morelos
2020,17,W11,2717,2717,2472920.039999999,2259,0,Morelos
2020,17,W20,595,595,1006630.7299999999,575,0,Morelos
2020,17,W18,834,834,1270002.7200000007,791,0,Morelos
2020,18,W14,682,682,800068.8000000004,564,0,Nayarit
2020,20,W4,22375,22375,6741338.239999993,18947,0,Oaxaca
2020,20,W11,2675,2675,2428189.8000000026,2295,0,Oaxaca
2020,31,W24,320,320,651222.0,310,0,Yucatán
2020,4,W23,296,296,578726.35,251,0,Campeche
2020,5,W19,2609,2609,4188044.8500000006,2466,0,Coahuila de Zaragoza
2020,5,W8,25454,25454,16590255.96000002,22562,0,Coahuila de Zaragoza
2020,5,W15,4936,4936,6211053.7700000005,4491,0,Coahuila de Zaragoza
2020,23,W8,7715,7715,5017384.6599999955,6122,0,Quintana Roo
2020,23,W9,5450,5450,4010074.1199999964,4192,0,Quintana Roo
2020,28,W6,38326,38326,18170746.61,34365,0,Tamaulipas
2020,28,W15,3273,3273,4116035.829999997,2860,0,Tamaulipas
2020,28,W19,2234,2234,3586071.3199999966,2094,0,Tamaulipas
2020,29,W7,3235,3235,1818945.8499999987,2668,0,Tlaxcala
2020,29,W10,1316,1316,1083551.8600000008,1186,0,Tlaxcala
2020,29,W25,726,726,1572683.3,664,0,Tlaxcala
2020,29,W24,123,123,251222.22999999998,114,0,Tlaxcala
2020,9,W11,60421,60421,54931453.91000002,53447,0,Ciudad de México
2020,9,W19,20283,20283,32566324.49,18664,0,Ciudad de México
2020,9,W24,11101,11101,22632684.360000007,10402,0,Ciudad de México
2020,24,W25,6168,6168,13363989.12,5656,0,San Luis Potosí
2020,24,W7,16522,16522,9284542.029999994,13526,0,San Luis Potosí
2020,24,W17,2136,2136,3061017.6100000003,1869,0,San Luis Potosí
2020,24,W14,3202,3202,3748949.079999996,2637,0,San Luis Potosí
2020,32,W8,5970,5970,3873571.860000004,4979,0,Zacatecas
2020,32,,584,0,0.0,584,88989,Zacatecas
2020,6,W23,193,193,376646.77,147,0,Colima
2020,6,W24,176,176,358147.4800000001,152,0,Colima
2020,7,,4182,0,0.0,4182,188707,Chiapas
2020,7,W14,1502,1502,1760668.0700000003,1330,0,Chiapas
2020,25,W25,3291,3291,7126770.090000004,2975,0,Sinaloa
2020,25,W18,1158,1158,1760314.4300000002,1083,0,Sinaloa
2020,25,W19,967,967,1551088.1100000003,910,0,Sinaloa
2020,8,W8,25020,25020,16255969.389999986,22146,0,Chihuahua
2020,8,W9,19449,19449,14330460.650000002,17428,0,Chihuahua
2020,8,W10,14327,14327,11802245.96,13192,0,Chihuahua
2020,27,W13,1432,1432,1547973.9099999997,1096,0,Tabasco
2020,27,W19,607,607,974551.11,541,0,Tabasco
2020,27,W20,497,497,841317.9800000006,460,0,Tabasco
2020,10,W18,723,723,1100250.6300000004,681,0,Durango
2020,10,W13,1271,1271,1380026.370000001,1161,0,Durango
2020,1,W4,38820,38820,11660352.160000065,34885,0,Aguascalientes
2020,1,W18,1289,1289,1956319.3300000003,1240,0,Aguascalientes
2020,2,W16,4124,4124,5548505.520000005,3873,0,Baja California
2020,2,W23,1985,1985,3878330.1599999988,1896,0,Baja California
2020,13,W8,6084,6084,3948403.17,4735,0,Hidalgo
2020,13,W13,1482,1482,1607146.0200000007,1209,0,Hidalgo
2020,14,W9,42905,42905,31586988.65000002,38676,0,Jalisco
2020,14,W10,32185,32185,26467525.409999978,29055,0,Jalisco
2020,14,W19,6544,6544,10494122.55,6037,0,Jalisco
2020,15,W25,23218,23218,50290119.45000001,21306,0,Estado México
2020,15,W9,36458,36458,26772679.519999996,31790,0,Estado México
2020,19,W3,323525,323525,69445235.70999923,286623,0,Nuevo León
2020,19,W9,39779,39779,29263432.43999996,36203,0,Nuevo León
2020,19,W23,3498,3498,6836497.149999997,3348,0,Nuevo León
2020,19,W16,9860,9860,13261100.729999987,9198,0,Nuevo León
2020,21,W10,8672,8672,7138425.66,7379,0,Puebla
2020,21,W7,20975,20975,11819265.540000005,17700,0,Puebla
2020,21,W25,10279,10279,22290496.360000007,9335,0,Puebla
2020,22,W5,51182,51182,19824540.430000074,41051,0,Querétaro
2020,26,W7,23661,23661,13313488.889999997,20277,0,Sonora
2020,26,W10,8581,8581,7065642.110000005,7480,0,Sonora
2020,26,W23,772,772,1509601.0499999998,722,0,Sonora
2020,11,W10,14977,14977,12290664.659999996,13368,0,Guanajuato
2020,11,W18,2791,2791,4242183.8900000015,2564,0,Guanajuato
2020,12,W4,13519,13519,4045760.0900000017,10468,0,Guerrero
2020,12,W7,4894,4894,2757523.459999999,4130,0,Guerrero
2020,12,W15,678,678,852658.4200000002,520,0,Guerrero
2020,12,W17,545,545,781684.6499999999,483,0,Guerrero
2020,16,W23,347,347,679446.63,319,0,Michoacán de Ocampo
2020,2,W2,1,1,150.0,1,0,Baja California
2020,17,W17,870,870,1245310.0,825,0,Morelos
2020,17,W24,294,294,597444.5999999999,274,0,Morelos
2020,17,W19,750,750,1201458.32,716,0,Morelos
2020,18,W4,14883,14883,4473377.289999989,10429,0,Nayarit
2020,18,W12,1020,1020,1018048.9300000005,893,0,Nayarit
2020,30,W3,113332,113332,24280001.519999906,95437,0,Veracruz de Ignacio de la Llave
2020,31,W3,61832,61832,13098041.059999948,53843,0,Yucatán
2020,31,W1,658,658,80938.29000000018,598,0,Yucatán
2020,4,W9,3141,3141,2312370.990000002,2332,0,Campeche
2020,4,W17,917,917,1317193.21,743,0,Campeche
2020,4,W24,376,376,765473.0200000005,321,0,Campeche
2020,5,W9,19285,19285,14179885.390000004,17092,0,Coahuila de Zaragoza
2020,5,W12,9095,9095,9076771.230000015,7892,0,Coahuila de Zaragoza
2020,23,,1499,0,0.0,1499,82092,Quintana Roo
2020,23,W2,158115,158115,21977519.899999615,117993,0,Quintana Roo
2020,23,W14,1411,1411,1651522.1799999985,1112,0,Quintana Roo
2020,23,W18,794,794,1208732.17,624,0,Quintana Roo
2020,23,W25,3686,3686,7981565.499999997,2809,0,Quintana Roo
2020,23,W10,4059,4059,3348679.9399999995,3292,0,Quintana Roo
2020,23,W22,592,592,1104577.6599999992,498,0,Quintana Roo
2020,28,W4,130280,130280,38907724.54000009,119284,0,Tamaulipas
2020,28,W1,381,381,46864.66000000001,361,0,Tamaulipas
2020,29,W9,1783,1783,1309761.0599999996,1590,0,Tlaxcala
2020,29,W15,428,428,538571.4900000001,393,0,Tlaxcala
2020,29,W20,234,234,395545.1500000001,223,0,Tlaxcala
2020,29,W12,753,753,752319.8699999996,670,0,Tlaxcala
2020,9,W2,1021744,1021744,142203221.90999043,904824,0,Ciudad de México
2020,9,W6,169905,169905,80893515.26999997,143003,0,Ciudad de México
2020,9,W9,86086,86086,63331194.57000002,75484,0,Ciudad de México
2020,9,W15,32911,32911,41404925.22,29695,0,Ciudad de México
2020,24,W18,1801,1801,2735216.8500000006,1625,0,San Luis Potosí
2020,24,W24,689,689,1401923.3099999996,624,0,San Luis Potosí
2020,32,W9,4068,4068,2991401.179999999,3421,0,Zacatecas
2020,32,W13,1353,1353,1464958.0999999996,1113,0,Zacatecas
2020,6,W17,565,565,810433.93,496,0,Colima
2020,7,W15,937,937,1179842.1600000004,874,0,Chiapas
2020,7,W13,1514,1514,1640454.1700000006,1327,0,Chiapas
2020,7,W1,965,965,114480.45000000026,936,0,Chiapas
2020,25,W21,627,627,1114390.9599999995,592,0,Sinaloa
2020,25,W8,12193,12193,7910014.230000002,10632,0,Sinaloa
2020,8,W20,2424,2424,4103678.5999999978,2328,0,Chihuahua
2020,27,W14,951,951,1113494.4099999992,798,0,Tabasco
2020,10,W23,269,269,525452.0400000002,261,0,Durango
2020,10,W24,247,247,503730.0800000001,240,0,Durango
2020,10,W25,2045,2045,4431142.0,1984,0,Durango
2020,1,W2,99617,99617,13686957.479998494,89825,0,Aguascalientes
2020,1,W14,2490,2490,2917968.0399999986,2328,0,Aguascalientes
2020,1,W6,20239,20239,9655650.16999997,19170,0,Aguascalientes
2020,1,W25,3581,3581,7750641.260000001,3466,0,Aguascalientes
2020,1,W19,1009,1009,1619430.2500000007,959,0,Aguascalientes
2020,1,W12,4439,4439,4439184.9099999955,4282,0,Aguascalientes
2020,1,W20,713,713,1206409.5800000005,684,0,Aguascalientes
2020,1,W23,411,411,803018.6199999999,397,0,Aguascalientes
2020,2,,2161,0,0.0,2161,155605,Baja California
2020,2,W13,7492,7492,8120041.3900000015,6997,0,Baja California
2020,2,W11,11511,11511,10490915.360000007,10661,0,Baja California
2020,2,W19,2881,2881,4626301.559999997,2682,0,Baja California
2020,13,W4,25979,25979,7792200.509999984,19040,0,Hidalgo
2020,13,W12,1809,1809,1805823.0800000024,1519,0,Hidalgo
2020,13,W17,792,792,1133316.1199999992,706,0,Hidalgo
2020,13,W25,1737,1737,3762285.9400000004,1567,0,Hidalgo
2020,13,W24,190,190,387849.30000000016,172,0,Hidalgo
2020,13,W19,594,594,953529.3499999993,520,0,Hidalgo
2020,14,,16294,0,0.0,16294,452016,Jalisco
2020,15,W2,504644,504644,70468738.60999183,425894,0,Estado México
2020,15,W22,3325,3325,6203589.790000002,3068,0,Estado México
2020,19,W5,155425,155425,60172746.0800002,137498,0,Nuevo León
2020,19,W12,18856,18856,18801295.28999998,17304,0,Nuevo León
2020,19,W15,10769,10769,13546644.530000005,9748,0,Nuevo León
2020,21,W5,38810,38810,14984501.090000043,33208,0,Puebla
2020,21,W20,1376,1376,2327686.9100000006,1249,0,Puebla
2020,21,W21,1112,1112,1977833.9000000008,1001,0,Puebla
2020,21,W15,3345,3345,4209744.179999996,2984,0,Puebla
2020,22,W7,28653,28653,16125062.939999938,23663,0,Querétaro
2020,22,W8,20415,20415,13251884.229999999,16912,0,Querétaro
2020,22,W20,2182,2182,3692595.719999998,1945,0,Querétaro
2020,22,W22,2388,2388,4446637.56,2204,0,Querétaro
2020,26,W6,28552,28552,13572276.5,24389,0,Sonora
2020,26,W21,1141,1141,2029381.1700000009,1068,0,Sonora
2020,26,W22,997,997,1860917.7499999995,926,0,Sonora
2020,11,W25,10382,10382,22489515.639999997,9594,0,Guanajuato
2020,11,W7,41101,41101,23206355.62999995,36064,0,Guanajuato
2020,11,W11,10637,10637,9685296.85,9425,0,Guanajuato
2020,11,W20,1904,1904,3224365.2200000007,1750,0,Guanajuato
2020,12,W3,27046,27046,5739230.410000019,20874,0,Guerrero
2020,12,W6,5906,5906,2804031.7699999996,4925,0,Guerrero
2020,12,W24,131,131,266720.47,123,0,Guerrero
2020,12,W16,571,571,769377.9499999998,506,0,Guerrero
2020,12,W21,254,254,451857.4,232,0,Guerrero
2020,16,,7461,0,0.0,7461,228904,Michoacán de Ocampo
2020,16,W2,184632,184632,25311703.129994445,148323,0,Michoacán de Ocampo
2020,16,W11,4630,4630,4224071.359999998,3877,0,Michoacán de Ocampo
2020,16,W19,948,948,1521049.3900000006,894,0,Michoacán de Ocampo
2020,26,W2,159861,159861,22155279.33999911,137054,0,Sonora
2020,3,W9,3836,3836,2835414.9099999974,3027,0,Baja California Sur
2020,17,W3,39080,39080,8333306.839999991,32501,0,Morelos
2020,17,W15,1760,1760,2209350.129999998,1636,0,Morelos
2020,18,W15,461,461,578472.83,387,0,Nayarit
2020,30,W5,46402,46402,17954261.300000045,39599,0,Veracruz de Ignacio de la Llave
2020,30,W11,14423,14423,13135206.220000016,13071,0,Veracruz de Ignacio de la Llave
2020,30,W12,8593,8593,8586197.559999999,7598,0,Veracruz de Ignacio de la Llave
2020,30,W13,7248,7248,7838460.940000005,6563,0,Veracruz de Ignacio de la Llave
2020,30,W23,1092,1092,2133732.339999999,1040,0,Veracruz de Ignacio de la Llave
2020,30,W1,1644,1644,192818.23000000033,1569,0,Veracruz de Ignacio de la Llave
2020,20,W6,7885,7885,3759854.1900000055,6417,0,Oaxaca
2020,20,W14,1089,1089,1276170.400000001,951,0,Oaxaca
2020,31,W9,5290,5290,3889792.2700000014,4813,0,Yucatán
2020,31,W7,49971,49971,27940078.500000026,48789,0,Yucatán
2020,4,,325,0,0.0,325,56275,Campeche
2020,4,W18,795,795,1204082.680000002,675,0,Campeche
2020,4,W22,394,394,734887.9999999995,321,0,Campeche
2020,23,W3,74025,74025,15655449.719999976,53451,0,Quintana Roo
2020,23,W16,1030,1030,1385924.2199999997,820,0,Quintana Roo
2020,23,W19,776,776,1246708.9700000007,673,0,Quintana Roo
2020,28,W8,17984,17984,11671558.030000014,15731,0,Tamaulipas
2020,28,W5,67938,67938,26171230.030000012,61469,0,Tamaulipas
2020,28,W10,10358,10358,8532099.420000002,9018,0,Tamaulipas
2020,28,W25,7730,7730,16741222.330000002,7059,0,Tamaulipas
2020,28,W17,2493,2493,3574730.260000002,2286,0,Tamaulipas
2020,9,W13,43619,43619,47269503.559999995,39058,0,Ciudad de México
2020,24,W9,9403,9403,6912523.889999993,8154,0,San Luis Potosí
2020,24,W22,853,853,1592420.91,748,0,San Luis Potosí
2020,32,W10,3117,3117,2569485.229999998,2642,0,Zacatecas
2020,32,W19,560,560,896365.9499999995,534,0,Zacatecas
2020,32,W3,41430,41430,8920569.730000021,35492,0,Zacatecas
2020,32,W6,9708,9708,4618902.669999982,7964,0,Zacatecas
2020,6,W10,2141,2141,1761447.830000002,1769,0,Colima
2020,6,W11,1559,1559,1418426.0799999975,1278,0,Colima
2020,7,W4,21653,21653,6486979.759999965,18824,0,Chiapas
2020,25,,5006,0,0.0,5006,291549,Sinaloa
2020,25,W14,2109,2109,2468249.1499999994,1823,0,Sinaloa
2020,8,,6156,0,0.0,6156,205482,Chihuahua
2020,8,W25,11320,11320,24519318.18,11015,0,Chihuahua
2020,8,W1,783,783,96481.26000000027,674,0,Chihuahua
2020,8,W14,5775,5775,6763118.4300000025,5400,0,Chihuahua
2020,8,W23,1553,1553,3032370.2800000003,1505,0,Chihuahua
2020,27,W2,72390,72390,10019924.69999933,61711,0,Tabasco
2020,27,W10,2821,2821,2323262.0399999954,2325,0,Tabasco
2020,27,W8,4774,4774,3095978.520000002,3749,0,Tabasco
2020,10,W6,9543,9543,4534844.949999996,8423,0,Durango
2020,10,W12,1686,1686,1681390.6799999992,1535,0,Durango
2020,10,W8,5027,5027,3262492.0999999996,4373,0,Durango
2020,10,W11,2203,2203,2002634.0900000008,1953,0,Durango
2020,10,W16,841,841,1133687.04,746,0,Durango
2022,27,W13,2289,2289,2749306.06,1856,0,Tabasco
2022,6,W2,40228,40228,7325968.23,36218,0,Colima
2022,24,W3,101467,101467,23827385.69,74263,0,San Luis Potosí
2022,29,W22,97,97,200117.63,88,0,Tlaxcala
2022,14,W24,4602,4602,10391934.76,4348,0,Jalisco
2022,8,W22,2138,2138,4425270.12,2049,0,Chihuahua
2022,6,,1689,0,0.0,1689,46833,Colima
2022,21,W15,2930,2930,4086448.55,2612,0,Puebla
2022,8,W13,8562,8562,10291346.12,7987,0,Chihuahua
2022,15,W2,385582,385582,70511058.53,331836,0,Estado México
2022,5,W2,162409,162409,29620588.85,148689,0,Coahuila de Zaragoza
2022,5,W22,1754,1754,3631587.45,1660,0,Coahuila de Zaragoza
2022,29,W7,3713,3713,2311495.46,3120,0,Tlaxcala
2022,30,W4,81759,81759,27232677.78,69293,0,Veracruz de Ignacio de la Llave
2022,15,W14,13059,13059,16942195.07,11677,0,Estado México
2022,9,W11,68156,68156,68829597.42,61489,0,Ciudad de México
2022,21,W11,7732,7732,7789469.37,6922,0,Puebla
2022,18,W17,532,532,842340.46,459,0,Nayarit
2022,27,W8,9307,9307,6678431.17,5190,0,Tabasco
2022,30,W22,1336,1336,2767426.74,1236,0,Veracruz de Ignacio de la Llave
2022,29,W15,471,471,656373.65,429,0,Tlaxcala
2022,12,W19,446,446,792534.64,402,0,Guerrero
2022,13,W14,1540,1540,2000021.1,1272,0,Hidalgo
2022,3,W18,837,837,1408031.37,670,0,Baja California Sur
2022,2,W3,291148,291148,79854484.52,252268,0,Baja California
2022,25,W4,65099,65099,21536657.54,55931,0,Sinaloa
2022,27,W11,3859,3859,3892915.22,2786,0,Tabasco
2022,16,W16,2428,2428,3611768.79,2253,0,Michoacán de Ocampo
2022,28,W18,2481,2481,4173997.15,2358,0,Tamaulipas
2022,32,W12,2668,2668,2952493.47,2317,0,Zacatecas
2022,8,W12,10266,10266,11337897.61,9444,0,Chihuahua
2022,18,W9,3218,3218,2618321.46,2625,0,Nayarit
2022,10,W23,290,290,627840.31,276,0,Durango
2022,22,W1,947,947,163675.85,867,0,Querétaro
2022,20,W11,3417,3417,3440427.0,3059,0,Oaxaca
2022,11,W10,16579,16579,15102882.08,15057,0,Guanajuato
2022,28,W11,9020,9020,9098256.35,8278,0,Tamaulipas
2022,22,W18,3521,3521,5929776.53,3194,0,Querétaro
2022,10,W4,35239,35239,11603566.16,31012,0,Durango
2022,14,W6,109687,109687,57712927.95,96473,0,Jalisco
2022,21,W25,10937,10937,26280877.73,10072,0,Puebla
2022,32,W19,585,585,1040784.84,523,0,Zacatecas
2022,6,W14,1057,1057,1373112.46,835,0,Colima
2022,14,W16,11624,11624,17323336.48,10857,0,Jalisco
2022,2,W15,6220,6220,8664467.05,5790,0,Baja California
2022,28,W1,479,479,82742.39,463,0,Tamaulipas
2022,25,,3948,0,0.0,3948,296097,Sinaloa
2022,29,W25,768,768,1844216.8,683,0,Tlaxcala
2022,7,W21,413,413,814951.94,393,0,Chiapas
2022,32,W25,1392,1392,3342395.49,1263,0,Zacatecas
2022,2,W22,2606,2606,5392818.9,2471,0,Baja California
2022,18,W2,48802,48802,8903415.18,41532,0,Nayarit
2022,28,W19,1959,1959,3487035.83,1862,0,Tamaulipas
2022,7,W16,1243,1243,1853151.08,1177,0,Chiapas
2022,5,W17,4351,4351,6897288.35,4065,0,Coahuila de Zaragoza
2022,10,W21,403,403,793527.55,380,0,Durango
2022,14,W10,40167,40167,36683167.37,36744,0,Jalisco
2022,26,W16,3383,3383,5039427.63,3099,0,Sonora
2022,14,W25,38308,38308,91990775.67,36495,0,Jalisco
2022,22,W21,2920,2920,5779678.47,2681,0,Querétaro
2022,1,W9,10113,10113,8244015.09,9645,0,Aguascalientes
2022,4,W19,702,702,1247338.28,531,0,Campeche
2022,16,W10,5756,5756,5254191.66,5148,0,Michoacán de Ocampo
2022,5,W5,82643,82643,35419130.99,74811,0,Coahuila de Zaragoza
2022,22,W9,19867,19867,16220784.28,16802,0,Querétaro
2022,28,W14,4568,4568,5925050.23,4124,0,Tamaulipas
2022,8,W8,29995,29995,21576253.72,27148,0,Chihuahua
2022,13,W12,2289,2289,2526905.52,1926,0,Hidalgo
2022,10,W25,2256,2256,5416348.19,2191,0,Durango
2022,5,W6,58145,58145,30612329.87,52333,0,Coahuila de Zaragoza
2022,10,W20,464,464,870180.01,446,0,Durango
2022,27,W2,58801,58801,10744668.99,49991,0,Tabasco
2022,14,W7,89839,89839,55958410.36,79258,0,Jalisco
2022,11,W11,12086,12086,12180386.16,10892,0,Guanajuato
2022,23,W25,5999,5999,14408748.44,4908,0,Quintana Roo
2022,24,W22,989,989,2046966.2,891,0,San Luis Potosí
2022,26,W13,5207,5207,6262545.46,4676,0,Sonora
2022,25,W14,2537,2537,3292334.98,2158,0,Sinaloa
2022,18,W8,4847,4847,3482871.84,3929,0,Nayarit
2022,26,W12,6472,6472,7151279.69,5552,0,Sonora
2022,7,W10,4112,4112,3749975.42,3832,0,Chiapas
2022,26,W25,12653,12653,30398658.29,12302,0,Sonora
2022,27,W10,5072,5072,4625972.1,3450,0,Tabasco
2022,31,W2,122910,122910,22393909.71,108618,0,Yucatán
2022,20,W15,835,835,1163311.4,763,0,Oaxaca
2022,6,W3,35603,35603,8245212.83,27661,0,Colima
2022,23,W23,562,562,1218033.81,441,0,Quintana Roo
2022,6,W22,264,264,546842.91,242,0,Colima
2022,9,,4792,0,0.0,4792,1770948,Ciudad de México
2022,4,W7,6714,6714,4178593.99,5306,0,Campeche
2022,25,W6,28266,28266,14891756.81,24526,0,Sinaloa
2022,15,W16,9962,9962,14850399.93,9110,0,Estado México
2022,25,W24,604,604,1360572.76,561,0,Sinaloa
2022,16,W13,3474,3474,4177430.17,3170,0,Michoacán de Ocampo
2022,25,W10,6361,6361,5787635.66,5640,0,Sinaloa
2022,24,W1,489,489,84533.43000000001,429,0,San Luis Potosí
2022,2,W9,25883,25883,21126253.14,22624,0,Baja California
2022,9,W24,16943,16943,38200594.54,16182,0,Ciudad de México
2022,32,,480,0,0.0,480,83982,Zacatecas
2022,14,W5,168469,168469,72609064.31,146777,0,Jalisco
2022,8,W18,3688,3688,6207235.71,3483,0,Chihuahua
2022,32,W10,4108,4108,3722240.01,3065,0,Zacatecas
2022,7,W18,809,809,1361759.8,760,0,Chiapas
2022,24,W8,13719,13719,9873967.17,11974,0,San Luis Potosí
2022,10,W19,561,561,997094.05,534,0,Durango
2022,7,W23,300,300,650674.14,291,0,Chiapas
2022,13,W19,540,540,959479.0,486,0,Hidalgo
2022,2,W12,11047,11047,12206698.32,10180,0,Baja California
2022,16,W1,1366,1366,236140.42,1098,0,Michoacán de Ocampo
2022,21,W17,2483,2483,3937592.4,2283,0,Puebla
2022,21,W16,2932,2932,4373644.1,2649,0,Puebla
2022,21,W5,46185,46185,19824108.84,40404,0,Puebla
2022,7,W13,1691,1691,2028669.06,1501,0,Chiapas
2022,31,W15,1464,1464,2039156.11,1218,0,Yucatán
2022,27,W14,1823,1823,2364986.7,1506,0,Tabasco
2022,6,W17,549,549,868567.93,498,0,Colima
2022,18,W14,869,869,1130179.93,683,0,Nayarit
2022,31,W19,883,883,1571307.92,850,0,Yucatán
2022,7,W25,1600,1600,3839300.9,1534,0,Chiapas
2022,4,W24,421,421,949524.77,368,0,Campeche
2022,5,W19,2667,2667,4744723.56,2495,0,Coahuila de Zaragoza
2022,5,W8,30695,30695,22051347.26,27491,0,Coahuila de Zaragoza
2022,16,W3,122082,122082,27975099.18,91032,0,Michoacán de Ocampo
2022,31,W1,630,630,108908.1,592,0,Yucatán
2022,16,W12,4192,4192,4624262.16,3731,0,Michoacán de Ocampo
2022,26,W3,177992,177992,43929528.84,144710,0,Sonora
2022,23,W11,5143,5143,5191281.23,3625,0,Quintana Roo
2022,31,W21,452,452,891203.06,424,0,Yucatán
2022,24,W25,7140,7140,17143234.47,6621,0,San Luis Potosí
2022,29,W23,99,99,214873.53,90,0,Tlaxcala
2022,11,W13,7215,7215,8664430.54,6620,0,Guanajuato
2022,12,W3,42779,42779,9832644.43,32104,0,Guerrero
2022,13,W20,471,471,882773.8099999999,409,0,Hidalgo
2022,32,W4,29757,29757,9798783.4,25604,0,Zacatecas
2022,32,W16,1167,1167,1739798.84,1098,0,Zacatecas
2022,15,W6,99048,99048,52141394.16,84612,0,Estado México
2022,23,,1557,0,0.0,1557,86845,Quintana Roo
2022,5,W1,604,604,104413.48,572,0,Coahuila de Zaragoza
2022,25,W20,819,819,1537037.22,749,0,Sinaloa
2022,11,W14,5926,5926,7689755.09,5363,0,Guanajuato
2022,25,W17,1588,1588,2514563.86,1467,0,Sinaloa
2022,26,W23,991,991,2147052.63,923,0,Sonora
2022,16,W7,18407,18407,11461307.03,15667,0,Michoacán de Ocampo
2022,13,W6,13778,13778,7262169.41,9926,0,Hidalgo
2022,15,W15,9640,9640,13438656.58,8694,0,Estado México
2022,21,W13,4437,4437,5336040.61,3931,0,Puebla
2022,29,W21,141,141,278194.04,131,0,Tlaxcala
2022,7,,5324,0,0.0,5324,211041,Chiapas
2022,30,W25,8037,8037,19287399.01,7442,0,Veracruz de Ignacio de la Llave
2022,3,W5,17128,17128,7332010.04,11701,0,Baja California Sur
2022,22,W22,1988,1988,4113788.19,1825,0,Querétaro
2022,30,W1,2118,2118,341859.44,1999,0,Veracruz de Ignacio de la Llave
2022,30,W20,1866,1866,3500447.65,1695,0,Veracruz de Ignacio de la Llave
2022,23,W17,1530,1530,2425791.68,1191,0,Quintana Roo
2022,8,W17,4858,4858,7707301.8,4452,0,Chihuahua
2022,13,W16,1286,1286,1918139.99,1144,0,Hidalgo
2022,3,W20,851,851,1597572.17,729,0,Baja California Sur
2022,20,W9,4805,4805,3925286.23,4210,0,Oaxaca
2022,29,W2,25642,25642,4700754.22,21225,0,Tlaxcala
2022,13,W15,1166,1166,1625584.76,998,0,Hidalgo
2022,20,W4,24463,24463,8044645.07,20404,0,Oaxaca
2022,8,W19,3179,3179,5656014.46,3034,0,Chihuahua
2022,32,W15,1376,1376,1920367.54,1192,0,Zacatecas
2022,13,W23,281,281,608692.85,241,0,Hidalgo
2022,12,W17,804,804,1276413.23,715,0,Guerrero
2022,26,W2,131862,131862,24010958.08,117120,0,Sonora
2022,30,W12,10327,10327,11435840.77,9120,0,Veracruz de Ignacio de la Llave
2022,30,,27103,0,0.0,27103,441996,Veracruz de Ignacio de la Llave
2022,11,W9,21213,21213,17303480.97,19230,0,Guanajuato
2022,31,W22,429,429,887092.71,401,0,Yucatán
2022,20,W6,10192,10192,5299143.82,8819,0,Oaxaca
2022,24,W14,4129,4129,5353534.93,3611,0,San Luis Potosí
2022,10,W14,1286,1286,1665940.77,1116,0,Durango
2022,8,W1,1204,1204,208135.48,1153,0,Chihuahua
2022,30,W19,2385,2385,4239048.89,2178,0,Veracruz de Ignacio de la Llave
2022,15,W21,3867,3867,7622580.76,3565,0,Estado México
2022,15,W19,5482,5482,9744800.44,5047,0,Estado México
2022,5,W20,2267,2267,4251180.13,2107,0,Coahuila de Zaragoza
2022,9,W18,24620,24620,41429587.29,22915,0,Ciudad de México
2022,12,W23,129,129,278861.66,108,0,Guerrero
2022,29,W20,161,161,301743.68,145,0,Tlaxcala
2022,27,W18,973,973,1639931.0,886,0,Tabasco
2022,15,W3,477554,477554,111030052.47,389064,0,Estado México
2022,23,W7,18470,18470,11500555.38,12048,0,Quintana Roo
2022,27,W7,9245,9245,5760457.92,6005,0,Tabasco
2022,2,W16,5458,5458,8131516.38,5035,0,Baja California
2022,12,W24,161,161,362718.24,145,0,Guerrero
2022,1,W1,1644,1644,273928.57,1627,0,Aguascalientes
2022,26,W7,26427,26427,16463562.65,22579,0,Sonora
2022,23,W19,1405,1405,2497595.4,1116,0,Quintana Roo
2022,23,W2,119395,119395,21788258.62,93553,0,Quintana Roo
2022,10,W2,80735,80735,14748222.2,75566,0,Durango
2022,2,W23,2336,2336,5054104.31,2214,0,Baja California
2022,8,,4940,0,0.0,4940,180614,Chihuahua
2022,24,W2,88580,88580,16214067.34,75219,0,San Luis Potosí
2022,14,W18,7828,7828,13163702.29,7380,0,Jalisco
2022,10,W17,933,933,1479232.23,864,0,Durango
2022,9,W19,22050,22050,39222345.63,20482,0,Ciudad de México
2022,1,W4,43950,43950,14670020.19,39871,0,Aguascalientes
2022,20,W24,156,156,351493.86,152,0,Oaxaca
2022,9,W21,16559,16559,32660213.91,15522,0,Ciudad de México
2022,5,W23,1510,1510,3269874.48,1440,0,Coahuila de Zaragoza
2022,7,W3,65234,65234,14960863.86,53273,0,Chiapas
2022,4,W10,2997,2997,2731039.78,2026,0,Campeche
2022,1,W17,2092,2092,3316708.2399999998,1999,0,Aguascalientes
2022,18,W12,1309,1309,1447502.41,1073,0,Nayarit
2022,29,W11,1201,1201,1208281.77,1090,0,Tlaxcala
2022,12,W13,1059,1059,1273938.18,830,0,Guerrero
2022,20,W5,12239,12239,5194122.95,10319,0,Oaxaca
2022,12,W2,47270,47270,8617472.96,40824,0,Guerrero
2022,14,W1,6019,6019,950767.67,5783,0,Jalisco
2022,5,W21,1967,1967,3878306.74,1843,0,Coahuila de Zaragoza
2022,5,W18,3442,3442,5788857.87,3204,0,Coahuila de Zaragoza
2022,23,W4,64017,64017,21248520.16,42206,0,Quintana Roo
2022,22,W3,149003,149003,35084834.66,117542,0,Querétaro
2022,30,W10,18208,18208,16563931.45,15541,0,Veracruz de Ignacio de la Llave
2022,24,,7081,0,0.0,7081,131865,San Luis Potosí
2022,29,W6,5590,5590,2942565.44,4646,0,Tlaxcala
2022,7,W9,5083,5083,4153909.89,4612,0,Chiapas
2022,13,W25,1851,1851,4442777.51,1657,0,Hidalgo
2022,13,W24,268,268,605516.92,234,0,Hidalgo
2022,22,W24,1945,1945,4387957.94,1791,0,Querétaro
2022,16,W14,2913,2913,3779643.32,2563,0,Michoacán de Ocampo
2022,17,W7,8892,8892,5543237.91,7621,0,Morelos
2022,27,W25,3556,3556,8537947.74,3290,0,Tabasco
2022,29,W9,1879,1879,1531249.81,1665,0,Tlaxcala
2022,7,W14,1666,1666,2166068.0,1500,0,Chiapas
2022,18,W24,128,128,288586.49,104,0,Nayarit
2022,8,W4,234599,234599,78317974.48,216994,0,Chihuahua
2022,18,W16,848,848,1261863.71,779,0,Nayarit
2022,31,W5,23907,23907,10234915.18,20457,0,Yucatán
2022,28,W16,3232,3232,4817809.12,3055,0,Tamaulipas
2022,23,W15,2052,2052,2859906.35,1505,0,Quintana Roo
2022,9,W22,16676,16676,34505766.79,15685,0,Ciudad de México
2022,2,W11,14647,14647,14785992.06,13260,0,Baja California
2022,31,W14,1761,1761,2283932.85,1510,0,Yucatán
2022,13,W13,1838,1838,2208043.3,1549,0,Hidalgo
2022,11,W16,4889,4889,7285168.95,4591,0,Guanajuato
2022,15,W1,2909,2909,502878.83,2042,0,Estado México
2022,14,W11,28331,28331,28553670.55,25802,0,Jalisco
2022,28,W5,107110,107110,45596461.97,99244,0,Tamaulipas
2022,31,W18,1079,1079,1815197.44,1019,0,Yucatán
2022,2,W7,51312,51312,31926014.51,46636,0,Baja California
2022,21,W12,5940,5940,6567085.01,5291,0,Puebla
2022,25,W21,648,648,1278087.86,590,0,Sinaloa
2022,2,W18,3824,3824,6436257.42,3615,0,Baja California
2022,28,W13,5703,5703,6848508.72,5234,0,Tamaulipas
2022,3,W4,26583,26583,8856532.94,18304,0,Baja California Sur
2022,2,W5,153557,153557,65584089.75,143388,0,Baja California
2022,28,W15,3695,3695,5147652.84,3416,0,Tamaulipas
2022,31,W6,64943,64943,35285159.26,63210,0,Yucatán
2022,19,W18,8939,8939,15036626.65,8450,0,Nuevo León
2022,32,W7,10811,10811,6747750.69,8144,0,Zacatecas
2022,5,W3,185583,185583,45248697.78,163400,0,Coahuila de Zaragoza
2022,12,W7,4943,4943,3070330.84,4312,0,Guerrero
2022,17,W6,12125,12125,6366835.3,10773,0,Morelos
2022,23,W5,39151,39151,16790052.49,25063,0,Quintana Roo
2022,8,W3,211472,211472,53935806.8,192017,0,Chihuahua
2022,19,W14,15998,15998,20764792.68,14876,0,Nuevo León
2022,1,W7,17355,17355,10851984.65,16445,0,Aguascalientes
2022,27,W19,783,783,1390999.51,726,0,Tabasco
2022,2,W25,19277,19277,46288720.59,18424,0,Baja California
2022,9,W4,369354,369354,123318279.73,314647,0,Ciudad de México
2022,27,W20,684,684,1283568.51,629,0,Tabasco
2022,14,W13,17495,17495,21007515.8,15871,0,Jalisco
2022,28,W2,68332,68332,12442199.52,56571,0,Tamaulipas
2022,12,W25,1503,1503,3610574.77,1426,0,Guerrero
2022,23,W3,137596,137596,31665651.9,84643,0,Quintana Roo
2022,17,W2,53099,53099,9707152.44,47520,0,Morelos
2022,2,,1797,0,0.0,1797,156692,Baja California
2022,23,W9,8921,8921,7277949.76,6232,0,Quintana Roo
2022,3,W17,1087,1087,1725658.39,795,0,Baja California Sur
2022,12,W14,890,890,1154763.21,743,0,Guerrero
2022,27,W3,59546,59546,13520367.85,44749,0,Tabasco
2022,13,W8,7667,7667,5505432.85,5697,0,Hidalgo
2022,12,W1,2452,2452,423877.24,2423,0,Guerrero
2022,15,,896,0,0.0,896,837479,Estado México
2022,25,W25,4051,4051,9725080.22,3715,0,Sinaloa
2022,13,W2,66826,66826,12202707.81,57336,0,Hidalgo
2022,12,W4,16532,16532,5476120.06,12842,0,Guerrero
2022,16,W15,2046,2046,2850726.1,1863,0,Michoacán de Ocampo
2022,20,W8,5340,5340,3832008.87,4458,0,Oaxaca
2022,29,W4,17246,17246,5749167.43,13566,0,Tlaxcala
2022,26,W21,1279,1279,2519691.47,1196,0,Sonora
2022,22,W5,63615,63615,27273765.62,52178,0,Querétaro
2022,10,W16,1242,1242,1853425.41,1128,0,Durango
2022,31,W11,3319,3319,3347515.2,2740,0,Yucatán
2022,1,W12,5028,5028,5560061.51,4874,0,Aguascalientes
2022,21,W8,15694,15694,11293669.27,13237,0,Puebla
2022,17,W13,1930,1930,2314673.67,1755,0,Morelos
2022,19,W2,320765,320765,58625550.17,295802,0,Nuevo León
2022,22,W11,11362,11362,11471974.4,9881,0,Querétaro
2022,32,W22,262,262,542374.41,244,0,Zacatecas
2022,14,W23,4053,4053,8779595.14,3814,0,Jalisco
2022,6,W10,2380,2380,2173336.07,2033,0,Colima
2022,24,W9,31051,31051,25034983.63,29829,0,San Luis Potosí
2022,6,W25,1294,1294,3103817.13,1214,0,Colima
2022,9,W17,30404,30404,48218876.28,28350,0,Ciudad de México
2022,22,W6,43921,43921,23105058.8,36730,0,Querétaro
2022,30,W13,7163,7163,8614924.87,6228,0,Veracruz de Ignacio de la Llave
2022,24,W24,940,940,2121223.56,878,0,San Luis Potosí
2022,16,W23,410,410,887308.23,379,0,Michoacán de Ocampo
2022,29,W8,2486,2486,1789243.64,2149,0,Tlaxcala
2022,23,W18,1265,1265,2134430.37,997,0,Quintana Roo
2022,11,W7,47102,47102,29436978.78,42854,0,Guanajuato
2022,20,W17,792,792,1256113.72,749,0,Oaxaca
2022,30,W15,4303,4303,5994638.95,3760,0,Veracruz de Ignacio de la Llave
2022,27,W9,6431,6431,5247343.25,3863,0,Tabasco
2022,1,W20,941,941,1766586.44,903,0,Aguascalientes
2022,28,W8,23663,23663,17004914.06,21541,0,Tamaulipas
2022,31,W4,45132,45132,14934327.2,38011,0,Yucatán
2022,3,W6,12319,12319,6459237.55,8243,0,Baja California Sur
2022,10,W10,3108,3108,2829438.84,2796,0,Durango
2022,4,W23,440,440,953071.6900000001,344,0,Campeche
2022,32,W3,48712,48712,11378724.72,41075,0,Zacatecas
2022,2,W8,36999,36999,26649540.01,32894,0,Baja California
2022,25,W2,179897,179897,32821927.18,165617,0,Sinaloa
2022,6,W13,1415,1415,1704440.53,1184,0,Colima
2022,26,W4,110199,110199,36701890.52,97148,0,Sonora
2022,14,W17,9399,9399,14904942.22,8719,0,Jalisco
2022,13,W5,20741,20741,8871035.62,15899,0,Hidalgo
2022,29,W5,9624,9624,4103088.28,7467,0,Tlaxcala
2022,19,W25,53922,53922,129536521.75,52132,0,Nuevo León
2022,32,W24,206,206,464406.87,185,0,Zacatecas
2022,28,W25,7841,7841,18827872.57,7432,0,Tamaulipas
2022,19,W15,13720,13720,19117422.96,12576,0,Nuevo León
2022,21,W4,79609,79609,26374912.74,68969,0,Puebla
2022,29,W1,277,277,47884.99,269,0,Tlaxcala
2022,31,W10,4801,4801,4373481.81,3890,0,Yucatán
2022,12,W16,647,647,964988.27,549,0,Guerrero
2022,20,W13,1379,1379,1655460.72,1160,0,Oaxaca
2022,5,W16,5364,5364,7993106.73,5009,0,Coahuila de Zaragoza
2022,26,W15,3460,3460,4818902.57,3133,0,Sonora
2022,6,W23,253,253,546111.14,238,0,Colima
2022,24,W12,5897,5897,6535450.22,5237,0,San Luis Potosí
2022,1,W8,12344,12344,8874270.2,11789,0,Aguascalientes
2022,3,W7,8415,8415,5254560.06,5937,0,Baja California Sur
2022,10,W1,475,475,82113.25,456,0,Durango
2022,4,W1,68,68,11755.16,46,0,Campeche
2022,28,W24,1109,1109,2502348.34,1045,0,Tamaulipas
2022,32,W5,15818,15818,6825786.98,12876,0,Zacatecas
2022,8,W15,5771,5771,8040461.26,5309,0,Chihuahua
2022,12,W9,2991,2991,2443753.29,2641,0,Guerrero
2022,15,W17,8016,8016,12705639.12,7364,0,Estado México
2022,19,W22,5178,5178,10721003.21,4914,0,Nuevo León
2022,11,W20,2300,2300,4307599.22,2165,0,Guanajuato
2022,11,W17,3601,3601,5708428.23,3363,0,Guanajuato
2022,24,W23,877,877,1898069.37,807,0,San Luis Potosí
2022,29,W18,311,311,522834.95,291,0,Tlaxcala
2022,26,W8,18574,18574,13366822.3,15798,0,Sonora
2022,19,W23,4576,4576,9909472.54,4364,0,Nuevo León
2022,5,W4,141225,141225,46939235.07,125022,0,Coahuila de Zaragoza
2022,20,W12,2201,2201,2429869.85,1912,0,Oaxaca
2022,10,,627,0,0.0,627,72062,Durango
2022,31,W3,94191,94191,22106512.81,80798,0,Yucatán
2022,5,W15,5493,5493,7653364.29,4970,0,Coahuila de Zaragoza
2022,6,W6,7819,7819,4127877.7,6360,0,Colima
2022,6,W12,1605,1605,1773403.06,1313,0,Colima
2022,31,W25,3132,3132,7519785.53,2976,0,Yucatán
2022,6,W15,879,879,1221098.69,725,0,Colima
2022,15,W10,30006,30006,27334398.5,26275,0,Estado México
2022,28,W9,17122,17122,13979790.51,15688,0,Tamaulipas
2022,21,W23,825,825,1785619.05,730,0,Puebla
2022,5,W12,10666,10666,11786946.15,9533,0,Coahuila de Zaragoza
2022,9,W8,126617,126617,91179059.56,112185,0,Ciudad de México
2022,32,W2,42897,42897,7810425.0200000005,38486,0,Zacatecas
2022,20,W25,1296,1296,3111860.2,1267,0,Oaxaca
2022,30,W5,49057,49057,21030249.19,41388,0,Veracruz de Ignacio de la Llave
2022,1,W19,1002,1002,1780433.77,954,0,Aguascalientes
2022,6,W21,280,280,551100.41,263,0,Colima
2022,10,W7,9252,9252,5779370.06,8232,0,Durango
2022,4,W16,1288,1288,1914884.48,966,0,Campeche
2022,30,W3,164188,164188,37897607.35,133579,0,Veracruz de Ignacio de la Llave
2022,7,W11,2940,2940,2970648.88,2614,0,Chiapas
2022,7,W6,11850,11850,6247515.48,10665,0,Chiapas
2022,19,W24,5973,5973,13461323.45,5759,0,Nuevo León
2022,12,W22,208,208,430675.34,182,0,Guerrero
2022,26,W24,1030,1030,2324152.74,984,0,Sonora
2022,5,,636,0,0.0,636,131037,Coahuila de Zaragoza
2022,25,W18,1310,1310,2204380.22,1223,0,Sinaloa
2022,19,,765,0,0.0,765,301472,Nuevo León
2022,13,W1,1591,1591,275036.17,1499,0,Hidalgo
2022,24,W17,2510,2510,3977424.95,2290,0,San Luis Potosí
2022,30,W18,3177,3177,5348295.58,2913,0,Veracruz de Ignacio de la Llave
2022,28,W20,1503,1503,2816017.41,1424,0,Tamaulipas
2022,5,W24,1610,1610,3629690.52,1507,0,Coahuila de Zaragoza
2022,1,,771,0,0.0,771,107741,Aguascalientes
2022,16,,6322,0,0.0,6322,229943,Michoacán de Ocampo
2022,23,W8,12804,12804,9211616.290000001,8663,0,Quintana Roo
2022,5,W10,17850,17850,16273685.06,15916,0,Coahuila de Zaragoza
2022,29,W24,128,128,288437.4,111,0,Tlaxcala
2022,15,W12,17512,17512,19357054.69,15457,0,Estado México
2022,23,W10,6873,6873,6267231.54,4945,0,Quintana Roo
2022,16,W19,840,840,1491317.48,778,0,Michoacán de Ocampo
2022,10,W15,986,986,1374634.65,892,0,Durango
2022,11,W22,1442,1442,2984617.89,1358,0,Guanajuato
2022,21,W24,877,877,1978185.81,764,0,Puebla
2022,12,W10,2513,2513,2290561.22,2159,0,Guerrero
2022,18,W3,45801,45801,10491036.35,28881,0,Nayarit
2022,28,W4,160279,160279,53872389.21,145916,0,Tamaulipas
2022,32,W17,877,877,1391113.37,811,0,Zacatecas
2022,12,W20,302,302,565021.63,260,0,Guerrero
2022,4,W2,29446,29446,5370673.34,26098,0,Campeche
2022,15,W24,3529,3529,7958907.68,3303,0,Estado México
2022,30,W21,1612,1612,3175237.17,1480,0,Veracruz de Ignacio de la Llave
2022,27,,3311,0,0.0,3311,141479,Tabasco
2022,21,W14,3862,3862,5008046.7,3350,0,Puebla
2022,20,W19,476,476,845797.35,441,0,Oaxaca
2022,3,W1,207,207,35759.32,185,0,Baja California Sur
2022,25,W22,583,583,1206584.87,541,0,Sinaloa
2022,24,W13,4498,4498,5411366.08,3991,0,San Luis Potosí
2022,11,W15,4910,4910,6844513.11,4510,0,Guanajuato
2022,21,W18,2082,2082,3503893.69,1912,0,Puebla
2022,2,W21,3205,3205,6316768.75,3067,0,Baja California
2022,28,W7,44358,44358,27743383.24,41444,0,Tamaulipas
2022,8,W21,2413,2413,4756741.15,2309,0,Chihuahua
2022,1,W10,8531,8531,7731306.12,8234,0,Aguascalientes
2022,4,,823,0,0.0,823,63195,Campeche
2022,13,W4,36477,36477,12142241.02,27911,0,Hidalgo
2022,11,W4,154180,154180,51206363.55,129584,0,Guanajuato
2022,29,,143,0,0.0,143,76063,Tlaxcala
2022,19,W8,66463,66463,47806444.57,59404,0,Nuevo León
2022,25,W8,15830,15830,11297896.55,14281,0,Sinaloa
2022,9,W3,731198,731198,169875749.65,630929,0,Ciudad de México
2022,9,W12,57243,57243,63290925.09,51898,0,Ciudad de México
2022,4,W9,3697,3697,3017831.88,2660,0,Campeche
2022,6,W5,10527,10527,4528728.34,7921,0,Colima
2022,6,W24,249,249,560992.41,237,0,Colima
2022,16,W24,578,578,1304170.32,531,0,Michoacán de Ocampo
2022,18,W13,1015,1015,1220083.28,833,0,Nayarit
2022,3,W24,381,381,859354.75,320,0,Baja California Sur
2022,16,W9,8921,8921,7252423.84,8033,0,Michoacán de Ocampo
2022,25,W19,941,941,1675055.64,856,0,Sinaloa
2022,9,W9,97195,97195,79374815.47,86965,0,Ciudad de México
2022,9,W10,84902,84902,77375708.37,75937,0,Ciudad de México
2022,19,W6,126433,126433,66482651.23,115713,0,Nuevo León
2022,10,W12,1844,1844,2037872.51,1670,0,Durango
2022,15,W23,3055,3055,6613549.28,2844,0,Estado México
2022,9,W1,4258,4258,734341.34,3716,0,Ciudad de México
2022,14,,14901,0,0.0,14901,513610,Jalisco
2022,8,W5,131393,131393,56105124.89,120918,0,Chihuahua
2022,19,W17,11217,11217,17791727.13,10614,0,Nuevo León
2022,16,W18,1404,1404,2362212.65,1331,0,Michoacán de Ocampo
2022,9,W2,704140,704140,128637143.71,629259,0,Ciudad de México
2022,4,W15,1236,1236,1723761.58,909,0,Campeche
2022,25,W5,38419,38419,16476088.09,33355,0,Sinaloa
2022,20,W10,3860,3860,3507964.61,3422,0,Oaxaca
2022,19,W3,391562,391562,92049040.42,347291,0,Nuevo León
2022,16,W11,4547,4547,4585380.11,3947,0,Michoacán de Ocampo
2022,22,W4,102124,102124,34018006.79,80852,0,Querétaro
2022,1,W6,22549,22549,11874499.54,21511,0,Aguascalientes
2022,6,W19,321,321,570431.83,293,0,Colima
2022,3,W12,2522,2522,2785521.59,1975,0,Baja California Sur
2022,3,W11,3069,3069,3101991.22,2315,0,Baja California Sur
2022,21,W7,22545,22545,14078697.76,19725,0,Puebla
2022,17,W15,1240,1240,1731087.87,1092,0,Morelos
2022,17,W20,592,592,1110221.07,552,0,Morelos
2022,2,W24,2379,2379,5365878.99,2260,0,Baja California
2022,2,W20,3593,3593,6746843.78,3408,0,Baja California
2022,9,W13,46965,46965,56453377.06,42912,0,Ciudad de México
2022,4,W25,4331,4331,10400233.63,3683,0,Campeche
2022,4,W18,876,876,1469494.57,692,0,Campeche
2022,10,W24,345,345,777367.37,331,0,Durango
2022,24,W19,1573,1573,2797480.42,1373,0,San Luis Potosí
2022,13,W17,946,946,1499906.83,828,0,Hidalgo
2022,29,W16,551,551,821026.38,518,0,Tlaxcala
2022,3,W9,5143,5143,4204006.82,3808,0,Baja California Sur
2022,13,W9,4897,4897,3995400.85,3857,0,Hidalgo
2022,23,W21,869,869,1713226.28,701,0,Quintana Roo
2022,18,W7,6332,6332,3942915.91,4763,0,Nayarit
2022,13,W11,3038,3038,3064923.31,2530,0,Hidalgo
2022,13,,260,0,0.0,260,180213,Hidalgo
2022,8,W16,4962,4962,7394902.12,4654,0,Chihuahua
2022,16,W20,710,710,1329547.18,655,0,Michoacán de Ocampo
2022,3,W2,43414,43414,7916361.95,36212,0,Baja California Sur
2022,18,W25,1013,1013,2431838.59,812,0,Nayarit
2022,26,W18,2095,2095,3524265.73,1961,0,Sonora
2022,22,W20,2692,2692,5044870.92,2451,0,Querétaro
2022,6,W20,338,338,633221.95,303,0,Colima
2022,6,W8,5912,5912,4269226.02,4523,0,Colima
2022,20,W22,177,177,365360.13,164,0,Oaxaca
2022,8,W14,6769,6769,8774421.63,6347,0,Chihuahua
2022,8,W6,72576,72576,38026624.2,66884,0,Chihuahua
2022,4,W17,1005,1005,1596539.35,755,0,Campeche
2022,5,W9,21703,21703,17714512.32,19389,0,Coahuila de Zaragoza
2022,15,W9,38595,38595,31478521.71,34002,0,Estado México
2022,18,W21,193,193,380338.56,161,0,Nayarit
2022,3,W23,433,433,936375.53,369,0,Baja California Sur
2022,11,W21,1844,1844,3636424.38,1715,0,Guanajuato
2022,18,W15,602,602,837393.32,521,0,Nayarit
2022,7,W5,15971,15971,6843329.3,14183,0,Chiapas
2022,22,,1007,0,0.0,1007,135864,Querétaro
2022,12,W15,763,763,1060756.11,636,0,Guerrero
2022,17,W25,2177,2177,5226451.88,2020,0,Morelos
2022,16,W17,1702,1702,2696963.68,1585,0,Michoacán de Ocampo
2022,9,W20,19061,19061,35747243.06,17936,0,Ciudad de México
2022,21,W22,975,975,2016180.18,872,0,Puebla
2022,8,W25,13153,13153,31574970.45,12716,0,Chihuahua
2022,4,W8,4450,4450,3203621.93,3263,0,Campeche
2022,3,W16,1193,1193,1777587.51,945,0,Baja California Sur
2022,11,W8,29808,29808,21439574.84,26841,0,Guanajuato
2022,31,W23,394,394,852584.14,376,0,Yucatán
2022,11,W25,11719,11719,28142319.77,10999,0,Guanajuato
2022,14,W9,50893,50893,41459356.17,46475,0,Jalisco
2022,12,W18,532,532,894372.8,484,0,Guerrero
2022,21,W20,1222,1222,2289608.61,1107,0,Puebla
2022,30,W11,12662,12662,12730198.55,10971,0,Veracruz de Ignacio de la Llave
2022,6,W11,2187,2187,2205678.37,1747,0,Colima
2022,4,W20,611,611,1145652.87,506,0,Campeche
2022,9,W5,259112,259112,111217709.52,224189,0,Ciudad de México
2022,22,W8,26153,26153,18847649.96,22026,0,Querétaro
2022,23,W12,4406,4406,4862308.56,3220,0,Quintana Roo
2022,27,W21,565,565,1114206.63,515,0,Tabasco
2022,21,W1,1140,1140,196884.78,1058,0,Puebla
2022,17,W23,311,311,671912.73,300,0,Morelos
2022,1,W13,3356,3356,4027074.12,3246,0,Aguascalientes
2022,8,W7,45179,45179,28149837.08,41542,0,Chihuahua
2022,20,W2,71787,71787,13094953.13,65369,0,Oaxaca
2022,21,W21,1098,1098,2164598.05,995,0,Puebla
2022,11,W12,9657,9657,10678000.11,8816,0,Guanajuato
2022,3,W15,1502,1502,2090673.93,1121,0,Baja California Sur
2022,25,W7,19828,19828,12341364.0,17426,0,Sinaloa
2022,14,W22,4241,4241,8778427.24,3988,0,Jalisco
2022,13,W10,4062,4062,3695493.41,3375,0,Hidalgo
2022,17,W11,2690,2690,2715795.4,2344,0,Morelos
2022,1,W16,2661,2661,3965518.17,2558,0,Aguascalientes
2022,24,W5,44018,44018,18826633.94,36356,0,San Luis Potosí
2022,24,W18,1795,1795,3020394.03,1639,0,San Luis Potosí
2022,17,,3695,0,0.0,3695,99397,Morelos
2022,20,W23,161,161,349118.92,155,0,Oaxaca
2022,30,W24,1222,1222,2757991.64,1115,0,Veracruz de Ignacio de la Llave
2022,30,W17,3332,3332,5286540.89,3072,0,Veracruz de Ignacio de la Llave
2022,18,W1,1133,1133,195815.6,903,0,Nayarit
2022,29,W17,389,389,616992.62,353,0,Tlaxcala
2022,7,W19,595,595,1055608.85,566,0,Chiapas
2022,20,W7,6799,6799,4241911.89,5656,0,Oaxaca
2022,19,W20,6466,6466,12122829.25,6131,0,Nuevo León
2022,13,W18,743,743,1250717.46,640,0,Hidalgo
2022,3,W25,3552,3552,8530300.3,3030,0,Baja California Sur
2022,13,W21,339,339,669271.67,297,0,Hidalgo
2022,21,W6,29006,29006,15260136.21,25268,0,Puebla
2022,12,W12,1420,1420,1568204.33,1136,0,Guerrero
2022,20,W14,1354,1354,1760282.85,1200,0,Oaxaca
2022,5,W25,11879,11879,28522286.49,11260,0,Coahuila de Zaragoza
2022,4,W3,33120,33120,7592723.76,26463,0,Campeche
2022,15,W13,14131,14131,16976017.46,12632,0,Estado México
2022,15,W25,27535,27535,66125364.63,25590,0,Estado México
2022,12,W11,1767,1767,1780417.94,1395,0,Guerrero
2022,29,W10,1416,1416,1290718.53,1236,0,Tlaxcala
2022,5,W14,7199,7199,9341534.62,6458,0,Coahuila de Zaragoza
2022,10,W6,12245,12245,6451080.7,10706,0,Durango
2022,18,W23,141,141,304869.29,114,0,Nayarit
2022,25,W9,8684,8684,7072932.61,7726,0,Sinaloa
2022,19,W21,5588,5588,11026029.62,5315,0,Nuevo León
2022,30,W9,20882,20882,17063109.34,17486,0,Veracruz de Ignacio de la Llave
2022,26,W19,1667,1667,2962705.07,1573,0,Sonora
2022,4,W13,1979,1979,2378637.93,1460,0,Campeche
2022,16,W8,12976,12976,9315288.92,11643,0,Michoacán de Ocampo
2022,24,W16,3070,3070,4574564.38,2814,0,San Luis Potosí
2022,6,W9,3520,3520,2874230.67,2989,0,Colima
2022,29,W12,750,750,828584.08,656,0,Tlaxcala
2022,17,W19,613,613,1089473.17,574,0,Morelos
2022,4,W6,8721,8721,4630246.12,6954,0,Campeche
2022,28,,2700,0,0.0,2700,148409,Tamaulipas
2022,6,W1,318,318,54972.66,290,0,Colima
2022,8,W23,1733,1733,3747590.88,1667,0,Chihuahua
2022,18,W18,406,406,682959.42,340,0,Nayarit
2022,31,W7,12213,12213,7605634.8,10268,0,Yucatán
2022,23,W6,27175,27175,14277177.45,17904,0,Quintana Roo
2022,11,,791,0,0.0,791,251618,Guanajuato
2022,31,W13,2267,2267,2725215.62,1872,0,Yucatán
2022,28,W17,3169,3169,5022947.04,3024,0,Tamaulipas
2022,2,W6,84834,84834,44526228.69,77761,0,Baja California
2022,11,W19,2363,2363,4204507.8,2198,0,Guanajuato
2022,32,W20,388,388,726141.09,350,0,Zacatecas
2022,22,W13,7716,7716,9275735.9,6677,0,Querétaro
2022,16,W2,141467,141467,25778327.05,120942,0,Michoacán de Ocampo
2022,14,W20,5424,5424,10169790.41,5058,0,Jalisco
2022,1,W25,4758,4758,11424361.17,4618,0,Aguascalientes
2022,31,W8,8336,8336,5997923.88,6768,0,Yucatán
2022,31,W9,6549,6549,5351544.22,5429,0,Yucatán
2022,32,W23,303,303,656686.97,291,0,Zacatecas
2022,15,W8,52502,52502,37744789.65,45978,0,Estado México
2022,17,W8,6351,6351,4586021.52,5172,0,Morelos
2022,23,W1,366,366,63270.42,347,0,Quintana Roo
2022,16,W5,35011,35011,15042418.459999999,29390,0,Michoacán de Ocampo
2022,18,W10,2252,2252,2050148.79,1838,0,Nayarit
2022,1,W24,581,581,1310053.11,556,0,Aguascalientes
2022,28,W10,12672,12672,11550136.03,11601,0,Tamaulipas
2022,9,W25,175900,175900,422589416.6,167768,0,Ciudad de México
2022,14,W14,14547,14547,18863610.99,12875,0,Jalisco
2022,5,W7,43246,43246,26924659.79,38943,0,Coahuila de Zaragoza
2022,4,W14,1563,1563,2031889.65,1099,0,Campeche
2022,10,W8,6033,6033,4338682.5,5265,0,Durango
2022,11,W18,2854,2854,4802450.01,2688,0,Guanajuato
2022,27,W5,17597,17597,7519386.25,11799,0,Tabasco
2022,3,W14,1755,1755,2277479.9,1254,0,Baja California Sur
2022,12,W8,3763,3763,2704823.52,3316,0,Guerrero
2022,32,W8,6355,6355,4581399.51,5313,0,Zacatecas
2022,17,W21,476,476,940185.3,454,0,Morelos
2022,16,W21,607,607,1198425.14,563,0,Michoacán de Ocampo
2022,26,W11,8183,8183,8264723.93,6912,0,Sonora
2022,9,W16,35531,35531,52928634.61,32806,0,Ciudad de México
2022,17,W10,3955,3955,3594811.1,3522,0,Morelos
2022,11,W3,277456,277456,65199443.24,228661,0,Guanajuato
2022,32,W11,3083,3083,3112297.3,2705,0,Zacatecas
2022,1,W3,74955,74955,17598662.46,66458,0,Aguascalientes
2022,4,W12,2089,2089,2307228.16,1519,0,Campeche
2022,8,W24,1719,1719,3879331.05,1648,0,Chihuahua
2022,25,W15,1911,1911,2663556.9,1709,0,Sinaloa
2022,20,W3,61107,61107,13960289.09,50422,0,Oaxaca
2022,26,W17,2843,2843,4508660.87,2619,0,Sonora
2022,21,W3,170717,170717,39636259.56,142163,0,Puebla
2022,27,W16,1271,1271,1895192.1300000001,1099,0,Tabasco
2022,11,W2,274230,274230,50039309.89,250500,0,Guanajuato
2022,19,W11,29630,29630,29905432.27,27357,0,Nuevo León
2022,6,W18,509,509,855319.4,463,0,Colima
2022,27,W4,24540,24540,8170839.43,18523,0,Tabasco
2022,27,W22,486,486,1004488.71,448,0,Tabasco
2022,9,W23,14929,14929,32321373.65,13930,0,Ciudad de México
2022,17,W22,398,398,822620.54,369,0,Morelos
2022,26,W1,1175,1175,203122.25,1101,0,Sonora
2022,27,W17,1055,1055,1671514.86,967,0,Tabasco
2022,15,W20,4408,4408,8262798.36,4105,0,Estado México
2022,22,W23,1752,1752,3796152.92,1606,0,Querétaro
2022,22,W16,4947,4947,7370189.61,4435,0,Querétaro
2022,10,W13,1462,1462,1756151.92,1339,0,Durango
2022,28,W21,1353,1353,2667469.08,1288,0,Tamaulipas
2022,21,,3616,0,0.0,3616,431988,Puebla
2022,8,W9,22559,22559,18423093.8,20528,0,Chihuahua
2022,24,W6,32415,32415,17028955.41,28243,0,San Luis Potosí
2022,11,W1,1696,1696,293187.52,1633,0,Guanajuato
2022,27,W23,360,360,779331.53,324,0,Tabasco
2022,14,W19,6380,6380,11348673.96,5980,0,Jalisco
2022,25,W1,1847,1847,319290.89,1798,0,Sinaloa
2022,21,W9,13585,13585,11128167.25,11624,0,Puebla
2022,14,W12,21982,21982,24318076.0,19874,0,Jalisco
2022,22,W12,9495,9495,10499387.81,8183,0,Querétaro
2022,4,W22,493,493,1018457.39,398,0,Campeche
2022,14,W21,4978,4978,9816045.14,4647,0,Jalisco
2022,10,W3,71389,71389,16611808.459999999,65086,0,Durango
2022,16,W25,3443,3443,8267694.2,3221,0,Michoacán de Ocampo
2022,27,W6,12066,12066,6358607.53,7653,0,Tabasco
2022,15,W5,147450,147450,63156139.11,124568,0,Estado México
2022,10,W18,703,703,1183829.35,665,0,Durango
2022,17,W12,2422,2422,2679882.38,2187,0,Morelos
2022,28,W22,1212,1212,2506462.33,1135,0,Tamaulipas
2022,15,W11,22393,22393,22606396.7,19869,0,Estado México
2022,17,W9,4909,4909,4012453.38,4290,0,Morelos
2022,24,W10,9419,9419,8595325.67,8380,0,San Luis Potosí
2022,29,W3,35780,35780,8288100.11,25347,0,Tlaxcala
2022,3,W10,3820,3820,3473609.89,2792,0,Baja California Sur
2022,24,W15,3093,3093,4310625.49,2753,0,San Luis Potosí
2022,18,W4,20565,20565,6821740.95,13274,0,Nayarit
2022,23,W22,660,660,1365535.99,547,0,Quintana Roo
2022,5,W11,13939,13939,14055651.5,12227,0,Coahuila de Zaragoza
2022,26,W20,1458,1458,2732858.31,1364,0,Sonora
2022,27,W1,239,239,41315.93,190,0,Tabasco
2022,16,W22,546,546,1128966.24,500,0,Michoacán de Ocampo
2022,19,W12,23065,23065,25484870.18,21325,0,Nuevo León
2022,19,W16,11347,11347,16910153.19,10690,0,Nuevo León
2022,22,W2,122317,122317,22370639.14,101786,0,Querétaro
2022,23,W13,3237,3237,3886418.92,2350,0,Quintana Roo
2022,7,W8,7051,7051,5066115.98,6242,0,Chiapas
2022,17,W24,357,357,804107.66,342,0,Morelos
2022,30,W7,44606,44606,28128379.45,39201,0,Veracruz de Ignacio de la Llave
2022,25,W16,2173,2173,3236149.13,2015,0,Sinaloa
2022,26,W6,37654,37654,19811309.3,32802,0,Sonora
2022,28,W6,54955,54955,28836667.86,50983,0,Tamaulipas
2022,3,W22,474,474,982663.55,397,0,Baja California Sur
2022,19,W7,102563,102563,64081922.26,93610,0,Nuevo León
2022,19,W19,7715,7715,13724494.9,7332,0,Nuevo León
2022,14,W4,261241,261241,86908150.15,218698,0,Jalisco
2022,31,,825,0,0.0,825,103871,Yucatán
2022,3,,376,0,0.0,376,54195,Baja California Sur
2022,6,W4,16896,16896,5632453.46,13338,0,Colima
2022,24,W11,6310,6310,6366013.97,5511,0,San Luis Potosí
2022,22,W7,33224,33224,20740730.17,27784,0,Querétaro
2022,8,W2,111296,111296,20293874.49,102015,0,Chihuahua
2022,30,W14,6743,6743,8743518.97,5933,0,Veracruz de Ignacio de la Llave
2022,28,W3,154864,154864,40449758.15,138889,0,Tamaulipas
2022,3,W3,63905,63905,14590198.57,37391,0,Baja California Sur
2022,7,W12,2233,2233,2469546.48,1994,0,Chiapas
2022,7,W24,255,255,576077.32,242,0,Chiapas
2022,7,W17,975,975,1545100.89,934,0,Chiapas
2022,9,W7,158747,158747,99037736.99,137632,0,Ciudad de México
2022,17,W14,1549,1549,2008494.8699999999,1295,0,Morelos
2022,28,W23,1014,1014,2194956.52,959,0,Tamaulipas
2022,18,W22,144,144,298290.44,114,0,Nayarit
2022,27,W12,3138,3138,3464123.95,2465,0,Tabasco
2022,12,W21,234,234,461281.12,205,0,Guerrero
2022,7,W7,9662,9662,6036865.71,8576,0,Chiapas
2022,22,W10,15146,15146,13808597.04,12947,0,Querétaro
2022,17,W16,1216,1216,1810780.31,1090,0,Morelos
2022,19,W9,49880,49880,40702270.54,45547,0,Nuevo León
2022,20,W16,937,937,1397828.71,878,0,Oaxaca
2022,32,W18,824,824,1387200.67,783,0,Zacatecas
2022,19,W5,178717,178717,76598190.93,159962,0,Nuevo León
2022,29,W14,687,687,892288.37,583,0,Tlaxcala
2022,17,W4,27657,27657,9256041.6,23865,0,Morelos
2022,14,W3,483523,483523,112408275.93,392359,0,Jalisco
2022,1,W11,6108,6108,6164776.21,5878,0,Aguascalientes
2022,1,W5,31322,31322,13440158.29,29250,0,Aguascalientes
2022,21,W19,1492,1492,2653844.06,1335,0,Puebla
2022,7,W15,1175,1175,1636055.49,1096,0,Chiapas
2022,11,W5,91937,91937,39248833.25,81535,0,Guanajuato
2022,13,W7,12343,12343,7707450.57,8416,0,Hidalgo
2022,17,W1,851,851,147112.37,812,0,Morelos
2022,19,W13,19095,19095,22950989.19,17691,0,Nuevo León
2022,10,W5,18783,18783,8008276.66,16624,0,Durango
2022,1,W18,1553,1553,2613702.58,1492,0,Aguascalientes
2022,22,W14,6409,6409,8315268.59,5567,0,Querétaro
2022,6,W16,781,781,1162357.18,709,0,Colima
2022,7,W1,4822,4822,715043.3200000001,4787,0,Chiapas
2022,15,W18,6483,6483,10905209.48,5978,0,Estado México
2022,2,W4,256059,256059,85451679.63,237313,0,Baja California
2022,17,W3,56266,56266,12932444.31,46338,0,Morelos
2022,16,W4,51637,51637,17096029.01,42857,0,Michoacán de Ocampo
2022,3,W19,805,805,1431462.37,619,0,Baja California Sur
2022,32,W13,2390,2390,2861974.29,2193,0,Zacatecas
2022,1,W23,657,657,1421214.41,641,0,Aguascalientes
2022,7,W2,65115,65115,11881453.11,57670,0,Chiapas
2022,18,W11,1895,1895,1909576.23,1532,0,Nayarit
2022,21,W2,183669,183669,33578682.26,167014,0,Puebla
2022,32,W9,4703,4703,3826944.54,3952,0,Zacatecas
2022,25,W3,169641,169641,38932967.86,135075,0,Sinaloa
2022,9,W14,42533,42533,55214149.32,38899,0,Ciudad de México
2022,23,W20,1071,1071,2008074.17,886,0,Quintana Roo
2022,15,W22,3524,3524,7295421.36,3252,0,Estado México
2022,4,W21,494,494,975543.79,414,0,Campeche
2022,22,W19,3113,3113,5539429.59,2825,0,Querétaro
2022,1,W22,804,804,1661610.63,772,0,Aguascalientes
2022,32,W14,1815,1815,2355496.27,1655,0,Zacatecas
2022,2,W13,8573,8573,10292454.48,7880,0,Baja California
2022,7,W22,411,411,852235.08,393,0,Chiapas
2022,7,W20,471,471,882260.89,454,0,Chiapas
2022,30,W8,31352,31352,22738005.65,26823,0,Veracruz de Ignacio de la Llave
2022,18,W6,8869,8869,4683094.7,6363,0,Nayarit
2022,2,W10,19229,19229,17540875.74,17416,0,Baja California
2022,20,W1,358,358,61887.46,311,0,Oaxaca
2022,22,W25,16572,16572,39799518.65,15326,0,Querétaro
2022,12,W6,6769,6769,3563790.7399999998,5727,0,Guerrero
2022,10,W11,2262,2262,2280681.92,2015,0,Durango
2022,31,W24,461,461,1039405.46,436,0,Yucatán
2022,3,W8,6587,6587,4741338.31,4613,0,Baja California Sur
2022,26,W10,9803,9803,8940096.88,8266,0,Sonora
2022,29,W19,235,235,417760.23,223,0,Tlaxcala
2022,20,W21,255,255,503653.92,237,0,Oaxaca
2022,8,W20,3078,3078,5770784.33,2963,0,Chihuahua
2022,15,W7,78159,78159,48757258.97,68044,0,Estado México
2022,17,W5,16504,16504,7096301.04,14343,0,Morelos
2022,31,W20,576,576,1080146.33,541,0,Yucatán
2022,23,W16,1683,1683,2507997.17,1231,0,Quintana Roo
2022,20,W18,661,661,1112409.57,604,0,Oaxaca
2022,3,W21,633,633,1244363.9,545,0,Baja California Sur
2022,9,W6,203452,203452,107138034.32,178236,0,Ciudad de México
2022,25,W12,3774,3774,4172717.43,3380,0,Sinaloa
2022,22,W15,5169,5169,7199668.3,4529,0,Querétaro
2022,1,W14,2961,2961,3848400.19,2761,0,Aguascalientes
2022,1,W15,2222,2222,3097268.24,2137,0,Aguascalientes
2022,27,W15,1405,1405,1957785.21,1223,0,Tabasco
2022,32,W6,13096,13096,6875701.29,9392,0,Zacatecas
2022,10,W9,4257,4257,3466586.3,3890,0,Durango
2022,30,W16,5224,5224,7777651.22,4835,0,Veracruz de Ignacio de la Llave
2022,14,W15,11445,11445,15958686.68,10405,0,Jalisco
2022,11,W6,59712,59712,31367099.39,53439,0,Guanajuato
2022,4,W4,15159,15159,5064098.82,11827,0,Campeche
2022,13,W22,272,272,563470.35,241,0,Hidalgo
2022,26,W14,4275,4275,5544294.58,3779,0,Sonora
2022,20,W20,291,291,544841.48,278,0,Oaxaca
2022,22,W17,4280,4280,6786767.59,3821,0,Querétaro
2022,13,W3,71578,71578,16645418.62,58570,0,Hidalgo
2022,28,W12,7075,7075,7820474.55,6504,0,Tamaulipas
2022,19,W1,2093,2093,360497.2,2019,0,Nuevo León
2022,2,W17,4969,4969,7889633.77,4491,0,Baja California
2022,27,W24,538,538,1212234.64,434,0,Tabasco
2022,12,,1734,0,0.0,1734,161598,Guerrero
2022,18,,4571,0,0.0,4571,57664,Nayarit
2022,23,W14,2552,2552,3312901.86,1912,0,Quintana Roo
2022,16,W6,31513,31513,16454397.01,27876,0,Michoacán de Ocampo
2022,26,W22,1088,1088,2251884.97,1027,0,Sonora
2022,9,W15,36120,36120,50360355.64,33414,0,Ciudad de México
2022,26,,1601,0,0.0,1601,201548,Sonora
2022,25,W13,2909,2909,3493044.53,2618,0,Sinaloa
2022,20,,3185,0,0.0,3185,143982,Oaxaca
2022,14,W2,429479,429479,78424895.5,387128,0,Jalisco
2022,24,W21,1178,1178,2321666.53,1056,0,San Luis Potosí
2022,17,W18,822,822,1383658.3,775,0,Morelos
2022,30,W23,1242,1242,2692989.86,1130,0,Veracruz de Ignacio de la Llave
2022,25,W23,570,570,1232838.07,534,0,Sinaloa
2022,17,W17,916,916,1452505.94,871,0,Morelos
2022,7,W4,26943,26943,8966364.84,24058,0,Chiapas
2022,4,W5,8753,8753,3745485.55,6579,0,Campeche
2022,11,W23,1355,1355,2931929.75,1269,0,Guanajuato
2022,1,W21,901,901,1776422.94,876,0,Aguascalientes
2022,2,W14,7418,7418,9617081.22,6874,0,Baja California
2022,5,W13,8529,8529,10247124.15,7691,0,Coahuila de Zaragoza
2022,31,W17,1454,1454,2306411.32,1367,0,Yucatán
2022,31,W16,1130,1130,1684802.7,1011,0,Yucatán
2022,11,W24,1372,1372,3095094.57,1294,0,Guanajuato
2022,24,W20,1283,1283,2406204.53,1157,0,San Luis Potosí
2022,24,W4,66090,66090,22044709.6,52456,0,San Luis Potosí
2022,30,W2,189977,189977,34646700.49,161457,0,Veracruz de Ignacio de la Llave
2022,18,W20,273,273,511344.68,224,0,Nayarit
2022,31,W12,2668,2668,2944241.29,2134,0,Yucatán
2022,26,W9,14756,14756,12020611.23,12453,0,Sonora
2022,32,W1,372,372,64307.64,292,0,Zacatecas
2022,8,W11,13793,13793,13920279.57,12773,0,Chihuahua
2022,3,W13,2090,2090,2512082.06,1564,0,Baja California Sur
2022,23,W24,699,699,1575526.77,584,0,Quintana Roo
2022,19,W4,272794,272794,90602499.1,237882,0,Nuevo León
2022,30,W6,39089,39089,20595493.79,32064,0,Veracruz de Ignacio de la Llave
2022,32,W21,315,315,619315.29,256,0,Zacatecas
2022,15,W4,245991,245991,81876396.69,205353,0,Estado México
2022,4,W11,3041,3041,3065729.08,2111,0,Campeche
2022,8,W10,17135,17135,15628291.99,15743,0,Chihuahua
2022,12,W5,9602,9602,4116460.15,7899,0,Guerrero
2022,1,W2,82075,82075,14969493.75,75339,0,Aguascalientes
2022,19,W10,37746,37746,34411274.25,34674,0,Nuevo León
2022,24,W7,21102,21102,13155201.63,18295,0,San Luis Potosí
2022,2,W19,3573,3573,6352861.16,3375,0,Baja California
2022,10,W22,315,315,652005.31,301,0,Durango
2022,6,W7,6749,6749,4201769.62,5602,0,Colima
2022,26,W5,62917,62917,26926279.11,55723,0,Sonora
2022,25,W11,4764,4764,4801483.76,4211,0,Sinaloa
2022,21,W10,9930,9930,9030255.89,8772,0,Puebla
2022,18,W5,12777,12777,5482543.82,8411,0,Nayarit
2022,14,W8,65772,65772,47362513.69,58909,0,Jalisco
2022,29,W13,635,635,761916.85,572,0,Tlaxcala
2022,18,W19,329,329,584129.64,268,0,Nayarit
2024,1,W17,1667,1667,2980983.199999998,1583,0,Aguascalientes
2024,2,W5,238041,238041,115057367.53999995,222665,0,Baja California
2024,13,W10,5690,5690,5842230.470000006,4064,0,Hidalgo
2024,13,W12,2926,2926,3646963.169999998,2152,0,Hidalgo
2024,13,W18,908,908,1724307.5600000003,788,0,Hidalgo
2024,14,W3,824945,824945,227122997.72001293,723920,0,Jalisco
2024,14,W11,31168,31168,35401665.92999998,28532,0,Jalisco
2024,15,,366,0,0.0,366,906017,Estado México
2024,15,W19,5625,5625,11287540.269999996,5126,0,Estado México
2024,15,W12,19196,19196,23938478.69999999,16971,0,Estado México
2024,15,W6,121729,121729,72318252.05999991,104320,0,Estado México
2024,19,W5,221001,221001,107196911.49000014,194854,0,Nuevo León
2024,19,W15,16044,16044,25240008.27999999,14764,0,Nuevo León
2024,19,W12,27942,27942,34820257.44000003,25811,0,Nuevo León
2024,19,W18,10476,10476,19883043.990000013,9911,0,Nuevo León
2024,19,W14,18351,18351,26859942.899999976,16988,0,Nuevo León
2024,19,W19,8989,8989,18043177.65,8506,0,Nuevo León
2024,22,W17,5069,5069,9072443.7,4540,0,Querétaro
2024,22,W7,41761,41761,29475113.979999945,34566,0,Querétaro
2024,22,W19,3515,3515,7050863.370000005,3188,0,Querétaro
2024,9,W8,138986,138986,113205353.86999997,111574,0,Ciudad de México
2024,9,W9,117606,117606,108038735.79,94119,0,Ciudad de México
2024,9,W22,16819,16819,39235909.80999997,15747,0,Ciudad de México
2024,9,W19,23328,23328,46828886.79999998,21623,0,Ciudad de México
2024,26,,794,0,0.0,794,207803,Sonora
2024,26,W8,21660,21660,17579620.79999999,18746,0,Sonora
2024,26,W21,1521,1521,3382125.0500000003,1390,0,Sonora
2024,12,W14,1075,1075,1570395.7800000003,888,0,Guerrero
2024,12,W15,827,827,1298358.96,610,0,Guerrero
2024,20,W3,121940,121940,33249137.64999845,107341,0,Oaxaca
2024,20,W16,1049,1049,1761580.0600000005,880,0,Oaxaca
2024,20,W25,1173,1173,3177055.71,1092,0,Oaxaca
2024,20,W11,3502,3502,3976698.570000002,3006,0,Oaxaca
2024,30,W3,324208,324208,89140296.71999954,271307,0,Veracruz de Ignacio de la Llave
2024,30,W5,66707,66707,32230833.080000043,56929,0,Veracruz de Ignacio de la Llave
2024,30,W6,44878,44878,26686999.01999997,37105,0,Veracruz de Ignacio de la Llave
2024,30,W14,7067,7067,10351523.320000004,6081,0,Veracruz de Ignacio de la Llave
2024,30,W23,1321,1321,3223418.909999998,1228,0,Veracruz de Ignacio de la Llave
2024,31,W5,43412,43412,21040396.640000015,38555,0,Yucatán
2024,31,W9,7705,7705,7085160.340000006,6705,0,Yucatán
2024,31,W8,10327,10327,8376282.850000009,8972,0,Yucatán
2024,3,W1,778,778,193573.75999999943,741,0,Baja California Sur
2024,3,W8,7231,7231,5875326.500000005,4955,0,Baja California Sur
2024,3,W10,4517,4517,4643914.219999998,3139,0,Baja California Sur
2024,3,W7,10017,10017,7044308.0200000005,6751,0,Baja California Sur
2024,3,W14,1824,1824,2668997.4899999984,1277,0,Baja California Sur
2024,16,W9,10479,10479,9631890.68,9439,0,Michoacán de Ocampo
2024,16,W20,881,881,1864989.8800000006,793,0,Michoacán de Ocampo
2024,16,W19,1090,1090,2186880.7700000005,988,0,Michoacán de Ocampo
2024,16,W18,1443,1443,2738584.8499999978,1297,0,Michoacán de Ocampo
2024,17,,4600,0,0.0,4600,108921,Morelos
2024,17,W25,2338,2338,6331628.850000003,2211,0,Morelos
2024,17,W10,4101,4101,4204191.780000003,3671,0,Morelos
2024,17,W20,505,505,1065643.08,472,0,Morelos
2024,28,W11,10815,10815,12293475.149999987,9670,0,Tamaulipas
2024,28,W21,1546,1546,3441569.790000001,1462,0,Tamaulipas
2024,28,W7,57255,57255,40383120.96999997,53140,0,Tamaulipas
2024,29,W16,576,576,968716.8399999999,539,0,Tlaxcala
2024,29,W24,102,102,260277.21,91,0,Tlaxcala
2024,29,W22,128,128,298747.0799999999,120,0,Tlaxcala
2024,4,,678,0,0.0,678,73490,Campeche
2024,4,W4,22690,22690,8461464.889999997,18647,0,Campeche
2024,4,W10,3300,3300,3385779.210000001,2426,0,Campeche
2024,4,W17,1061,1061,1896210.4900000002,807,0,Campeche
2024,4,W12,2341,2341,2911452.0599999987,1798,0,Campeche
2024,5,W8,38121,38121,30912131.169999972,35030,0,Coahuila de Zaragoza
2024,5,W18,3918,3918,7438594.92999999,3675,0,Coahuila de Zaragoza
2024,5,W25,13248,13248,35892316.849999994,12530,0,Coahuila de Zaragoza
2024,18,W13,1157,1157,1564444.5199999993,961,0,Nayarit
2024,18,W11,1949,1949,2212720.919999999,1591,0,Nayarit
2024,21,,3122,0,0.0,3122,437567,Puebla
2024,27,W9,4675,4675,4293256.329999997,3598,0,Tabasco
2024,27,W24,417,417,1067068.1099999999,374,0,Tabasco
2024,27,W10,3822,3822,3933836.190000004,3137,0,Tabasco
2024,27,W16,1079,1079,1813355.56,904,0,Tabasco
2024,32,W3,77215,77215,21189252.559997756,67560,0,Zacatecas
2024,32,W5,19047,19047,9271551.889999984,14439,0,Zacatecas
2024,32,W10,5025,5025,5185244.980000001,4195,0,Zacatecas
2024,32,W21,870,870,1940162.5999999999,830,0,Zacatecas
2024,7,W10,5013,5013,5155793.940000005,4466,0,Chiapas
2024,7,W23,285,285,696398.0199999999,273,0,Chiapas
2024,7,W24,422,422,1073837.7100000002,403,0,Chiapas
2024,8,W3,186956,186956,51215892.66999617,169150,0,Chihuahua
2024,8,W13,9829,9829,13319397.560000006,9138,0,Chihuahua
2024,24,W4,83783,83783,31399734.06999995,64121,0,San Luis Potosí
2024,24,W9,12912,12912,11881663.410000015,11391,0,San Luis Potosí
2024,24,W18,2132,2132,4047346.630000002,1897,0,San Luis Potosí
2024,24,W24,1003,1003,2565295.9999999995,924,0,San Luis Potosí
2024,24,W17,2599,2599,4651168.9700000025,2304,0,San Luis Potosí
2024,25,W4,96514,96514,35848422.85,77326,0,Sinaloa
2024,25,W8,14892,14892,12062955.689999986,13356,0,Sinaloa
2024,25,W25,4403,4403,11930105.010000005,4011,0,Sinaloa
2024,25,W22,653,653,1523867.6999999997,596,0,Sinaloa
2024,25,W21,767,767,1708289.6199999999,719,0,Sinaloa
2024,25,W15,2139,2139,3365616.909999999,1907,0,Sinaloa
2024,10,W5,23346,23346,11290966.56,21088,0,Durango
2024,10,W20,470,470,994594.9500000001,444,0,Durango
2024,10,W23,284,284,692906.8700000002,268,0,Durango
2024,1,W4,59811,59811,22425861.62999999,53126,0,Aguascalientes
2024,1,W8,13714,13714,11141814.319999984,12891,0,Aguascalientes
2024,1,W18,1565,1565,2973089.6600000025,1476,0,Aguascalientes
2024,2,W25,20736,20736,56179198.86999997,19707,0,Baja California
2024,2,W10,22565,22565,23200231.829999954,19907,0,Baja California
2024,2,W22,3053,3053,7125382.400000001,2863,0,Baja California
2024,13,W4,47925,47925,17920957.03000007,36884,0,Hidalgo
2024,13,W20,539,539,1140999.5799999996,461,0,Hidalgo
2024,14,W25,40076,40076,108562783.67999998,38080,0,Jalisco
2024,14,W13,19355,19355,26231816.470000003,17371,0,Jalisco
2024,14,W17,10217,10217,18277519.019999992,9566,0,Jalisco
2024,15,W4,342277,342277,127894988.79000017,279993,0,Estado México
2024,15,W1,15728,15728,3915171.040000018,15355,0,Estado México
2024,19,W20,7561,7561,15985594.999999985,7149,0,Nuevo León
2024,22,W21,3248,3248,7204865.109999999,2978,0,Querétaro
2024,23,W3,227585,227585,62777035.84000116,167914,0,Quintana Roo
2024,23,W6,37796,37796,22397904.729999933,22787,0,Quintana Roo
2024,23,W8,17707,17707,14396113.200000005,11053,0,Quintana Roo
2024,9,W5,310190,310190,150697082.25000012,255283,0,Ciudad de México
2024,9,W1,19482,19482,4849553.430000014,19092,0,Ciudad de México
2024,26,W13,5877,5877,7966802.820000008,5012,0,Sonora
2024,26,W11,9195,9195,10468702.729999995,7861,0,Sonora
2024,26,W19,2469,2469,4952954.730000002,2267,0,Sonora
2024,12,W8,4069,4069,3302785.7999999966,3514,0,Guerrero
2024,12,W19,562,562,1125519.47,492,0,Guerrero
2024,20,W22,198,198,460490.11,181,0,Oaxaca
2024,30,W4,106617,106617,39868102.02000002,89019,0,Veracruz de Ignacio de la Llave
2024,30,W17,3757,3757,6729332.150000004,3337,0,Veracruz de Ignacio de la Llave
2024,30,W18,3409,3409,6466383.129999997,3108,0,Veracruz de Ignacio de la Llave
2024,31,W19,978,978,1960395.0100000002,939,0,Yucatán
2024,3,,235,0,0.0,235,54761,Baja California Sur
2024,3,W24,553,553,1421069.69,470,0,Baja California Sur
2024,3,W21,702,702,1561300.3799999992,565,0,Baja California Sur
2024,11,W4,194939,194939,73165823.89000005,162080,0,Guanajuato
2024,11,W1,7951,7951,1979242.4300000062,7861,0,Guanajuato
2024,16,W3,242602,242602,66583436.65999612,199413,0,Michoacán de Ocampo
2024,16,W12,3745,3745,4662828.72,3319,0,Michoacán de Ocampo
2024,16,W8,13144,13144,10675804.150000013,11568,0,Michoacán de Ocampo
2024,17,W3,96866,96866,26775904.289999135,84314,0,Morelos
2024,17,W8,7000,7000,5694776.5799999945,5991,0,Morelos
2024,28,W5,146467,146467,71255155.21000001,134762,0,Tamaulipas
2024,29,W20,181,181,382918.00000000006,161,0,Tlaxcala
2024,4,W18,863,863,1636535.3500000008,678,0,Campeche
2024,4,W22,482,482,1124474.4000000006,401,0,Campeche
2024,5,W16,5879,5879,9880567.279999994,5409,0,Coahuila de Zaragoza
2024,5,W24,1690,1690,4318782.909999998,1593,0,Coahuila de Zaragoza
2024,5,W20,2790,2790,5896288.250000002,2615,0,Coahuila de Zaragoza
2024,18,W5,16667,16667,8076186.690000011,11148,0,Nayarit
2024,18,W15,713,713,1121838.2500000002,558,0,Nayarit
2024,18,W22,155,155,360930.29000000004,123,0,Nayarit
2024,18,W19,320,320,641294.9399999998,272,0,Nayarit
2024,6,W1,1779,1779,442815.2099999976,1763,0,Colima
2024,6,W13,1482,1482,2002196.5300000003,1223,0,Colima
2024,6,W16,872,872,1464237.6000000006,711,0,Colima
2024,6,W17,637,637,1141382.0900000003,532,0,Colima
2024,6,W15,939,939,1475098.59,735,0,Colima
2024,27,W1,1050,1050,261376.49999999907,1019,0,Tabasco
2024,27,W13,1931,1931,2612672.92,1557,0,Tabasco
2024,32,W16,1724,1724,2886302.3300000005,1544,0,Zacatecas
2024,7,W25,1738,1738,4707058.2700000005,1654,0,Chiapas
2024,8,W18,3977,3977,7556148.52,3751,0,Chihuahua
2024,8,W21,2587,2587,5754421.009999998,2479,0,Chihuahua
2024,8,W23,1957,1957,4774925.920000001,1880,0,Chihuahua
2024,25,W5,47989,47989,23263256.819999952,41367,0,Sinaloa
2024,25,W12,4153,4153,5177387.300000003,3763,0,Sinaloa
2024,25,W24,595,595,1519971.8600000003,564,0,Sinaloa
2024,10,W1,2521,2521,627552.5299999974,2497,0,Durango
2024,10,W17,937,937,1675231.9900000002,846,0,Durango
2024,2,W4,378377,378377,151250600.42999762,332330,0,Baja California
2024,13,W8,9834,9834,7992148.810000001,6498,0,Hidalgo
2024,14,W22,4914,4914,11469797.760000007,4626,0,Jalisco
2024,14,W4,338322,338322,126875029.84999965,274946,0,Jalisco
2024,14,W6,138103,138103,82017704.51000002,121030,0,Jalisco
2024,14,W9,54520,54520,50123957.45000002,48815,0,Jalisco
2024,14,W18,8592,8592,16321788.800000008,7994,0,Jalisco
2024,14,W24,4513,4513,11540295.830000006,4277,0,Jalisco
2024,15,W9,42866,42866,39377307.81999999,37140,0,Estado México
2024,15,W7,88238,88238,62096901.88000001,76495,0,Estado México
2024,19,W9,60786,60786,55923036.02,55190,0,Nuevo León
2024,19,W10,47711,47711,49121266.99000007,43854,0,Nuevo León
2024,22,W20,3031,3031,6407596.010000002,2714,0,Querétaro
2024,23,W1,2047,2047,509559.7099999982,2014,0,Quintana Roo
2024,23,W24,691,691,1768322.4999999995,531,0,Quintana Roo
2024,23,W22,820,820,1913822.1900000006,626,0,Quintana Roo
2024,9,W4,470288,470288,176128715.85000044,393561,0,Ciudad de México
2024,26,W7,29987,29987,21081188.159999944,25885,0,Sonora
2024,26,W12,7230,7230,8998608.839999998,6008,0,Sonora
2024,26,W17,2774,2774,4960810.860000005,2482,0,Sonora
2024,12,W12,1708,1708,2130695.93,1374,0,Guerrero
2024,12,W22,232,232,540856.9000000001,195,0,Guerrero
2024,12,W16,670,670,1128337.0400000003,583,0,Guerrero
2024,20,W4,36711,36711,13703573.889999997,29218,0,Oaxaca
2024,20,W21,288,288,639840.3100000003,256,0,Oaxaca
2024,30,W24,1604,1604,4090994.580000002,1512,0,Veracruz de Ignacio de la Llave
2024,31,W16,1350,1350,2270791.65,1247,0,Yucatán
2024,31,W20,636,636,1345605.3900000013,598,0,Yucatán
2024,31,W17,1558,1558,2791133.62,1468,0,Yucatán
2024,31,W23,484,484,1180497.07,461,0,Yucatán
2024,3,W22,466,466,1088201.98,375,0,Baja California Sur
2024,11,W13,8759,8759,11863943.589999996,7800,0,Guanajuato
2024,11,W25,13249,13249,35903281.499999985,12238,0,Guanajuato
2024,16,W23,506,506,1233908.6399999997,459,0,Michoacán de Ocampo
2024,17,W4,35129,35129,13096585.879999978,29071,0,Morelos
2024,17,W7,10252,10252,7242352.120000013,8522,0,Morelos
2024,17,W12,2442,2442,3049647.919999997,2083,0,Morelos
2024,17,W24,343,343,876957.6399999997,329,0,Morelos
2024,28,W10,16026,16026,16478015.71000002,14671,0,Tamaulipas
2024,28,W14,5382,5382,7873621.510000005,4790,0,Tamaulipas
2024,28,W25,8094,8094,21926700.760000005,7639,0,Tamaulipas
2024,28,W9,23116,23116,21278739.22999999,21092,0,Tamaulipas
2024,28,W22,1282,1282,2991138.200000001,1219,0,Tamaulipas
2024,29,W4,23304,23304,8724053.430000009,17096,0,Tlaxcala
2024,18,W9,3548,3548,3261548.3900000015,2725,0,Nayarit
2024,18,W10,2508,2508,2577334.8200000003,2028,0,Nayarit
2024,18,W23,165,165,402679.06999999995,125,0,Nayarit
2024,18,W14,947,947,1388998.22,761,0,Nayarit
2024,18,W1,5967,5967,1484817.4099999974,5732,0,Nayarit
2024,18,W24,155,155,396218.86999999994,128,0,Nayarit
2024,21,W14,4616,4616,6756351.7399999965,3932,0,Puebla
2024,21,W1,5998,5998,1488990.140000001,5930,0,Puebla
2024,6,,1342,0,0.0,1342,58627,Colima
2024,6,W8,5037,5037,4091890.1200000024,4153,0,Colima
2024,6,W20,331,331,700729.7200000001,286,0,Colima
2024,27,W4,32260,32260,11983790.560000021,25597,0,Tabasco
2024,27,W3,109008,109008,29979176.199999277,92335,0,Tabasco
2024,27,W19,930,930,1862979.2999999993,851,0,Tabasco
2024,32,W24,537,537,1370018.49,516,0,Zacatecas
2024,32,W18,863,863,1638030.6,765,0,Zacatecas
2024,7,W6,14985,14985,8905144.96,12891,0,Chiapas
2024,8,W11,15705,15705,17865834.220000006,14456,0,Chihuahua
2024,24,,5552,0,0.0,5552,142092,San Luis Potosí
2024,24,W7,27198,27198,19100857.560000002,23567,0,San Luis Potosí
2024,24,W6,36602,36602,21755359.419999994,30452,0,San Luis Potosí
2024,24,W8,31159,31159,25151728.34999998,28898,0,San Luis Potosí
2024,10,W11,2508,2508,2855515.669999998,2224,0,Durango
2024,10,W15,1086,1086,1708214.1199999992,975,0,Durango
2024,10,W21,353,353,785692.3599999999,325,0,Durango
2024,10,W24,296,296,756140.3,282,0,Durango
2024,10,W18,835,835,1584678.7700000005,773,0,Durango
2024,1,W1,5100,5100,1247950.8400000029,5009,0,Aguascalientes
2024,1,W14,2494,2494,3653138.5699999966,2264,0,Aguascalientes
2024,13,W5,24491,24491,11825892.42000006,19053,0,Hidalgo
2024,13,W7,13858,13858,9800979.890000029,9049,0,Hidalgo
2024,13,W25,1977,1977,5356458.300000002,1746,0,Hidalgo
2024,14,W10,43985,43985,45334266.15999996,40037,0,Jalisco
2024,15,W5,194832,194832,94358716.10000007,164613,0,Estado México
2024,15,W13,15433,15433,20910777.819999997,13721,0,Estado México
2024,15,W11,24340,24340,27678391.55000001,21572,0,Estado México
2024,15,W20,5012,5012,10604731.270000001,4603,0,Estado México
2024,15,W8,58522,58522,47526416.61,50395,0,Estado México
2024,22,W13,8994,8994,12190284.309999999,7742,0,Querétaro
2024,22,W16,5602,5602,9424557.100000013,4933,0,Querétaro
2024,22,W23,2099,2099,5122283.469999999,1920,0,Querétaro
2024,22,W3,245052,245052,67644503.26000097,201450,0,Querétaro
2024,22,W6,52248,52248,31052143.74000002,43512,0,Querétaro
2024,22,,709,0,0.0,709,163875,Querétaro
2024,23,W19,1460,1460,2929392.589999999,1155,0,Quintana Roo
2024,9,W20,19852,19852,41986489.36999998,18496,0,Ciudad de México
2024,9,W23,15429,15429,37658841.5,14297,0,Ciudad de México
2024,2,W3,1694,1694,461372.99,1694,0,Baja California
2024,26,W14,4528,4528,6622143.630000009,3883,0,Sonora
2024,26,W24,1138,1138,2909899.6399999987,1063,0,Sonora
2024,26,W20,1980,1980,4186770.820000004,1830,0,Sonora
2024,12,W13,1377,1377,1867628.06,1096,0,Guerrero
2024,5,W3,272621,272621,74506858.38999952,249085,0,Coahuila de Zaragoza
2024,5,W6,75387,75387,44840764.74999997,67596,0,Coahuila de Zaragoza
2024,20,,3473,0,0.0,3473,159712,Oaxaca
2024,20,W8,6239,6239,5076190.9300000025,4636,0,Oaxaca
2024,20,W17,971,971,1737730.0800000003,854,0,Oaxaca
2024,20,W15,1010,1010,1587290.9499999995,822,0,Oaxaca
2024,30,W25,8020,8020,21705482.79,7499,0,Veracruz de Ignacio de la Llave
2024,31,W7,14408,14408,10111300.379999986,12529,0,Yucatán
2024,31,W10,6000,6000,6170412.370000005,5248,0,Yucatán
2024,3,W3,98030,98030,27393868.26999955,70031,0,Baja California Sur
2024,3,W6,13886,13886,8243828.520000001,9551,0,Baja California Sur
2024,3,W17,1070,1070,1915342.0400000005,777,0,Baja California Sur
2024,3,W13,2268,2268,3073390.0199999996,1628,0,Baja California Sur
2024,3,W11,3429,3429,3902279.6000000047,2557,0,Baja California Sur
2024,3,W18,935,935,1778194.6799999997,707,0,Baja California Sur
2024,11,W20,2109,2109,4463765.42,1943,0,Guanajuato
2024,16,W17,1930,1930,3457669.9999999977,1716,0,Michoacán de Ocampo
2024,17,W16,1276,1276,2146598.8500000006,1201,0,Morelos
2024,28,W13,6626,6626,8980697.29,5942,0,Tamaulipas
2024,28,W6,85422,85422,50489569.28,78141,0,Tamaulipas
2024,29,,94,0,0.0,94,80380,Tlaxcala
2024,29,W6,6762,6762,4034355.159999999,5409,0,Tlaxcala
2024,29,W10,1607,1607,1648326.6699999995,1405,0,Tlaxcala
2024,29,W17,441,441,787928.4899999999,392,0,Tlaxcala
2024,4,W5,10320,10320,5013299.060000013,8071,0,Campeche
2024,4,W16,1269,1269,2137294.0899999994,897,0,Campeche
2024,4,W9,3874,3874,3564488.0699999994,2946,0,Campeche
2024,5,,326,0,0.0,326,141714,Coahuila de Zaragoza
2024,5,W22,2021,2021,4715642.7200000025,1857,0,Coahuila de Zaragoza
2024,21,W4,110340,110340,41111126.59999992,90098,0,Puebla
2024,21,W3,327017,327017,90108430.64999786,286410,0,Puebla
2024,21,W10,12499,12499,12810884.150000006,10327,0,Puebla
2024,21,W23,936,936,2284202.129999999,851,0,Puebla
2024,21,W24,987,987,2521751.999999999,907,0,Puebla
2024,21,W21,1264,1264,2810640.950000001,1135,0,Puebla
2024,6,W9,4210,4210,3866262.100000004,3503,0,Colima
2024,6,W21,329,329,731095.7199999994,263,0,Colima
2024,6,W23,246,246,599460.63,190,0,Colima
2024,6,W22,224,224,522038.1,177,0,Colima
2024,27,W6,10416,10416,6179234.270000004,8146,0,Tabasco
2024,27,W21,651,651,1446682.51,603,0,Tabasco
2024,32,W14,1747,1747,2562097.769999997,1414,0,Zacatecas
2024,7,,5291,0,0.0,5291,250194,Chiapas
2024,7,W5,20565,20565,9964023.340000004,17730,0,Chiapas
2024,8,W4,218430,218430,85720078.1999998,202019,0,Chihuahua
2024,8,W9,27190,27190,25034602.34999998,24935,0,Chihuahua
2024,8,W16,5468,5468,9190697.5,5139,0,Chihuahua
2024,8,W22,2239,2239,5222014.970000001,2141,0,Chihuahua
2024,24,W15,4410,4410,6981832.890000001,4030,0,San Luis Potosí
2024,25,,2146,0,0.0,2146,293834,Sinaloa
2024,25,W23,579,579,1409875.0300000003,533,0,Sinaloa
2024,25,W20,963,963,2034033.9399999992,898,0,Sinaloa
2024,10,W4,50715,50715,18980539.209999993,45881,0,Durango
2024,1,,428,0,0.0,428,112809,Aguascalientes
2024,1,W3,141870,141870,38952508.1899983,129796,0,Aguascalientes
2024,1,W12,4066,4066,5062808.199999999,3875,0,Aguascalientes
2024,1,W24,800,800,2051671.2599999986,787,0,Aguascalientes
2024,2,,972,0,0.0,972,183234,Baja California
2024,2,W8,46297,46297,37529045.42999992,41604,0,Baja California
2024,2,W6,129250,129250,76507369.86000001,119952,0,Baja California
2024,2,W16,6080,6080,10227583.329999994,5538,0,Baja California
2024,2,W11,17378,17378,19774871.98000001,15405,0,Baja California
2024,2,W13,10324,10324,13988208.120000001,9080,0,Baja California
2024,2,W14,8518,8518,12466032.16000001,7592,0,Baja California
2024,13,W21,404,404,898945.6299999999,345,0,Hidalgo
2024,14,W8,73896,73896,60044589.42000005,65688,0,Jalisco
2024,14,W7,105858,105858,74448191.11000001,93180,0,Jalisco
2024,14,W14,16247,16247,23796896.849999994,14338,0,Jalisco
2024,14,W19,6739,6739,13519514.459999997,6294,0,Jalisco
2024,14,W20,5945,5945,12569983.440000007,5505,0,Jalisco
2024,14,W21,5350,5350,11899422.39,5032,0,Jalisco
2024,14,W23,4692,4692,11443731.959999999,4462,0,Jalisco
2024,15,W25,29523,29523,80002535.27,27450,0,Estado México
2024,15,W10,32579,32579,33517108.31999998,28651,0,Estado México
2024,15,W18,6858,6858,13016939.590000004,6292,0,Estado México
2024,15,W24,3795,3795,9709206.47,3557,0,Estado México
2024,19,W8,80680,80680,65440048.960000046,72131,0,Nuevo León
2024,19,W23,5477,5477,13359413.470000004,5189,0,Nuevo León
2024,19,W16,13564,13564,22806739.200000018,12691,0,Nuevo León
2024,22,W4,122521,122521,46197709.969999984,94800,0,Querétaro
2024,22,W8,30682,30682,24973593.360000003,25926,0,Querétaro
2024,23,W14,2964,2964,4340803.309999999,2042,0,Quintana Roo
2024,23,W15,2514,2514,3953670.450000003,1713,0,Quintana Roo
2024,23,W17,1734,1734,3104069.4299999964,1338,0,Quintana Roo
2024,23,W12,5224,5224,6510565.929999992,3506,0,Quintana Roo
2024,9,W15,40977,40977,64443200.379999995,37569,0,Ciudad de México
2024,9,W7,178104,178104,125363290.6500001,145751,0,Ciudad de México
2024,9,W17,33089,33089,59226625.719999954,30520,0,Ciudad de México
2024,9,W14,43977,43977,64383186.28000003,39909,0,Ciudad de México
2024,26,W5,91190,91190,44087354.56000014,80791,0,Sonora
2024,12,W4,25999,25999,9646702.399999997,19945,0,Guerrero
2024,12,W23,175,175,427249.95,157,0,Guerrero
2024,12,W25,947,947,2564427.23,852,0,Guerrero
2024,12,W18,577,577,1097486.52,509,0,Guerrero
2024,20,W6,13255,13255,7862179.610000005,10493,0,Oaxaca
2024,20,W5,16656,16656,8024511.260000008,12456,0,Oaxaca
2024,30,W7,47455,47455,33963131.41999996,41357,0,Veracruz de Ignacio de la Llave
2024,30,W11,14081,14081,15946059.53999998,11904,0,Veracruz de Ignacio de la Llave
2024,30,W1,8883,8883,2164296.950000005,8750,0,Veracruz de Ignacio de la Llave
2024,30,W22,1448,1448,3378419.8900000015,1320,0,Veracruz de Ignacio de la Llave
2024,3,W9,6020,6020,5548752.630000005,4437,0,Baja California Sur
2024,3,W16,1365,1365,2291598.4299999997,938,0,Baja California Sur
2024,3,W19,848,848,1699789.3800000001,650,0,Baja California Sur
2024,11,W11,14781,14781,16796179.940000005,13360,0,Guanajuato
2024,11,W16,5359,5359,9009042.029999997,5037,0,Guanajuato
2024,16,W1,7870,7870,1959079.1000000164,7395,0,Michoacán de Ocampo
2024,16,W25,3223,3223,8726467.78,2940,0,Michoacán de Ocampo
2024,16,W10,7303,7303,7514856.170000004,6420,0,Michoacán de Ocampo
2024,17,W13,1893,1893,2563303.9400000004,1629,0,Morelos
2024,17,W15,1245,1245,1959003.9300000006,1116,0,Morelos
2024,28,W12,8177,8177,10191521.829999996,7431,0,Tamaulipas
2024,29,W3,54028,54028,15054996.800000373,42691,0,Tlaxcala
2024,29,W8,3092,3092,2503687.319999998,2650,0,Tlaxcala
2024,29,W23,126,126,308275.08999999997,116,0,Tlaxcala
2024,4,W6,10018,10018,5892964.040000008,8496,0,Campeche
2024,4,W11,2991,2991,3420667.839999996,2283,0,Campeche
2024,5,W17,4656,4656,8332715.550000004,4292,0,Coahuila de Zaragoza
2024,5,W15,6504,6504,10228112.830000002,5859,0,Coahuila de Zaragoza
2024,5,W21,2259,2259,5022820.849999997,2126,0,Coahuila de Zaragoza
2024,5,W19,3159,3159,6339471.400000005,2958,0,Coahuila de Zaragoza
2024,18,W18,463,463,879376.6600000005,378,0,Nayarit
2024,21,W7,25116,25116,17724645.93999996,21310,0,Puebla
2024,21,W5,57929,57929,27988614.070000075,49838,0,Puebla
2024,21,W13,5438,5438,7371861.950000001,4779,0,Puebla
2024,6,W6,9761,9761,5810887.389999991,7799,0,Colima
2024,6,W11,2460,2460,2805905.2900000047,2128,0,Colima
2024,27,W25,4174,4174,11311308.740000004,3874,0,Tabasco
2024,27,W17,1088,1088,1948897.3900000006,934,0,Tabasco
2024,32,,301,0,0.0,301,93727,Zacatecas
2024,32,W6,13795,13795,8233744.490000004,10223,0,Zacatecas
2024,32,W13,1654,1654,2236699.190000001,1453,0,Zacatecas
2024,32,W1,1796,1796,447078.27999999723,1714,0,Zacatecas
2024,7,W7,10971,10971,7731774.109999991,9472,0,Chiapas
2024,7,W14,1979,1979,2893135.2900000005,1684,0,Chiapas
2024,7,W19,700,700,1403404.7700000007,650,0,Chiapas
2024,7,W8,8177,8177,6638154.940000014,7002,0,Chiapas
2024,7,W16,1204,1204,2025425.2800000003,1112,0,Chiapas
2024,8,W7,62743,62743,44046878.81999996,57972,0,Chihuahua
2024,24,W20,1466,1466,3102768.13,1303,0,San Luis Potosí
2024,24,W21,1341,1341,2982278.7800000003,1152,0,San Luis Potosí
2024,25,W14,2790,2790,4082250.0600000042,2392,0,Sinaloa
2024,25,W1,10708,10708,2665542.440000001,10609,0,Sinaloa
2024,10,W16,1190,1190,2004091.71,1093,0,Durango
2024,1,W9,11250,11250,10384529.080000032,10554,0,Aguascalientes
2024,1,W16,2361,2361,3976824.01,2209,0,Aguascalientes
2024,1,W20,739,739,1563696.8099999996,710,0,Aguascalientes
2024,2,W24,2578,2578,6580290.329999995,2446,0,Baja California
2024,13,W19,634,634,1271445.0200000016,556,0,Hidalgo
2024,13,W15,1310,1310,2059310.1900000009,1056,0,Hidalgo
2024,14,,12924,0,0.0,12924,593435,Jalisco
2024,14,W12,23543,23543,29372706.45000005,21394,0,Jalisco
2024,14,W15,13131,13131,20663780.000000015,11910,0,Jalisco
2024,14,W1,18759,18759,4507227.430000007,18574,0,Jalisco
2024,15,W14,13155,13155,19266472.790000007,11438,0,Estado México
2024,15,W23,3619,3619,8829157.4,3395,0,Estado México
2024,19,W25,55982,55982,151720970.61999997,53835,0,Nuevo León
2024,19,W21,6777,6777,15077224.419999998,6413,0,Nuevo León
2024,22,W5,79472,79472,38502624.55,65245,0,Querétaro
2024,22,W1,5216,5216,1298418.8800000031,5100,0,Querétaro
2024,23,W23,684,684,1670024.68,536,0,Quintana Roo
2024,9,W10,91024,91024,93708198.49000001,78651,0,Ciudad de México
2024,26,W9,15574,15574,14317293.23000001,13567,0,Sonora
2024,12,W6,7434,7434,4434681.880000001,6065,0,Guerrero
2024,12,W9,3111,3111,2866512.1299999976,2729,0,Guerrero
2024,20,W1,1626,1626,404692.4299999981,1586,0,Oaxaca
2024,30,W9,22763,22763,21004834.589999974,18534,0,Veracruz de Ignacio de la Llave
2024,30,W8,33917,33917,27460150.370000012,28853,0,Veracruz de Ignacio de la Llave
2024,30,W10,18904,18904,19364164.050000012,15870,0,Veracruz de Ignacio de la Llave
2024,30,W15,4794,4794,7535150.089999996,4094,0,Veracruz de Ignacio de la Llave
2024,30,W12,10734,10734,13401692.660000034,9135,0,Veracruz de Ignacio de la Llave
2024,31,W18,1300,1300,2467011.8499999987,1224,0,Yucatán
2024,31,W24,478,478,1222179.7799999998,452,0,Yucatán
2024,31,W11,4164,4164,4726446.370000002,3561,0,Yucatán
2024,31,W21,501,501,1115381.0500000003,472,0,Yucatán
2024,31,W15,1772,1772,2784309.3599999985,1515,0,Yucatán
2024,3,W5,22335,22335,10832417.979999986,15385,0,Baja California Sur
2024,3,W15,1862,1862,2927379.5399999963,1269,0,Baja California Sur
2024,11,W8,36703,36703,29780972.530000016,32700,0,Guanajuato
2024,11,W12,10936,10936,13629238.48000001,9762,0,Guanajuato
2024,11,W19,2614,2614,5244637.150000001,2446,0,Guanajuato
2024,11,W18,3465,3465,6573947.210000003,3213,0,Guanajuato
2024,16,,5348,0,0.0,5348,249034,Michoacán de Ocampo
2024,16,W6,28004,28004,16605256.280000007,23996,0,Michoacán de Ocampo
2024,16,W21,665,665,1479367.4899999993,603,0,Michoacán de Ocampo
2024,16,W14,2319,2319,3395927.1499999994,1974,0,Michoacán de Ocampo
2024,17,W11,2914,2914,3311874.120000001,2592,0,Morelos
2024,17,W19,619,619,1241207.21,580,0,Morelos
2024,17,W14,1665,1665,2438401.180000002,1372,0,Morelos
2024,28,W18,2744,2744,5215335.420000003,2538,0,Tamaulipas
2024,28,W20,1752,1752,3703244.7099999953,1641,0,Tamaulipas
2024,28,W23,1177,1177,2869846.619999999,1121,0,Tamaulipas
2024,28,W4,161732,161732,63676445.130000845,146306,0,Tamaulipas
2024,28,,2126,0,0.0,2126,173272,Tamaulipas
2024,29,W25,882,882,2388581.8899999997,776,0,Tlaxcala
2024,4,W3,58965,58965,16250424.179999588,47602,0,Campeche
2024,4,W23,478,478,1164454.2100000004,380,0,Campeche
2024,5,W11,14629,14629,16637373.21000001,12725,0,Coahuila de Zaragoza
2024,5,W13,9801,9801,13286631.88,8659,0,Coahuila de Zaragoza
2024,18,W7,7255,7255,5100863.560000006,5054,0,Nayarit
2024,18,W21,228,228,506951.38,194,0,Nayarit
2024,21,W16,3306,3306,5564075.580000004,3014,0,Puebla
2024,21,W19,1709,1709,3430009.590000001,1504,0,Puebla
2024,21,W9,13308,13308,12243940.060000017,11069,0,Puebla
2024,21,W12,6837,6837,8505559.159999995,5957,0,Puebla
2024,21,W20,1445,1445,3054606.7099999986,1298,0,Puebla
2024,6,W3,70763,70763,19316874.17999894,61115,0,Colima
2024,6,W10,4172,4172,4288717.420000003,3501,0,Colima
2024,27,W8,6207,6207,5036275.529999996,4736,0,Tabasco
2024,27,W14,1628,1628,2379379.9699999983,1316,0,Tabasco
2024,32,W7,10831,10831,7535686.250000002,8196,0,Zacatecas
2024,32,W11,2809,2809,3188621.7800000017,2313,0,Zacatecas
2024,32,W4,33871,33871,12717526.629999988,28922,0,Zacatecas
2024,32,W9,5910,5910,5388284.8000000045,4544,0,Zacatecas
2024,32,W22,832,832,1942445.2199999993,814,0,Zacatecas
2024,7,W17,1077,1077,1931155.2600000007,996,0,Chiapas
2024,7,W20,573,573,1214650.5300000003,546,0,Chiapas
2024,7,W1,8260,8260,1832586.959999996,8222,0,Chiapas
2024,8,W5,208863,208863,100852000.69999954,194019,0,Chihuahua
2024,8,W14,7626,7626,11159287.779999997,7117,0,Chihuahua
2024,24,W23,1052,1052,2568831.4000000004,947,0,San Luis Potosí
2024,24,W25,8193,8193,22195451.899999987,7522,0,San Luis Potosí
2024,24,W19,1645,1645,3300006.539999999,1460,0,San Luis Potosí
2024,25,W19,1077,1077,2160222.030000002,1002,0,Sinaloa
2024,25,W10,8953,8953,9141995.470000004,8270,0,Sinaloa
2024,25,W18,1487,1487,2821364.98,1371,0,Sinaloa
2024,10,W10,3280,3280,3368712.87,2930,0,Durango
2024,10,W6,13326,13326,7921539.469999998,11935,0,Durango
2024,10,W12,2102,2102,2622364.75,1910,0,Durango
2024,10,W13,1724,1724,2333699.1700000004,1554,0,Durango
2024,1,W13,3337,3337,4513430.980000001,3180,0,Aguascalientes
2024,1,W22,581,581,1355261.1200000008,557,0,Aguascalientes
2024,2,W9,30912,30912,28449417.800000004,27247,0,Baja California
2024,2,W15,7227,7227,11379966.720000017,6347,0,Baja California
2024,2,W18,5104,5104,9696899.390000008,4737,0,Baja California
2024,13,W6,15258,15258,9095315.489999996,11147,0,Hidalgo
2024,13,W3,134615,134615,37153190.099996954,110920,0,Hidalgo
2024,13,W14,2028,2028,2969344.3400000026,1530,0,Hidalgo
2024,13,W1,4635,4635,1153790.5500000033,4556,0,Hidalgo
2024,13,,141,0,0.0,141,220212,Hidalgo
2024,13,W17,1141,1141,2039452.2600000002,982,0,Hidalgo
2024,14,W5,203211,203211,98930176.52999981,171408,0,Jalisco
2024,14,W16,12890,12890,21677248.78999999,12023,0,Jalisco
2024,15,W3,805891,805891,223358170.63000792,684232,0,Estado México
2024,15,W21,4653,4653,10354985.48,4325,0,Estado México
2024,15,W22,4022,4022,9382230.299999997,3738,0,Estado México
2024,22,W14,7680,7680,11243333.439999983,6661,0,Querétaro
2024,22,W18,4110,4110,7805752.699999999,3698,0,Querétaro
2024,23,W5,57775,57775,28098863.59000004,36250,0,Quintana Roo
2024,23,W7,25506,25506,17886039.419999976,15201,0,Quintana Roo
2024,23,W25,6610,6610,17912647.710000005,5205,0,Quintana Roo
2024,23,W9,12994,12994,11940562.58,8108,0,Quintana Roo
2024,23,W18,1559,1559,2964112.1800000016,1246,0,Quintana Roo
2024,9,W11,74110,74110,84257763.45999995,65267,0,Ciudad de México
2024,9,W13,51747,51747,70154557.45,46727,0,Ciudad de México
2024,9,W16,36248,36248,60959972.77000001,33597,0,Ciudad de México
2024,26,W23,1198,1198,2919635.6399999997,1107,0,Sonora
2024,26,W25,8191,8191,22190397.240000002,7814,0,Sonora
2024,12,W7,5826,5826,4089436.8600000017,4896,0,Guerrero
2024,12,W1,9055,9055,2254061.1500000013,9040,0,Guerrero
2024,12,W21,265,265,588052.84,219,0,Guerrero
2024,20,W13,1718,1718,2328738.07,1371,0,Oaxaca
2024,20,W19,437,437,874756.6799999998,386,0,Oaxaca
2024,30,W21,1710,1710,3800956.349999999,1567,0,Veracruz de Ignacio de la Llave
2024,30,,23629,0,0.0,23629,448897,Veracruz de Ignacio de la Llave
2024,31,W1,3845,3845,957135.8499999965,3829,0,Yucatán
2024,31,W3,187998,187998,51289615.780006915,166355,0,Yucatán
2024,31,W14,2111,2111,3087305.829999995,1907,0,Yucatán
2024,11,W10,21365,21365,22000555.34,19182,0,Guanajuato
2024,11,W24,1372,1372,3507468.69,1286,0,Guanajuato
2024,11,W22,1632,1632,3807780.550000001,1519,0,Guanajuato
2024,16,W5,45832,45832,22189057.45000003,39815,0,Michoacán de Ocampo
2024,16,W11,5836,5836,6636371.06,5262,0,Michoacán de Ocampo
2024,17,W1,4557,4557,1134374.0099999995,4510,0,Morelos
2024,17,W17,1002,1002,1789937.5700000003,949,0,Morelos
2024,28,W17,3335,3335,5966986.940000001,3139,0,Tamaulipas
2024,29,W11,1421,1421,1620848.9500000002,1237,0,Tlaxcala
2024,29,W15,516,516,810996.48,460,0,Tlaxcala
2024,29,W12,940,940,1172437.2800000003,838,0,Tlaxcala
2024,4,W20,695,695,1467343.5599999996,564,0,Campeche
2024,4,W13,2188,2188,2953426.0899999994,1591,0,Campeche
2024,5,W10,19783,19783,20347369.180000007,18010,0,Coahuila de Zaragoza
2024,5,W12,12137,12137,15126193.380000006,10396,0,Coahuila de Zaragoza
2024,18,,2557,0,0.0,2557,73111,Nayarit
2024,18,W12,1353,1353,1686899.3199999996,1062,0,Nayarit
2024,21,W6,35129,35129,20884703.03,30038,0,Puebla
2024,21,W15,3432,3432,5402190.779999999,2958,0,Puebla
2024,21,W17,2713,2713,4856386.549999999,2466,0,Puebla
2024,21,W25,11172,11172,30279794.469999988,10045,0,Puebla
2024,6,W25,1193,1193,3229739.5300000007,923,0,Colima
2024,27,W23,461,461,1122904.9100000001,428,0,Tabasco
2024,32,W23,560,560,1365003.5200000005,543,0,Zacatecas
2024,7,W3,119750,119750,33023628.27999626,102520,0,Chiapas
2024,7,W15,1343,1343,2111170.419999999,1210,0,Chiapas
2024,7,W13,2128,2128,2877383.8199999975,1877,0,Chiapas
2024,7,W12,2703,2703,3371651.7200000016,2363,0,Chiapas
2024,8,W17,4803,4803,8593910.339999998,4554,0,Chihuahua
2024,8,W19,3520,3520,7062226.4099999955,3359,0,Chihuahua
2024,24,W3,168256,168256,46739710.23999751,137124,0,San Luis Potosí
2024,25,W7,21630,21630,15193407.48999995,19117,0,Sinaloa
2024,25,W3,308184,308184,84836728.52000949,270951,0,Sinaloa
2024,25,W9,10529,10529,9686263.379999997,9496,0,Sinaloa
2024,25,W13,3405,3405,4612346.729999999,3053,0,Sinaloa
2024,10,,336,0,0.0,336,68824,Durango
2024,10,W3,127880,127880,35152587.59999843,118415,0,Durango
2024,10,W8,6340,6340,5142698.380000003,5520,0,Durango
2024,10,W9,4382,4382,4024396.910000004,3946,0,Durango
2024,10,W19,574,574,1150332.5000000005,534,0,Durango
2024,1,W10,8324,8324,8483996.270000009,7938,0,Aguascalientes
2024,13,W22,384,384,896853.6699999998,335,0,Hidalgo
2024,13,W24,286,286,731039.1599999998,251,0,Hidalgo
2024,19,W6,153588,153588,91428553.59999992,137731,0,Nuevo León
2024,19,W22,6016,6016,14038688.919999994,5723,0,Nuevo León
2024,19,W24,5762,5762,14749927.370000005,5526,0,Nuevo León
2024,19,W1,13102,13102,3261480.8600000017,12996,0,Nuevo León
2024,19,W17,13050,13050,23350426.609999992,12377,0,Nuevo León
2024,22,W15,6052,6052,9514043.719999995,5301,0,Querétaro
2024,23,W4,91855,91855,34590348.32999992,60792,0,Quintana Roo
2024,23,W10,9795,9795,10082389.040000001,6377,0,Quintana Roo
2024,23,W13,3996,3996,5415833.689999999,2682,0,Quintana Roo
2024,23,W21,996,996,2214316.2800000017,777,0,Quintana Roo
2024,9,W25,186755,186755,506241240.7199999,178038,0,Ciudad de México
2024,9,W24,16426,16426,42008956.50999999,15613,0,Ciudad de México
2024,9,W18,27055,27055,51380853.95000001,25007,0,Ciudad de México
2024,9,,3472,0,0.0,3472,1475457,Ciudad de México
2024,26,W10,11888,11888,12219896.729999997,10343,0,Sonora
2024,26,W18,2840,2840,5402412.720000001,2571,0,Sonora
2024,26,W15,3489,3489,5486073.7200000025,3040,0,Sonora
2024,12,W5,11285,11285,5461335.389999991,8982,0,Guerrero
2024,12,W10,3002,3002,3092594.4900000016,2501,0,Guerrero
2024,12,,553,0,0.0,553,164513,Guerrero
2024,12,W20,379,379,800179.6099999999,335,0,Guerrero
2024,20,W10,4463,4463,4599154.439999998,3770,0,Oaxaca
2024,20,W20,300,300,634845.76,269,0,Oaxaca
2024,30,W20,2136,2136,4518174.729999999,1946,0,Veracruz de Ignacio de la Llave
2024,31,W22,508,508,1186125.92,481,0,Yucatán
2024,3,W4,34965,34965,13137939.779999988,23721,0,Baja California Sur
2024,11,W7,55688,55688,39234892.29,49703,0,Guanajuato
2024,11,W17,4425,4425,7917022.950000001,4135,0,Guanajuato
2024,11,W21,1978,1978,4398906.710000001,1840,0,Guanajuato
2024,16,W15,1911,1911,3003361.8499999996,1599,0,Michoacán de Ocampo
2024,16,W16,2202,2202,3707808.71,1981,0,Michoacán de Ocampo
2024,16,W24,419,419,1071341.9,380,0,Michoacán de Ocampo
2024,17,W9,5685,5685,5232411.890000007,4995,0,Morelos
2024,28,W19,2388,2388,4789908.710000001,2259,0,Tamaulipas
2024,28,W8,30993,30993,25116186.36,28146,0,Tamaulipas
2024,28,W3,113535,113535,31090639.649998453,94324,0,Tamaulipas
2024,28,W1,3179,3179,791198.0700000008,3162,0,Tamaulipas
2024,29,W9,2177,2177,2002217.83,1909,0,Tlaxcala
2024,29,W13,694,694,941558.9600000005,611,0,Tlaxcala
2024,4,W1,458,458,114009.93999999938,449,0,Campeche
2024,4,W14,1831,1831,2683235.710000001,1396,0,Campeche
2024,4,W24,539,539,1372802.8600000013,417,0,Campeche
2024,5,W5,116333,116333,56348624.27000005,103342,0,Coahuila de Zaragoza
2024,5,W23,1730,1730,4221774.910000003,1622,0,Coahuila de Zaragoza
2024,18,W17,659,659,1177541.7200000002,555,0,Nayarit
2024,21,W11,8208,8208,9334890.470000006,6951,0,Puebla
2024,6,W7,7128,7128,5016337.2700000005,5716,0,Colima
2024,6,W18,649,649,1231119.0300000007,546,0,Colima
2024,6,W12,1969,1969,2452357.7000000016,1600,0,Colima
2024,6,W14,1356,1356,1988939.329999998,1087,0,Colima
2024,27,,3292,0,0.0,3292,157235,Tabasco
2024,27,W20,682,682,1444657.3299999998,620,0,Tabasco
2024,27,W11,2679,2679,3043948.3299999973,2193,0,Tabasco
2024,27,W22,485,485,1132366.76,446,0,Tabasco
2024,27,W15,1350,1350,2124315.119999999,1065,0,Tabasco
2024,32,W12,2554,2554,3185787.350000006,2314,0,Zacatecas
2024,32,W17,1076,1076,1928461.66,947,0,Zacatecas
2024,32,W19,559,559,1120320.0299999998,501,0,Zacatecas
2024,7,W4,44938,44938,16724657.390000015,37655,0,Chiapas
2024,7,W11,3276,3276,3732671.639999997,2860,0,Chiapas
2024,8,W6,111036,111036,65674557.36999994,101922,0,Chihuahua
2024,8,W15,6402,6402,10074390.71,5761,0,Chihuahua
2024,8,W25,14019,14019,37980343.620000005,13506,0,Chihuahua
2024,8,W12,12064,12064,15034880.920000002,11147,0,Chihuahua
2024,8,W10,20130,20130,20710132.43,18452,0,Chihuahua
2024,8,W1,7720,7720,1921739.6000000015,7671,0,Chihuahua
2024,24,W13,9852,9852,13317242.63000001,9246,0,San Luis Potosí
2024,25,W17,1744,1744,3120334.3500000006,1611,0,Sinaloa
2024,10,W25,2077,2077,5628131.420000001,2006,0,Durango
2024,1,W5,38206,38206,18567990.439999923,34925,0,Aguascalientes
2024,1,W7,20816,20816,14664089.519999988,19519,0,Aguascalientes
2024,1,W15,2059,2059,3234658.919999999,1954,0,Aguascalientes
2024,1,W25,4303,4303,11659136.270000001,4141,0,Aguascalientes
2024,1,W11,5684,5684,6469394.73000001,5415,0,Aguascalientes
2024,2,W12,13233,13233,16496273.830000013,11713,0,Baja California
2024,2,W23,2577,2577,6284719.12,2434,0,Baja California
2024,2,W20,4104,4104,8684729.299999997,3820,0,Baja California
2024,13,W13,2268,2268,3073655.989999999,1719,0,Hidalgo
2024,13,W11,3915,3915,4449974.859999997,2813,0,Hidalgo
2024,13,W16,1555,1555,2613519.0099999993,1344,0,Hidalgo
2024,15,W17,8925,8925,15961962.440000005,8167,0,Estado México
2024,15,W16,10879,10879,18295192.639999997,10006,0,Estado México
2024,19,W3,638810,638810,175739342.6400022,586324,0,Nuevo León
2024,19,W4,326627,326627,123294000.55999997,287955,0,Nuevo León
2024,19,W11,35726,35726,40616013.84999999,32886,0,Nuevo León
2024,23,,1322,0,0.0,1322,107877,Quintana Roo
2024,23,W11,7149,7149,8116861.530000002,4415,0,Quintana Roo
2024,9,W6,231572,231572,137805000.01999986,196361,0,Ciudad de México
2024,9,W3,1303567,1303567,357653485.56000876,1154099,0,Ciudad de México
2024,9,W12,62668,62668,78102506.99000001,55357,0,Ciudad de México
2024,9,W21,18485,18485,41116079.30000003,17265,0,Ciudad de México
2024,2,W1,36,36,8961.480000000001,36,0,Baja California
2024,26,W6,48561,48561,28756747.079999976,42792,0,Sonora
2024,26,W16,2836,2836,4771949.799999999,2493,0,Sonora
2024,26,W22,1246,1246,2904135.2799999984,1147,0,Sonora
2024,26,W3,216971,216971,59486964.44000264,187112,0,Sonora
2024,12,W3,81911,81911,22548713.979999855,65737,0,Guerrero
2024,12,W11,2044,2044,2326113.209999998,1645,0,Guerrero
2024,12,W24,134,134,342670.18999999994,117,0,Guerrero
2024,5,W4,171599,171599,65708970.44999927,152532,0,Coahuila de Zaragoza
2024,5,W7,56122,56122,39507031.73000005,51286,0,Coahuila de Zaragoza
2024,20,W7,10012,10012,7025307.060000012,8154,0,Oaxaca
2024,20,W9,5758,5758,5300095.060000003,4752,0,Oaxaca
2024,20,W12,2280,2280,2840727.290000001,1851,0,Oaxaca
2024,20,W14,1496,1496,2184822.76,1167,0,Oaxaca
2024,20,W18,718,718,1360968.6699999997,643,0,Oaxaca
2024,30,W13,7597,7597,10306718.550000012,6356,0,Veracruz de Ignacio de la Llave
2024,30,W16,5163,5163,8687949.22,4658,0,Veracruz de Ignacio de la Llave
2024,31,,458,0,0.0,458,128759,Yucatán
2024,31,W4,69812,69812,26156994.229999892,61408,0,Yucatán
2024,31,W6,68337,68337,38888266.32000003,65904,0,Yucatán
2024,31,W13,2593,2593,3518268.400000001,2331,0,Yucatán
2024,31,W25,3743,3743,10140808.660000004,3547,0,Yucatán
2024,3,W20,934,934,1978821.3899999994,737,0,Baja California Sur
2024,11,W23,1494,1494,3643287.96,1393,0,Guanajuato
2024,11,W15,5637,5637,8864638.030000003,5125,0,Guanajuato
2024,11,,424,0,0.0,424,282791,Guanajuato
2024,16,W22,494,494,1152366.6800000002,448,0,Michoacán de Ocampo
2024,17,W6,12206,12206,7242676.990000012,10636,0,Morelos
2024,17,W21,462,462,1027167.42,437,0,Morelos
2024,17,W5,21167,21167,10268467.440000031,18737,0,Morelos
2024,28,W15,4056,4056,6376270.599999998,3735,0,Tamaulipas
2024,28,W16,3467,3467,5831505.110000005,3206,0,Tamaulipas
2024,29,W5,12009,12009,5783056.619999999,9227,0,Tlaxcala
2024,29,W19,252,252,504202.56000000006,217,0,Tlaxcala
2024,29,W1,2143,2143,533456.9899999998,2135,0,Tlaxcala
2024,29,W14,739,739,1082171.8199999998,639,0,Tlaxcala
2024,29,W18,352,352,668470.0700000001,328,0,Tlaxcala
2024,4,W15,1388,1388,2182029.58,896,0,Campeche
2024,4,W25,4914,4914,13319511.509999998,4167,0,Campeche
2024,4,W8,3965,3965,3224104.230000001,2946,0,Campeche
2024,5,W14,8254,8254,12082618.399999995,7165,0,Coahuila de Zaragoza
2024,18,W8,5016,5016,4057987.1100000027,3780,0,Nayarit
2024,18,W25,1051,1051,2847481.809999999,824,0,Nayarit
2024,18,W20,275,275,582826.6700000002,227,0,Nayarit
2024,21,W8,16461,16461,13372019.810000006,13926,0,Puebla
2024,21,W18,2393,2393,4540291.910000002,2169,0,Puebla
2024,6,W5,12769,12769,6203392.549999986,9818,0,Colima
2024,6,W19,385,385,771994.3200000003,332,0,Colima
2024,27,W12,2162,2162,2699690.749999999,1743,0,Tabasco
2024,27,W18,962,962,1830995.29,848,0,Tabasco
2024,32,W8,7121,7121,5785458.779999997,6084,0,Zacatecas
2024,32,W20,613,613,1297752.0400000005,576,0,Zacatecas
2024,8,,2780,0,0.0,2780,215201,Chihuahua
2024,8,W8,37515,37515,30427015.32999997,34096,0,Chihuahua
2024,24,W11,8123,8123,9229093.330000002,7204,0,San Luis Potosí
2024,24,W12,6195,6195,7734278.000000003,5537,0,San Luis Potosí
2024,24,W14,4151,4151,6079590.600000007,3665,0,San Luis Potosí
2024,24,W22,1120,1120,2614600.290000001,1008,0,San Luis Potosí
2024,24,W16,3126,3126,5253785.98,2847,0,San Luis Potosí
2024,25,W6,31735,31735,18894283.540000014,27743,0,Sinaloa
2024,25,W11,5422,5422,6153584.190000003,4607,0,Sinaloa
2024,25,W16,2222,2222,3739601.3900000015,2070,0,Sinaloa
2024,10,W7,9850,9850,6940085.360000002,8709,0,Durango
2024,1,W6,26484,26484,15742089.020000009,24688,0,Aguascalientes
2024,1,W21,680,680,1512702.1799999988,659,0,Aguascalientes
2024,1,W23,575,575,1404176.6800000004,552,0,Aguascalientes
2024,1,W19,1005,1005,2014793.0200000019,949,0,Aguascalientes
2024,2,W7,72875,72875,51131379.56999995,66801,0,Baja California
2024,2,W21,3614,3614,8036796.659999998,3403,0,Baja California
2024,2,W17,5724,5724,10251085.559999999,5260,0,Baja California
2024,2,W19,4239,4239,8506459.8,3945,0,Baja California
2024,13,W9,6902,6902,6348210.409999996,4440,0,Hidalgo
2024,13,W23,301,301,734516.42,252,0,Hidalgo
2024,15,W15,10976,10976,17261056.159999993,9851,0,Estado México
2024,19,W7,126462,126462,89098691.44999984,114720,0,Nuevo León
2024,19,W13,23214,23214,31451151.419999987,21449,0,Nuevo León
2024,19,,497,0,0.0,497,263125,Nuevo León
2024,22,W12,10578,10578,13182856.730000004,9107,0,Querétaro
2024,22,W25,19639,19639,53221419.55999999,18106,0,Querétaro
2024,22,W9,23081,23081,21200475.53000001,19571,0,Querétaro
2024,22,W10,17629,17629,18145498.79,14895,0,Querétaro
2024,22,W11,13179,13179,14979477.899999985,11298,0,Querétaro
2024,22,W22,2210,2210,5155014.720000004,2013,0,Querétaro
2024,22,W24,2186,2186,5593621.439999997,2018,0,Querétaro
2024,23,W16,1793,1793,3013853.010000002,1312,0,Quintana Roo
2024,23,W20,1135,1135,2402470.96,902,0,Quintana Roo
2024,26,W4,156310,156310,60341853.50999963,132449,0,Sonora
2024,26,W1,5686,5686,1415415.980000005,5645,0,Sonora
2024,12,W17,739,739,1321518.18,630,0,Guerrero
2024,20,W23,151,151,368384.49,135,0,Oaxaca
2024,20,W24,194,194,497116.5300000001,175,0,Oaxaca
2024,30,W19,2532,2532,5075914.639999993,2301,0,Veracruz de Ignacio de la Llave
2024,31,W12,3109,3109,3875776.429999999,2743,0,Yucatán
2024,3,W12,2868,2868,3574045.1199999996,2172,0,Baja California Sur
2024,3,W23,439,439,1070426.41,357,0,Baja California Sur
2024,3,W25,3558,3558,9641943.849999996,2776,0,Baja California Sur
2024,11,W3,499564,499564,137488087.08999854,444048,0,Guanajuato
2024,11,W5,117673,117673,56886241.57000012,98474,0,Guanajuato
2024,11,W6,74631,74631,44321782.569999926,65388,0,Guanajuato
2024,11,W9,27579,27579,25321305.100000024,24924,0,Guanajuato
2024,11,W14,7053,7053,10329750.16,6204,0,Guanajuato
2024,16,W4,68311,68311,25469641.440000035,55690,0,Michoacán de Ocampo
2024,16,W7,20255,20255,14250844.269999996,17221,0,Michoacán de Ocampo
2024,16,W13,2815,2815,3810979.0699999966,2454,0,Michoacán de Ocampo
2024,17,W22,405,405,944013.6400000001,395,0,Morelos
2024,17,W18,908,908,1721488.6800000002,846,0,Morelos
2024,17,W23,312,312,761665.6699999995,297,0,Morelos
2024,28,W24,1233,1233,3147034.4399999995,1183,0,Tamaulipas
2024,29,W7,4566,4566,3207346.34,3817,0,Tlaxcala
2024,29,W21,148,148,329237.31000000006,131,0,Tlaxcala
2024,4,W7,5552,5552,3892454.8099999973,4432,0,Campeche
2024,4,W19,972,972,1954530.0099999981,800,0,Campeche
2024,4,W21,623,623,1386962.9200000002,489,0,Campeche
2024,5,W9,25796,25796,23718552.599999964,23701,0,Coahuila de Zaragoza
2024,5,W1,4384,4384,1091309.120000005,4348,0,Coahuila de Zaragoza
2024,18,W3,89594,89594,24647206.209998045,70550,0,Nayarit
2024,18,W4,30522,30522,11376012.989999987,18819,0,Nayarit
2024,18,W6,11528,11528,6871568.170000015,7906,0,Nayarit
2024,18,W16,1004,1004,1687591.38,907,0,Nayarit
2024,21,W22,1079,1079,2516868.449999999,983,0,Puebla
2024,6,W4,22608,22608,8456085.57999998,18092,0,Colima
2024,6,W24,195,195,498765.8099999998,150,0,Colima
2024,27,W5,16723,16723,8106353.860000001,13362,0,Tabasco
2024,27,W7,8169,8169,5749795.169999998,6497,0,Tabasco
2024,32,W15,1583,1583,2491553.2699999986,1438,0,Zacatecas
2024,32,W25,2050,2050,5545094.490000001,1901,0,Zacatecas
2024,7,W18,1045,1045,1982076.37,978,0,Chiapas
2024,7,W9,5874,5874,5388499.880000002,5215,0,Chiapas
2024,7,W21,580,580,1288641.9100000008,545,0,Chiapas
2024,7,W22,344,344,801197.0899999994,318,0,Chiapas
2024,8,W24,1828,1828,4671982.629999998,1762,0,Chihuahua
2024,8,W20,3114,3114,6585977.439999996,2987,0,Chihuahua
2024,24,W5,52973,52973,25703493.970000036,42680,0,San Luis Potosí
2024,24,W10,9739,9739,10034327.419999987,8564,0,San Luis Potosí
2024,24,W1,2820,2820,701982.5999999974,2779,0,San Luis Potosí
2024,10,W14,1520,1520,2223648.2800000017,1363,0,Durango
2024,10,W22,330,330,769794.73,305,0,Durango
2026,15,W21,5041,5041,12123793.399999991,4722,0,Estado México
2026,1,W3,104984,104984,35013130.630001925,96638,0,Aguascalientes
2026,1,W7,22602,22602,17177399.079999972,21467,0,Aguascalientes
2026,1,W21,857,857,2057682.0900000024,831,0,Aguascalientes
2026,1,W13,3939,3939,5771845.569999994,3765,0,Aguascalientes
2026,2,W21,4626,4626,11117486.589999989,3880,0,Baja California
2026,2,W15,7250,7250,12325192.34,6714,0,Baja California
2026,10,W22,352,352,888356.2299999999,325,0,Durango
2026,11,W5,136975,136975,71656982.92000005,116506,0,Guanajuato
2026,11,W10,24414,24414,27141230.360000007,22362,0,Guanajuato
2026,11,W6,82977,82977,53246562.26999988,72195,0,Guanajuato
2026,11,W1,15322,15322,4827042.880000027,15186,0,Guanajuato
2026,15,W5,248546,248546,129821009.42999986,196342,0,Estado México
2026,15,W7,94501,94501,71638965.63999996,80510,0,Estado México
2026,15,W1,40434,40434,12738327.360000044,37522,0,Estado México
2026,16,W12,4449,4449,6001254.920000002,3662,0,Michoacán de Ocampo
2026,16,W16,2187,2187,3978122.5900000003,1956,0,Michoacán de Ocampo
2026,16,W24,426,426,1174376.6599999997,392,0,Michoacán de Ocampo
2026,20,W6,13515,13515,8806628.650000004,10457,0,Oaxaca
2026,20,W12,2758,2758,3715156.8099999996,2439,0,Oaxaca
2026,21,W3,238901,238901,79930425.49000406,213624,0,Puebla
2026,21,W1,10490,10490,3300094.64000002,10425,0,Puebla
2026,21,W22,1136,1136,2861672.370000001,985,0,Puebla
2026,2,W3,1375,1375,456288.57440000004,1375,0,Baja California
2026,26,W23,1369,1369,3610589.2899999972,1242,0,Sonora
2026,26,W9,17350,17350,17247924.13999998,15549,0,Sonora
2026,26,W1,11897,11897,3748030.880000029,11848,0,Sonora
2026,12,W6,8358,8358,5371172.009999982,6630,0,Guerrero
2026,12,W12,1783,1783,2405562.4800000014,1438,0,Guerrero
2026,12,W1,11754,11754,3702965.1200000215,11733,0,Guerrero
2026,13,W4,76317,76317,30561122.46000015,58132,0,Hidalgo
2026,13,W23,309,309,813789.5800000001,271,0,Hidalgo
2026,13,W8,10242,10242,8965238.259999994,7540,0,Hidalgo
2026,19,W9,69718,69718,69401788.52000016,63093,0,Nuevo León
2026,19,W10,54101,54101,60113172.610000044,49471,0,Nuevo León
2026,19,W12,34402,34402,46317311.54999997,31479,0,Nuevo León
2026,19,W18,12286,12286,25203821.03000003,11610,0,Nuevo León
2026,23,W5,69568,69568,36300277.60999985,49522,0,Quintana Roo
2026,23,W23,655,655,1725938.6500000008,518,0,Quintana Roo
2026,23,W21,1089,1089,2617190.679999999,853,0,Quintana Roo
2026,23,W24,583,583,1607202.5600000003,473,0,Quintana Roo
2026,24,W4,104709,104709,42232640.10999969,83593,0,San Luis Potosí
2026,24,W9,15718,15718,15637171.819999985,13968,0,San Luis Potosí
2026,24,W16,3199,3199,5814568.8800000055,2878,0,San Luis Potosí
2026,28,W6,111078,111078,71108050.20000006,103818,0,Tamaulipas
2026,28,W16,3595,3595,6530269.6499999985,3329,0,Tamaulipas
2026,28,W19,2622,2622,5683713.719999999,2510,0,Tamaulipas
2026,28,W13,7198,7198,10539190.109999996,6603,0,Tamaulipas
2026,28,W24,1049,1049,2887792.499999999,993,0,Tamaulipas
2026,30,,15875,0,0.0,15875,402345,Veracruz de Ignacio de la Llave
2026,30,W25,8147,8147,23820131.38000001,7695,0,Veracruz de Ignacio de la Llave
2026,29,W11,1320,1320,1627884.380000001,1200,0,Tlaxcala
2026,29,W12,1132,1132,1522258.9699999983,991,0,Tlaxcala
2026,9,W13,53153,53153,77877781.43999995,47267,0,Ciudad de México
2026,9,W25,197940,197940,579451356.6899996,189227,0,Ciudad de México
2026,9,W16,37091,37091,67416449.80999999,34043,0,Ciudad de México
2026,9,W1,42762,42762,13471740.480000094,39435,0,Ciudad de México
2026,3,W8,9147,9147,8024923.950000003,6230,0,Baja California Sur
2026,17,W12,2234,2234,3007562.6100000013,1979,0,Morelos
2026,17,W13,1902,1902,2787005.5999999978,1678,0,Morelos
2026,17,W15,1371,1371,2327419.260000002,1236,0,Morelos
2026,17,W22,398,398,1003523.4800000001,377,0,Morelos
2026,18,W16,767,767,1402027.9199999985,620,0,Nayarit
2026,4,W7,5332,5332,4037975.590000008,4309,0,Campeche
2026,5,,7,0,0.0,7,129973,Coahuila de Zaragoza
2026,5,W6,84101,84101,53896196.47000002,76174,0,Coahuila de Zaragoza
2026,5,W13,10004,10004,14661488.730000012,9211,0,Coahuila de Zaragoza
2026,25,W19,1333,1333,2888634.429999998,1249,0,Sinaloa
2026,6,W5,15262,15262,7978238.310000025,12899,0,Colima
2026,6,W9,4436,4436,4419172.8900000155,3899,0,Colima
2026,7,W17,1432,1432,2763567.8100000033,1328,0,Chiapas
2026,7,W6,15981,15981,10262766.700000018,13997,0,Chiapas
2026,22,W10,19773,19773,21993597.430000015,16769,0,Querétaro
2026,31,W4,85127,85127,34460682.71000004,77357,0,Yucatán
2026,32,W17,1555,1555,2994552.91,1413,0,Zacatecas
2026,32,W11,2830,2830,3475391.889999999,2379,0,Zacatecas
2026,32,W1,3535,3535,1113666.400000006,3431,0,Zacatecas
2026,8,,344,0,0.0,344,208143,Chihuahua
2026,8,W6,130656,130656,83453856.57999986,122589,0,Chihuahua
2026,27,W9,4537,4537,4514706.210000003,3693,0,Tabasco
2026,27,W17,779,779,1507113.4300000002,700,0,Tabasco
2026,27,W19,854,854,1855419.4700000007,789,0,Tabasco
2026,1,W9,12168,12168,12119195.489999978,11515,0,Aguascalientes
2026,1,W20,839,839,1919599.3900000008,810,0,Aguascalientes
2026,1,W23,598,598,1576463.7500000007,577,0,Aguascalientes
2026,2,,0,0,0.0,0,202368,Baja California
2026,2,W12,13927,13927,18760754.23000001,12966,0,Baja California
2026,2,W24,2651,2651,7303154.120000004,2458,0,Baja California
2026,2,W22,3587,3587,9041052.269999992,3237,0,Baja California
2026,2,W19,4368,4368,9471748.260000002,4094,0,Baja California
2026,10,W9,5598,5598,5563136.719999997,4983,0,Durango
2026,10,W4,72294,72294,29144985.699999955,65621,0,Durango
2026,10,W21,359,359,863465.78,339,0,Durango
2026,10,W15,1159,1159,1966205.0999999992,1075,0,Durango
2026,10,W19,683,683,1482467.9600000002,633,0,Durango
2026,11,W9,31759,31759,31587309.940000027,28693,0,Guanajuato
2026,11,W12,12340,12340,16615997.189999998,11193,0,Guanajuato
2026,11,W18,4026,4026,8255889.220000001,3789,0,Guanajuato
2026,14,W5,232626,232626,121369376.12000006,196063,0,Jalisco
2026,14,W18,9119,9119,18695576.50999999,8540,0,Jalisco
2026,14,W20,6328,6328,14471706.979999993,5933,0,Jalisco
2026,14,W22,4943,4943,12465370.33000001,4658,0,Jalisco
2026,15,W6,146888,146888,94172254.5299998,121439,0,Estado México
2026,16,W10,8991,8991,9968800.460000003,7868,0,Michoacán de Ocampo
2026,16,W25,4136,4136,12096217.880000003,3782,0,Michoacán de Ocampo
2026,20,W14,1623,1623,2563280.629999999,1253,0,Oaxaca
2026,20,W24,203,203,559395.4,188,0,Oaxaca
2026,21,W10,10709,10709,11902774.140000002,9459,0,Puebla
2026,21,W24,885,885,2438007.0099999993,815,0,Puebla
2026,21,W18,2599,2599,5331753.29,2334,0,Puebla
2026,26,W17,3064,3064,5932523.070000006,2803,0,Sonora
2026,26,W25,12026,12026,35198017.269999996,11252,0,Sonora
2026,26,W13,6568,6568,9622466.37,5630,0,Sonora
2026,12,W15,771,771,1309609.6099999992,602,0,Guerrero
2026,12,W23,147,147,387279.8599999999,134,0,Guerrero
2026,12,W24,140,140,384807.61,125,0,Guerrero
2026,13,,32,0,0.0,32,222865,Hidalgo
2026,13,W13,2235,2235,3274977.220000001,1923,0,Hidalgo
2026,13,W14,1855,1855,2937705.370000002,1420,0,Hidalgo
2026,13,W12,2999,2999,4034781.799999992,2536,0,Hidalgo
2026,19,W24,5467,5467,15064203.81,5234,0,Nuevo León
2026,23,W14,3216,3216,5083989.070000005,2341,0,Quintana Roo
2026,23,W20,1294,1294,2956463.8299999973,1075,0,Quintana Roo
2026,23,W19,1431,1431,3108476.61,1183,0,Quintana Roo
2026,24,W25,9327,9327,27290718.43,8382,0,San Luis Potosí
2026,24,W17,3658,3658,7039246.029999998,3368,0,San Luis Potosí
2026,24,W21,1544,1544,3710857.269999999,1382,0,San Luis Potosí
2026,24,W20,1674,1674,3830275.9899999974,1526,0,San Luis Potosí
2026,24,W1,6213,6213,1957343.520000015,6176,0,San Luis Potosí
2026,28,W7,65295,65295,49355868.09000005,60482,0,Tamaulipas
2026,28,W14,5912,5912,9360951.410000008,5275,0,Tamaulipas
2026,30,W10,20811,20811,23297592.03999997,17656,0,Veracruz de Ignacio de la Llave
2026,30,W1,16215,16215,5071027.540000057,16093,0,Veracruz de Ignacio de la Llave
2026,29,W6,7336,7336,4712806.360000006,5703,0,Tlaxcala
2026,29,W16,536,536,975502.8299999998,496,0,Tlaxcala
2026,29,W23,130,130,342898.05999999994,113,0,Tlaxcala
2026,29,W19,337,337,730423.3399999999,311,0,Tlaxcala
2026,9,W15,40517,40517,68944574.66000006,36761,0,Ciudad de México
2026,9,,2324,0,0.0,2324,1461324,Ciudad de México
2026,3,W4,56973,56973,22996016.780000005,34833,0,Baja California Sur
2026,3,W7,11065,11065,8390671.780000003,7604,0,Baja California Sur
2026,17,W20,598,598,1367868.79,565,0,Morelos
2026,17,W21,439,439,1054214.0799999996,409,0,Morelos
2026,17,W16,1210,1210,2203602.169999999,1135,0,Morelos
2026,18,,1590,0,0.0,1590,76391,Nayarit
2026,18,W7,7940,7940,6010079.9299999885,5805,0,Nayarit
2026,18,W10,2745,2745,3047891.970000005,2236,0,Nayarit
2026,18,W12,1384,1384,1863260.790000001,1129,0,Nayarit
2026,18,W11,1892,1892,2331103.190000004,1530,0,Nayarit
2026,18,W21,213,213,512668.59000000026,177,0,Nayarit
2026,4,W3,39058,39058,13039040.140000453,33253,0,Campeche
2026,4,W5,13360,13360,6974800.4600000065,10716,0,Campeche
2026,4,W13,1746,1746,2553992.0799999996,1340,0,Campeche
2026,4,W9,4195,4195,4175853.279999997,3514,0,Campeche
2026,4,W12,2318,2318,3116506.0700000036,1776,0,Campeche
2026,4,W25,3715,3715,10873767.680000003,3206,0,Campeche
2026,4,W22,437,437,1101916.7200000002,362,0,Campeche
2026,4,W24,339,339,934647.8400000009,291,0,Campeche
2026,4,W19,809,809,1756777.6300000008,660,0,Campeche
2026,5,W21,2449,2449,5888198.540000001,2322,0,Coahuila de Zaragoza
2026,5,W7,55822,55822,42349942.54999997,50879,0,Coahuila de Zaragoza
2026,5,W15,7111,7111,12074486.939999994,6632,0,Coahuila de Zaragoza
2026,5,W16,5929,5929,10779429.879999995,5556,0,Coahuila de Zaragoza
2026,5,W18,4232,4232,8683358.330000004,3984,0,Coahuila de Zaragoza
2026,25,W9,11991,11991,11939761.4,10956,0,Sinaloa
2026,6,W3,57301,57301,19118001.98000118,50652,0,Colima
2026,6,W7,7854,7854,5960107.519999996,6572,0,Colima
2026,6,W11,3065,3065,3781695.1800000044,2609,0,Colima
2026,7,W7,10498,10498,7968918.8899999885,9435,0,Chiapas
2026,22,W23,2081,2081,5490436.690000003,1907,0,Querétaro
2026,31,W15,1743,1743,2963174.300000006,1587,0,Yucatán
2026,31,W14,2532,2532,4010177.320000004,2193,0,Yucatán
2026,31,W16,1494,1494,2712303.0700000026,1339,0,Yucatán
2026,31,W1,7892,7892,2486259.44000001,7868,0,Yucatán
2026,32,W6,15223,15223,9760643.339999955,11664,0,Zacatecas
2026,32,W23,334,334,882102.7599999994,312,0,Zacatecas
2026,8,W9,30324,30324,30166729.73999998,28271,0,Chihuahua
2026,8,W14,8759,8759,13864369.39000001,7905,0,Chihuahua
2026,8,W24,1918,1918,5282781.460000001,1856,0,Chihuahua
2026,27,W11,2839,2839,3489097.070000002,2480,0,Tabasco
2026,27,W12,2248,2248,3029303.68,1881,0,Tabasco
2026,27,W1,2349,2349,740028.9599999993,2327,0,Tabasco
2026,27,W21,562,562,1352050.9000000006,516,0,Tabasco
2026,27,W24,356,356,982031.03,319,0,Tabasco
2026,1,W15,2776,2776,4716163.019999999,2647,0,Aguascalientes
2026,1,W17,2412,2412,4658507.360000006,2334,0,Aguascalientes
2026,1,W19,1207,1207,2615795.1900000013,1153,0,Aguascalientes
2026,10,W3,97916,97916,32672130.71000187,91972,0,Durango
2026,10,W7,10726,10726,8154046.990000006,9682,0,Durango
2026,10,W13,2032,2032,2970175.000000002,1818,0,Durango
2026,10,W11,2945,2945,3617153.5499999956,2606,0,Durango
2026,11,,12,0,0.0,12,277381,Guanajuato
2026,11,W24,1367,1367,3763971.6400000006,1280,0,Guanajuato
2026,14,W6,158003,158003,101458970.75000003,138330,0,Jalisco
2026,14,W25,42967,42967,125696483.54999997,40807,0,Jalisco
2026,14,W16,12694,12694,23087325.249999993,11808,0,Jalisco
2026,15,W10,36649,36649,40734442.010000005,32069,0,Estado México
2026,15,W11,27492,27492,33780519.060000025,24174,0,Estado México
2026,15,W24,3690,3690,10162294.709999999,3455,0,Estado México
2026,16,W5,52699,52699,27680029.880000036,44949,0,Michoacán de Ocampo
2026,16,W7,20703,20703,15700279.270000013,18097,0,Michoacán de Ocampo
2026,16,W23,461,461,1214025.93,425,0,Michoacán de Ocampo
2026,16,W15,2559,2559,4347734.080000002,2276,0,Michoacán de Ocampo
2026,20,W4,54316,54316,21667218.08999996,42540,0,Oaxaca
2026,21,W9,13923,13923,13868132.700000016,12205,0,Puebla
2026,21,W11,9750,9750,12022651.790000005,8176,0,Puebla
2026,26,W6,59383,59383,37982266.75,53803,0,Sonora
2026,26,W7,33351,33351,25251281.059999995,29589,0,Sonora
2026,26,W10,12183,12183,13543498.660000004,10879,0,Sonora
2026,26,W18,2576,2576,5279987.3100000005,2353,0,Sonora
2026,12,W14,1388,1388,2198285.0400000005,1029,0,Guerrero
2026,12,W18,770,770,1580163.2100000011,673,0,Guerrero
2026,12,W16,699,699,1268276.2799999998,582,0,Guerrero
2026,13,W18,1065,1065,2183107.8100000015,946,0,Hidalgo
2026,19,W1,26414,26414,8321466.56000004,26315,0,Nuevo León
2026,23,W3,160026,160026,53399056.01000154,131328,0,Quintana Roo
2026,23,W4,127005,127005,51117561.84999996,86685,0,Quintana Roo
2026,23,W9,13507,13507,13428029.25000003,9496,0,Quintana Roo
2026,24,W7,41217,41217,31742642.970000017,37161,0,San Luis Potosí
2026,28,W25,8729,8729,25534020.09999999,8301,0,Tamaulipas
2026,28,W12,9222,9222,12426450.370000027,8485,0,Tamaulipas
2026,28,W20,1961,1961,4478964.759999998,1855,0,Tamaulipas
2026,30,W5,76333,76333,39700255.80000003,65987,0,Veracruz de Ignacio de la Llave
2026,30,W19,3062,3062,6631153.9,2789,0,Veracruz de Ignacio de la Llave
2026,30,W17,4520,4520,8736402.479999997,4147,0,Veracruz de Ignacio de la Llave
2026,29,W8,4086,4086,3575190.740000002,3522,0,Tlaxcala
2026,29,W17,553,553,1068239.8599999999,524,0,Tlaxcala
2026,29,W1,3213,3213,1012223.5200000008,3206,0,Tlaxcala
2026,9,W4,679346,679346,273015060.11000013,546029,0,Ciudad de México
2026,9,W18,29902,29902,61333828.18000003,27716,0,Ciudad de México
2026,9,W22,17241,17241,43498889.42999999,16144,0,Ciudad de México
2026,3,W9,6249,6249,6214268.310000006,4347,0,Baja California Sur
2026,3,W19,846,846,1837220.0300000003,618,0,Baja California Sur
2026,17,W7,10093,10093,7645397.9699999895,8836,0,Morelos
2026,18,W22,179,179,450738.8499999998,143,0,Nayarit
2026,18,W18,536,536,1098769.7000000004,460,0,Nayarit
2026,4,W1,1090,1090,343393.5999999992,1073,0,Campeche
2026,4,W21,425,425,1020917.5900000001,358,0,Campeche
2026,5,W20,2870,2870,6558092.789999997,2705,0,Coahuila de Zaragoza
2026,5,W8,37337,37337,32712455.240000024,33663,0,Coahuila de Zaragoza
2026,25,W7,22894,22894,17408440.539999977,20574,0,Sinaloa
2026,25,W8,15654,15654,13709329.070000011,14130,0,Sinaloa
2026,25,W21,813,813,1952696.1700000006,751,0,Sinaloa
2026,25,W1,20325,20325,6403188.000000036,20248,0,Sinaloa
2026,6,W25,1429,1429,4177035.64,1136,0,Colima
2026,6,,1227,0,0.0,1227,51459,Colima
2026,6,W23,217,217,572263.44,174,0,Colima
2026,22,W13,9626,9626,14097579.480000006,8369,0,Querétaro
2026,22,W14,8391,8391,13279262.379999978,7120,0,Querétaro
2026,22,W16,5973,5973,10840944.890000004,5258,0,Querétaro
2026,22,W24,1937,1937,5334622.4499999955,1776,0,Querétaro
2026,22,W1,9628,9628,3033205.1200000253,9477,0,Querétaro
2026,31,W8,10842,10842,9499407.979999997,9737,0,Yucatán
2026,31,W18,1713,1713,3515391.580000003,1631,0,Yucatán
2026,8,W3,141043,141043,47015948.660002634,127848,0,Chihuahua
2026,8,W12,13500,13500,18168343.470000014,12594,0,Chihuahua
2026,8,W10,22660,22660,25183511.980000008,21070,0,Chihuahua
2026,8,W11,17775,17775,21855685.88,16623,0,Chihuahua
2026,8,W20,3099,3099,7088630.060000002,2977,0,Chihuahua
2026,8,W21,2897,2897,6962194.349999999,2805,0,Chihuahua
2026,8,W1,14422,14422,4543506.880000028,14378,0,Chihuahua
2026,1,W4,76685,76685,30959417.690000094,69386,0,Aguascalientes
2026,1,W16,2294,2294,4171986.030000004,2196,0,Aguascalientes
2026,2,W6,160329,160329,102813826.39999974,151866,0,Baja California
2026,2,W5,383087,383087,197304058.81999964,348696,0,Baja California
2026,2,W8,50657,50657,44362923.92999998,46740,0,Baja California
2026,2,W23,2931,2931,7731552.62,2712,0,Baja California
2026,2,W11,18842,18842,23172927.189999964,17362,0,Baja California
2026,10,W24,269,269,740384.3199999998,256,0,Durango
2026,11,W8,37310,37310,32742217.199999984,32893,0,Guanajuato
2026,14,W10,49087,49087,54571222.37000002,44930,0,Jalisco
2026,14,W9,61741,61741,61405359.51999998,55800,0,Jalisco
2026,14,,10573,0,0.0,10573,621380,Jalisco
2026,14,W19,7619,7619,16523239.76,7146,0,Jalisco
2026,15,W15,12188,12188,20741484.929999992,11108,0,Estado México
2026,15,W16,10948,10948,19919572.799999986,10055,0,Estado México
2026,16,W6,30456,30456,19549208.459999993,25957,0,Michoacán de Ocampo
2026,16,W18,1848,1848,3777244.520000001,1698,0,Michoacán de Ocampo
2026,20,W9,5608,5608,5587751.279999998,4835,0,Oaxaca
2026,20,W22,241,241,607950.6500000001,228,0,Oaxaca
2026,20,,2673,0,0.0,2673,176787,Oaxaca
2026,21,W12,7146,7146,9625308.52,6231,0,Puebla
2026,21,W17,3039,3039,5875827.749999999,2775,0,Puebla
2026,26,W8,22318,22318,19562617.090000033,19844,0,Sonora
2026,26,W16,3225,3225,5857832.579999995,2890,0,Sonora
2026,26,W3,159005,159005,52957106.86000322,141586,0,Sonora
2026,12,W9,3381,3381,3364937.849999996,2816,0,Guerrero
2026,12,W17,770,770,1491341.8400000003,665,0,Guerrero
2026,13,W3,100919,100919,33717567.74000271,85494,0,Hidalgo
2026,13,W20,623,623,1423799.7199999997,547,0,Hidalgo
2026,19,W21,7271,7271,17478369.27999999,6905,0,Nuevo León
2026,19,W15,17606,17606,29922552.580000013,16405,0,Nuevo León
2026,23,W7,29380,29380,22303535.42999998,19610,0,Quintana Roo
2026,23,W11,7217,7217,8863577.029999992,5316,0,Quintana Roo
2026,23,,677,0,0.0,677,105452,Quintana Roo
2026,28,W4,137930,137930,60528314.73000199,124054,0,Tamaulipas
2026,28,W8,36570,36570,32016868.41000002,33659,0,Tamaulipas
2026,28,W15,4325,4325,7346918.109999998,4044,0,Tamaulipas
2026,28,W22,1343,1343,3385691.1299999994,1282,0,Tamaulipas
2026,30,W3,231128,231128,77192407.70000637,194394,0,Veracruz de Ignacio de la Llave
2026,30,W14,6906,6906,10913540.63999998,5780,0,Veracruz de Ignacio de la Llave
2026,30,W13,9280,9280,13607483.829999994,7976,0,Veracruz de Ignacio de la Llave
2026,29,W3,34524,34524,11580392.020000082,27887,0,Tlaxcala
2026,29,W9,2402,2402,2389162.1699999995,2064,0,Tlaxcala
2026,29,W14,654,654,1037864.0300000011,538,0,Tlaxcala
2026,29,W13,756,756,1105144.4699999997,684,0,Tlaxcala
2026,29,W22,148,148,372536.6199999999,134,0,Tlaxcala
2026,9,W12,64502,64502,86942714.33999994,58334,0,Ciudad de México
2026,9,W23,15242,15242,40195578.73,14391,0,Ciudad de México
2026,9,W19,24446,24446,53015326.88000003,22673,0,Ciudad de México
2026,3,W21,843,843,2025432.6199999999,705,0,Baja California Sur
2026,3,W18,1030,1030,2110518.5500000003,763,0,Baja California Sur
2026,17,W5,22706,22706,11841327.440000009,20009,0,Morelos
2026,17,W8,7426,7426,6501876.320000002,6226,0,Morelos
2026,17,W9,5369,5369,5346683.069999997,4745,0,Morelos
2026,17,W17,1229,1229,2370220.579999999,1158,0,Morelos
2026,18,W5,19835,19835,10361781.229999997,13805,0,Nayarit
2026,18,W17,829,829,1598403.2500000002,753,0,Nayarit
2026,4,,457,0,0.0,457,59066,Campeche
2026,4,W6,10379,10379,6707443.490000003,8804,0,Campeche
2026,4,W16,850,850,1544039.0199999998,679,0,Campeche
2026,5,W25,14189,14189,41486310.12000001,13508,0,Coahuila de Zaragoza
2026,5,W12,12734,12734,17154606.58,11712,0,Coahuila de Zaragoza
2026,25,W3,204974,204974,68403776.5600023,188312,0,Sinaloa
2026,25,W5,60001,60001,31250928.96999997,51519,0,Sinaloa
2026,25,W12,4641,4641,6254921.519999995,4208,0,Sinaloa
2026,25,W16,2262,2262,4119409.3500000006,2130,0,Sinaloa
2026,25,W24,559,559,1537380.9499999988,526,0,Sinaloa
2026,6,W10,3451,3451,3830313.2500000014,3090,0,Colima
2026,6,W24,197,197,542066.81,157,0,Colima
2026,6,W21,313,313,752608.2500000002,263,0,Colima
2026,7,W16,1118,1118,2034994.5200000014,993,0,Chiapas
2026,7,W9,7416,7416,7352966.169999994,6621,0,Chiapas
2026,7,W14,2225,2225,3520936.769999999,1768,0,Chiapas
2026,22,W5,89820,89820,46961155.400000006,73898,0,Querétaro
2026,31,W7,15568,15568,11793961.549999965,14126,0,Yucatán
2026,31,W13,2662,2662,3902598.7699999996,2417,0,Yucatán
2026,31,W24,422,422,1162942.58,401,0,Yucatán
2026,32,W4,43178,43178,17266833.989999965,36151,0,Zacatecas
2026,32,W9,5593,5593,5559348.329999992,4610,0,Zacatecas
2026,32,W24,391,391,1077627.0999999999,365,0,Zacatecas
2026,8,W4,185711,185711,80016039.55000198,172500,0,Chihuahua
2026,8,W5,219692,219692,115239989.82000005,205721,0,Chihuahua
2026,27,W23,361,361,952457.4400000002,323,0,Tabasco
2026,27,W25,3344,3344,9784430.57,3187,0,Tabasco
2026,27,W22,451,451,1137974.08,420,0,Tabasco
2026,27,,2890,0,0.0,2890,170300,Tabasco
2026,28,W11,12280,12280,15078541.270000005,11262,0,Tamaulipas
2026,1,W6,28401,28401,18235830.3800001,26567,0,Aguascalientes
2026,2,W13,11035,11035,16151323.01000001,10252,0,Baja California
2026,2,W18,5149,5149,10557391.969999995,4821,0,Baja California
2026,10,W25,2570,2570,7518152.120000003,2486,0,Durango
2026,11,W23,1584,1584,4179148.3499999996,1458,0,Guanajuato
2026,11,W14,8042,8042,12725047.020000003,7124,0,Guanajuato
2026,11,W16,5478,5478,9967637.170000002,5111,0,Guanajuato
2026,11,W17,5117,5117,9892705.849999998,4794,0,Guanajuato
2026,14,W3,612069,612069,204563585.45000902,554896,0,Jalisco
2026,14,W1,36080,36080,11214433.48000006,35945,0,Jalisco
2026,14,W8,82304,82304,72103832.6700001,72894,0,Jalisco
2026,14,W13,23056,23056,33727821.25000003,21142,0,Jalisco
2026,15,W25,32277,32277,94419232.24000001,30316,0,Estado México
2026,15,W22,4511,4511,11369445.549999999,4222,0,Estado México
2026,16,W22,741,741,1864817.1600000008,577,0,Michoacán de Ocampo
2026,16,W14,3368,3368,5327907.470000001,2754,0,Michoacán de Ocampo
2026,20,W8,10474,10474,9199816.410000008,9029,0,Oaxaca
2026,20,W10,4529,4529,5046693.299999998,3998,0,Oaxaca
2026,12,W20,419,419,955710.56,365,0,Guerrero
2026,13,W17,1645,1645,3178500.210000001,1486,0,Hidalgo
2026,13,W24,340,340,936881.1,296,0,Hidalgo
2026,19,W5,252307,252307,132045299.41999993,224487,0,Nuevo León
2026,19,W6,177039,177039,113736711.49000001,159317,0,Nuevo León
2026,19,W14,22422,22422,35464799.50999997,20312,0,Nuevo León
2026,19,W11,42767,42767,52611215.769999966,39146,0,Nuevo León
2026,19,W20,8908,8908,20376661.630000006,8464,0,Nuevo León
2026,19,W16,15328,15328,27836210.14,14308,0,Nuevo León
2026,19,W19,9880,9880,21423689.360000003,9324,0,Nuevo León
2026,23,W6,43061,43061,27602411.139999975,28644,0,Quintana Roo
2026,23,W13,4264,4264,6241774.620000007,3094,0,Quintana Roo
2026,23,W12,5367,5367,7228795.489999996,3893,0,Quintana Roo
2026,23,W16,1984,1984,3599076.040000003,1493,0,Quintana Roo
2026,24,W8,22238,22238,19508599.03000004,19531,0,San Luis Potosí
2026,24,W15,3660,3660,6215879.520000001,3309,0,San Luis Potosí
2026,28,W3,81127,81127,27047460.05000137,68915,0,Tamaulipas
2026,28,W17,3275,3275,6340219.589999998,3109,0,Tamaulipas
2026,28,,910,0,0.0,910,184748,Tamaulipas
2026,30,W6,49082,49082,31522297.90999995,41390,0,Veracruz de Ignacio de la Llave
2026,30,W11,20139,20139,24760537.789999977,17937,0,Veracruz de Ignacio de la Llave
2026,30,W12,12639,12639,16950399.659999996,11047,0,Veracruz de Ignacio de la Llave
2026,29,,1,0,0.0,1,85505,Tlaxcala
2026,29,W5,14704,14704,7641764.99,11335,0,Tlaxcala
2026,29,W10,1855,1855,2061274.240000002,1638,0,Tlaxcala
2026,29,W21,151,151,361922.75,136,0,Tlaxcala
2026,9,W9,111085,111085,110661598.20999998,95630,0,Ciudad de México
2026,9,W20,21098,21098,48227687.71000001,19625,0,Ciudad de México
2026,3,W3,65295,65295,21777195.790000267,54048,0,Baja California Sur
2026,3,W10,4925,4925,5468714.939999993,3517,0,Baja California Sur
2026,3,W23,435,435,1147510.6199999996,356,0,Baja California Sur
2026,17,,3877,0,0.0,3877,104750,Morelos
2026,4,W11,3265,3265,4029524.009999999,2730,0,Campeche
2026,5,W9,30977,30977,30859719.059999976,28758,0,Coahuila de Zaragoza
2026,5,W24,1624,1624,4472521.400000001,1532,0,Coahuila de Zaragoza
2026,5,W23,1717,1717,4525577.709999995,1606,0,Coahuila de Zaragoza
2026,25,W14,3063,3063,4845903.5799999945,2650,0,Sinaloa
2026,25,W22,736,736,1854309.1400000001,682,0,Sinaloa
2026,6,W15,1155,1155,1959162.4900000012,1009,0,Colima
2026,6,W22,226,226,569238.3500000002,192,0,Colima
2026,7,W4,68182,68182,27292111.920000166,59938,0,Chiapas
2026,7,W22,417,417,1049214.5999999999,389,0,Chiapas
2026,7,W19,830,830,1798998.3699999996,758,0,Chiapas
2026,7,W11,4056,4056,4970560.790000002,3432,0,Chiapas
2026,7,W13,2478,2478,3633006.989999996,2181,0,Chiapas
2026,7,W24,305,305,841092.25,290,0,Chiapas
2026,7,W20,593,593,1356025.65,545,0,Chiapas
2026,22,W7,44106,44106,33495060.66000001,36793,0,Querétaro
2026,22,W8,34709,34709,30460279.280000016,29101,0,Querétaro
2026,22,W17,5433,5433,10511102.270000003,4931,0,Querétaro
2026,22,W18,4661,4661,9558961.78,4172,0,Querétaro
2026,31,W3,143528,143528,47826137.1400019,130103,0,Yucatán
2026,32,W3,58026,58026,19356139.100002043,50471,0,Zacatecas
2026,32,W8,8823,8823,7726533.029999995,6880,0,Zacatecas
2026,8,W15,6763,6763,11494417.029999997,6384,0,Chihuahua
2026,8,W25,15070,15070,44083131.719999984,14581,0,Chihuahua
2026,8,W23,2213,2213,5833259.459999997,2148,0,Chihuahua
2026,27,W20,726,726,1656739.65,671,0,Tabasco
2026,27,W18,748,748,1533930.4799999995,684,0,Tabasco
2026,1,W1,8667,8667,2699194.050000021,8609,0,Aguascalientes
2026,1,W14,3459,3459,5467463.949999997,3224,0,Aguascalientes
2026,2,W20,3865,3865,8842759.740000006,3502,0,Baja California
2026,10,W6,15988,15988,10237541.139999993,14568,0,Durango
2026,10,W23,317,317,834767.8799999999,292,0,Durango
2026,11,W7,55890,55890,42371183.04999986,49414,0,Guanajuato
2026,11,W11,16738,16738,20541810.259999983,15105,0,Guanajuato
2026,11,W25,14427,14427,42215913.91000001,13461,0,Guanajuato
2026,11,W15,6120,6120,10397000.350000009,5572,0,Guanajuato
2026,11,W20,2653,2653,6060483.739999999,2486,0,Guanajuato
2026,14,W4,457185,457185,183980825.6500006,382359,0,Jalisco
2026,14,W12,29120,29120,39185189.76999999,26841,0,Jalisco
2026,15,W19,6771,6771,14672468.449999996,6283,0,Estado México
2026,16,W3,178983,178983,59670892.92000595,154388,0,Michoacán de Ocampo
2026,16,W8,15126,15126,13247520.710000012,12777,0,Michoacán de Ocampo
2026,16,W11,5793,5793,7137655.180000003,4963,0,Michoacán de Ocampo
2026,20,W5,21510,21510,11292166.52999999,17630,0,Oaxaca
2026,20,W16,844,844,1535389.03,748,0,Oaxaca
2026,21,W5,71418,71418,37175610.68999998,61559,0,Puebla
2026,21,W25,11091,11091,32463572.979999997,10042,0,Puebla
2026,21,W14,4926,4926,7817558.840000004,4066,0,Puebla
2026,21,W16,3351,3351,6091845.129999997,3030,0,Puebla
2026,21,W23,974,974,2569760.98,863,0,Puebla
2026,26,W20,2261,2261,5172261.8999999985,2079,0,Sonora
2026,12,W4,40747,40747,16282374.939999977,31469,0,Guerrero
2026,13,W1,8720,8720,2747148.800000028,8683,0,Hidalgo
2026,13,W15,1438,1438,2439195.210000001,1223,0,Hidalgo
2026,13,W21,469,469,1126550.42,402,0,Hidalgo
2026,19,W7,130788,130788,99181389.69999994,118081,0,Nuevo León
2026,19,W13,29127,29127,42589210.19,26933,0,Nuevo León
2026,23,W1,4101,4101,1291979.0400000021,4070,0,Quintana Roo
2026,23,W17,1777,1777,3437589.969999995,1396,0,Quintana Roo
2026,24,W10,12195,12195,13537604.930000015,10732,0,San Luis Potosí
2026,24,W24,1056,1056,2907826.96,958,0,San Luis Potosí
2026,24,W23,1116,1116,2940602.739999999,1011,0,San Luis Potosí
2026,24,W22,1360,1360,3427806.0600000042,1214,0,San Luis Potosí
2026,28,W5,130679,130679,69018432.92999971,120916,0,Tamaulipas
2026,28,W18,2877,2877,5902695.379999999,2744,0,Tamaulipas
2026,30,W7,36543,36543,27821372.549999945,31154,0,Veracruz de Ignacio de la Llave
2026,30,W24,1316,1316,3622971.1400000015,1236,0,Veracruz de Ignacio de la Llave
2026,29,W24,126,126,348155.76,118,0,Tlaxcala
2026,29,W20,232,232,528707.69,208,0,Tlaxcala
2026,3,W17,1206,1206,2335974.05,879,0,Baja California Sur
2026,3,W25,3605,3605,10543208.57,2805,0,Baja California Sur
2026,3,W16,1536,1536,2791276.3600000003,1066,0,Baja California Sur
2026,17,W3,64866,64866,21684230.020001512,57095,0,Morelos
2026,17,W10,3909,3909,4343208.219999993,3466,0,Morelos
2026,17,W14,1634,1634,2591395.750000001,1293,0,Morelos
2026,18,W9,3822,3822,3805535.7200000025,3013,0,Nayarit
2026,4,W4,30437,30437,12170350.550000004,24771,0,Campeche
2026,4,W17,755,755,1459581.4099999976,613,0,Campeche
2026,4,W14,1694,1694,2673812.429999998,1333,0,Campeche
2026,5,W10,22196,22196,24646192.669999972,20529,0,Coahuila de Zaragoza
2026,5,W1,9639,9639,3036670.56000002,9591,0,Coahuila de Zaragoza
2026,25,,24,0,0.0,24,230170,Sinaloa
2026,25,W18,1723,1723,3530575.6099999985,1639,0,Sinaloa
2026,6,W18,634,634,1301272.8199999996,526,0,Colima
2026,7,W15,1405,1405,2383951.0300000003,1231,0,Chiapas
2026,7,W1,15609,15609,4682861.430000027,15564,0,Chiapas
2026,22,W25,21126,21126,61825232.76999997,19621,0,Querétaro
2026,22,W3,180771,180771,60417312.83000134,154190,0,Querétaro
2026,31,W5,101764,101764,54638602.00000012,98056,0,Yucatán
2026,31,W9,7870,7870,7833961.639999995,7095,0,Yucatán
2026,31,W20,894,894,2040709.2600000019,847,0,Yucatán
2026,31,W22,532,532,1341237.7899999993,499,0,Yucatán
2026,31,W23,417,417,1098748.7099999995,396,0,Yucatán
2026,32,W19,623,623,1348862.6899999992,553,0,Zacatecas
2026,27,W7,7448,7448,5657882.550000001,6136,0,Tabasco
2026,27,W8,6082,6082,5342026.380000003,4916,0,Tabasco
2026,27,W5,19366,19366,10059022.090000015,15647,0,Tabasco
2026,21,W4,164925,164925,66143136.00000021,137352,0,Puebla
2026,1,W25,5522,5522,16150528.629999995,5365,0,Aguascalientes
2026,10,W8,7736,7736,6770944.159999998,6835,0,Durango
2026,10,W10,3837,3837,4263565.91,3430,0,Durango
2026,10,W16,1053,1053,1920430.8400000012,963,0,Durango
2026,11,W3,370269,370269,123573707.4700054,340620,0,Guanajuato
2026,11,W22,1727,1727,4353810.5699999975,1590,0,Guanajuato
2026,11,W19,3864,3864,8375445.3100000005,3666,0,Guanajuato
2026,15,W14,14646,14646,23164707.12999999,12417,0,Estado México
2026,15,,32,0,0.0,32,964695,Estado México
2026,16,W19,1199,1199,2598655.0500000007,1095,0,Michoacán de Ocampo
2026,16,W21,852,852,2048167.499999999,709,0,Michoacán de Ocampo
2026,20,W7,10868,10868,8293501.119999995,8857,0,Oaxaca
2026,20,W13,2055,2055,3008603.8,1814,0,Oaxaca
2026,20,W21,336,336,808483.9100000001,321,0,Oaxaca
2026,21,W19,2161,2161,4678597.270000003,1957,0,Puebla
2026,21,W13,6578,6578,9593895.37,5814,0,Puebla
2026,2,W1,21,21,6615.84,21,0,Baja California
2026,26,W24,1181,1181,3251264.5299999993,1105,0,Sonora
2026,26,W14,5418,5418,8571749.730000004,4703,0,Sonora
2026,26,W21,1910,1910,4585011.5600000005,1717,0,Sonora
2026,12,W3,54054,54054,18027313.250001147,46056,0,Guerrero
2026,12,W5,15181,15181,7902982.9100000085,11619,0,Guerrero
2026,12,W22,230,230,579181.1500000001,196,0,Guerrero
2026,13,W9,7615,7615,7574135.960000013,5911,0,Hidalgo
2026,13,W11,4328,4328,5320591.659999997,3636,0,Hidalgo
2026,23,W22,806,806,2028870.1099999987,617,0,Quintana Roo
2026,24,W3,118648,118648,39701465.19000222,100645,0,San Luis Potosí
2026,24,,5261,0,0.0,5261,150824,San Luis Potosí
2026,24,W6,39846,39846,25614721.22000001,32532,0,San Luis Potosí
2026,28,W23,1195,1195,3149702.96,1146,0,Tamaulipas
2026,28,W21,1585,1585,3808601.770000002,1508,0,Tamaulipas
2026,30,W4,162307,162307,64723849.79000018,136808,0,Veracruz de Ignacio de la Llave
2026,30,W9,25562,25562,25456180.579999976,21552,0,Veracruz de Ignacio de la Llave
2026,29,W7,5744,5744,4348545.470000007,4805,0,Tlaxcala
2026,9,W7,177114,177114,134264352.71999997,144300,0,Ciudad de México
2026,9,W3,1060156,1060156,354293013.04999703,911294,0,Ciudad de México
2026,3,,1,0,0.0,1,56235,Baja California Sur
2026,3,W14,2061,2061,3264845.4299999964,1439,0,Baja California Sur
2026,3,W20,840,840,1915509.0700000008,639,0,Baja California Sur
2026,17,W6,16663,16663,10679354.780000012,14916,0,Morelos
2026,17,W11,2693,2693,3307856.820000005,2382,0,Morelos
2026,17,W25,2245,2245,6565448.890000001,2132,0,Morelos
2026,17,W24,325,325,895101.2500000002,304,0,Morelos
2026,17,W23,313,313,825340.9499999997,294,0,Morelos
2026,18,W25,1188,1188,3476488.0200000014,957,0,Nayarit
2026,18,W15,672,672,1139160.5299999998,546,0,Nayarit
2026,18,W23,134,134,352670.7999999998,110,0,Nayarit
2026,4,W8,3953,3953,3467327.7099999976,3095,0,Campeche
2026,4,W10,3360,3360,3717923.7700000037,2572,0,Campeche
2026,4,W23,454,454,1198089.0299999998,334,0,Campeche
2026,25,W15,2529,2529,4296397.910000005,2324,0,Sinaloa
2026,25,W11,5747,5747,7064668.750000003,5221,0,Sinaloa
2026,6,W14,1493,1493,2361218.01,1221,0,Colima
2026,6,W12,2459,2459,3308999.129999998,2083,0,Colima
2026,7,W23,391,391,1030578.6399999997,367,0,Chiapas
2026,7,W8,8375,8375,7352627.7599999895,7135,0,Chiapas
2026,22,W9,25625,25625,25480356.280000057,21695,0,Querétaro
2026,22,W15,6993,6993,11885928.989999989,6091,0,Querétaro
2026,22,W19,3822,3822,8287417.0399999935,3449,0,Querétaro
2026,22,W21,2672,2672,6423978.789999998,2446,0,Querétaro
2026,22,,234,0,0.0,234,168699,Querétaro
2026,31,W19,1202,1202,2606685.5100000002,1121,0,Yucatán
2026,32,W16,1306,1306,2389912.5100000007,1163,0,Zacatecas
2026,32,W21,465,465,1119431.109999999,414,0,Zacatecas
2026,32,W22,310,310,781474.7100000002,276,0,Zacatecas
2026,8,W13,10755,10755,15753766.420000007,10073,0,Chihuahua
2026,27,W15,1202,1202,2040951.069999999,1073,0,Tabasco
2026,27,W16,1014,1014,1838694.109999999,865,0,Tabasco
2026,1,W5,43437,43437,22728591.49000007,40011,0,Aguascalientes
2026,1,W8,17106,17106,15019797.370000025,16132,0,Aguascalientes
2026,1,W11,7401,7401,9082014.31000001,7084,0,Aguascalientes
2026,1,W10,9018,9018,10000634.490000028,8610,0,Aguascalientes
2026,2,W25,22433,22433,65635440.45,21139,0,Baja California
2026,2,W16,6367,6367,11573191.539999997,5904,0,Baja California
2026,10,W5,30101,30101,15680280.499999994,27271,0,Durango
2026,10,W14,1585,1585,2508486.8600000003,1358,0,Durango
2026,10,W18,919,919,1884220.1400000004,856,0,Durango
2026,10,W20,485,485,1107465.12,456,0,Durango
2026,11,W21,2180,2180,5238878.1499999985,2037,0,Guanajuato
2026,11,W13,10413,10413,15244984.52999999,9481,0,Guanajuato
2026,14,W14,19239,19239,30465894.04000005,16777,0,Jalisco
2026,14,W21,5756,5756,13843173.229999997,5379,0,Jalisco
2026,15,W12,21613,21613,29102412.480000027,19158,0,Estado México
2026,16,W1,14084,14084,4437023.3600000385,13891,0,Michoacán de Ocampo
2026,16,W17,2413,2413,4660758.42,2207,0,Michoacán de Ocampo
2026,20,W3,99998,99998,33330635.400001585,91085,0,Oaxaca
2026,20,W11,3476,3476,4279001.740000001,3011,0,Oaxaca
2026,20,W19,649,649,1405589.7,596,0,Oaxaca
2026,13,W25,2290,2290,6693864.89,2027,0,Hidalgo
2026,26,,4,0,0.0,4,209836,Sonora
2026,26,W5,106233,106233,55312020.94000005,93976,0,Sonora
2026,26,W22,1589,1589,4004189.909999999,1471,0,Sonora
2026,12,W11,2245,2245,2759447.079999998,1803,0,Guerrero
2026,12,W25,962,962,2813216.7000000007,868,0,Guerrero
2026,12,W13,1459,1459,2138597.0500000017,1129,0,Guerrero
2026,12,W21,252,252,604064.0499999999,210,0,Guerrero
2026,13,W6,18246,18246,11692003.89999999,14273,0,Hidalgo
2026,13,W5,32334,32334,16827384.690000005,25229,0,Hidalgo
2026,13,W7,13031,13031,9902536.290000036,9699,0,Hidalgo
2026,13,W16,1400,1400,2550932.3099999963,1207,0,Hidalgo
2026,13,W22,444,444,1117538.6599999997,370,0,Hidalgo
2026,19,W8,96009,96009,84118527.81999996,86798,0,Nuevo León
2026,19,,85,0,0.0,85,178492,Nuevo León
2026,24,W5,76062,76062,39131480.74999997,65114,0,San Luis Potosí
2026,24,W12,8441,8441,11372158.939999988,7568,0,San Luis Potosí
2026,28,W10,17307,17307,19222316.20999997,15919,0,Tamaulipas
2026,28,W1,5834,5834,1837907.1200000073,5820,0,Tamaulipas
2026,30,W22,1637,1637,4123028.4299999997,1512,0,Veracruz de Ignacio de la Llave
2026,30,W21,1971,1971,4736087.8999999985,1831,0,Veracruz de Ignacio de la Llave
2026,30,W18,3752,3752,7694713.499999997,3437,0,Veracruz de Ignacio de la Llave
2026,30,W23,1302,1302,3430286.979999999,1221,0,Veracruz de Ignacio de la Llave
2026,5,W4,177416,177416,73629928.85000029,160067,0,Coahuila de Zaragoza
2026,29,W18,389,389,798350.47,357,0,Tlaxcala
2026,29,W25,947,947,2770114.6900000004,844,0,Tlaxcala
2026,29,W15,597,597,1014116.7799999997,538,0,Tlaxcala
2026,9,W6,255574,255574,164319412.9699994,210369,0,Ciudad de México
2026,9,W5,433278,433278,224425810.98999983,346575,0,Ciudad de México
2026,9,W14,47550,47550,75230066.54000011,42250,0,Ciudad de México
2026,3,W5,26411,26411,13783118.770000003,18092,0,Baja California Sur
2026,3,W11,3861,3861,4745939.459999996,2815,0,Baja California Sur
2026,3,W12,3327,3327,4477900.300000001,2483,0,Baja California Sur
2026,3,W13,2427,2427,3555991.01,1781,0,Baja California Sur
2026,3,W22,640,640,1610685.4200000004,532,0,Baja California Sur
2026,17,W4,53834,53834,21571934.000000052,45887,0,Morelos
2026,18,W3,62414,62414,20826176.42000133,51533,0,Nayarit
2026,18,W1,10019,10019,3136430.2400000133,9818,0,Nayarit
2026,18,W13,1089,1089,1595627.8100000005,852,0,Nayarit
2026,5,W14,8665,8665,13722994.240000006,7852,0,Coahuila de Zaragoza
2026,5,W22,2068,2068,5213450.529999999,1964,0,Coahuila de Zaragoza
2026,25,W23,548,548,1445368.4499999993,512,0,Sinaloa
2026,25,W6,34549,34549,22117818.030000053,30401,0,Sinaloa
2026,25,W13,3891,3891,5689597.880000001,3603,0,Sinaloa
2026,25,W20,1119,1119,2553478.240000001,1025,0,Sinaloa
2026,6,W4,33038,33038,13190720.749999996,26208,0,Colima
2026,6,W20,398,398,910219.38,326,0,Colima
2026,7,,4698,0,0.0,4698,251278,Chiapas
2026,7,W10,5688,5688,6314816.460000006,5108,0,Chiapas
2026,7,W5,29401,29401,15428491.310000008,25368,0,Chiapas
2026,22,W12,12112,12112,16317824.090000002,10557,0,Querétaro
2026,31,W10,6247,6247,6942575.730000008,5639,0,Yucatán
2026,31,W17,1454,1454,2821121.13,1348,0,Yucatán
2026,31,W21,615,615,1478707.7299999995,578,0,Yucatán
2026,32,,52,0,0.0,52,103998,Zacatecas
2026,32,W7,9287,9287,7052080.2600000035,7828,0,Zacatecas
2026,32,W13,1567,1567,2294412.350000001,1343,0,Zacatecas
2026,32,W18,1085,1085,2221819.1600000006,932,0,Zacatecas
2026,8,W7,72059,72059,54499642.96999994,67175,0,Chihuahua
2026,8,W8,44503,44503,39006653.72000003,41276,0,Chihuahua
2026,8,W16,5741,5741,10427191.329999985,5450,0,Chihuahua
2026,27,W13,1673,1673,2447147.430000001,1451,0,Tabasco
2026,28,W9,24179,24179,24045316.030000016,22230,0,Tamaulipas
2026,1,,5,0,0.0,5,114155,Aguascalientes
2026,1,W12,5169,5169,6959658.669999993,4943,0,Aguascalientes
2026,1,W18,1560,1560,3198644.430000002,1475,0,Aguascalientes
2026,1,W22,790,790,1992412.0499999993,768,0,Aguascalientes
2026,1,W24,553,553,1522861.3300000017,536,0,Aguascalientes
2026,2,W9,32378,32378,32170994.40000003,29594,0,Baja California
2026,10,W1,5698,5698,1795097.9200000046,5684,0,Durango
2026,10,,0,0,0.0,0,72693,Durango
2026,11,W4,280456,280456,112947357.62999992,236348,0,Guanajuato
2026,14,W23,4749,4749,12532057.379999999,4472,0,Jalisco
2026,14,W17,11295,11295,21835799.919999998,10573,0,Jalisco
2026,14,W24,4316,4316,11888999.089999996,4092,0,Jalisco
2026,15,W4,539871,539871,216694206.60999915,422416,0,Estado México
2026,15,W9,48946,48946,48735553.00000006,42669,0,Estado México
2026,15,W3,624162,624162,208820070.39000833,531942,0,Estado México
2026,16,W4,116628,116628,46543686.94000006,89525,0,Michoacán de Ocampo
2026,16,W9,11325,11325,11282531.139999997,9980,0,Michoacán de Ocampo
2026,20,W17,1015,1015,1964599.1699999997,907,0,Oaxaca
2026,20,W18,867,867,1778043.5699999998,800,0,Oaxaca
2026,20,W20,430,430,983220.7400000002,401,0,Oaxaca
2026,21,,2549,0,0.0,2549,490563,Puebla
2026,21,W6,40987,40987,26312343.00000001,35714,0,Puebla
2026,21,W8,19904,19904,17425509.49,17319,0,Puebla
2026,21,W15,3700,3700,6285116.650000001,3274,0,Puebla
2026,21,W21,1434,1434,3443624.909999999,1285,0,Puebla
2026,26,W11,9530,9530,11730571.91999999,8574,0,Sonora
2026,26,W12,7473,7473,10070568.659999996,6611,0,Sonora
2026,26,W19,3182,3182,6898212.48,2968,0,Sonora
2026,12,W8,4509,4509,3952445.2600000044,3812,0,Guerrero
2026,12,W7,5892,5892,4471092.629999998,4817,0,Guerrero
2026,12,W19,599,599,1298701.6099999999,538,0,Guerrero
2026,12,,0,0,0.0,0,151169,Guerrero
2026,13,W19,920,920,1994825.3100000017,827,0,Hidalgo
2026,23,W10,9816,9816,10905263.550000038,7011,0,Quintana Roo
2026,23,W8,19642,19642,17202946.200000018,13057,0,Quintana Roo
2026,23,W18,1428,1428,2929747.1699999976,1145,0,Quintana Roo
2026,24,W13,5689,5689,8318657.509999995,5008,0,San Luis Potosí
2026,24,W19,1828,1828,3962901.9500000016,1640,0,San Luis Potosí
2026,30,W8,42266,42266,37141381.560000025,37272,0,Veracruz de Ignacio de la Llave
2026,30,W15,6184,6184,10517147.83,5600,0,Veracruz de Ignacio de la Llave
2026,9,W24,15135,15135,41711713.46999998,14104,0,Ciudad de México
2026,9,W10,91565,91565,101759044.91000003,79486,0,Ciudad de México
2026,9,W17,35128,35128,67906676.42999999,32168,0,Ciudad de México
2026,3,W1,2324,2324,732152.9599999986,2299,0,Baja California Sur
2026,17,W19,746,746,1617409.8800000001,692,0,Morelos
2026,17,W1,7801,7801,2457627.040000015,7771,0,Morelos
2026,18,W4,46685,46685,18685273.480000056,33066,0,Nayarit
2026,18,W19,360,360,779302.57,297,0,Nayarit
2026,4,W20,702,702,1602375.8600000006,580,0,Campeche
2026,25,W25,4631,4631,13543670.390000008,4325,0,Sinaloa
2026,25,W10,8368,8368,9287147.720000014,7739,0,Sinaloa
2026,25,W17,2408,2408,4653460.3,2258,0,Sinaloa
2026,6,W13,1745,1745,2552330.3200000008,1522,0,Colima
2026,6,W6,11433,11433,7317879.529999983,9431,0,Colima
2026,6,W8,5451,5451,4771432.46,4719,0,Colima
2026,6,W17,873,873,1687617.8699999987,774,0,Colima
2026,7,W25,1755,1755,5129209.039999999,1647,0,Chiapas
2026,22,W22,2283,2283,5757529.77,2080,0,Querétaro
2026,22,W4,151800,151800,61427857.04999995,122101,0,Querétaro
2026,32,W14,1689,1689,2681069.3799999985,1453,0,Zacatecas
2026,32,W15,1222,1222,2075160.0300000003,1057,0,Zacatecas
2026,32,W20,438,438,1001134.0599999999,391,0,Zacatecas
2026,8,W19,3516,3516,7626685.560000004,3346,0,Chihuahua
2026,8,W17,5082,5082,9835401.799999995,4810,0,Chihuahua
2026,8,W18,4327,4327,8871310.359999994,4096,0,Chihuahua
2026,27,W3,75659,75659,25270064.490001217,65378,0,Tabasco
2026,27,W4,54629,54629,21672661.30000008,45037,0,Tabasco
2026,7,W12,2880,2880,3879538.99,2448,0,Chiapas
2026,2,W4,251061,251061,115951096.75115877,229422,0,Baja California
2026,2,W7,83182,83182,62925492.46999992,77215,0,Baja California
2026,2,W14,9325,9325,14766127.890000006,8219,0,Baja California
2026,2,W10,23084,23084,25626234.93,20869,0,Baja California
2026,2,W17,5827,5827,11269377.899999995,5455,0,Baja California
2026,10,W12,2127,2127,2864407.3800000004,1926,0,Durango
2026,10,W17,1178,1178,2276805.42,1097,0,Durango
2026,14,W7,114540,114540,86893560.1599999,102838,0,Jalisco
2026,14,W11,36938,36938,45461806.20999999,33888,0,Jalisco
2026,14,W15,14515,14515,24670888.970000003,13410,0,Jalisco
2026,15,W13,16611,16611,24316859.52000001,14984,0,Estado México
2026,15,W17,10743,10743,20730967.970000003,10043,0,Estado México
2026,15,W18,8330,8330,17101619.829999994,7722,0,Estado México
2026,15,W20,5444,5444,12447024.920000002,5080,0,Estado México
2026,15,W8,66127,66127,57894798.91999998,56701,0,Estado México
2026,15,W23,3927,3927,10352650.820000002,3665,0,Estado México
2026,16,,3050,0,0.0,3050,269246,Michoacán de Ocampo
2026,16,W13,4231,4231,6201638.030000006,3596,0,Michoacán de Ocampo
2026,16,W20,862,862,1967874.239999999,771,0,Michoacán de Ocampo
2026,20,W1,3438,3438,1083071.2799999977,3408,0,Oaxaca
2026,20,W15,915,915,1554106.73,824,0,Oaxaca
2026,20,W25,1245,1245,3640491.9699999997,1188,0,Oaxaca
2026,20,W23,211,211,555605.84,195,0,Oaxaca
2026,21,W7,24785,24785,18794946.58000002,21366,0,Puebla
2026,21,W20,1546,1546,3532134.090000001,1369,0,Puebla
2026,26,W4,157750,157750,66593559.25000091,133836,0,Sonora
2026,26,W15,3794,3794,6448431.710000001,3432,0,Sonora
2026,12,W10,3166,3166,3516054.970000002,2680,0,Guerrero
2026,13,W10,5609,5609,6223940.519999999,4493,0,Hidalgo
2026,19,W25,62099,62099,181718611.60000014,59937,0,Nuevo León
2026,19,W4,389530,389530,158075568.29000008,353590,0,Nuevo León
2026,19,W3,497290,497290,166400296.23000482,461358,0,Nuevo León
2026,19,W17,13586,13586,26294865.670000006,12810,0,Nuevo León
2026,19,W22,6103,6103,15388758.160000004,5819,0,Nuevo León
2026,19,W23,5815,5815,15331035.94999999,5507,0,Nuevo León
2026,23,W15,2480,2480,4215471.1400000015,1809,0,Quintana Roo
2026,23,W25,6643,6643,19434106.359999985,5354,0,Quintana Roo
2026,24,W11,8125,8125,10000456.700000016,7027,0,San Luis Potosí
2026,24,W14,5637,5637,8953948.090000004,5057,0,San Luis Potosí
2026,24,W18,2535,2535,5198222.879999998,2306,0,San Luis Potosí
2026,30,W20,2474,2474,5652017.089999994,2280,0,Veracruz de Ignacio de la Llave
2026,30,W16,4563,4563,8293178.670000001,4091,0,Veracruz de Ignacio de la Llave
2026,29,W4,34023,34023,13558067.860000039,26419,0,Tlaxcala
2026,9,W8,140541,140541,123328329.2300002,117373,0,Ciudad de México
2026,9,W11,77974,77974,95824200.91999996,69258,0,Ciudad de México
2026,9,W21,19151,19151,46057683.57000001,17968,0,Ciudad de México
2026,3,W6,17041,17041,10925876.279999979,11735,0,Baja California Sur
2026,3,W15,1680,1680,2855030.6899999995,1207,0,Baja California Sur
2026,3,W24,461,461,1268828.6099999994,388,0,Baja California Sur
2026,17,W18,959,959,1968315.3600000017,904,0,Morelos
2026,18,W6,12461,12461,8001733.539999995,9285,0,Nayarit
2026,18,W8,5532,5532,4843710.459999988,4199,0,Nayarit
2026,18,W14,873,873,1381783.1200000008,614,0,Nayarit
2026,18,W24,114,114,313771.75,88,0,Nayarit
2026,18,W20,277,277,632849.42,225,0,Nayarit
2026,4,W18,1019,1019,2093311.8500000024,804,0,Campeche
2026,4,W15,1114,1114,1887412.8700000008,863,0,Campeche
2026,5,W3,214665,214665,71600140.16000342,197958,0,Coahuila de Zaragoza
2026,5,W11,15713,15713,19323775.730000015,14477,0,Coahuila de Zaragoza
2026,5,W5,125611,125611,65514593.02000021,111834,0,Coahuila de Zaragoza
2026,5,W17,5307,5307,10255919.560000008,4971,0,Coahuila de Zaragoza
2026,5,W19,3594,3594,7790886.7099999925,3401,0,Coahuila de Zaragoza
2026,25,W4,144811,144811,58087353.47999999,119376,0,Sinaloa
2026,6,W1,3317,3317,1044951.4400000047,3273,0,Colima
2026,6,W16,958,958,1746844.7899999989,798,0,Colima
2026,6,W19,464,464,1005156.9100000006,414,0,Colima
2026,7,W3,79584,79584,26584162.1300022,69366,0,Chiapas
2026,7,W18,1131,1131,2321133.7499999995,1040,0,Chiapas
2026,7,W21,576,576,1387842.3600000003,529,0,Chiapas
2026,22,W11,15154,15154,18627148.020000055,12914,0,Querétaro
2026,22,W20,3735,3735,8531652.35000001,3411,0,Querétaro
2026,22,W6,59267,59267,38090933.77999993,50170,0,Querétaro
2026,31,,0,0,0.0,0,145699,Yucatán
2026,31,W11,4491,4491,5519759.510000002,3956,0,Yucatán
2026,31,W6,24240,24240,15516663.089999985,22416,0,Yucatán
2026,31,W12,3421,3421,4606249.730000002,3030,0,Yucatán
2026,31,W25,3734,3734,10924272.50000001,3557,0,Yucatán
2026,32,W5,21914,21914,11394516.080000054,18290,0,Zacatecas
2026,32,W12,3366,3366,4529106.129999994,2640,0,Zacatecas
2026,32,W25,4761,4761,13936076.389999997,4551,0,Zacatecas
2026,32,W10,3567,3567,3969825.5699999966,3034,0,Zacatecas
2026,8,W22,2450,2450,6181600.399999996,2380,0,Chihuahua
2026,27,W6,11331,11331,7256323.6899999995,9200,0,Tabasco
2026,27,W10,3464,3464,3856925.610000002,2963,0,Tabasco
2026,27,W14,1552,1552,2459773.13,1242,0,Tabasco
