entidad_federativa,anio,trimestre,confidencial,ied_acumulado_mdd,flujo_mdd
Aguascalientes,2006,1,False,49.93765879,49.93765879
Aguascalientes,2006,2,False,90.21150579,40.273847
Aguascalientes,2006,3,False,114.05534079,23.843835
Aguascalientes,2006,4,False,140.59391379,26.538572999999985
Aguascalientes,2007,1,False,51.873918,51.873918
Aguascalientes,2007,2,False,142.457447,90.583529
Aguascalientes,2007,3,False,210.601066,68.143619
Aguascalientes,2007,4,False,410.573807,199.97274099999998
Aguascalientes,2008,1,False,312.55232058,312.55232058
Aguascalientes,2008,2,False,234.34600558,-78.20631500000002
Aguascalientes,2008,3,False,283.16575158,48.81974600000001
Aguascalientes,2008,4,False,337.48520458,54.31945300000001
Aguascalientes,2009,1,False,256.24969468,256.24969468
Aguascalientes,2009,2,False,397.8766046,141.62690992
Aguascalientes,2009,3,False,434.85574136,36.97913676000002
Aguascalientes,2009,4,False,342.20605736,-92.64968400000004
Aguascalientes,2010,1,False,276.59696066,276.59696066
Aguascalientes,2010,2,False,246.58461204,-30.012348619999983
Aguascalientes,2010,3,False,301.73820704,55.153595000000024
Aguascalientes,2010,4,False,333.1545323,31.416325260000008
Aguascalientes,2011,1,False,262.37066492,262.37066492
Aguascalientes,2011,2,False,259.48565434,-2.885010580000028
Aguascalientes,2011,3,False,259.44208534,-0.043568999999990865
Aguascalientes,2011,4,False,236.80517733,-22.636908010000013
Aguascalientes,2012,1,False,211.02718225,211.02718225
Aguascalientes,2012,2,False,180.32385059,-30.703331660000003
Aguascalientes,2012,3,False,283.70977659,103.38592599999998
Aguascalientes,2012,4,False,355.20950295,71.49972636000001
Aguascalientes,2013,1,False,84.47367336,84.47367336
Aguascalientes,2013,2,False,56.9578554,-27.515817960000007
Aguascalientes,2013,3,False,131.9513104,74.99345500000001
Aguascalientes,2013,4,False,69.13988341,-62.811426990000015
Aguascalientes,2014,1,False,501.74141679,501.74141679
Aguascalientes,2014,2,False,731.90154441,230.16012762000003
Aguascalientes,2014,3,False,886.55234315,154.6507987399999
Aguascalientes,2014,4,False,978.79884592,92.24650277
Aguascalientes,2015,1,False,480.76910045,480.76910045
Aguascalientes,2015,2,False,602.10523352,121.33613306999996
Aguascalientes,2015,3,False,661.63113151,59.52589799000009
Aguascalientes,2015,4,False,812.58414243,150.95301092
Aguascalientes,2016,1,False,202.04959741,202.04959741
Aguascalientes,2016,2,False,284.31590963,82.26631222000003
Aguascalientes,2016,3,False,416.91123401,132.59532437999997
Aguascalientes,2016,4,False,594.87973161,177.96849760000003
Aguascalientes,2017,1,False,636.25353322,636.25353322
Aguascalientes,2017,2,False,886.07148637,249.81795315
Aguascalientes,2017,3,False,995.42617003,109.35468365999998
Aguascalientes,2017,4,False,1576.33727363,580.9111036
Aguascalientes,2018,1,False,216.78055361,216.78055361
Aguascalientes,2018,2,False,858.1390785,641.35852489
Aguascalientes,2018,3,False,936.28032378,78.14124528000002
Aguascalientes,2018,4,False,1196.98019832,260.69987454
Aguascalientes,2019,1,False,167.88986855,167.88986855
Aguascalientes,2019,2,False,270.46687449,102.57700594000002
Aguascalientes,2019,3,False,365.76253556,95.29566107
Aguascalientes,2019,4,False,452.12337921,86.36084364999999
Aguascalientes,2020,1,False,245.89852928,245.89852928
Aguascalientes,2020,2,False,243.8947234,-2.0038058799999874
Aguascalientes,2020,3,False,363.51042848,119.61570507999997
Aguascalientes,2020,4,False,743.65967018,380.14924170000006
Aguascalientes,2021,1,False,141.41895966,141.41895966
Aguascalientes,2021,2,False,210.83448376,69.4155241
Aguascalientes,2021,3,False,159.63490185,-51.199581910000006
Aguascalientes,2021,4,False,67.18339343,-92.45150842000001
Aguascalientes,2022,1,False,309.1446209,309.1446209
Aguascalientes,2022,2,False,504.43746721,195.29284631000002
Aguascalientes,2022,3,False,566.63549848,62.19803127
Aguascalientes,2022,4,False,598.31792418,31.682425699999953
Aguascalientes,2023,1,False,170.67240294,170.67240294
Aguascalientes,2023,2,False,1199.71321065,1029.04080771
Aguascalientes,2023,3,False,1630.28095555,430.5677449
Aguascalientes,2023,4,False,1080.2566352,-550.0243203500002
Aguascalientes,2024,1,False,194.37284925,194.37284925
Aguascalientes,2024,2,False,564.28759632,369.91474707000003
Aguascalientes,2024,3,False,886.0617443,321.77414797999995
Aguascalientes,2024,4,False,1007.04572966,120.98398536000002
Aguascalientes,2025,1,False,155.62574294,155.62574294
Aguascalientes,2025,2,False,430.54682455,274.92108161
Aguascalientes,2025,3,False,210.46488581,-220.08193874
Aguascalientes,2025,4,False,-334.79748259,-545.2623684
Baja California,2006,1,False,305.07298174,305.07298174
Baja California,2006,2,False,619.49357457,314.42059283
Baja California,2006,3,False,947.56110331,328.06752874000006
Baja California,2006,4,False,1340.71793404,393.15683073
Baja California,2007,1,False,488.41970497,488.41970497
Baja California,2007,2,False,749.43916289,261.01945792000004
Baja California,2007,3,False,1616.75250403,867.3133411399999
Baja California,2007,4,False,1790.82922619,174.07672216000014
Baja California,2008,1,False,324.30172264,324.30172264
Baja California,2008,2,False,890.9337578,566.63203516
Baja California,2008,3,False,1206.96778812,316.03403032000006
Baja California,2008,4,False,1454.14067282,247.17288469999994
Baja California,2009,1,False,325.82534968,325.82534968
Baja California,2009,2,False,490.90946726,165.08411758
Baja California,2009,3,False,664.94383026,174.03436300000004
Baja California,2009,4,False,829.52318955,164.57935928999996
Baja California,2010,1,False,358.07662768,358.07662768
Baja California,2010,2,False,875.68905868,517.612431
Baja California,2010,3,False,1126.14498056,250.45592188
Baja California,2010,4,False,1414.8229497,288.67796913999996
Baja California,2011,1,False,60.90473403,60.90473403
Baja California,2011,2,False,292.57916438,231.67443035000002
Baja California,2011,3,False,587.66468167,295.08551729000004
Baja California,2011,4,False,766.32257547,178.6578937999999
Baja California,2012,1,False,327.04048134,327.04048134
Baja California,2012,2,False,403.65397329,76.61349195000003
Baja California,2012,3,False,690.07321338,286.41924008999996
Baja California,2012,4,False,1018.51895053,328.44573715
Baja California,2013,1,False,244.36099429,244.36099429
Baja California,2013,2,False,678.25379865,433.89280436
Baja California,2013,3,False,870.46538706,192.21158841
Baja California,2013,4,False,1290.83031849,420.36493143000007
Baja California,2014,1,False,357.12943674,357.12943674
Baja California,2014,2,False,652.21360652,295.08416977999997
Baja California,2014,3,False,832.81548171,180.60187519
Baja California,2014,4,False,1223.34512296,390.52964125000005
Baja California,2015,1,False,304.36989021,304.36989021
Baja California,2015,2,False,514.75934876,210.38945854999997
Baja California,2015,3,False,811.69020743,296.93085867
Baja California,2015,4,False,1167.28454234,355.59433490999993
Baja California,2016,1,False,614.74943125,614.74943125
Baja California,2016,2,False,924.46920802,309.71977676999995
Baja California,2016,3,False,1143.21988368,218.75067566000007
Baja California,2016,4,False,1567.13298454,423.91310086
Baja California,2017,1,False,580.36985935,580.36985935
Baja California,2017,2,False,1267.64945591,687.27959656
Baja California,2017,3,False,1438.11012803,170.46067212000003
Baja California,2017,4,False,1679.27094219,241.16081415999997
Baja California,2018,1,False,742.53905325,742.53905325
Baja California,2018,2,False,990.98048936,248.44143610999993
Baja California,2018,3,False,1217.16547,226.18498063999994
Baja California,2018,4,False,1631.16054127,413.99507127000015
Baja California,2019,1,False,605.74489713,605.74489713
Baja California,2019,2,False,823.93572089,218.19082375999994
Baja California,2019,3,False,1045.36650098,221.43078008999998
Baja California,2019,4,False,1183.7322051,138.36570412000015
Baja California,2020,1,False,751.89229884,751.89229884
Baja California,2020,2,False,966.81267587,214.92037703000005
Baja California,2020,3,False,961.38864756,-5.42402831000004
Baja California,2020,4,False,1195.39233949,234.00369193000006
Baja California,2021,1,False,467.63812461,467.63812461
Baja California,2021,2,False,1790.79424412,1323.15611951
Baja California,2021,3,False,2054.43614286,263.64189874
Baja California,2021,4,False,2222.15993679,167.72379392999983
Baja California,2022,1,False,970.99449065,970.99449065
Baja California,2022,2,False,1257.75165077,286.75716012
Baja California,2022,3,False,1525.03835837,267.2867076
Baja California,2022,4,False,1877.02431991,351.98596154000006
Baja California,2023,1,False,953.46694424,953.46694424
Baja California,2023,2,False,1493.91007687,540.44313263
Baja California,2023,3,False,1149.67805595,-344.23202091999997
Baja California,2023,4,False,1414.05993405,264.3818781
Baja California,2024,1,False,1319.54004407,1319.54004407
Baja California,2024,2,False,2115.73973932,796.1996952499999
Baja California,2024,3,False,2252.82879493,137.0890556100003
Baja California,2024,4,False,2469.04558944,216.21679451
Baja California,2025,1,False,922.05237686,922.05237686
Baja California,2025,2,False,1612.98967722,690.93730036
Baja California,2025,3,False,1884.17696179,271.18728457
Baja California,2025,4,False,1892.64634401,8.469382219999943
Baja California Sur,2006,1,False,266.40190286,266.40190286
Baja California Sur,2006,2,False,411.86663211,145.46472925
Baja California Sur,2006,3,False,534.57112249,122.70449037999998
Baja California Sur,2006,4,False,592.17863602,57.607513530000006
Baja California Sur,2007,1,False,213.26362919,213.26362919
Baja California Sur,2007,2,False,408.18687818,194.92324899000002
Baja California Sur,2007,3,False,543.84796295,135.66108477
Baja California Sur,2007,4,False,819.29107183,275.44310887999995
Baja California Sur,2008,1,False,224.48451776,224.48451776
Baja California Sur,2008,2,False,443.90604572,219.42152796000002
Baja California Sur,2008,3,False,687.08693441,243.18088869000002
Baja California Sur,2008,4,False,810.58165725,123.49472284000001
Baja California Sur,2009,1,False,119.48638655,119.48638655
Baja California Sur,2009,2,False,242.77900853,123.29262197999999
Baja California Sur,2009,3,False,313.97066476,71.19165622999998
Baja California Sur,2009,4,False,449.52626037,135.55559561
Baja California Sur,2010,1,False,124.58980398,124.58980398
Baja California Sur,2010,2,False,170.74461603,46.154812050000004
Baja California Sur,2010,3,False,342.25300959,171.50839355999997
Baja California Sur,2010,4,False,517.75012398,175.49711439000004
Baja California Sur,2011,1,False,178.32856187,178.32856187
Baja California Sur,2011,2,False,347.17691006,168.84834819000002
Baja California Sur,2011,3,False,556.45774108,209.28083102
Baja California Sur,2011,4,False,711.27897818,154.82123709999996
Baja California Sur,2012,1,False,122.83704792,122.83704792
Baja California Sur,2012,2,False,258.38962711,135.55257919
Baja California Sur,2012,3,False,315.73104455,57.34141743999999
Baja California Sur,2012,4,False,721.12509367,405.39404912
Baja California Sur,2013,1,False,56.11420458,56.11420458
Baja California Sur,2013,2,False,168.1140987,111.99989412
Baja California Sur,2013,3,False,343.21494473,175.10084603
Baja California Sur,2013,4,False,421.33674914,78.12180440999998
Baja California Sur,2014,1,False,117.35365688,117.35365688
Baja California Sur,2014,2,False,165.65122006,48.29756318000001
Baja California Sur,2014,3,False,168.90416042,3.2529403599999966
Baja California Sur,2014,4,False,228.70082005,59.79665962999999
Baja California Sur,2015,1,False,50.9388936,50.9388936
Baja California Sur,2015,2,False,129.49194322,78.55304962
Baja California Sur,2015,3,False,293.96708809,164.47514487
Baja California Sur,2015,4,False,352.01428802,58.04719992999998
Baja California Sur,2016,1,False,260.5686094,260.5686094
Baja California Sur,2016,2,False,355.6520076,95.08339819999998
Baja California Sur,2016,3,False,438.40463872,82.75263111999999
Baja California Sur,2016,4,False,510.78549871,72.38085999000003
Baja California Sur,2017,1,False,164.96474141,164.96474141
Baja California Sur,2017,2,False,314.49789875,149.53315734
Baja California Sur,2017,3,False,457.28425008,142.78635133
Baja California Sur,2017,4,False,568.93950325,111.65525317000004
Baja California Sur,2018,1,False,119.98485494,119.98485494
Baja California Sur,2018,2,False,228.62193485,108.63707991
Baja California Sur,2018,3,False,345.2230138,116.60107894999999
Baja California Sur,2018,4,False,443.06433248,97.84131868000003
Baja California Sur,2019,1,False,149.77406478,149.77406478
Baja California Sur,2019,2,False,244.1236814,94.34961662
Baja California Sur,2019,3,False,351.50220038,107.37851897999997
Baja California Sur,2019,4,False,464.97370672,113.47150634000002
Baja California Sur,2020,1,False,288.39800169,288.39800169
Baja California Sur,2020,2,False,406.60026921,118.20226752000002
Baja California Sur,2020,3,False,540.07571033,133.47544111999997
Baja California Sur,2020,4,False,617.40914033,77.33343000000002
Baja California Sur,2021,1,False,230.32198183,230.32198183
Baja California Sur,2021,2,False,376.84929113,146.52730929999998
Baja California Sur,2021,3,False,685.86901538,309.01972424999997
Baja California Sur,2021,4,False,1089.49682297,403.6278075900001
Baja California Sur,2022,1,False,338.98379065,338.98379065
Baja California Sur,2022,2,False,495.17806102,156.19427036999997
Baja California Sur,2022,3,False,655.82438662,160.64632560000007
Baja California Sur,2022,4,False,834.29067621,178.46628958999997
Baja California Sur,2023,1,False,206.7812591,206.7812591
Baja California Sur,2023,2,False,677.1400154,470.35875630000004
Baja California Sur,2023,3,False,943.87670175,266.73668635
Baja California Sur,2023,4,False,1162.0947595,218.21805774999996
Baja California Sur,2024,1,False,229.18912888,229.18912888
Baja California Sur,2024,2,False,624.25231889,395.06319000999997
Baja California Sur,2024,3,False,1200.3050799,576.05276101
Baja California Sur,2024,4,False,1418.16683097,217.86175107000008
Baja California Sur,2025,1,False,398.70356107,398.70356107
Baja California Sur,2025,2,False,899.54455343,500.84099236
Baja California Sur,2025,3,False,1334.01790705,434.4733536200001
Baja California Sur,2025,4,False,1662.93525474,328.9173476899998
Campeche,2006,1,False,15.215796,15.215796
Campeche,2006,2,False,25.14384907,9.928053070000002
Campeche,2006,3,False,34.30570607,9.161856999999998
Campeche,2006,4,False,30.41914107,-3.886565000000001
Campeche,2007,1,False,12.388787,12.388787
Campeche,2007,2,False,73.090144,60.701356999999994
Campeche,2007,3,False,151.326491,78.23634700000001
Campeche,2007,4,False,134.523132,-16.803359
Campeche,2008,1,False,13.404481,13.404481
Campeche,2008,2,False,134.3601765,120.95569549999999
Campeche,2008,3,False,135.7199115,1.3597350000000006
Campeche,2008,4,False,150.0526385,14.332727000000006
Campeche,2009,1,False,-7.86100511,-7.86100511
Campeche,2009,2,False,20.30815408,28.169159190000002
Campeche,2009,3,False,26.66703008,6.358875999999999
Campeche,2009,4,False,26.16739962,-0.4996304599999988
Campeche,2010,1,False,70.39198,70.39198
Campeche,2010,2,False,65.880408,-4.511572000000001
Campeche,2010,3,False,75.53501203,9.654604030000002
Campeche,2010,4,False,73.20354795,-2.3314640800000035
Campeche,2011,1,False,5.176892,5.176892
Campeche,2011,2,False,39.67697819,34.50008619
Campeche,2011,3,False,-0.33299181,-40.00997
Campeche,2011,4,False,24.79756059,25.1305524
Campeche,2012,1,False,-41.96565863,-41.96565863
Campeche,2012,2,False,-53.44896463,-11.483305999999999
Campeche,2012,3,False,196.02102887,249.46999350000002
Campeche,2012,4,False,209.66831487,13.64728599999998
Campeche,2013,1,False,69.88814553,69.88814553
Campeche,2013,2,False,211.78789202,141.89974648999998
Campeche,2013,3,False,239.41172892,27.623836900000015
Campeche,2013,4,False,278.41695673,39.00522780999998
Campeche,2014,1,False,37.76407568,37.76407568
Campeche,2014,2,False,83.78560443,46.02152875000001
Campeche,2014,3,False,173.60709678,89.82149235
Campeche,2014,4,False,218.57427562,44.96717884
Campeche,2015,1,False,125.87975258,125.87975258
Campeche,2015,2,False,194.9137506,69.03399801999998
Campeche,2015,3,False,480.73412726,285.82037665999997
Campeche,2015,4,False,543.00715563,62.27302837000008
Campeche,2016,1,False,63.73368269,63.73368269
Campeche,2016,2,False,97.3653147,33.63163201
Campeche,2016,3,False,143.00400657,45.63869187
Campeche,2016,4,False,142.1679444,-0.8360621699999911
Campeche,2017,1,False,102.28736866,102.28736866
Campeche,2017,2,False,145.90833462,43.62096596000001
Campeche,2017,3,False,265.10192586,119.19359123999999
Campeche,2017,4,False,328.34599643,63.24407057000002
Campeche,2018,1,False,18.06767979,18.06767979
Campeche,2018,2,False,71.95789578,53.89021599
Campeche,2018,3,False,43.78564951,-28.172246270000002
Campeche,2018,4,False,123.49400731,79.7083578
Campeche,2019,1,False,46.87904202,46.87904202
Campeche,2019,2,False,81.46858343,34.589541409999995
Campeche,2019,3,False,141.47158852,60.003005090000016
Campeche,2019,4,False,151.8657313,10.394142779999981
Campeche,2020,1,False,74.68370902,74.68370902
Campeche,2020,2,False,112.05293915,37.369230130000005
Campeche,2020,3,False,188.56737225,76.5144331
Campeche,2020,4,False,199.06346197,10.496089719999986
Campeche,2021,1,False,48.82257047,48.82257047
Campeche,2021,2,False,127.07921793,78.25664746
Campeche,2021,3,False,207.81045557,80.73123763999999
Campeche,2021,4,False,218.41807374,10.607618170000023
Campeche,2022,1,False,131.73476467,131.73476467
Campeche,2022,2,False,137.77350036,6.03873569000001
Campeche,2022,3,False,82.25918606,-55.51431430000001
Campeche,2022,4,False,40.2438723,-42.015313760000005
Campeche,2023,1,False,17.15067713,17.15067713
Campeche,2023,2,False,-14.75155621,-31.90223334
Campeche,2023,3,False,46.32041866,61.071974870000005
Campeche,2023,4,False,98.61266235,52.29224368999999
Campeche,2024,1,False,47.14096585,47.14096585
Campeche,2024,2,False,126.88711562,79.74614977
Campeche,2024,3,False,106.18677844,-20.700337180000005
Campeche,2024,4,False,517.82123811,411.63445966999996
Campeche,2025,1,False,-2.59499069,-2.59499069
Campeche,2025,2,False,34.37360734,36.96859803
Campeche,2025,3,False,81.99413854,47.620531199999995
Campeche,2025,4,False,-8.95570085,-90.94983939
Chiapas,2006,1,False,34.478525,34.478525
Chiapas,2006,2,False,62.609874,28.131349
Chiapas,2006,3,False,71.485173,8.875299000000005
Chiapas,2006,4,False,89.256227,17.771053999999992
Chiapas,2007,1,False,79.718061,79.718061
Chiapas,2007,2,False,102.001322,22.283260999999996
Chiapas,2007,3,False,114.862621,12.861299000000002
Chiapas,2007,4,False,186.876594,72.01397300000001
Chiapas,2008,1,False,47.766641,47.766641
Chiapas,2008,2,False,74.645768,26.879127000000004
Chiapas,2008,3,False,51.987645,-22.658123000000003
Chiapas,2008,4,False,63.203183,11.215538000000002
Chiapas,2009,1,False,25.493197,25.493197
Chiapas,2009,2,False,53.82371519,28.330518190000003
Chiapas,2009,3,False,73.25809619,19.434381000000002
Chiapas,2009,4,False,91.88158019,18.62348399999999
Chiapas,2010,1,False,119.663712,119.663712
Chiapas,2010,2,False,142.345189,22.681477
Chiapas,2010,3,False,147.10572415,4.760535149999981
Chiapas,2010,4,False,157.67583615,10.570112000000023
Chiapas,2011,1,False,25.12878225,25.12878225
Chiapas,2011,2,False,60.90490925,35.776127
Chiapas,2011,3,False,72.81166725,11.906757999999996
Chiapas,2011,4,False,92.80881925,19.997152
Chiapas,2012,1,False,70.04933578,70.04933578
Chiapas,2012,2,False,71.76038442,1.7110486399999871
Chiapas,2012,3,False,89.14185253,17.38146811
Chiapas,2012,4,False,121.09168493,31.949832400000005
Chiapas,2013,1,False,64.23784573,64.23784573
Chiapas,2013,2,False,141.10528873,76.86744300000001
Chiapas,2013,3,False,167.13551811,26.03022937999998
Chiapas,2013,4,False,182.41397587,15.278457760000009
Chiapas,2014,1,False,96.07596284,96.07596284
Chiapas,2014,2,False,47.61135859,-48.46460425
Chiapas,2014,3,False,45.52898363,-2.0823749600000028
Chiapas,2014,4,False,36.56443398,-8.964549650000002
Chiapas,2015,1,False,83.76479986,83.76479986
Chiapas,2015,2,False,116.6024155,32.83761564000001
Chiapas,2015,3,False,224.23328542,107.63086991999998
Chiapas,2015,4,False,270.07558509,45.84229967000002
Chiapas,2016,1,False,70.36654558,70.36654558
Chiapas,2016,2,False,74.95213132,4.585585740000013
Chiapas,2016,3,False,108.20850102,33.25636969999999
Chiapas,2016,4,False,139.78765843,31.579157409999993
Chiapas,2017,1,False,147.06062861,147.06062861
Chiapas,2017,2,False,171.08945994,24.028831330000003
Chiapas,2017,3,False,180.16774391,9.078283970000001
Chiapas,2017,4,False,217.08652229,36.91877837999999
Chiapas,2018,1,False,60.71369628,60.71369628
Chiapas,2018,2,False,103.63318878,42.9194925
Chiapas,2018,3,False,87.44444145,-16.188747329999998
Chiapas,2018,4,False,70.22050105,-17.223940400000004
Chiapas,2019,1,False,164.23474514,164.23474514
Chiapas,2019,2,False,196.77639047,32.541645329999994
Chiapas,2019,3,False,226.82077229,30.044381820000012
Chiapas,2019,4,False,256.64730957,29.826537279999997
Chiapas,2020,1,False,106.83125734,106.83125734
Chiapas,2020,2,False,149.48996638,42.658709040000005
Chiapas,2020,3,False,130.24157228,-19.248394099999985
Chiapas,2020,4,False,133.14466188,2.903089599999987
Chiapas,2021,1,False,237.91277704,237.91277704
Chiapas,2021,2,False,231.7226732,-6.190103840000006
Chiapas,2021,3,False,217.60112462,-14.121548579999995
Chiapas,2021,4,False,157.04031791,-60.56080671000001
Chiapas,2022,1,False,292.12217061,292.12217061
Chiapas,2022,2,False,279.54591531,-12.576255300000014
Chiapas,2022,3,False,245.99760278,-33.548312530000004
Chiapas,2022,4,False,186.74043233,-59.25717044999999
Chiapas,2023,1,False,60.91236298,60.91236298
Chiapas,2023,2,False,52.74788517,-8.164477809999994
Chiapas,2023,3,False,44.13029016,-8.617595010000002
Chiapas,2023,4,False,31.98440286,-12.145887300000002
Chiapas,2024,1,False,81.85690927,81.85690927
Chiapas,2024,2,False,101.28419733,19.427288059999995
Chiapas,2024,3,False,105.81894184,4.534744509999996
Chiapas,2024,4,False,107.12312115,1.3041793100000092
Chiapas,2025,1,False,1.70557488,1.70557488
Chiapas,2025,2,False,23.79371971,22.08814483
Chiapas,2025,3,False,40.80943489,17.015715179999997
Chiapas,2025,4,False,32.04775454,-8.761680349999999
Chihuahua,2006,1,False,480.11286007,480.11286007
Chihuahua,2006,2,False,1054.97951707,574.8666569999999
Chihuahua,2006,3,False,1377.49950107,322.519984
Chihuahua,2006,4,False,1948.81807207,571.318571
Chihuahua,2007,1,False,617.152028,617.152028
Chihuahua,2007,2,False,923.233678,306.0816500000001
Chihuahua,2007,3,False,1618.432046,695.1983679999998
Chihuahua,2007,4,False,2267.159666,648.7276200000001
Chihuahua,2008,1,False,470.38544733,470.38544733
Chihuahua,2008,2,False,1270.51077733,800.1253300000001
Chihuahua,2008,3,False,1718.59001761,448.0792402799998
Chihuahua,2008,4,False,2625.23308961,906.6430720000003
Chihuahua,2009,1,False,576.4233228,576.4233228
Chihuahua,2009,2,False,849.12124607,272.69792326999993
Chihuahua,2009,3,False,1060.38707507,211.26582900000005
Chihuahua,2009,4,False,1424.71097407,364.323899
Chihuahua,2010,1,False,505.37118297,505.37118297
Chihuahua,2010,2,False,980.96655043,475.59536746
Chihuahua,2010,3,False,1293.73788151,312.7713310800001
Chihuahua,2010,4,False,1847.7813443,554.0434627899999
Chihuahua,2011,1,False,457.28135411,457.28135411
Chihuahua,2011,2,False,754.89209231,297.61073819999996
Chihuahua,2011,3,False,988.23845922,233.34636691000003
Chihuahua,2011,4,False,1218.11200509,229.87354586999993
Chihuahua,2012,1,False,553.06939018,553.06939018
Chihuahua,2012,2,False,840.63189589,287.56250571
Chihuahua,2012,3,False,1111.60475589,270.97285999999997
Chihuahua,2012,4,False,1186.89445868,75.28970279000009
Chihuahua,2013,1,False,841.53452523,841.53452523
Chihuahua,2013,2,False,1508.66629971,667.13177448
Chihuahua,2013,3,False,1469.47021188,-39.1960878299999
Chihuahua,2013,4,False,2311.44993289,841.97972101
Chihuahua,2014,1,False,784.85205697,784.85205697
Chihuahua,2014,2,False,1290.36455229,505.51249531999986
Chihuahua,2014,3,False,1597.47045086,307.10589857000014
Chihuahua,2014,4,False,1936.57971714,339.10926627999993
Chihuahua,2015,1,False,386.99510147,386.99510147
Chihuahua,2015,2,False,845.77405909,458.77895762
Chihuahua,2015,3,False,1981.8816594,1136.10760031
Chihuahua,2015,4,False,2524.5170713,542.6354119000002
Chihuahua,2016,1,False,462.64639061,462.64639061
Chihuahua,2016,2,False,872.05134452,409.40495391
Chihuahua,2016,3,False,1334.36545645,462.31411192999997
Chihuahua,2016,4,False,1986.06534541,651.69988896
Chihuahua,2017,1,False,605.75569285,605.75569285
Chihuahua,2017,2,False,1102.37406829,496.61837544
Chihuahua,2017,3,False,1594.22974997,491.8556816800001
Chihuahua,2017,4,False,1825.31164378,231.08189380999988
Chihuahua,2018,1,False,556.3052732,556.3052732
Chihuahua,2018,2,False,849.19319001,292.88791681
Chihuahua,2018,3,False,1102.50109982,253.30790981000007
Chihuahua,2018,4,False,1241.944623,139.44352318000006
Chihuahua,2019,1,False,575.44543856,575.44543856
Chihuahua,2019,2,False,816.12542738,240.67998882000006
Chihuahua,2019,3,False,1156.34029615,340.21486877000007
Chihuahua,2019,4,False,1406.99406254,250.65376638999987
Chihuahua,2020,1,False,357.81477529,357.81477529
Chihuahua,2020,2,False,575.58669091,217.77191562000002
Chihuahua,2020,3,False,504.66965146,-70.91703945
Chihuahua,2020,4,False,641.06340739,136.39375592999994
Chihuahua,2021,1,False,761.17480872,761.17480872
Chihuahua,2021,2,False,1313.54974995,552.37494123
Chihuahua,2021,3,False,1440.7478847,127.19813475000001
Chihuahua,2021,4,False,1920.12647121,479.3785865100001
Chihuahua,2022,1,False,865.5232627,865.5232627
Chihuahua,2022,2,False,1226.58201581,361.05875311
Chihuahua,2022,3,False,1708.64998622,482.06797041000004
Chihuahua,2022,4,False,1868.60854848,159.95856226
Chihuahua,2023,1,False,867.9354734,867.9354734
Chihuahua,2023,2,False,1158.46255622,290.5270828199999
Chihuahua,2023,3,False,1587.54528335,429.0827271300002
Chihuahua,2023,4,False,1963.119049,375.5737656499998
Chihuahua,2024,1,False,883.07859261,883.07859261
Chihuahua,2024,2,False,1035.49673185,152.41813924000007
Chihuahua,2024,3,False,1258.84451954,223.3477876899999
Chihuahua,2024,4,False,1536.27126486,277.42674532
Chihuahua,2025,1,False,686.55813563,686.55813563
Chihuahua,2025,2,False,1043.83891658,357.2807809499999
Chihuahua,2025,3,False,994.28893978,-49.54997679999997
Chihuahua,2025,4,False,1065.57390552,71.28496573999996
Ciudad de México,2006,1,False,3007.2462131,3007.2462131
Ciudad de México,2006,2,False,4602.9128181,1595.6666049999994
Ciudad de México,2006,3,False,4858.01372319,255.1009050900002
Ciudad de México,2006,4,False,5671.13031819,813.1165950000004
Ciudad de México,2007,1,False,3284.2945988,3284.2945988
Ciudad de México,2007,2,False,4209.82160261,925.5270038099998
Ciudad de México,2007,3,False,5203.54723958,993.7256369699999
Ciudad de México,2007,4,False,6931.5426727,1727.9954331200006
Ciudad de México,2008,1,False,2737.77580143,2737.77580143
Ciudad de México,2008,2,False,4926.5947339,2188.8189324700006
Ciudad de México,2008,3,False,5348.27320405,421.67847014999916
Ciudad de México,2008,4,False,7730.7926654,2382.5194613500007
Ciudad de México,2009,1,False,1251.89160346,1251.89160346
Ciudad de México,2009,2,False,3518.05625677,2266.16465331
Ciudad de México,2009,3,False,4087.48523942,569.4289826500003
Ciudad de México,2009,4,False,5254.6439443,1167.1587048799997
Ciudad de México,2010,1,False,1742.05394185,1742.05394185
Ciudad de México,2010,2,False,2562.177593,820.1236511499999
Ciudad de México,2010,3,False,3403.61656493,841.4389719300002
Ciudad de México,2010,4,False,4064.56403542,660.9474704899999
Ciudad de México,2011,1,False,2361.46483703,2361.46483703
Ciudad de México,2011,2,False,4167.44012354,1805.97528651
Ciudad de México,2011,3,False,5494.53818228,1327.09805874
Ciudad de México,2011,4,False,7507.60079845,2013.0626161700002
Ciudad de México,2012,1,False,842.29593498,842.29593498
Ciudad de México,2012,2,False,2027.73737052,1185.44143554
Ciudad de México,2012,3,False,2922.06689866,894.3295281399999
Ciudad de México,2012,4,False,1337.46684635,-1584.60005231
Ciudad de México,2013,1,False,1567.10885648,1567.10885648
Ciudad de México,2013,2,False,4027.1248901,2460.0160336199997
Ciudad de México,2013,3,False,4414.88562125,387.76073115000054
Ciudad de México,2013,4,False,5835.45141827,1420.56579702
Ciudad de México,2014,1,False,3316.46308709,3316.46308709
Ciudad de México,2014,2,False,3716.12294731,399.65986022000016
Ciudad de México,2014,3,False,4498.81376631,782.6908189999995
Ciudad de México,2014,4,False,6126.79625349,1627.9824871800001
Ciudad de México,2015,1,False,2956.46429162,2956.46429162
Ciudad de México,2015,2,False,4293.04029703,1336.57600541
Ciudad de México,2015,3,False,5109.33952706,816.2992300300002
Ciudad de México,2015,4,False,5909.2081528,799.8686257399995
Ciudad de México,2016,1,False,3348.55164468,3348.55164468
Ciudad de México,2016,2,False,4675.24978709,1326.6981424099995
Ciudad de México,2016,3,False,5618.24506827,942.9952811800003
Ciudad de México,2016,4,False,6750.16563145,1131.9205631799996
Ciudad de México,2017,1,False,2758.40628131,2758.40628131
Ciudad de México,2017,2,False,3866.54525618,1108.1389748699999
Ciudad de México,2017,3,False,4674.51284825,807.9675920700006
Ciudad de México,2017,4,False,5125.0829723,450.5701240499993
Ciudad de México,2018,1,False,2679.79459625,2679.79459625
Ciudad de México,2018,2,False,4530.68222893,1850.88763268
Ciudad de México,2018,3,False,4778.35956283,247.67733390000012
Ciudad de México,2018,4,False,5844.92147436,1066.5619115299996
Ciudad de México,2019,1,False,3383.20624292,3383.20624292
Ciudad de México,2019,2,False,5480.93067941,2097.7244364900002
Ciudad de México,2019,3,False,7460.53834643,1979.60766702
Ciudad de México,2019,4,False,8781.36555836,1320.827211929999
Ciudad de México,2020,1,False,4704.34645801,4704.34645801
Ciudad de México,2020,2,False,5456.84383098,752.4973729700005
Ciudad de México,2020,3,False,6313.02595936,856.18212838
Ciudad de México,2020,4,False,7062.25847702,749.2325176599998
Ciudad de México,2021,1,False,3219.76584949,3219.76584949
Ciudad de México,2021,2,False,4175.96587657,956.2000270799995
Ciudad de México,2021,3,False,5086.90238413,910.9365075600008
Ciudad de México,2021,4,False,7178.47700392,2091.57461979
Ciudad de México,2022,1,False,8649.71797584,8649.71797584
Ciudad de México,2022,2,False,9871.02712555,1221.3091497099995
Ciudad de México,2022,3,False,10781.29258141,910.2654558600007
Ciudad de México,2022,4,False,11067.54945736,286.2568759500009
Ciudad de México,2023,1,False,9205.13389592,9205.13389592
Ciudad de México,2023,2,False,10969.02264502,1763.8887491000005
Ciudad de México,2023,3,False,11935.83570714,966.8130621199998
Ciudad de México,2023,4,False,11386.35854708,-549.4771600599997
Ciudad de México,2024,1,False,13901.40377436,13901.40377436
Ciudad de México,2024,2,False,15325.31965215,1423.9158777899993
Ciudad de México,2024,3,False,15498.68432406,173.36467190999974
Ciudad de México,2024,4,False,15523.46246398,24.778139920001195
Ciudad de México,2025,1,False,12627.83396761,12627.83396761
Ciudad de México,2025,2,False,21195.88883958,8568.054871969998
Ciudad de México,2025,3,False,24395.97468321,3200.0858436300005
Ciudad de México,2025,4,False,21602.75969418,-2793.214989029999
Coahuila,2006,1,False,177.527759,177.527759
Coahuila,2006,2,False,352.417793,174.890034
Coahuila,2006,3,False,440.508729,88.090936
Coahuila,2006,4,False,608.277464,167.768735
Coahuila,2007,1,False,262.656568,262.656568
Coahuila,2007,2,False,350.53485187,87.87828387000002
Coahuila,2007,3,False,537.67695887,187.142107
Coahuila,2007,4,False,666.29030587,128.61334699999998
Coahuila,2008,1,False,153.50655,153.50655
Coahuila,2008,2,False,315.551563,162.04501299999998
Coahuila,2008,3,False,401.527509,85.97594600000002
Coahuila,2008,4,False,583.083045,181.55553599999996
Coahuila,2009,1,False,164.044762,164.044762
Coahuila,2009,2,False,257.25639072,93.21162872000002
Coahuila,2009,3,False,293.22112672,35.96473599999996
Coahuila,2009,4,False,381.21029472,87.989168
Coahuila,2010,1,False,176.171496,176.171496
Coahuila,2010,2,False,363.354639,187.18314300000003
Coahuila,2010,3,False,541.239521,177.88488199999995
Coahuila,2010,4,False,751.20121382,209.96169282000005
Coahuila,2011,1,False,114.86361279,114.86361279
Coahuila,2011,2,False,332.31398331,217.45037052000004
Coahuila,2011,3,False,429.08542554,96.77144222999999
Coahuila,2011,4,False,647.1417723,218.05634675999994
Coahuila,2012,1,False,149.74855499,149.74855499
Coahuila,2012,2,False,365.12807711,215.37952212
Coahuila,2012,3,False,465.24885029,100.12077318000001
Coahuila,2012,4,False,539.36665729,74.11780700000003
Coahuila,2013,1,False,248.47702998,248.47702998
Coahuila,2013,2,False,1410.14806946,1161.67103948
Coahuila,2013,3,False,1374.8184241,-35.329645360000086
Coahuila,2013,4,False,1804.57893607,429.76051197000015
Coahuila,2014,1,False,291.59594491,291.59594491
Coahuila,2014,2,False,1269.11668111,977.5207361999999
Coahuila,2014,3,False,1295.00208705,25.885405940000055
Coahuila,2014,4,False,1625.46178739,330.4597003399999
Coahuila,2015,1,False,505.43898252,505.43898252
Coahuila,2015,2,False,678.5368134,173.09783088
Coahuila,2015,3,False,1126.96863561,448.43182221000006
Coahuila,2015,4,False,1367.22433811,240.25570249999987
Coahuila,2016,1,False,189.96552709,189.96552709
Coahuila,2016,2,False,134.14428228,-55.821244809999996
Coahuila,2016,3,False,273.14044532,138.99616304000003
Coahuila,2016,4,False,1209.58711579,936.4466704700001
Coahuila,2017,1,False,505.86091481,505.86091481
Coahuila,2017,2,False,1051.08446145,545.22354664
Coahuila,2017,3,False,1504.3621879,453.27772645000005
Coahuila,2017,4,False,2672.54409834,1168.18191044
Coahuila,2018,1,False,647.62980755,647.62980755
Coahuila,2018,2,False,1570.54263984,922.91283229
Coahuila,2018,3,False,2581.04887464,1010.5062348000001
Coahuila,2018,4,False,3290.19166912,709.1427944799998
Coahuila,2019,1,False,588.47728569,588.47728569
Coahuila,2019,2,False,837.45491242,248.97762673
Coahuila,2019,3,False,1117.71676078,280.26184835999993
Coahuila,2019,4,False,1492.10863116,374.39187038
Coahuila,2020,1,False,392.06927119,392.06927119
Coahuila,2020,2,False,814.51546347,422.44619228
Coahuila,2020,3,False,628.57394616,-185.94151731
Coahuila,2020,4,False,852.11011832,223.53617215999998
Coahuila,2021,1,False,528.53880025,528.53880025
Coahuila,2021,2,False,1004.80286156,476.26406131
Coahuila,2021,3,False,1120.81512442,116.01226286000008
Coahuila,2021,4,False,1039.08058047,-81.73454394999999
Coahuila,2022,1,False,321.73392024,321.73392024
Coahuila,2022,2,False,671.51686602,349.78294578
Coahuila,2022,3,False,814.80885832,143.29199230000006
Coahuila,2022,4,False,879.9459039,65.13704557999995
Coahuila,2023,1,False,522.78804687,522.78804687
Coahuila,2023,2,False,1189.99150483,667.2034579599999
Coahuila,2023,3,False,830.64415012,-359.34735471
Coahuila,2023,4,False,924.4356718,93.79152168000007
Coahuila,2024,1,False,110.89818248,110.89818248
Coahuila,2024,2,False,304.06035138,193.16216889999998
Coahuila,2024,3,False,536.92432914,232.86397776000007
Coahuila,2024,4,False,200.33216196,-336.59216718000005
Coahuila,2025,1,False,480.7454544,480.7454544
Coahuila,2025,2,False,1029.25640631,548.5109519100001
Coahuila,2025,3,False,1382.69499823,353.4385919199999
Coahuila,2025,4,False,1306.0719745,-76.62302373000011
Colima,2006,1,False,60.808792,60.808792
Colima,2006,2,False,79.5121929,18.703400900000005
Colima,2006,3,False,91.83807854,12.325885639999996
Colima,2006,4,False,106.49998155,14.661903010000003
Colima,2007,1,False,36.953273,36.953273
Colima,2007,2,False,46.75264952,9.799376519999996
Colima,2007,3,False,48.3302489,1.5775993800000023
Colima,2007,4,False,118.7007917,70.3705428
Colima,2008,1,False,21.98822979,21.98822979
Colima,2008,2,False,149.32755536,127.33932557
Colima,2008,3,False,157.55816069,8.230605330000003
Colima,2008,4,False,187.54311769,29.98495700000001
Colima,2009,1,False,61.07423465,61.07423465
Colima,2009,2,False,77.37052909,16.296294440000004
Colima,2009,3,False,106.12788796,28.75735886999999
Colima,2009,4,False,134.86469896,28.736811000000003
Colima,2010,1,False,129.44846581,129.44846581
Colima,2010,2,False,205.42868081,75.98021500000002
Colima,2010,3,False,255.23979215,49.81111134
Colima,2010,4,False,264.83887715,9.599084999999974
Colima,2011,1,False,15.15626276,15.15626276
Colima,2011,2,False,110.32493476,95.168672
Colima,2011,3,False,144.27327997,33.94834521
Colima,2011,4,False,154.61332615,10.340046180000002
Colima,2012,1,False,-8.04360511,-8.04360511
Colima,2012,2,False,19.5259898,27.56959491
Colima,2012,3,False,14.3189448,-5.207045000000001
Colima,2012,4,False,60.45569382,46.136749019999996
Colima,2013,1,False,-1.97034933,-1.97034933
Colima,2013,2,False,50.68550305,52.65585238
Colima,2013,3,False,225.79131805,175.105815
Colima,2013,4,False,167.78738142,-58.00393663
Colima,2014,1,False,125.15025784,125.15025784
Colima,2014,2,False,143.3537907,18.203532859999996
Colima,2014,3,False,169.62796286,26.274172160000006
Colima,2014,4,False,195.63570299,26.007740130000002
Colima,2015,1,False,111.0042562,111.0042562
Colima,2015,2,False,111.24230099,0.23804479000000356
Colima,2015,3,False,150.70980923,39.46750823999999
Colima,2015,4,False,165.32227102,14.612461789999998
Colima,2016,1,False,43.96793374,43.96793374
Colima,2016,2,False,36.11570399,-7.852229749999999
Colima,2016,3,False,-4.21227963,-40.32798362
Colima,2016,4,False,-24.22497056,-20.012690929999998
Colima,2017,1,False,54.34007487,54.34007487
Colima,2017,2,False,82.77962548,28.439550610000005
Colima,2017,3,False,105.24244119,22.462815709999987
Colima,2017,4,False,132.22007177,26.97763058000001
Colima,2018,1,False,51.22021958,51.22021958
Colima,2018,2,False,66.43707008,15.2168505
Colima,2018,3,False,77.71437467,11.27730459
Colima,2018,4,False,90.6961999,12.981825229999998
Colima,2019,1,False,39.05638709,39.05638709
Colima,2019,2,False,46.98534706,7.928959970000001
Colima,2019,3,False,53.05902961,6.073682550000001
Colima,2019,4,False,41.36634316,-11.692686450000004
Colima,2020,1,False,78.80972248,78.80972248
Colima,2020,2,False,101.52596889,22.716246409999997
Colima,2020,3,False,110.11166982,8.585700930000002
Colima,2020,4,False,92.06589544,-18.045774379999997
Colima,2021,1,False,88.28049769,88.28049769
Colima,2021,2,False,85.27702303,-3.003474660000009
Colima,2021,3,False,74.39110786,-10.88591516999999
Colima,2021,4,False,91.35779608,16.966688219999995
Colima,2022,1,False,58.68256204,58.68256204
Colima,2022,2,False,41.83113431,-16.851427729999997
Colima,2022,3,False,74.45100617,32.619871859999996
Colima,2022,4,False,95.06728025,20.616274079999997
Colima,2023,1,False,27.41498321,27.41498321
Colima,2023,2,False,36.53552086,9.12053765
Colima,2023,3,False,45.63671487,9.10119401
Colima,2023,4,False,57.16858115,11.531866280000003
Colima,2024,1,False,240.27635042,240.27635042
Colima,2024,2,False,244.99047494,4.714124520000013
Colima,2024,3,False,261.25895316,16.268478219999963
Colima,2024,4,False,262.62495673,1.3660035700000321
Colima,2025,1,False,59.70977067,59.70977067
Colima,2025,2,False,271.83021598,212.12044530999998
Colima,2025,3,False,258.23172719,-13.598488789999976
Colima,2025,4,False,254.16701895,-4.064708240000016
Durango,2006,1,False,28.621566,28.621566
Durango,2006,2,False,-19.813333,-48.434899
Durango,2006,3,False,-22.912166,-3.098832999999999
Durango,2006,4,False,10.77438,33.686546
Durango,2007,1,False,56.231209,56.231209
Durango,2007,2,False,76.272813,20.041604
Durango,2007,3,False,231.179371,154.90655800000002
Durango,2007,4,False,421.617602,190.43823099999997
Durango,2008,1,False,71.170468,71.170468
Durango,2008,2,False,191.328746,120.158278
Durango,2008,3,False,313.645714,122.316968
Durango,2008,4,False,488.132089,174.486375
Durango,2009,1,False,25.27768,25.27768
Durango,2009,2,False,64.942742,39.66506199999999
Durango,2009,3,False,114.69214339,49.74940139
Durango,2009,4,False,127.36882939,12.676686000000004
Durango,2010,1,False,53.154603,53.154603
Durango,2010,2,False,106.997287,53.842684
Durango,2010,3,False,283.62372,176.626433
Durango,2010,4,False,414.0637624,130.44004239999998
Durango,2011,1,False,137.39630786,137.39630786
Durango,2011,2,False,210.79310986,73.39680199999998
Durango,2011,3,False,217.39032086,6.597211000000016
Durango,2011,4,False,228.61928688,11.228966020000001
Durango,2012,1,False,88.59165157,88.59165157
Durango,2012,2,False,103.48927169,14.89762012
Durango,2012,3,False,161.87629469,58.38702300000001
Durango,2012,4,False,268.38881627,106.51252158
Durango,2013,1,False,57.57407715,57.57407715
Durango,2013,2,False,174.08805554,116.51397839
Durango,2013,3,False,202.51490954,28.42685399999999
Durango,2013,4,False,482.4867997,279.97189016000004
Durango,2014,1,False,112.07595809,112.07595809
Durango,2014,2,False,94.27738918,-17.79856891
Durango,2014,3,False,134.09817722,39.82078804
Durango,2014,4,False,155.88362224,21.785445019999997
Durango,2015,1,False,59.16862151,59.16862151
Durango,2015,2,False,106.75927793,47.590656419999995
Durango,2015,3,False,216.25635887,109.49708094000002
Durango,2015,4,False,231.09895541,14.842596539999988
Durango,2016,1,False,69.97820674,69.97820674
Durango,2016,2,False,193.77475603,123.79654928999999
Durango,2016,3,False,215.61961056,21.84485453000002
Durango,2016,4,False,275.9363663,60.31675573999996
Durango,2017,1,False,30.06866024,30.06866024
Durango,2017,2,False,51.23862477,21.16996453
Durango,2017,3,False,80.8847268,29.646102029999994
Durango,2017,4,False,131.1131911,50.2284643
Durango,2018,1,False,143.23581774,143.23581774
Durango,2018,2,False,347.67068198,204.43486424
Durango,2018,3,False,326.50168937,-21.168992609999975
Durango,2018,4,False,391.0602771,64.55858773
Durango,2019,1,False,92.32212075,92.32212075
Durango,2019,2,False,124.75681022,32.43468947000001
Durango,2019,3,False,201.74912242,76.99231219999999
Durango,2019,4,False,178.53047723,-23.21864518999999
Durango,2020,1,False,363.84039115,363.84039115
Durango,2020,2,False,556.79331322,192.95292206999994
Durango,2020,3,False,761.74209856,204.9487853400001
Durango,2020,4,False,496.54171184,-265.20038672000004
Durango,2021,1,False,455.07424841,455.07424841
Durango,2021,2,False,562.13970969,107.06546128000002
Durango,2021,3,False,474.41955765,-87.72015204000002
Durango,2021,4,False,461.83637568,-12.583181969999998
Durango,2022,1,False,223.30607018,223.30607018
Durango,2022,2,False,340.54020669,117.23413650999998
Durango,2022,3,False,400.74892342,60.20871672999999
Durango,2022,4,False,565.55281174,164.80388832000006
Durango,2023,1,False,320.74478802,320.74478802
Durango,2023,2,False,309.65716252,-11.087625500000001
Durango,2023,3,False,330.32718455,20.67002203000004
Durango,2023,4,False,396.16726479,65.84008023999996
Durango,2024,1,False,119.89177109,119.89177109
Durango,2024,2,False,156.61399362,36.722222529999996
Durango,2024,3,False,247.71118823,91.09719461
Durango,2024,4,False,306.86777792,59.156589689999976
Durango,2025,1,False,-7.9191721,-7.9191721
Durango,2025,2,False,-17.38393582,-9.46476372
Durango,2025,3,False,-40.6498422,-23.26590638
Durango,2025,4,False,-15.50749244,25.142349760000002
Estado de México,2006,1,False,875.87208307,875.87208307
Estado de México,2006,2,False,1611.24148807,735.369405
Estado de México,2006,3,False,1824.31715107,213.07566299999985
Estado de México,2006,4,False,2403.10428407,578.7871330000003
Estado de México,2007,1,False,948.76246802,948.76246802
Estado de México,2007,2,False,1382.71472641,433.9522583899999
Estado de México,2007,3,False,1464.92180541,82.20707900000002
Estado de México,2007,4,False,2220.91618841,755.994383
Estado de México,2008,1,False,1136.87213533,1136.87213533
Estado de México,2008,2,False,1753.27697375,616.40483842
Estado de México,2008,3,False,2135.95954391,382.68257015999984
Estado de México,2008,4,False,2345.89190391,209.93236000000024
Estado de México,2009,1,False,531.21841347,531.21841347
Estado de México,2009,2,False,955.93774553,424.71933206000006
Estado de México,2009,3,False,1039.04172551,83.10397998000008
Estado de México,2009,4,False,1592.38048435,553.3387588399999
Estado de México,2010,1,False,1130.77739287,1130.77739287
Estado de México,2010,2,False,1582.78433393,452.0069410599999
Estado de México,2010,3,False,1862.9592518,280.17491786999994
Estado de México,2010,4,False,2028.37880937,165.41955757000005
Estado de México,2011,1,False,1282.53039708,1282.53039708
Estado de México,2011,2,False,1735.13689488,452.60649779999994
Estado de México,2011,3,False,2173.48736331,438.3504684300001
Estado de México,2011,4,False,2712.08442106,538.5970577499997
Estado de México,2012,1,False,1162.28319133,1162.28319133
Estado de México,2012,2,False,2361.25238685,1198.9691955200003
Estado de México,2012,3,False,2782.02471717,420.7723303199996
Estado de México,2012,4,False,3119.57879737,337.55408020000004
Estado de México,2013,1,False,1169.76105568,1169.76105568
Estado de México,2013,2,False,3826.56304708,2656.8019914
Estado de México,2013,3,False,3995.22751228,168.6644652
Estado de México,2013,4,False,4608.43804491,613.2105326299998
Estado de México,2014,1,False,1079.84231888,1079.84231888
Estado de México,2014,2,False,1694.811261,614.9689421200001
Estado de México,2014,3,False,1882.54396729,187.7327062899999
Estado de México,2014,4,False,3581.42938666,1698.8854193700001
Estado de México,2015,1,False,1056.25619737,1056.25619737
Estado de México,2015,2,False,2239.20006081,1182.94386344
Estado de México,2015,3,False,2891.32940042,652.12933961
Estado de México,2015,4,False,2959.75669983,68.4272994099997
Estado de México,2016,1,False,1159.68532641,1159.68532641
Estado de México,2016,2,False,1378.03163236,218.34630595
Estado de México,2016,3,False,1684.26421002,306.23257766000006
Estado de México,2016,4,False,2407.82139412,723.5571841000001
Estado de México,2017,1,False,1244.54411971,1244.54411971
Estado de México,2017,2,False,2007.71138591,763.1672662000001
Estado de México,2017,3,False,3467.01933656,1459.3079506499998
Estado de México,2017,4,False,3761.43041235,294.41107579000027
Estado de México,2018,1,False,1250.69157695,1250.69157695
Estado de México,2018,2,False,1841.57894862,590.88737167
Estado de México,2018,3,False,2085.82494883,244.24600020999992
Estado de México,2018,4,False,2333.83152235,248.00657352000007
Estado de México,2019,1,False,1533.47001794,1533.47001794
Estado de México,2019,2,False,1972.08195922,438.6119412800001
Estado de México,2019,3,False,2439.44592589,467.3639666700001
Estado de México,2019,4,False,2933.07903268,493.63310679000006
Estado de México,2020,1,False,1700.04160474,1700.04160474
Estado de México,2020,2,False,2158.52347026,458.48186552000016
Estado de México,2020,3,False,2118.31604236,-40.20742789999986
Estado de México,2020,4,False,2385.28461659,266.96857422999983
Estado de México,2021,1,False,994.25095491,994.25095491
Estado de México,2021,2,False,988.59767119,-5.65328371999999
Estado de México,2021,3,False,1349.73698345,361.13931226
Estado de México,2021,4,False,1535.54132594,185.80434248999995
Estado de México,2022,1,False,1167.78874292,1167.78874292
Estado de México,2022,2,False,2121.27165179,953.4829088699998
Estado de México,2022,3,False,2348.40715108,227.1354992900001
Estado de México,2022,4,False,2294.64418198,-53.76296909999974
Estado de México,2023,1,False,1222.95647942,1222.95647942
Estado de México,2023,2,False,1303.37001925,80.41353982999999
Estado de México,2023,3,False,1702.90313775,399.5331185
Estado de México,2023,4,False,1928.28916237,225.38602461999994
Estado de México,2024,1,False,1171.49419314,1171.49419314
Estado de México,2024,2,False,1597.12458427,425.6303911299999
Estado de México,2024,3,False,2592.55439029,995.4298060199999
Estado de México,2024,4,False,2195.30375422,-397.2506360699999
Estado de México,2025,1,False,2059.93689666,2059.93689666
Estado de México,2025,2,False,2538.85056567,478.9136690099999
Estado de México,2025,3,False,3248.17574091,709.3251752400001
Estado de México,2025,4,False,3121.78267244,-126.39306846999989
Guanajuato,2006,1,False,357.013695,357.013695
Guanajuato,2006,2,False,632.715611,275.701916
Guanajuato,2006,3,False,415.324212,-217.39139899999998
Guanajuato,2006,4,False,596.469222,181.14500999999996
Guanajuato,2007,1,False,342.924366,342.924366
Guanajuato,2007,2,False,567.66002152,224.73565551999997
Guanajuato,2007,3,False,880.47169697,312.81167545000005
Guanajuato,2007,4,False,1091.99863697,211.52693999999997
Guanajuato,2008,1,False,305.187014,305.187014
Guanajuato,2008,2,False,542.116804,236.92979000000003
Guanajuato,2008,3,False,659.993897,117.87709299999995
Guanajuato,2008,4,False,751.784794,91.79089700000009
Guanajuato,2009,1,False,109.19777055,109.19777055
Guanajuato,2009,2,False,171.15147655,61.95370600000001
Guanajuato,2009,3,False,263.62573714,92.47426059
Guanajuato,2009,4,False,508.59799897,244.97226182999998
Guanajuato,2010,1,False,189.40134456,189.40134456
Guanajuato,2010,2,False,288.11642404,98.71507948000001
Guanajuato,2010,3,False,313.19675236,25.08032831999998
Guanajuato,2010,4,False,399.27387354,86.07712118
Guanajuato,2011,1,False,677.88962386,677.88962386
Guanajuato,2011,2,False,917.84302262,239.95339876000003
Guanajuato,2011,3,False,1337.11969162,419.27666899999986
Guanajuato,2011,4,False,1424.68559679,87.56590517000018
Guanajuato,2012,1,False,276.47002957,276.47002957
Guanajuato,2012,2,False,613.99654862,337.52651905
Guanajuato,2012,3,False,1008.38323922,394.38669059999995
Guanajuato,2012,4,False,1321.19333178,312.81009256000016
Guanajuato,2013,1,False,427.4407674,427.4407674
Guanajuato,2013,2,False,1874.83883798,1447.39807058
Guanajuato,2013,3,False,2005.21090995,130.37207196999998
Guanajuato,2013,4,False,2621.3829187,616.17200875
Guanajuato,2014,1,False,559.16962046,559.16962046
Guanajuato,2014,2,False,1058.28621366,499.1165931999999
Guanajuato,2014,3,False,1085.5637187,27.27750504000005
Guanajuato,2014,4,False,1317.88567003,232.32195133000005
Guanajuato,2015,1,False,501.95388793,501.95388793
Guanajuato,2015,2,False,519.10223775,17.148349819999964
Guanajuato,2015,3,False,939.08970471,419.98746696
Guanajuato,2015,4,False,1752.81332972,813.72362501
Guanajuato,2016,1,False,549.11754958,549.11754958
Guanajuato,2016,2,False,900.81843059,351.7008810100001
Guanajuato,2016,3,False,1152.80948636,251.9910557699999
Guanajuato,2016,4,False,1332.59015018,179.78066381999997
Guanajuato,2017,1,False,749.23228806,749.23228806
Guanajuato,2017,2,False,1179.76148549,430.52919743000007
Guanajuato,2017,3,False,1650.94525453,471.18376904
Guanajuato,2017,4,False,1677.91720201,26.971947479999926
Guanajuato,2018,1,False,588.5415515,588.5415515
Guanajuato,2018,2,False,1390.73904687,802.1974953700001
Guanajuato,2018,3,False,1932.30310092,541.5640540499999
Guanajuato,2018,4,False,2469.79566241,537.4925614900003
Guanajuato,2019,1,False,41.69896065,41.69896065
Guanajuato,2019,2,False,192.88396176,151.18500111
Guanajuato,2019,3,False,583.74051578,390.85655402
Guanajuato,2019,4,False,796.03621102,212.29569524
Guanajuato,2020,1,False,290.1567388,290.1567388
Guanajuato,2020,2,False,542.04690371,251.89016491
Guanajuato,2020,3,False,267.48170394,-274.56519977000005
Guanajuato,2020,4,False,199.33006219,-68.15164174999998
Guanajuato,2021,1,False,1107.89875172,1107.89875172
Guanajuato,2021,2,False,1137.58627422,29.687522499999886
Guanajuato,2021,3,False,1764.12065283,626.53437861
Guanajuato,2021,4,False,1798.07999157,33.95933874000002
Guanajuato,2022,1,False,729.46695441,729.46695441
Guanajuato,2022,2,False,1159.14315335,429.67619893999995
Guanajuato,2022,3,False,1664.11154616,504.96839281000007
Guanajuato,2022,4,False,1559.01951278,-105.09203337999998
Guanajuato,2023,1,False,866.18403037,866.18403037
Guanajuato,2023,2,False,1336.13521164,469.9511812700001
Guanajuato,2023,3,False,1415.41288757,79.27767592999999
Guanajuato,2023,4,False,677.57737688,-737.8355106900001
Guanajuato,2024,1,False,952.43475652,952.43475652
Guanajuato,2024,2,False,1317.76959943,365.33484291
Guanajuato,2024,3,False,1686.55665727,368.78705784
Guanajuato,2024,4,False,1435.41856045,-251.13809681999987
Guanajuato,2025,1,False,689.92834598,689.92834598
Guanajuato,2025,2,False,1014.86064807,324.93230209
Guanajuato,2025,3,False,1142.877469,128.01682093
Guanajuato,2025,4,False,770.08505091,-372.79241809000007
Guerrero,2006,1,False,57.18262096,57.18262096
Guerrero,2006,2,False,81.1087354,23.92611444
Guerrero,2006,3,False,93.0020114,11.893276
Guerrero,2006,4,False,164.02679763,71.02478623
Guerrero,2007,1,False,104.670472,104.670472
Guerrero,2007,2,False,129.89724355,25.22677155000001
Guerrero,2007,3,False,91.75655063,-38.140692920000006
Guerrero,2007,4,False,112.3540048,20.597454169999992
Guerrero,2008,1,False,39.51090691,39.51090691
Guerrero,2008,2,False,98.19342591,58.682519
Guerrero,2008,3,False,553.3079367,455.11451079000005
Guerrero,2008,4,False,574.9460351,21.63809839999999
Guerrero,2009,1,False,17.6478132,17.6478132
Guerrero,2009,2,False,85.7451232,68.09731
Guerrero,2009,3,False,94.7778342,9.032711000000006
Guerrero,2009,4,False,136.01410807,41.23627386999999
Guerrero,2010,1,False,116.69352428,116.69352428
Guerrero,2010,2,False,150.43816257,33.74463829
Guerrero,2010,3,False,143.21777957,-7.220382999999998
Guerrero,2010,4,False,139.55118157,-3.6665979999999934
Guerrero,2011,1,False,70.34463285,70.34463285
Guerrero,2011,2,False,131.3830596,61.03842675
Guerrero,2011,3,False,177.66945879,46.28639919
Guerrero,2011,4,False,241.8040872,64.13462841
Guerrero,2012,1,False,66.5032632,66.5032632
Guerrero,2012,2,False,99.93872118,33.435457979999995
Guerrero,2012,3,False,128.15071518,28.21199399999999
Guerrero,2012,4,False,164.28460464,36.133889460000006
Guerrero,2013,1,False,130.09107027,130.09107027
Guerrero,2013,2,False,796.35175776,666.26068749
Guerrero,2013,3,False,831.37298609,35.021228329999985
Guerrero,2013,4,False,1088.17372931,256.80074321999996
Guerrero,2014,1,False,176.16239022,176.16239022
Guerrero,2014,2,False,360.0876815,183.92529127999998
Guerrero,2014,3,False,476.79700722,116.70932572000004
Guerrero,2014,4,False,479.40576144,2.6087542199999803
Guerrero,2015,1,False,68.69219483,68.69219483
Guerrero,2015,2,False,125.7740881,57.081893269999995
Guerrero,2015,3,False,146.17445672,20.400368619999995
Guerrero,2015,4,False,164.12831758,17.953860859999992
Guerrero,2016,1,False,79.38535741,79.38535741
Guerrero,2016,2,False,91.96252734,12.577169929999997
Guerrero,2016,3,False,117.88257915,25.920051810000004
Guerrero,2016,4,False,180.66823747,62.78565832000001
Guerrero,2017,1,False,46.44586359,46.44586359
Guerrero,2017,2,False,383.96689276,337.52102917
Guerrero,2017,3,False,423.41805116,39.4511584
Guerrero,2017,4,False,410.41400706,-13.004044099999987
Guerrero,2018,1,False,41.67157543,41.67157543
Guerrero,2018,2,False,64.77523807,23.103662640000003
Guerrero,2018,3,False,436.50831475,371.73307668
Guerrero,2018,4,False,402.16717958,-34.34113517000003
Guerrero,2019,1,False,185.13876279,185.13876279
Guerrero,2019,2,False,203.48357109,18.34480830000001
Guerrero,2019,3,False,236.31031114,32.82674005000001
Guerrero,2019,4,False,275.53500944,39.2246983
Guerrero,2020,1,False,274.60442789,274.60442789
Guerrero,2020,2,False,293.99048883,19.386060939999993
Guerrero,2020,3,False,317.19906708,23.208578250000016
Guerrero,2020,4,False,296.87249708,-20.326570000000004
Guerrero,2021,1,False,143.87671756,143.87671756
Guerrero,2021,2,False,292.15276017,148.27604261000002
Guerrero,2021,3,False,576.47273861,284.31997843999994
Guerrero,2021,4,False,669.3346785,92.86193989000003
Guerrero,2022,1,False,73.96206119,73.96206119
Guerrero,2022,2,False,137.41174474,63.44968354999999
Guerrero,2022,3,False,197.19340752,59.781662780000005
Guerrero,2022,4,False,246.1704787,48.977071179999996
Guerrero,2023,1,False,-193.75813464,-193.75813464
Guerrero,2023,2,False,-191.21196842,2.5461662200000035
Guerrero,2023,3,False,-177.43612212,13.775846300000012
Guerrero,2023,4,False,-195.93593081,-18.49980869000001
Guerrero,2024,1,False,31.18115959,31.18115959
Guerrero,2024,2,False,54.59611679,23.414957200000003
Guerrero,2024,3,False,42.62128449,-11.974832300000003
Guerrero,2024,4,False,44.6268751,2.0055906099999987
Guerrero,2025,1,False,5.36132552,5.36132552
Guerrero,2025,2,False,61.23787888,55.876553359999996
Guerrero,2025,3,False,134.82258379,73.58470491000001
Guerrero,2025,4,False,92.94584248,-41.876741310000014
Hidalgo,2006,1,False,124.241691,124.241691
Hidalgo,2006,2,False,172.68206,48.440369000000004
Hidalgo,2006,3,False,169.029715,-3.652344999999997
Hidalgo,2006,4,False,194.382045,25.352329999999995
Hidalgo,2007,1,False,46.866931,46.866931
Hidalgo,2007,2,False,65.269366,18.402435000000004
Hidalgo,2007,3,False,92.747155,27.477789
Hidalgo,2007,4,False,87.068187,-5.678968000000012
Hidalgo,2008,1,False,55.326739,55.326739
Hidalgo,2008,2,False,93.921011,38.59427199999999
Hidalgo,2008,3,False,104.567754,10.646743
Hidalgo,2008,4,False,121.744071,17.17631700000001
Hidalgo,2009,1,False,25.255137,25.255137
Hidalgo,2009,2,False,58.309287,33.05414999999999
Hidalgo,2009,3,False,67.068172,8.758885000000006
Hidalgo,2009,4,False,111.455124,44.386951999999994
Hidalgo,2010,1,False,72.018851,72.018851
Hidalgo,2010,2,False,337.784647,265.765796
Hidalgo,2010,3,False,359.831636,22.046988999999996
Hidalgo,2010,4,False,380.346931,20.51529499999998
Hidalgo,2011,1,False,135.7088613,135.7088613
Hidalgo,2011,2,False,181.44838884,45.73952754000001
Hidalgo,2011,3,False,199.05770484,17.609316000000007
Hidalgo,2011,4,False,265.52540805,66.46770321
Hidalgo,2012,1,False,34.31308511,34.31308511
Hidalgo,2012,2,False,55.68615078,21.373065669999995
Hidalgo,2012,3,False,150.21394678,94.527796
Hidalgo,2012,4,False,178.80899578,28.595049000000017
Hidalgo,2013,1,False,96.57782326,96.57782326
Hidalgo,2013,2,False,420.12580457,323.54798131
Hidalgo,2013,3,False,380.27558057,-39.850224000000026
Hidalgo,2013,4,False,470.02068617,89.74510559999999
Hidalgo,2014,1,False,99.79252991,99.79252991
Hidalgo,2014,2,False,-52.25768264,-152.05021255
Hidalgo,2014,3,False,-67.5200456,-15.262362960000004
Hidalgo,2014,4,False,-66.07296627,1.4470793300000082
Hidalgo,2015,1,False,240.09765528,240.09765528
Hidalgo,2015,2,False,314.84242321,74.74476793
Hidalgo,2015,3,False,331.24258505,16.40016184000001
Hidalgo,2015,4,False,523.72557033,192.48298527999998
Hidalgo,2016,1,False,130.74189662,130.74189662
Hidalgo,2016,2,False,184.4516251,53.709728479999995
Hidalgo,2016,3,False,267.3159386,82.86431349999998
Hidalgo,2016,4,False,444.57381901,177.25788041000004
Hidalgo,2017,1,False,93.77729179,93.77729179
Hidalgo,2017,2,False,215.45219559,121.6749038
Hidalgo,2017,3,False,269.65402414,54.20182854999999
Hidalgo,2017,4,False,349.36115393,79.70712979000001
Hidalgo,2018,1,False,158.00140056,158.00140056
Hidalgo,2018,2,False,194.99645881,36.99505825
Hidalgo,2018,3,False,169.69375501,-25.302703800000018
Hidalgo,2018,4,False,186.47813984,16.784384830000022
Hidalgo,2019,1,False,124.46187341,124.46187341
Hidalgo,2019,2,False,211.86813814,87.40626473000002
Hidalgo,2019,3,False,233.50097848,21.632840339999973
Hidalgo,2019,4,False,283.87447691,50.37349843000001
Hidalgo,2020,1,False,94.32882504,94.32882504
Hidalgo,2020,2,False,234.67187266,140.34304762
Hidalgo,2020,3,False,250.11624852,15.444375860000008
Hidalgo,2020,4,False,278.71752367,28.601275149999992
Hidalgo,2021,1,False,121.80936691,121.80936691
Hidalgo,2021,2,False,137.34037773,15.531010820000006
Hidalgo,2021,3,False,194.38432487,57.04394714
Hidalgo,2021,4,False,176.26853438,-18.115790489999995
Hidalgo,2022,1,False,153.65033236,153.65033236
Hidalgo,2022,2,False,280.67444339,127.02411103000003
Hidalgo,2022,3,False,398.20543958,117.53099619
Hidalgo,2022,4,False,412.74001768,14.534578099999976
Hidalgo,2023,1,False,196.95808787,196.95808787
Hidalgo,2023,2,False,269.67550386,72.71741598999998
Hidalgo,2023,3,False,359.32719374,89.65168987999999
Hidalgo,2023,4,False,346.43085038,-12.896343360000003
Hidalgo,2024,1,False,223.29267733,223.29267733
Hidalgo,2024,2,False,429.83720011,206.54452278000002
Hidalgo,2024,3,False,288.24429134,-141.59290877
Hidalgo,2024,4,False,302.13062652,13.886335180000003
Hidalgo,2025,1,False,124.35568623,124.35568623
Hidalgo,2025,2,False,92.73158966,-31.624096570000006
Hidalgo,2025,3,False,100.75864509,8.027055430000004
Hidalgo,2025,4,False,193.69722089,92.93857580000001
Jalisco,2006,1,False,171.69822535,171.69822535
Jalisco,2006,2,False,639.6133926,467.91516724999997
Jalisco,2006,3,False,829.56710533,189.95371273
Jalisco,2006,4,False,992.73878479,163.17167945999995
Jalisco,2007,1,False,460.20352729,460.20352729
Jalisco,2007,2,False,706.09060087,245.88707358
Jalisco,2007,3,False,702.13846312,-3.95213775000002
Jalisco,2007,4,False,1837.71809601,1135.57963289
Jalisco,2008,1,False,205.40282671,205.40282671
Jalisco,2008,2,False,591.85215368,386.44932697
Jalisco,2008,3,False,745.82701812,153.97486444000003
Jalisco,2008,4,False,1040.67344655,294.84642843000006
Jalisco,2009,1,False,401.36988503,401.36988503
Jalisco,2009,2,False,811.39686863,410.0269836
Jalisco,2009,3,False,1141.75122762,330.35435899000004
Jalisco,2009,4,False,1005.72111359,-136.03011403000005
Jalisco,2010,1,False,410.27805565,410.27805565
Jalisco,2010,2,False,1192.63025333,782.35219768
Jalisco,2010,3,False,1539.41647357,346.78622024000015
Jalisco,2010,4,False,2210.2951618,670.8786882300001
Jalisco,2011,1,False,200.80237653,200.80237653
Jalisco,2011,2,False,602.76784158,401.96546505
Jalisco,2011,3,False,741.60678644,138.83894485999997
Jalisco,2011,4,False,1036.30078698,294.69400054000016
Jalisco,2012,1,False,622.64037717,622.64037717
Jalisco,2012,2,False,909.15302642,286.51264925
Jalisco,2012,3,False,1177.88803909,268.73501266999995
Jalisco,2012,4,False,1415.26239003,237.3743509400001
Jalisco,2013,1,False,172.05222125,172.05222125
Jalisco,2013,2,False,1974.07932318,1802.02710193
Jalisco,2013,3,False,2384.73119886,410.6518756799999
Jalisco,2013,4,False,2937.91638611,553.1851872500001
Jalisco,2014,1,False,679.27193236,679.27193236
Jalisco,2014,2,False,703.19378836,23.921855999999934
Jalisco,2014,3,False,1012.40145143,309.20766306999997
Jalisco,2014,4,False,1684.59803796,672.1965865300001
Jalisco,2015,1,False,1236.93070801,1236.93070801
Jalisco,2015,2,False,1553.37828476,316.44757675000005
Jalisco,2015,3,False,2331.32270482,777.9444200600001
Jalisco,2015,4,False,3138.39722865,807.0745238300001
Jalisco,2016,1,False,1462.67533453,1462.67533453
Jalisco,2016,2,False,1812.00131565,349.3259811199998
Jalisco,2016,3,False,1857.04416352,45.04284787000006
Jalisco,2016,4,False,2102.27134825,245.22718472999986
Jalisco,2017,1,False,539.15243377,539.15243377
Jalisco,2017,2,False,734.46967931,195.31724553999993
Jalisco,2017,3,False,1050.0799983,315.61031899
Jalisco,2017,4,False,1552.88968848,502.80969017999996
Jalisco,2018,1,False,1271.93969589,1271.93969589
Jalisco,2018,2,False,1259.83842836,-12.101267529999859
Jalisco,2018,3,False,1611.54565902,351.7072306599998
Jalisco,2018,4,False,1016.61818629,-594.9274727299999
Jalisco,2019,1,False,1629.35404181,1629.35404181
Jalisco,2019,2,False,2120.93738118,491.5833393700002
Jalisco,2019,3,False,2336.0928698,215.1554886199997
Jalisco,2019,4,False,1571.68579236,-764.4070774399997
Jalisco,2020,1,False,1426.47223668,1426.47223668
Jalisco,2020,2,False,2056.93748154,630.4652448600002
Jalisco,2020,3,False,2085.27863523,28.341153689999828
Jalisco,2020,4,False,2133.98751744,48.708882209999956
Jalisco,2021,1,False,943.89858791,943.89858791
Jalisco,2021,2,False,1174.09073343,230.19214552000005
Jalisco,2021,3,False,1383.28598644,209.19525301
Jalisco,2021,4,False,2143.48603565,760.2000492099999
Jalisco,2022,1,False,1628.61795508,1628.61795508
Jalisco,2022,2,False,2270.47756585,641.8596107699998
Jalisco,2022,3,False,2752.85683862,482.37927277000017
Jalisco,2022,4,False,2982.56614082,229.7093021999999
Jalisco,2023,1,False,1134.28585138,1134.28585138
Jalisco,2023,2,False,1265.75197451,131.46612313000014
Jalisco,2023,3,False,1426.85333394,161.10135943
Jalisco,2023,4,False,1911.20570965,484.35237570999993
Jalisco,2024,1,False,788.18095795,788.18095795
Jalisco,2024,2,False,915.6189873,127.43802934999997
Jalisco,2024,3,False,1156.02402316,240.4050358600001
Jalisco,2024,4,False,1164.99085549,8.966832329999988
Jalisco,2025,1,False,688.30072895,688.30072895
Jalisco,2025,2,False,1077.30055876,388.99982981000005
Jalisco,2025,3,False,1181.34487666,104.0443178999999
Jalisco,2025,4,False,1406.4181501,225.0732734400001
Michoacán,2006,1,False,38.51677,38.51677
Michoacán,2006,2,False,87.446766,48.929995999999996
Michoacán,2006,3,False,127.98216458,40.535398580000006
Michoacán,2006,4,False,63.35109658,-64.631068
Michoacán,2007,1,False,80.569794,80.569794
Michoacán,2007,2,False,1615.013695,1534.443901
Michoacán,2007,3,False,1677.573416,62.559720999999854
Michoacán,2007,4,False,1860.910894,183.33747800000015
Michoacán,2008,1,False,79.523149,79.523149
Michoacán,2008,2,False,131.29347,51.77032100000001
Michoacán,2008,3,False,147.291832,15.998361999999986
Michoacán,2008,4,False,187.211323,39.919490999999994
Michoacán,2009,1,False,38.297286,38.297286
Michoacán,2009,2,False,94.369649,56.072362999999996
Michoacán,2009,3,False,130.12734014,35.757691140000006
Michoacán,2009,4,False,156.47530514,26.347964999999988
Michoacán,2010,1,False,100.13574,100.13574
Michoacán,2010,2,False,154.26068,54.12494000000001
Michoacán,2010,3,False,145.45706787,-8.803612130000005
Michoacán,2010,4,False,158.19514287,12.73807500000001
Michoacán,2011,1,False,16.47947635,16.47947635
Michoacán,2011,2,False,98.64698984,82.16751349
Michoacán,2011,3,False,129.82676884,31.179778999999996
Michoacán,2011,4,False,150.68243436,20.855665520000002
Michoacán,2012,1,False,80.44212965,80.44212965
Michoacán,2012,2,False,65.90812396,-14.53400569
Michoacán,2012,3,False,180.36840196,114.460278
Michoacán,2012,4,False,335.97022796,155.601826
Michoacán,2013,1,False,146.29465587,146.29465587
Michoacán,2013,2,False,735.25985311,588.96519724
Michoacán,2013,3,False,811.69171711,76.43186400000002
Michoacán,2013,4,False,2247.67341018,1435.98169307
Michoacán,2014,1,False,121.72037253,121.72037253
Michoacán,2014,2,False,44.92877419,-76.79159834000001
Michoacán,2014,3,False,119.31764823,74.38887404
Michoacán,2014,4,False,211.47905261,92.16140438
Michoacán,2015,1,False,152.5423781,152.5423781
Michoacán,2015,2,False,207.60445728,55.062079179999984
Michoacán,2015,3,False,258.06293932,50.45848204000001
Michoacán,2015,4,False,419.02659778,160.96365845999998
Michoacán,2016,1,False,114.00345173,114.00345173
Michoacán,2016,2,False,108.91951086,-5.083940869999992
Michoacán,2016,3,False,124.79386513,15.874354269999998
Michoacán,2016,4,False,193.91553761,69.12167248
Michoacán,2017,1,False,129.88950518,129.88950518
Michoacán,2017,2,False,185.78139198,55.89188680000001
Michoacán,2017,3,False,177.45109104,-8.33030094
Michoacán,2017,4,False,294.68672484,117.23563380000002
Michoacán,2018,1,False,193.01599359,193.01599359
Michoacán,2018,2,False,293.64717333,100.63117974
Michoacán,2018,3,False,365.14934487,71.50217154
Michoacán,2018,4,False,437.06151744,71.91217257
Michoacán,2019,1,False,143.1724678,143.1724678
Michoacán,2019,2,False,159.61248518,16.44001738
Michoacán,2019,3,False,175.32423308,15.711747900000006
Michoacán,2019,4,False,298.00677271,122.68253963000001
Michoacán,2020,1,False,235.46466331,235.46466331
Michoacán,2020,2,False,256.66817784,21.203514530000007
Michoacán,2020,3,False,269.39592127,12.727743429999975
Michoacán,2020,4,False,272.79850033,3.4025790600000505
Michoacán,2021,1,False,1040.28305227,1040.28305227
Michoacán,2021,2,False,1064.79505011,24.51199783999982
Michoacán,2021,3,False,1058.02992281,-6.765127299999904
Michoacán,2021,4,False,1033.72841629,-24.301506519999975
Michoacán,2022,1,False,130.1037864,130.1037864
Michoacán,2022,2,False,154.36224406,24.258457660000005
Michoacán,2022,3,False,146.85727463,-7.5049694299999885
Michoacán,2022,4,False,166.85547435,19.998199720000002
Michoacán,2023,1,False,228.70099705,228.70099705
Michoacán,2023,2,False,205.27131832,-23.429678730000006
Michoacán,2023,3,False,214.23048185,8.959163529999984
Michoacán,2023,4,False,161.95139323,-52.27908861999998
Michoacán,2024,1,False,174.12454422,174.12454422
Michoacán,2024,2,False,201.24419425,27.119650030000003
Michoacán,2024,3,False,140.10496093,-61.13923331999999
Michoacán,2024,4,False,120.76608942,-19.338871510000004
Michoacán,2025,1,False,103.49861988,103.49861988
Michoacán,2025,2,False,155.75760421,52.258984330000004
Michoacán,2025,3,False,184.28317895,28.525574739999996
Michoacán,2025,4,False,178.76739313,-5.515785820000019
Morelos,2006,1,False,-13.968841,-13.968841
Morelos,2006,2,False,30.094259,44.0631
Morelos,2006,3,False,-3.332346,-33.426605
Morelos,2006,4,False,173.947325,177.279671
Morelos,2007,1,False,352.206628,352.206628
Morelos,2007,2,False,361.613286,9.406657999999993
Morelos,2007,3,False,372.945399,11.332112999999993
Morelos,2007,4,False,393.498015,20.552616
Morelos,2008,1,False,285.774477,285.774477
Morelos,2008,2,False,246.344507,-39.42997
Morelos,2008,3,False,256.257062,9.912555000000026
Morelos,2008,4,False,284.792855,28.535792999999956
Morelos,2009,1,False,133.030456,133.030456
Morelos,2009,2,False,176.71143136,43.68097536000002
Morelos,2009,3,False,186.13514336,9.423711999999995
Morelos,2009,4,False,121.69188636,-64.443257
Morelos,2010,1,False,133.233602,133.233602
Morelos,2010,2,False,138.835382,5.601780000000019
Morelos,2010,3,False,151.255452,12.420069999999981
Morelos,2010,4,False,199.379236,48.123784
Morelos,2011,1,False,108.07533352,108.07533352
Morelos,2011,2,False,117.73174506,9.656411539999993
Morelos,2011,3,False,120.39501806,2.6632730000000038
Morelos,2011,4,False,102.45875694,-17.936261119999998
Morelos,2012,1,False,129.1800001,129.1800001
Morelos,2012,2,False,179.7119651,50.531964999999985
Morelos,2012,3,False,231.8261511,52.11418600000002
Morelos,2012,4,False,274.31748208,42.49133097999999
Morelos,2013,1,False,83.14526281,83.14526281
Morelos,2013,2,False,302.42404496,219.27878214999998
Morelos,2013,3,False,353.49840742,51.074362459999975
Morelos,2013,4,False,451.15532289,97.65691547
Morelos,2014,1,False,249.67129163,249.67129163
Morelos,2014,2,False,305.35268817,55.68139654000001
Morelos,2014,3,False,342.1781832,36.825495029999956
Morelos,2014,4,False,356.51588729,14.337704090000045
Morelos,2015,1,False,251.82646498,251.82646498
Morelos,2015,2,False,332.90217305,81.07570806999999
Morelos,2015,3,False,468.15505446,135.25288141
Morelos,2015,4,False,485.93314823,17.778093769999998
Morelos,2016,1,False,151.79696868,151.79696868
Morelos,2016,2,False,157.34062267,5.543653989999996
Morelos,2016,3,False,201.74862907,44.408006400000005
Morelos,2016,4,False,234.86836017,33.119731099999996
Morelos,2017,1,False,216.00388202,216.00388202
Morelos,2017,2,False,381.24817093,165.24428891000002
Morelos,2017,3,False,463.38071332,82.13254238999997
Morelos,2017,4,False,603.07038406,139.68967074000005
Morelos,2018,1,False,121.4915912,121.4915912
Morelos,2018,2,False,265.85949131,144.36790011
Morelos,2018,3,False,211.85765008,-54.00184123
Morelos,2018,4,False,251.8669739,40.00932381999999
Morelos,2019,1,False,307.79919698,307.79919698
Morelos,2019,2,False,462.71529948,154.91610250000002
Morelos,2019,3,False,519.69851206,56.983212579999986
Morelos,2019,4,False,655.62047279,135.92196073000002
Morelos,2020,1,False,146.99040758,146.99040758
Morelos,2020,2,False,108.35207956,-38.63832802
Morelos,2020,3,False,151.75204413,43.399964569999995
Morelos,2020,4,False,386.68372927,234.93168514
Morelos,2021,1,False,74.69961434,74.69961434
Morelos,2021,2,False,135.82602885,61.126414510000004
Morelos,2021,3,False,184.54704872,48.72101986999999
Morelos,2021,4,False,94.7685623,-89.77848642
Morelos,2022,1,False,63.36915472,63.36915472
Morelos,2022,2,False,81.20867906,17.839524339999997
Morelos,2022,3,False,83.27005943,2.061380370000009
Morelos,2022,4,False,81.12928789,-2.140771540000003
Morelos,2023,1,False,149.1601024,149.1601024
Morelos,2023,2,False,155.59704457,6.436942170000009
Morelos,2023,3,False,179.20332114,23.606276570000006
Morelos,2023,4,False,195.25361689,16.050295749999975
Morelos,2024,1,False,99.00899729,99.00899729
Morelos,2024,2,False,138.23373266,39.22473536999999
Morelos,2024,3,False,143.12068648,4.886953820000002
Morelos,2024,4,False,150.0462471,6.925560619999999
Morelos,2025,1,False,11.24911189,11.24911189
Morelos,2025,2,False,118.53515746,107.28604557
Morelos,2025,3,False,70.88267532,-47.65248213999999
Morelos,2025,4,False,168.26351392,97.3808386
Nayarit,2006,1,False,42.17838287,42.17838287
Nayarit,2006,2,False,84.44196587,42.263583000000004
Nayarit,2006,3,False,169.95794396,85.51597808999999
Nayarit,2006,4,False,246.48780258,76.52985862
Nayarit,2007,1,False,58.1458108,58.1458108
Nayarit,2007,2,False,103.03278549,44.886974689999995
Nayarit,2007,3,False,183.2884585,80.25567301
Nayarit,2007,4,False,245.08981151,61.801353010000014
Nayarit,2008,1,False,28.76431811,28.76431811
Nayarit,2008,2,False,87.05604183,58.29172371999999
Nayarit,2008,3,False,99.99041625,12.934374419999997
Nayarit,2008,4,False,164.63711079,64.64669454000001
Nayarit,2009,1,False,13.39848596,13.39848596
Nayarit,2009,2,False,46.26089474,32.862408779999996
Nayarit,2009,3,False,78.98220465,32.72130991
Nayarit,2009,4,False,104.01333547,25.03113082
Nayarit,2010,1,False,80.69084451,80.69084451
Nayarit,2010,2,False,117.60891028,36.91806577
Nayarit,2010,3,False,140.35003828,22.741128000000003
Nayarit,2010,4,False,178.12765313,37.77761484999999
Nayarit,2011,1,False,54.35862366,54.35862366
Nayarit,2011,2,False,91.20446372,36.84584006000001
Nayarit,2011,3,False,119.07229078,27.867827059999996
Nayarit,2011,4,False,147.6603455,28.588054720000002
Nayarit,2012,1,False,25.80893904,25.80893904
Nayarit,2012,2,False,79.07955672,53.27061768
Nayarit,2012,3,False,95.60385872,16.524302000000006
Nayarit,2012,4,False,157.25738614,61.65352741999999
Nayarit,2013,1,False,41.37166982,41.37166982
Nayarit,2013,2,False,229.51478051,188.14311069000001
Nayarit,2013,3,False,491.14012487,261.62534436
Nayarit,2013,4,False,535.43292456,44.292799689999924
Nayarit,2014,1,False,46.64349572,46.64349572
Nayarit,2014,2,False,67.85899855,21.21550283
Nayarit,2014,3,False,75.63760323,7.778604680000001
Nayarit,2014,4,False,105.8003987,30.162795470000006
Nayarit,2015,1,False,39.52644701,39.52644701
Nayarit,2015,2,False,62.38660747,22.860160460000003
Nayarit,2015,3,False,84.8151681,22.428560629999993
Nayarit,2015,4,False,99.04417468,14.229006580000004
Nayarit,2016,1,False,30.26188708,30.26188708
Nayarit,2016,2,False,40.85667372,10.594786640000002
Nayarit,2016,3,False,52.50812993,11.65145621
Nayarit,2016,4,False,85.58025394,33.07212401
Nayarit,2017,1,False,31.82877465,31.82877465
Nayarit,2017,2,False,52.59070933,20.761934680000003
Nayarit,2017,3,False,83.32827347,30.737564139999996
Nayarit,2017,4,False,103.14926093,19.820987459999998
Nayarit,2018,1,False,34.19892301,34.19892301
Nayarit,2018,2,False,101.38500018,67.18607717
Nayarit,2018,3,False,126.6695257,25.28452551999999
Nayarit,2018,4,False,188.56847836,61.898952660000006
Nayarit,2019,1,False,54.85354954,54.85354954
Nayarit,2019,2,False,70.73469394,15.881144399999997
Nayarit,2019,3,False,92.46462526,21.729931320000006
Nayarit,2019,4,False,170.40035965,77.93573439000001
Nayarit,2020,1,False,84.2980732,84.2980732
Nayarit,2020,2,False,670.58737345,586.28930025
Nayarit,2020,3,False,776.91521366,106.32784020999998
Nayarit,2020,4,False,782.99267037,6.077456710000092
Nayarit,2021,1,False,159.06989766,159.06989766
Nayarit,2021,2,False,210.64423194,51.57433427999999
Nayarit,2021,3,False,245.08099051,34.436758569999995
Nayarit,2021,4,False,302.86750898,57.78651847000003
Nayarit,2022,1,False,195.53871514,195.53871514
Nayarit,2022,2,False,386.99352025,191.45480511000002
Nayarit,2022,3,False,430.35539392,43.361873669999966
Nayarit,2022,4,False,474.94908962,44.59369570000001
Nayarit,2023,1,False,78.06009748,78.06009748
Nayarit,2023,2,False,197.13236325,119.07226577
Nayarit,2023,3,False,283.1447069,86.01234365000002
Nayarit,2023,4,False,345.89080349,62.74609658999998
Nayarit,2024,1,False,92.73319296,92.73319296
Nayarit,2024,2,False,297.44550748,204.71231452
Nayarit,2024,3,False,327.81541342,30.369905940000024
Nayarit,2024,4,False,367.82577578,40.01036235999999
Nayarit,2025,1,False,106.63967495,106.63967495
Nayarit,2025,2,False,191.91180443,85.27212947999999
Nayarit,2025,3,False,273.28503901,81.37323458
Nayarit,2025,4,False,389.76538221,116.4803432
Nuevo León,2006,1,False,309.25612922,309.25612922
Nuevo León,2006,2,False,1108.59541222,799.339283
Nuevo León,2006,3,False,1313.80999522,205.21458299999995
Nuevo León,2006,4,False,1727.22022763,413.41023240999994
Nuevo León,2007,1,False,834.62124797,834.62124797
Nuevo León,2007,2,False,1253.30655797,418.6853100000001
Nuevo León,2007,3,False,3095.06213897,1841.755581
Nuevo León,2007,4,False,3593.20146797,498.1393290000001
Nuevo León,2008,1,False,365.00403205,365.00403205
Nuevo León,2008,2,False,831.55811683,466.55408478000004
Nuevo León,2008,3,False,1202.68783483,371.1297179999999
Nuevo León,2008,4,False,1670.87911183,468.1912770000001
Nuevo León,2009,1,False,695.58448562,695.58448562
Nuevo León,2009,2,False,907.0127299,211.42824427999994
Nuevo León,2009,3,False,968.57292031,61.56019041000002
Nuevo León,2009,4,False,952.55642233,-16.01649797999994
Nuevo León,2010,1,False,540.2251454,540.2251454
Nuevo León,2010,2,False,3890.23313898,3350.0079935800004
Nuevo León,2010,3,False,4036.12478254,145.89164355999992
Nuevo León,2010,4,False,4850.89494068,814.7701581400001
Nuevo León,2011,1,False,535.72995287,535.72995287
Nuevo León,2011,2,False,940.92793399,405.19798112
Nuevo León,2011,3,False,1015.30252936,74.37459536999995
Nuevo León,2011,4,False,1679.23742284,663.9348934799999
Nuevo León,2012,1,False,447.39552112,447.39552112
Nuevo León,2012,2,False,887.7803897,440.38486858
Nuevo León,2012,3,False,1238.99592019,351.2155304900001
Nuevo León,2012,4,False,1281.12489339,42.12897319999979
Nuevo León,2013,1,False,597.1998568,597.1998568
Nuevo León,2013,2,False,1205.05762719,607.8577703899999
Nuevo León,2013,3,False,939.07069379,-265.9869334
Nuevo León,2013,4,False,2214.57336622,1275.50267243
Nuevo León,2014,1,False,826.40752206,826.40752206
Nuevo León,2014,2,False,1274.44619919,448.03867713
Nuevo León,2014,3,False,1081.57049617,-192.87570301999995
Nuevo León,2014,4,False,1578.8355988,497.26510263
Nuevo León,2015,1,False,1385.4836819,1385.4836819
Nuevo León,2015,2,False,1880.80481133,495.3211294299999
Nuevo León,2015,3,False,2898.69855706,1017.8937457300001
Nuevo León,2015,4,False,3362.49033008,463.79177302000016
Nuevo León,2016,1,False,1620.12084224,1620.12084224
Nuevo León,2016,2,False,2440.72882403,820.6079817899999
Nuevo León,2016,3,False,2608.22388654,167.49506251000003
Nuevo León,2016,4,False,3348.85886609,740.63497955
Nuevo León,2017,1,False,1374.07300756,1374.07300756
Nuevo León,2017,2,False,1191.85180212,-182.22120543999995
Nuevo León,2017,3,False,1120.07616237,-71.77563974999998
Nuevo León,2017,4,False,1996.23642687,876.1602645
Nuevo León,2018,1,False,1928.68200047,1928.68200047
Nuevo León,2018,2,False,2423.9398405,495.2578400300001
Nuevo León,2018,3,False,2751.76106717,327.82122666999976
Nuevo León,2018,4,False,3675.84560959,924.0845424200002
Nuevo León,2019,1,False,1502.90954176,1502.90954176
Nuevo León,2019,2,False,1649.49647452,146.58693276000008
Nuevo León,2019,3,False,3040.06912071,1390.57264619
Nuevo León,2019,4,False,3274.64474728,234.57562657000017
Nuevo León,2020,1,False,1466.3108789,1466.3108789
Nuevo León,2020,2,False,2012.26828625,545.95740735
Nuevo León,2020,3,False,2322.22435253,309.95606627999996
Nuevo León,2020,4,False,3104.23705304,782.0127005099998
Nuevo León,2021,1,False,1632.03333074,1632.03333074
Nuevo León,2021,2,False,1889.46673249,257.4334017499998
Nuevo León,2021,3,False,3171.14846472,1281.68173223
Nuevo León,2021,4,False,3416.86616844,245.71770371999992
Nuevo León,2022,1,False,1526.26301331,1526.26301331
Nuevo León,2022,2,False,2994.56091996,1468.29790665
Nuevo León,2022,3,False,2925.43009031,-69.13082964999967
Nuevo León,2022,4,False,4415.4368738,1490.00678349
Nuevo León,2023,1,False,2478.14272744,2478.14272744
Nuevo León,2023,2,False,2819.26827733,341.12554989
Nuevo León,2023,3,False,2397.15346648,-422.1148108499997
Nuevo León,2023,4,False,3870.08247207,1472.92900559
Nuevo León,2024,1,False,2535.55052762,2535.55052762
Nuevo León,2024,2,False,2768.31970619,232.7691785699999
Nuevo León,2024,3,False,1900.49929874,-867.82040745
Nuevo León,2024,4,False,2296.1938174,395.6945186600001
Nuevo León,2025,1,False,3204.25314989,3204.25314989
Nuevo León,2025,2,False,3116.89610499,-87.35704489999989
Nuevo León,2025,3,False,4376.96052151,1260.0644165200001
Nuevo León,2025,4,False,3640.3475583,-736.6129632100001
Oaxaca,2006,1,False,28.013692,28.013692
Oaxaca,2006,2,False,86.05147295,58.037780950000005
Oaxaca,2006,3,False,91.34645695,5.2949839999999995
Oaxaca,2006,4,False,110.28077895,18.934321999999995
Oaxaca,2007,1,False,53.337514,53.337514
Oaxaca,2007,2,False,119.50367,66.166156
Oaxaca,2007,3,False,136.2532826,16.749612600000006
Oaxaca,2007,4,False,172.7584606,36.505178
Oaxaca,2008,1,False,44.453929,44.453929
Oaxaca,2008,2,False,126.90313576,82.44920676
Oaxaca,2008,3,False,193.8720318,66.96889604
Oaxaca,2008,4,False,201.1799768,7.3079449999999895
Oaxaca,2009,1,False,47.07896006,47.07896006
Oaxaca,2009,2,False,151.58424541,104.50528535
Oaxaca,2009,3,False,190.49879835,38.91455293999999
Oaxaca,2009,4,False,235.92797535,45.42917700000001
Oaxaca,2010,1,False,63.248175,63.248175
Oaxaca,2010,2,False,92.62561039,29.377435390000002
Oaxaca,2010,3,False,111.54090314,18.915292749999992
Oaxaca,2010,4,False,117.56913214,6.028228999999996
Oaxaca,2011,1,False,15.81608081,15.81608081
Oaxaca,2011,2,False,84.28519081,68.46911
Oaxaca,2011,3,False,125.37233973,41.08714891999999
Oaxaca,2011,4,False,178.11698573,52.74464600000002
Oaxaca,2012,1,False,44.51525352,44.51525352
Oaxaca,2012,2,False,208.89024752,164.37499400000002
Oaxaca,2012,3,False,342.52625749,133.63600996999998
Oaxaca,2012,4,False,353.70045049,11.174193000000002
Oaxaca,2013,1,False,374.48555715,374.48555715
Oaxaca,2013,2,False,1745.64382226,1371.15826511
Oaxaca,2013,3,False,1735.13041565,-10.513406609999947
Oaxaca,2013,4,False,1942.551064,207.42064834999996
Oaxaca,2014,1,False,206.47183511,206.47183511
Oaxaca,2014,2,False,515.27888332,308.80704820999995
Oaxaca,2014,3,False,488.43167336,-26.847209959999986
Oaxaca,2014,4,False,482.79639736,-5.635275999999976
Oaxaca,2015,1,False,-131.30859545,-131.30859545
Oaxaca,2015,2,False,24.18244104,155.49103649
Oaxaca,2015,3,False,103.87158524,79.6891442
Oaxaca,2015,4,False,297.19918251,193.32759727
Oaxaca,2016,1,False,39.17052167,39.17052167
Oaxaca,2016,2,False,143.00774488,103.83722320999999
Oaxaca,2016,3,False,147.40137451,4.393629630000021
Oaxaca,2016,4,False,195.52560678,48.12423226999999
Oaxaca,2017,1,False,161.68011088,161.68011088
Oaxaca,2017,2,False,236.82193641,75.14182553
Oaxaca,2017,3,False,323.3653366,86.54340018999997
Oaxaca,2017,4,False,484.80652737,161.44119077000005
Oaxaca,2018,1,False,17.81309847,17.81309847
Oaxaca,2018,2,False,133.71597577,115.9028773
Oaxaca,2018,3,False,190.6917679,56.97579213
Oaxaca,2018,4,False,487.81926723,297.12749933
Oaxaca,2019,1,False,133.29934529,133.29934529
Oaxaca,2019,2,False,129.93151216,-3.3678331299999797
Oaxaca,2019,3,False,8.38175568,-121.54975648000001
Oaxaca,2019,4,False,56.61707199,48.23531631
Oaxaca,2020,1,False,230.26793261,230.26793261
Oaxaca,2020,2,False,289.02209766,58.75416504999998
Oaxaca,2020,3,False,275.93624167,-13.08585598999997
Oaxaca,2020,4,False,244.31849035,-31.617751320000025
Oaxaca,2021,1,False,26.9793378,26.9793378
Oaxaca,2021,2,False,-23.13523648,-50.11457428
Oaxaca,2021,3,False,-48.80558723,-25.67035075
Oaxaca,2021,4,False,-93.91415893,-45.1085717
Oaxaca,2022,1,False,135.75820977,135.75820977
Oaxaca,2022,2,False,161.50942107,25.751211299999994
Oaxaca,2022,3,False,185.15551667,23.646095599999995
Oaxaca,2022,4,False,158.1501628,-27.005353869999993
Oaxaca,2023,1,False,45.50110845,45.50110845
Oaxaca,2023,2,False,49.9187235,4.417615050000002
Oaxaca,2023,3,False,62.7332229,12.814499400000003
Oaxaca,2023,4,False,34.75459984,-27.978623060000004
Oaxaca,2024,1,False,28.47013088,28.47013088
Oaxaca,2024,2,False,70.77513673,42.30500585
Oaxaca,2024,3,False,96.20838735,25.433250619999995
Oaxaca,2024,4,False,88.22920918,-7.979178169999997
Oaxaca,2025,1,False,8.73593004,8.73593004
Oaxaca,2025,2,False,-8.66779284,-17.40372288
Oaxaca,2025,3,False,7.16468012,15.83247296
Oaxaca,2025,4,False,6.27714589,-0.88753423
Puebla,2006,1,False,121.94013638,121.94013638
Puebla,2006,2,False,301.34458838,179.404452
Puebla,2006,3,False,328.68314238,27.338553999999988
Puebla,2006,4,False,424.97981238,96.29667
Puebla,2007,1,False,176.032334,176.032334
Puebla,2007,2,False,248.779511,72.74717700000002
Puebla,2007,3,False,415.990073,167.21056199999998
Puebla,2007,4,False,662.70076,246.71068699999995
Puebla,2008,1,False,131.76184375,131.76184375
Puebla,2008,2,False,235.30265975,103.540816
Puebla,2008,3,False,280.78635531,45.48369555999997
Puebla,2008,4,False,381.13171231,100.34535700000004
Puebla,2009,1,False,71.3926355,71.3926355
Puebla,2009,2,False,185.52059873,114.12796322999999
Puebla,2009,3,False,193.5734984,8.052899670000016
Puebla,2009,4,False,182.54839415,-11.025104249999998
Puebla,2010,1,False,208.11043269,208.11043269
Puebla,2010,2,False,351.25257202,143.14213933
Puebla,2010,3,False,437.63656534,86.38399332
Puebla,2010,4,False,772.90240234,335.265837
Puebla,2011,1,False,92.74423939,92.74423939
Puebla,2011,2,False,286.50190325,193.75766385999998
Puebla,2011,3,False,445.24472899,158.74282574
Puebla,2011,4,False,594.45250292,149.20777393000003
Puebla,2012,1,False,358.67967294,358.67967294
Puebla,2012,2,False,470.2096006,111.52992766
Puebla,2012,3,False,632.80072187,162.59112126999997
Puebla,2012,4,False,775.32459598,142.52387411000007
Puebla,2013,1,False,659.10139123,659.10139123
Puebla,2013,2,False,714.25924398,55.15785274999996
Puebla,2013,3,False,916.89087856,202.63163458000008
Puebla,2013,4,False,1504.51462856,587.6237499999999
Puebla,2014,1,False,529.94789094,529.94789094
Puebla,2014,2,False,533.0218537,3.073962759999972
Puebla,2014,3,False,744.77708838,211.75523468000006
Puebla,2014,4,False,1057.16287285,312.38578447
Puebla,2015,1,False,265.42672671,265.42672671
Puebla,2015,2,False,462.56352159,197.13679487999997
Puebla,2015,3,False,637.58548359,175.02196199999997
Puebla,2015,4,False,791.45724661,153.87176302
Puebla,2016,1,False,295.39175194,295.39175194
Puebla,2016,2,False,409.95510679,114.56335485
Puebla,2016,3,False,825.95730347,416.00219668000005
Puebla,2016,4,False,1166.53960915,340.5823056799999
Puebla,2017,1,False,397.5186762,397.5186762
Puebla,2017,2,False,348.4265858,-49.09209040000002
Puebla,2017,3,False,278.42936512,-69.99722068
Puebla,2017,4,False,953.56636102,675.1369959000001
Puebla,2018,1,False,-21.69768865,-21.69768865
Puebla,2018,2,False,502.70160764,524.39929629
Puebla,2018,3,False,634.71108868,132.00948103999997
Puebla,2018,4,False,643.9282611,9.217172419999997
Puebla,2019,1,False,484.88524559,484.88524559
Puebla,2019,2,False,916.28377598,431.39853038999996
Puebla,2019,3,False,1326.61437224,410.33059626
Puebla,2019,4,False,2043.98509086,717.3707186199999
Puebla,2020,1,False,246.26461683,246.26461683
Puebla,2020,2,False,662.13882423,415.87420739999993
Puebla,2020,3,False,584.80628476,-77.33253946999992
Puebla,2020,4,False,583.04199224,-1.7642925200000263
Puebla,2021,1,False,119.03688451,119.03688451
Puebla,2021,2,False,267.15658936,148.11970485
Puebla,2021,3,False,466.04852545,198.89193609
Puebla,2021,4,False,627.799949,161.75142354999997
Puebla,2022,1,False,474.32222794,474.32222794
Puebla,2022,2,False,719.48691417,245.16468622999997
Puebla,2022,3,False,804.36525709,84.87834292000002
Puebla,2022,4,False,798.49919029,-5.866066799999999
Puebla,2023,1,False,1064.33234979,1064.33234979
Puebla,2023,2,False,838.86150293,-225.47084686000005
Puebla,2023,3,False,740.07891402,-98.78258891000007
Puebla,2023,4,False,231.3683455,-508.7105685199999
Puebla,2024,1,False,865.12156852,865.12156852
Puebla,2024,2,False,880.39597069,15.27440217000003
Puebla,2024,3,False,1152.78841425,272.39244355999995
Puebla,2024,4,False,1162.5571426,9.768728349999947
Puebla,2025,1,False,412.58361217,412.58361217
Puebla,2025,2,False,28.80034837,-383.7832638
Puebla,2025,3,False,503.21357643,474.41322806
Puebla,2025,4,False,448.04595235,-55.167624079999996
Querétaro,2006,1,False,314.663959,314.663959
Querétaro,2006,2,False,465.883877,151.219918
Querétaro,2006,3,False,607.37094,141.48706300000003
Querétaro,2006,4,False,750.580545,143.209605
Querétaro,2007,1,False,478.265657,478.265657
Querétaro,2007,2,False,543.21052245,64.94486545000001
Querétaro,2007,3,False,668.80482245,125.59429999999998
Querétaro,2007,4,False,815.26687745,146.46205500000008
Querétaro,2008,1,False,211.994578,211.994578
Querétaro,2008,2,False,670.341564,458.34698599999996
Querétaro,2008,3,False,814.406801,144.06523700000002
Querétaro,2008,4,False,1071.503836,257.0970350000001
Querétaro,2009,1,False,185.6926428,185.6926428
Querétaro,2009,2,False,810.5521059,624.8594631000001
Querétaro,2009,3,False,983.20777162,172.65566572
Querétaro,2009,4,False,1131.61368503,148.40591340999993
Querétaro,2010,1,False,364.42390818,364.42390818
Querétaro,2010,2,False,612.13034918,247.70644100000004
Querétaro,2010,3,False,700.73672618,88.60637699999995
Querétaro,2010,4,False,852.0334155,151.29668932000004
Querétaro,2011,1,False,212.24098851,212.24098851
Querétaro,2011,2,False,459.19553044,246.95454193000003
Querétaro,2011,3,False,671.83334042,212.63780998
Querétaro,2011,4,False,1054.7875157,382.9541752800001
Querétaro,2012,1,False,269.56139715,269.56139715
Querétaro,2012,2,False,404.27686431,134.71546716
Querétaro,2012,3,False,656.06859025,251.79172594000005
Querétaro,2012,4,False,105.40470421,-550.6638860400001
Querétaro,2013,1,False,438.05832678,438.05832678
Querétaro,2013,2,False,685.48402144,247.42569465999998
Querétaro,2013,3,False,880.88245122,195.39842978000001
Querétaro,2013,4,False,926.59991579,45.71746456999995
Querétaro,2014,1,False,684.73227876,684.73227876
Querétaro,2014,2,False,764.48660363,79.75432487
Querétaro,2014,3,False,923.99620972,159.50960609000003
Querétaro,2014,4,False,1128.731131,204.73492127999998
Querétaro,2015,1,False,335.53082655,335.53082655
Querétaro,2015,2,False,521.90783967,186.37701312000007
Querétaro,2015,3,False,1155.29674057,633.3889009000001
Querétaro,2015,4,False,1442.46914328,287.1724027099999
Querétaro,2016,1,False,282.92808107,282.92808107
Querétaro,2016,2,False,653.28406622,370.35598515
Querétaro,2016,3,False,787.74150494,134.45743872000003
Querétaro,2016,4,False,1075.46881149,287.72730655
Querétaro,2017,1,False,706.90088069,706.90088069
Querétaro,2017,2,False,774.0249821,67.12410140999998
Querétaro,2017,3,False,964.10645791,190.08147581000003
Querétaro,2017,4,False,985.99671493,21.890257020000035
Querétaro,2018,1,False,661.2344551,661.2344551
Querétaro,2018,2,False,927.81843428,266.58397918000003
Querétaro,2018,3,False,1012.06773134,84.24929706
Querétaro,2018,4,False,1227.64694368,215.57921234000003
Querétaro,2019,1,False,542.88868887,542.88868887
Querétaro,2019,2,False,641.47370572,98.58501684999999
Querétaro,2019,3,False,1030.95222142,389.4785156999999
Querétaro,2019,4,False,1169.08957549,138.13735407000013
Querétaro,2020,1,False,738.77845417,738.77845417
Querétaro,2020,2,False,818.00500482,79.22655064999992
Querétaro,2020,3,False,926.36794078,108.36293596000007
Querétaro,2020,4,False,880.30774699,-46.06019378999997
Querétaro,2021,1,False,362.87859795,362.87859795
Querétaro,2021,2,False,436.36921717,73.49061921999999
Querétaro,2021,3,False,673.04433433,236.67511715999996
Querétaro,2021,4,False,944.22151877,271.17718444
Querétaro,2022,1,False,525.84908388,525.84908388
Querétaro,2022,2,False,868.96158908,343.1125052
Querétaro,2022,3,False,839.22342958,-29.738159499999938
Querétaro,2022,4,False,719.42910994,-119.79431964000003
Querétaro,2023,1,False,430.34901463,430.34901463
Querétaro,2023,2,False,637.76595907,207.41694444
Querétaro,2023,3,False,879.55103724,241.78507817000002
Querétaro,2023,4,False,736.12043432,-143.43060292000007
Querétaro,2024,1,False,655.20728173,655.20728173
Querétaro,2024,2,False,885.04432639,229.83704466000006
Querétaro,2024,3,False,938.10568995,53.06136356000002
Querétaro,2024,4,False,1215.90941939,277.80372944
Querétaro,2025,1,False,404.78573953,404.78573953
Querétaro,2025,2,False,871.20178084,466.41604130999997
Querétaro,2025,3,False,1176.78681494,305.58503410000014
Querétaro,2025,4,False,516.53853972,-660.2482752200001
Quintana Roo,2006,1,False,68.3717874,68.3717874
Quintana Roo,2006,2,False,181.48383325,113.11204585
Quintana Roo,2006,3,False,291.84367969,110.35984643999998
Quintana Roo,2006,4,False,412.10936471,120.26568502000003
Quintana Roo,2007,1,False,247.76688494,247.76688494
Quintana Roo,2007,2,False,500.88074589,253.11386095
Quintana Roo,2007,3,False,628.65261701,127.77187111999996
Quintana Roo,2007,4,False,1001.72000667,373.06738966
Quintana Roo,2008,1,False,86.21031937,86.21031937
Quintana Roo,2008,2,False,192.97475462,106.76443525
Quintana Roo,2008,3,False,241.50908967,48.53433505000001
Quintana Roo,2008,4,False,297.56208758,56.052997910000016
Quintana Roo,2009,1,False,57.22028825,57.22028825
Quintana Roo,2009,2,False,162.45033449,105.23004623999998
Quintana Roo,2009,3,False,236.77667443,74.32633994000003
Quintana Roo,2009,4,False,291.22468478,54.448010350000004
Quintana Roo,2010,1,False,142.39026082,142.39026082
Quintana Roo,2010,2,False,186.05014356,43.65988274
Quintana Roo,2010,3,False,236.90720987,50.85706630999999
Quintana Roo,2010,4,False,296.69949211,59.79228223999999
Quintana Roo,2011,1,False,88.56487072,88.56487072
Quintana Roo,2011,2,False,231.26762532,142.7027546
Quintana Roo,2011,3,False,354.35655626,123.08893093999998
Quintana Roo,2011,4,False,504.60005345,150.24349719000003
Quintana Roo,2012,1,False,108.20799956,108.20799956
Quintana Roo,2012,2,False,211.1463695,102.93836993999999
Quintana Roo,2012,3,False,369.10663066,157.96026116000002
Quintana Roo,2012,4,False,583.70387869,214.59724803
Quintana Roo,2013,1,False,133.61440289,133.61440289
Quintana Roo,2013,2,False,251.39286066,117.77845776999999
Quintana Roo,2013,3,False,817.81466259,566.42180193
Quintana Roo,2013,4,False,930.44347656,112.62881397000001
Quintana Roo,2014,1,False,158.51993171,158.51993171
Quintana Roo,2014,2,False,158.98828802,0.4683563099999901
Quintana Roo,2014,3,False,160.64558562,1.6572975999999926
Quintana Roo,2014,4,False,223.93530558,63.28971996000001
Quintana Roo,2015,1,False,109.20121945,109.20121945
Quintana Roo,2015,2,False,101.85780038,-7.343419069999996
Quintana Roo,2015,3,False,274.65323916,172.79543877999998
Quintana Roo,2015,4,False,325.28493982,50.63170065999998
Quintana Roo,2016,1,False,119.17834672,119.17834672
Quintana Roo,2016,2,False,198.3602639,79.18191718000001
Quintana Roo,2016,3,False,232.99515501,34.634891109999984
Quintana Roo,2016,4,False,296.51336738,63.518212369999986
Quintana Roo,2017,1,False,154.64741994,154.64741994
Quintana Roo,2017,2,False,227.34186494,72.694445
Quintana Roo,2017,3,False,397.78618913,170.44432419000003
Quintana Roo,2017,4,False,479.35378337,81.56759423999995
Quintana Roo,2018,1,False,157.8479985,157.8479985
Quintana Roo,2018,2,False,334.13977986,176.29178136
Quintana Roo,2018,3,False,436.98880444,102.84902458000005
Quintana Roo,2018,4,False,591.47866291,154.48985847
Quintana Roo,2019,1,False,232.63122127,232.63122127
Quintana Roo,2019,2,False,395.48097258,162.84975131000002
Quintana Roo,2019,3,False,498.06176439,102.58079181
Quintana Roo,2019,4,False,664.14322186,166.08145747000003
Quintana Roo,2020,1,False,59.00294418,59.00294418
Quintana Roo,2020,2,False,126.49576413,67.49281995
Quintana Roo,2020,3,False,185.75391661,59.25815248000001
Quintana Roo,2020,4,False,160.85409188,-24.899824730000006
Quintana Roo,2021,1,False,293.66503729,293.66503729
Quintana Roo,2021,2,False,373.37079375,79.70575646000003
Quintana Roo,2021,3,False,423.08576598,49.71497223
Quintana Roo,2021,4,False,471.43060067,48.34483468999997
Quintana Roo,2022,1,False,278.23820228,278.23820228
Quintana Roo,2022,2,False,331.03786826,52.799665979999986
Quintana Roo,2022,3,False,420.42081861,89.38295035000004
Quintana Roo,2022,4,False,459.92148048,39.50066186999999
Quintana Roo,2023,1,False,345.14153897,345.14153897
Quintana Roo,2023,2,False,634.30672647,289.16518749999994
Quintana Roo,2023,3,False,810.23600955,175.92928308
Quintana Roo,2023,4,False,1031.74304045,221.50703090000013
Quintana Roo,2024,1,False,237.02688559,237.02688559
Quintana Roo,2024,2,False,730.50627197,493.47938637999994
Quintana Roo,2024,3,False,846.87839839,116.37212642000009
Quintana Roo,2024,4,False,988.73407713,141.85567873999992
Quintana Roo,2025,1,False,389.48370681,389.48370681
Quintana Roo,2025,2,False,610.82728898,221.34358217000005
Quintana Roo,2025,3,False,923.22540001,312.39811103
Quintana Roo,2025,4,False,1107.51056533,184.28516531999992
San Luis Potosí,2006,1,False,20.121513,20.121513
San Luis Potosí,2006,2,False,96.105282,75.983769
San Luis Potosí,2006,3,False,79.580207,-16.525075
San Luis Potosí,2006,4,False,198.717272,119.137065
San Luis Potosí,2007,1,False,274.749982,274.749982
San Luis Potosí,2007,2,False,343.608904,68.858922
San Luis Potosí,2007,3,False,402.729311,59.120407
San Luis Potosí,2007,4,False,523.921987,121.19267599999995
San Luis Potosí,2008,1,False,224.677429,224.677429
San Luis Potosí,2008,2,False,285.268727,60.59129800000002
San Luis Potosí,2008,3,False,478.022044,192.75331699999998
San Luis Potosí,2008,4,False,460.727327,-17.29471699999999
San Luis Potosí,2009,1,False,23.14884,23.14884
San Luis Potosí,2009,2,False,-5.215543,-28.364383
San Luis Potosí,2009,3,False,30.816105,36.031648000000004
San Luis Potosí,2009,4,False,85.025897,54.209792
San Luis Potosí,2010,1,False,258.041999,258.041999
San Luis Potosí,2010,2,False,350.10903,92.06703100000004
San Luis Potosí,2010,3,False,354.513262,4.404231999999979
San Luis Potosí,2010,4,False,473.494727,118.98146500000001
San Luis Potosí,2011,1,False,234.12982708,234.12982708
San Luis Potosí,2011,2,False,48.53795245,-185.59187463
San Luis Potosí,2011,3,False,77.18196245,28.64401
San Luis Potosí,2011,4,False,268.26402685,191.08206439999998
San Luis Potosí,2012,1,False,422.78325672,422.78325672
San Luis Potosí,2012,2,False,553.66726863,130.88401190999997
San Luis Potosí,2012,3,False,651.19127663,97.52400799999998
San Luis Potosí,2012,4,False,880.32435663,229.13308000000006
San Luis Potosí,2013,1,False,617.10059727,617.10059727
San Luis Potosí,2013,2,False,1644.93010571,1027.82950844
San Luis Potosí,2013,3,False,1833.5590877,188.62898199000006
San Luis Potosí,2013,4,False,2008.12645896,174.56737126000007
San Luis Potosí,2014,1,False,402.8852097,402.8852097
San Luis Potosí,2014,2,False,692.79379374,289.90858403999994
San Luis Potosí,2014,3,False,775.59168146,82.79788772000006
San Luis Potosí,2014,4,False,1064.81935248,289.2276710199999
San Luis Potosí,2015,1,False,362.32675678,362.32675678
San Luis Potosí,2015,2,False,921.75168176,559.42492498
San Luis Potosí,2015,3,False,1279.6630124,357.9113306400001
San Luis Potosí,2015,4,False,1899.05632646,619.39331406
San Luis Potosí,2016,1,False,198.02768676,198.02768676
San Luis Potosí,2016,2,False,298.71587182,100.68818506000002
San Luis Potosí,2016,3,False,485.12782064,186.41194881999996
San Luis Potosí,2016,4,False,814.92895445,329.80113381
San Luis Potosí,2017,1,False,460.41813858,460.41813858
San Luis Potosí,2017,2,False,755.49080097,295.07266239
San Luis Potosí,2017,3,False,1224.26422667,468.77342569999996
San Luis Potosí,2017,4,False,1405.86244564,181.59821897000006
San Luis Potosí,2018,1,False,198.42037624,198.42037624
San Luis Potosí,2018,2,False,697.74442608,499.32404984000004
San Luis Potosí,2018,3,False,999.21276585,301.46833976999994
San Luis Potosí,2018,4,False,1766.42538421,767.21261836
San Luis Potosí,2019,1,False,267.29459542,267.29459542
San Luis Potosí,2019,2,False,504.34542872,237.05083329999997
San Luis Potosí,2019,3,False,782.39213194,278.04670322000004
San Luis Potosí,2019,4,False,853.83082527,71.43869332999998
San Luis Potosí,2020,1,False,417.0527223,417.0527223
San Luis Potosí,2020,2,False,1026.74493882,609.69221652
San Luis Potosí,2020,3,False,710.54112327,-316.20381555000006
San Luis Potosí,2020,4,False,917.14288816,206.60176489000003
San Luis Potosí,2021,1,False,694.1022631,694.1022631
San Luis Potosí,2021,2,False,740.33169929,46.22943619
San Luis Potosí,2021,3,False,942.42949474,202.09779545000004
San Luis Potosí,2021,4,False,717.32849091,-225.10100382999997
San Luis Potosí,2022,1,False,322.71676805,322.71676805
San Luis Potosí,2022,2,False,601.66658126,278.94981321000006
San Luis Potosí,2022,3,False,873.24527149,271.57869023
San Luis Potosí,2022,4,False,324.19738907,-549.0478824200001
San Luis Potosí,2023,1,False,1134.57882507,1134.57882507
San Luis Potosí,2023,2,False,1347.22092841,212.64210333999995
San Luis Potosí,2023,3,False,1555.0863398,207.86541138999996
San Luis Potosí,2023,4,False,1085.60400493,-469.48233486999993
San Luis Potosí,2024,1,False,744.37630854,744.37630854
San Luis Potosí,2024,2,False,1063.85475527,319.47844673
San Luis Potosí,2024,3,False,991.66269679,-72.1920584799999
San Luis Potosí,2024,4,False,848.50618086,-143.15651593000007
San Luis Potosí,2025,1,False,349.20077224,349.20077224
San Luis Potosí,2025,2,False,384.09971303,34.89894078999998
San Luis Potosí,2025,3,False,561.91866129,177.81894826000007
San Luis Potosí,2025,4,False,275.60699663,-286.31166466
Sinaloa,2006,1,False,55.02282311,55.02282311
Sinaloa,2006,2,False,105.17001111,50.14718800000001
Sinaloa,2006,3,False,115.37797708,10.20796596999999
Sinaloa,2006,4,False,146.65637126,31.278394179999992
Sinaloa,2007,1,False,97.287996,97.287996
Sinaloa,2007,2,False,135.92074586,38.632749860000004
Sinaloa,2007,3,False,220.47255333,84.55180747
Sinaloa,2007,4,False,278.20766126,57.73510793
Sinaloa,2008,1,False,97.38879881,97.38879881
Sinaloa,2008,2,False,121.53017596,24.141377149999997
Sinaloa,2008,3,False,145.4926771,23.962501140000015
Sinaloa,2008,4,False,175.91621876,30.423541659999984
Sinaloa,2009,1,False,17.55392988,17.55392988
Sinaloa,2009,2,False,82.54322174,64.98929186000001
Sinaloa,2009,3,False,92.74396658,10.200744839999999
Sinaloa,2009,4,False,149.96184042,57.21787383999998
Sinaloa,2010,1,False,99.09946896,99.09946896
Sinaloa,2010,2,False,149.5731279,50.47365894000001
Sinaloa,2010,3,False,183.22941236,33.656284459999995
Sinaloa,2010,4,False,217.61567253,34.386260170000014
Sinaloa,2011,1,False,97.07795801,97.07795801
Sinaloa,2011,2,False,183.25429097,86.17633296
Sinaloa,2011,3,False,221.08931832,37.83502734999999
Sinaloa,2011,4,False,230.94834328,9.85902496
Sinaloa,2012,1,False,62.94731071,62.94731071
Sinaloa,2012,2,False,214.27295715,151.32564644
Sinaloa,2012,3,False,236.48628874,22.213331589999996
Sinaloa,2012,4,False,432.50467886,196.01839012000002
Sinaloa,2013,1,False,101.14081417,101.14081417
Sinaloa,2013,2,False,344.42147514,243.28066096999999
Sinaloa,2013,3,False,325.08242949,-19.339045650000003
Sinaloa,2013,4,False,605.42799962,280.34557013000006
Sinaloa,2014,1,False,250.7032026,250.7032026
Sinaloa,2014,2,False,312.96413581,62.26093321000002
Sinaloa,2014,3,False,344.73797739,31.77384158000001
Sinaloa,2014,4,False,399.98851812,55.250540729999955
Sinaloa,2015,1,False,110.56456085,110.56456085
Sinaloa,2015,2,False,239.82030634,129.25574548999998
Sinaloa,2015,3,False,354.00918559,114.18887925000001
Sinaloa,2015,4,False,428.67415364,74.66496804999997
Sinaloa,2016,1,False,127.09804192,127.09804192
Sinaloa,2016,2,False,207.26740142,80.1693595
Sinaloa,2016,3,False,293.9651994,86.69779798000002
Sinaloa,2016,4,False,434.86971929,140.90451988999996
Sinaloa,2017,1,False,121.81121442,121.81121442
Sinaloa,2017,2,False,283.57394462,161.76273020000002
Sinaloa,2017,3,False,487.15490735,203.58096272999995
Sinaloa,2017,4,False,761.56589715,274.4109898
Sinaloa,2018,1,False,144.86439648,144.86439648
Sinaloa,2018,2,False,446.39377889,301.52938241000004
Sinaloa,2018,3,False,367.63409242,-78.75968647000002
Sinaloa,2018,4,False,414.96161109,47.32751867000002
Sinaloa,2019,1,False,160.5395205,160.5395205
Sinaloa,2019,2,False,151.01648555,-9.52303495000001
Sinaloa,2019,3,False,214.29290669,63.27642114
Sinaloa,2019,4,False,262.58584487,48.29293818000002
Sinaloa,2020,1,False,174.31404943,174.31404943
Sinaloa,2020,2,False,740.95958208,566.64553265
Sinaloa,2020,3,False,764.83549225,23.875910169999997
Sinaloa,2020,4,False,743.91225932,-20.92323293000004
Sinaloa,2021,1,False,278.39972503,278.39972503
Sinaloa,2021,2,False,382.82545629,104.42573125999996
Sinaloa,2021,3,False,519.91729492,137.09183863000004
Sinaloa,2021,4,False,543.71633126,23.79903633999993
Sinaloa,2022,1,False,282.25630464,282.25630464
Sinaloa,2022,2,False,531.42017876,249.16387412
Sinaloa,2022,3,False,730.28121269,198.86103392999996
Sinaloa,2022,4,False,871.84467166,141.56345897000006
Sinaloa,2023,1,False,174.49943631,174.49943631
Sinaloa,2023,2,False,178.99985021,4.500413900000012
Sinaloa,2023,3,False,418.6086667,239.60881649
Sinaloa,2023,4,False,405.87650579,-12.732160910000005
Sinaloa,2024,1,False,154.11749353,154.11749353
Sinaloa,2024,2,False,266.2410037,112.12351017000003
Sinaloa,2024,3,False,279.5104322,13.269428500000004
Sinaloa,2024,4,False,356.49089187,76.98045966999996
Sinaloa,2025,1,False,20.89158638,20.89158638
Sinaloa,2025,2,False,29.99144839,9.099862009999999
Sinaloa,2025,3,False,12.09720878,-17.89423961
Sinaloa,2025,4,False,42.63046867,30.533259889999997
Sonora,2006,1,False,88.2135441,88.2135441
Sonora,2006,2,False,224.33119121,136.11764711
Sonora,2006,3,False,339.58006714,115.24887593
Sonora,2006,4,False,459.22538516,119.64531801999999
Sonora,2007,1,False,413.47620288,413.47620288
Sonora,2007,2,False,592.47965665,179.00345377000002
Sonora,2007,3,False,939.22888899,346.74923233999993
Sonora,2007,4,False,961.13662705,21.907738060000042
Sonora,2008,1,False,248.11278157,248.11278157
Sonora,2008,2,False,1001.31495134,753.20216977
Sonora,2008,3,False,1239.14279208,237.82784073999994
Sonora,2008,4,False,1579.02945881,339.8866667300001
Sonora,2009,1,False,326.72126295,326.72126295
Sonora,2009,2,False,395.47163091,68.75036796
Sonora,2009,3,False,361.19806063,-34.27357028
Sonora,2009,4,False,358.41869784,-2.7793627899999933
Sonora,2010,1,False,513.64436434,513.64436434
Sonora,2010,2,False,780.06275134,266.41838699999994
Sonora,2010,3,False,857.62835534,77.56560400000001
Sonora,2010,4,False,1109.37024044,251.7418851000001
Sonora,2011,1,False,309.23127633,309.23127633
Sonora,2011,2,False,279.56302582,-29.668250510000007
Sonora,2011,3,False,272.08605415,-7.476971670000012
Sonora,2011,4,False,304.13830387,32.05224972000002
Sonora,2012,1,False,723.00680004,723.00680004
Sonora,2012,2,False,765.07551264,42.068712600000026
Sonora,2012,3,False,768.10332006,3.027807419999931
Sonora,2012,4,False,1172.8558662,404.75254614000005
Sonora,2013,1,False,1060.70281996,1060.70281996
Sonora,2013,2,False,1756.44822648,695.74540652
Sonora,2013,3,False,1952.80562363,196.35739715
Sonora,2013,4,False,2088.71628356,135.9106599300003
Sonora,2014,1,False,707.64667269,707.64667269
Sonora,2014,2,False,888.85931748,181.21264479
Sonora,2014,3,False,840.10796431,-48.7513531699999
Sonora,2014,4,False,815.32753007,-24.78043424000009
Sonora,2015,1,False,327.70148104,327.70148104
Sonora,2015,2,False,417.48811997,89.78663893000004
Sonora,2015,3,False,462.0390539,44.550933929999985
Sonora,2015,4,False,609.95340827,147.91435436999996
Sonora,2016,1,False,140.93551937,140.93551937
Sonora,2016,2,False,235.29559234,94.36007297
Sonora,2016,3,False,297.7884301,62.492837760000015
Sonora,2016,4,False,506.39134927,208.60291916999995
Sonora,2017,1,False,444.5028625,444.5028625
Sonora,2017,2,False,770.81608263,326.31322013
Sonora,2017,3,False,635.83799374,-134.97808888999998
Sonora,2017,4,False,368.12865119,-267.70934255
Sonora,2018,1,False,545.36136725,545.36136725
Sonora,2018,2,False,704.30130327,158.93993602
Sonora,2018,3,False,330.03388015,-374.26742311999993
Sonora,2018,4,False,155.09956028,-174.93431987000002
Sonora,2019,1,False,306.44009443,306.44009443
Sonora,2019,2,False,435.82465063,129.38455620000002
Sonora,2019,3,False,376.85804592,-58.96660471000001
Sonora,2019,4,False,449.63980561,72.78175969
Sonora,2020,1,False,205.61572222,205.61572222
Sonora,2020,2,False,397.26354338,191.64782115999998
Sonora,2020,3,False,380.03455995,-17.22898342999997
Sonora,2020,4,False,587.55509818,207.52053822999994
Sonora,2021,1,False,539.53240643,539.53240643
Sonora,2021,2,False,961.15288212,421.6204756899999
Sonora,2021,3,False,886.92574082,-74.22714129999997
Sonora,2021,4,False,985.20719102,98.2814502
Sonora,2022,1,False,404.71932333,404.71932333
Sonora,2022,2,False,571.69511115,166.97578782
Sonora,2022,3,False,592.71960867,21.024497519999954
Sonora,2022,4,False,605.90239198,13.18278330999999
Sonora,2023,1,False,231.77796394,231.77796394
Sonora,2023,2,False,2237.32424068,2005.54627674
Sonora,2023,3,False,2335.22515211,97.90091143000018
Sonora,2023,4,False,2395.24778534,60.02263322999988
Sonora,2024,1,False,103.26999915,103.26999915
Sonora,2024,2,False,118.99533281,15.72533365999999
Sonora,2024,3,False,247.65428737,128.65895455999998
Sonora,2024,4,False,336.03883312,88.38454575
Sonora,2025,1,False,28.22280938,28.22280938
Sonora,2025,2,False,267.3781788,239.15536942
Sonora,2025,3,False,218.46832421,-48.90985459000001
Sonora,2025,4,False,238.44030401,19.971979800000014
Tabasco,2006,1,False,-1.997211,-1.997211
Tabasco,2006,2,False,16.482966,18.480177
Tabasco,2006,3,False,57.951177,41.468211
Tabasco,2006,4,False,82.408777,24.4576
Tabasco,2007,1,False,57.169443,57.169443
Tabasco,2007,2,False,73.315349,16.145905999999997
Tabasco,2007,3,False,129.817733,56.502384000000006
Tabasco,2007,4,False,179.600399,49.782666000000006
Tabasco,2008,1,False,51.019397,51.019397
Tabasco,2008,2,False,72.567128,21.547731
Tabasco,2008,3,False,86.99951588,14.432387880000007
Tabasco,2008,4,False,135.08340188,48.08388599999999
Tabasco,2009,1,False,24.72131708,24.72131708
Tabasco,2009,2,False,74.61848427,49.89716719
Tabasco,2009,3,False,90.71757927,16.099095000000005
Tabasco,2009,4,False,90.36613927,-0.35143999999999664
Tabasco,2010,1,False,80.573283,80.573283
Tabasco,2010,2,False,136.40678,55.833496999999994
Tabasco,2010,3,False,118.97095615,-17.43582384999999
Tabasco,2010,4,False,141.26248731,22.291531160000005
Tabasco,2011,1,False,47.63574303,47.63574303
Tabasco,2011,2,False,208.01249423,160.3767512
Tabasco,2011,3,False,192.32480905,-15.687685179999988
Tabasco,2011,4,False,233.24259131,40.917782259999996
Tabasco,2012,1,False,22.32247452,22.32247452
Tabasco,2012,2,False,32.43861337,10.116138849999999
Tabasco,2012,3,False,247.72277775,215.28416438
Tabasco,2012,4,False,325.46794475,77.74516700000001
Tabasco,2013,1,False,144.28361915,144.28361915
Tabasco,2013,2,False,302.7817835,158.49816435000002
Tabasco,2013,3,False,354.36348551,51.58170200999996
Tabasco,2013,4,False,323.93868747,-30.424798039999985
Tabasco,2014,1,False,208.53567556,208.53567556
Tabasco,2014,2,False,181.82923613,-26.70643942999999
Tabasco,2014,3,False,249.98445096,68.15521483
Tabasco,2014,4,False,241.66461832,-8.319832640000016
Tabasco,2015,1,False,84.91450608,84.91450608
Tabasco,2015,2,False,115.93477719,31.02027111000001
Tabasco,2015,3,False,384.95276128,269.01798409
Tabasco,2015,4,False,737.48539533,352.53263404999996
Tabasco,2016,1,False,77.63236517,77.63236517
Tabasco,2016,2,False,117.69095238,40.05858721
Tabasco,2016,3,False,173.22166845,55.53071607000001
Tabasco,2016,4,False,112.75366755,-60.46800090000001
Tabasco,2017,1,False,193.19171008,193.19171008
Tabasco,2017,2,False,261.58746437,68.39575429000001
Tabasco,2017,3,False,317.20633822,55.61887385
Tabasco,2017,4,False,400.3783564,83.17201817999995
Tabasco,2018,1,False,200.57546194,200.57546194
Tabasco,2018,2,False,238.27130997,37.69584803000001
Tabasco,2018,3,False,246.39793559,8.126625619999999
Tabasco,2018,4,False,530.29285062,283.89491503
Tabasco,2019,1,False,334.67965005,334.67965005
Tabasco,2019,2,False,370.15913332,35.47948327
Tabasco,2019,3,False,449.31906964,79.15993631999999
Tabasco,2019,4,False,490.59018843,41.27111879
Tabasco,2020,1,False,110.90501622,110.90501622
Tabasco,2020,2,False,329.97426739,219.06925117000003
Tabasco,2020,3,False,353.41029698,23.436029589999976
Tabasco,2020,4,False,464.94603135,111.53573437
Tabasco,2021,1,False,145.71992271,145.71992271
Tabasco,2021,2,False,197.38938687,51.66946416000002
Tabasco,2021,3,False,245.93173907,48.54235219999998
Tabasco,2021,4,False,300.41345369,54.48171461999999
Tabasco,2022,1,False,192.95829141,192.95829141
Tabasco,2022,2,False,165.77705087,-27.181240539999976
Tabasco,2022,3,False,189.98312021,24.20606934
Tabasco,2022,4,False,27.25821882,-162.72490139
Tabasco,2023,1,False,74.52811596,74.52811596
Tabasco,2023,2,False,-4.97176416,-79.49988012
Tabasco,2023,3,False,227.4940029,232.46576706
Tabasco,2023,4,False,316.0828896,88.58888669999999
Tabasco,2024,1,False,157.01569505,157.01569505
Tabasco,2024,2,False,388.84488883,231.82919378
Tabasco,2024,3,False,265.93879731,-122.90609152000002
Tabasco,2024,4,False,249.07773091,-16.86106639999997
Tabasco,2025,1,False,-31.79573222,-31.79573222
Tabasco,2025,2,False,4.87295948,36.668691700000004
Tabasco,2025,3,False,217.03184235,212.15888287
Tabasco,2025,4,False,-42.64567099,-259.67751334
Tamaulipas,2006,1,False,155.271572,155.271572
Tamaulipas,2006,2,False,415.779639,260.508067
Tamaulipas,2006,3,False,613.171545,197.39190600000006
Tamaulipas,2006,4,False,854.093666,240.92212099999995
Tamaulipas,2007,1,False,259.17050601,259.17050601
Tamaulipas,2007,2,False,455.42473401,196.254228
Tamaulipas,2007,3,False,708.76061701,253.33588300000002
Tamaulipas,2007,4,False,877.43651801,168.67590099999995
Tamaulipas,2008,1,False,199.986967,199.986967
Tamaulipas,2008,2,False,390.7202899,190.73332290000002
Tamaulipas,2008,3,False,675.92480945,285.20451955
Tamaulipas,2008,4,False,932.42794345,256.50313400000005
Tamaulipas,2009,1,False,268.48266544,268.48266544
Tamaulipas,2009,2,False,435.05000863,166.56734318999997
Tamaulipas,2009,3,False,463.96008323,28.91007460000003
Tamaulipas,2009,4,False,603.16357423,139.20349099999999
Tamaulipas,2010,1,False,207.472087,207.472087
Tamaulipas,2010,2,False,394.845939,187.373852
Tamaulipas,2010,3,False,954.26611045,559.42017145
Tamaulipas,2010,4,False,1035.87573256,81.60962210999992
Tamaulipas,2011,1,False,123.93176719,123.93176719
Tamaulipas,2011,2,False,621.20715837,497.27539118
Tamaulipas,2011,3,False,644.60247483,23.395316460000004
Tamaulipas,2011,4,False,842.86876817,198.26629333999995
Tamaulipas,2012,1,False,233.19038594,233.19038594
Tamaulipas,2012,2,False,495.14196276,261.95157682
Tamaulipas,2012,3,False,683.29763876,188.15567600000003
Tamaulipas,2012,4,False,1051.42196776,368.1243289999999
Tamaulipas,2013,1,False,458.42783854,458.42783854
Tamaulipas,2013,2,False,1212.75921827,754.33137973
Tamaulipas,2013,3,False,1332.69214129,119.93292302000009
Tamaulipas,2013,4,False,1734.47928716,401.7871458699999
Tamaulipas,2014,1,False,188.43187921,188.43187921
Tamaulipas,2014,2,False,520.21486956,331.78299035
Tamaulipas,2014,3,False,545.7925509,25.577681340000026
Tamaulipas,2014,4,False,723.89565207,178.10310116999995
Tamaulipas,2015,1,False,214.15306298,214.15306298
Tamaulipas,2015,2,False,405.6062841,191.45322112
Tamaulipas,2015,3,False,780.53701957,374.93073547
Tamaulipas,2015,4,False,1103.24239485,322.70537528
Tamaulipas,2016,1,False,237.6922271,237.6922271
Tamaulipas,2016,2,False,639.14170942,401.44948232
Tamaulipas,2016,3,False,655.90374443,16.762035009999977
Tamaulipas,2016,4,False,1149.50122871,493.5974842800001
Tamaulipas,2017,1,False,455.56494157,455.56494157
Tamaulipas,2017,2,False,787.97159487,332.4066533
Tamaulipas,2017,3,False,1212.46859086,424.49699598999996
Tamaulipas,2017,4,False,1543.2112271,330.74263624000014
Tamaulipas,2018,1,False,500.68155252,500.68155252
Tamaulipas,2018,2,False,895.60577583,394.92422330999995
Tamaulipas,2018,3,False,1072.54189879,176.93612296000003
Tamaulipas,2018,4,False,1514.46346827,441.92156948
Tamaulipas,2019,1,False,338.61467963,338.61467963
Tamaulipas,2019,2,False,647.75265463,309.13797500000004
Tamaulipas,2019,3,False,1343.52247502,695.76982039
Tamaulipas,2019,4,False,1630.12361184,286.60113681999997
Tamaulipas,2020,1,False,532.26898219,532.26898219
Tamaulipas,2020,2,False,521.8379483,-10.43103388999998
Tamaulipas,2020,3,False,756.55913339,234.72118509000006
Tamaulipas,2020,4,False,707.69989163,-48.85924176000003
Tamaulipas,2021,1,False,487.02571336,487.02571336
Tamaulipas,2021,2,False,648.37768711,161.35197375
Tamaulipas,2021,3,False,1178.9934308,530.6157436899999
Tamaulipas,2021,4,False,1273.69734271,94.70391190999999
Tamaulipas,2022,1,False,1101.06819952,1101.06819952
Tamaulipas,2022,2,False,1337.21748314,236.14928362
Tamaulipas,2022,3,False,808.51757989,-528.69990325
Tamaulipas,2022,4,False,976.94584167,168.42826178000007
Tamaulipas,2023,1,False,211.51817799,211.51817799
Tamaulipas,2023,2,False,331.84995047,120.33177248000001
Tamaulipas,2023,3,False,384.20988765,52.359937179999974
Tamaulipas,2023,4,False,510.06041883,125.85053118000002
Tamaulipas,2024,1,False,200.44714132,200.44714132
Tamaulipas,2024,2,False,319.73693363,119.28979231000002
Tamaulipas,2024,3,False,298.28997519,-21.446958440000003
Tamaulipas,2024,4,False,429.72652649,131.43655130000002
Tamaulipas,2025,1,False,281.49814554,281.49814554
Tamaulipas,2025,2,False,526.19408984,244.69594429999995
Tamaulipas,2025,3,False,563.99061894,37.79652910000004
Tamaulipas,2025,4,False,564.01805208,0.02743313999997099
Tlaxcala,2006,1,False,134.622755,134.622755
Tlaxcala,2006,2,False,151.546214,16.92345899999998
Tlaxcala,2006,3,False,199.358479,47.812265
Tlaxcala,2006,4,False,242.225978,42.86749900000001
Tlaxcala,2007,1,False,41.15014,41.15014
Tlaxcala,2007,2,False,49.176896,8.026755999999999
Tlaxcala,2007,3,False,60.476163,11.299267
Tlaxcala,2007,4,False,92.695589,32.219426
Tlaxcala,2008,1,False,61.527564,61.527564
Tlaxcala,2008,2,False,63.658148,2.130583999999999
Tlaxcala,2008,3,False,96.755987,33.09783900000001
Tlaxcala,2008,4,False,123.709811,26.953823999999997
Tlaxcala,2009,1,False,33.403671,33.403671
Tlaxcala,2009,2,False,33.854543,0.45087199999999683
Tlaxcala,2009,3,False,42.799996,8.945453
Tlaxcala,2009,4,False,72.191991,29.391995
Tlaxcala,2010,1,False,25.0785444,25.0785444
Tlaxcala,2010,2,False,76.7569424,51.678398
Tlaxcala,2010,3,False,89.9176754,13.160732999999993
Tlaxcala,2010,4,False,91.1712334,1.2535580000000124
Tlaxcala,2011,1,False,169.540928,169.540928
Tlaxcala,2011,2,False,212.54934071,43.00841270999999
Tlaxcala,2011,3,False,226.97625471,14.42691400000001
Tlaxcala,2011,4,False,251.22970421,24.253449499999988
Tlaxcala,2012,1,False,31.68895357,31.68895357
Tlaxcala,2012,2,False,57.74642557,26.057472
Tlaxcala,2012,3,False,78.47630657,20.729881000000006
Tlaxcala,2012,4,False,79.50908357,1.0327769999999958
Tlaxcala,2013,1,False,41.82901659,41.82901659
Tlaxcala,2013,2,False,122.73619608,80.90717949
Tlaxcala,2013,3,False,88.17813808,-34.558058
Tlaxcala,2013,4,False,80.73515841,-7.44297967
Tlaxcala,2014,1,False,46.79347911,46.79347911
Tlaxcala,2014,2,False,114.08574911,67.29227
Tlaxcala,2014,3,False,113.57953533,-0.506213779999996
Tlaxcala,2014,4,False,120.71293635,7.133401020000008
Tlaxcala,2015,1,False,57.6697765,57.6697765
Tlaxcala,2015,2,False,76.4947081,18.8249316
Tlaxcala,2015,3,False,116.99261965,40.49791155
Tlaxcala,2015,4,False,152.51851841,35.52589876000002
Tlaxcala,2016,1,False,67.49930147,67.49930147
Tlaxcala,2016,2,False,117.09886201,49.59956054
Tlaxcala,2016,3,False,119.58970487,2.4908428600000008
Tlaxcala,2016,4,False,253.119961,133.53025613
Tlaxcala,2017,1,False,71.66924837,71.66924837
Tlaxcala,2017,2,False,100.31677778,28.64752940999999
Tlaxcala,2017,3,False,162.99624949,62.67947171
Tlaxcala,2017,4,False,168.04845104,5.052201550000007
Tlaxcala,2018,1,False,101.69497842,101.69497842
Tlaxcala,2018,2,False,141.12188735,39.42690893000001
Tlaxcala,2018,3,False,132.18981278,-8.932074569999997
Tlaxcala,2018,4,False,143.05633667,10.866523889999996
Tlaxcala,2019,1,False,134.01261964,134.01261964
Tlaxcala,2019,2,False,186.95681933,52.944199690000005
Tlaxcala,2019,3,False,295.4111747,108.45435537
Tlaxcala,2019,4,False,345.72117869,50.310003989999984
Tlaxcala,2020,1,False,96.73225296,96.73225296
Tlaxcala,2020,2,False,346.74508142,250.01282846000004
Tlaxcala,2020,3,False,336.76253918,-9.982542240000043
Tlaxcala,2020,4,False,367.51583198,30.753292799999997
Tlaxcala,2021,1,False,72.04056775,72.04056775
Tlaxcala,2021,2,False,95.09400235,23.053434600000003
Tlaxcala,2021,3,False,107.37287598,12.278873630000007
Tlaxcala,2021,4,False,60.4559001,-46.91697588
Tlaxcala,2022,1,False,48.17032172,48.17032172
Tlaxcala,2022,2,False,130.90718589,82.73686416999999
Tlaxcala,2022,3,False,175.87776621,44.97058032000001
Tlaxcala,2022,4,False,275.02602158,99.14825537000002
Tlaxcala,2023,1,False,227.0162852,227.0162852
Tlaxcala,2023,2,False,222.58733245,-4.428952750000008
Tlaxcala,2023,3,False,314.5279747,91.94064225000002
Tlaxcala,2023,4,False,328.89349058,14.365515879999975
Tlaxcala,2024,1,False,70.12179328,70.12179328
Tlaxcala,2024,2,False,63.09751056,-7.024282720000002
Tlaxcala,2024,3,False,88.1996403,25.102129739999995
Tlaxcala,2024,4,False,79.38136734,-8.818272960000002
Tlaxcala,2025,1,False,32.33922734,32.33922734
Tlaxcala,2025,2,False,110.67085327,78.33162593
Tlaxcala,2025,3,False,125.56678943,14.895936160000005
Tlaxcala,2025,4,False,68.31241635,-57.25437307999999
Total general,2006,1,False,7437.85643577,7437.85643577
Total general,2006,2,False,14072.16742706,6634.31099129
Total general,2006,3,False,16418.89036252,2346.7229354600004
Total general,2006,4,False,21236.85353986,4817.96317734
Total general,2007,1,False,10815.78141087,10815.78141087
Total general,2007,2,False,16953.41971478,6137.63830391
Total general,2007,3,False,24582.07330259,7628.65358781
Total general,2007,4,False,32394.03781846,7811.9645158700005
Total general,2008,1,False,8554.83151524,8554.83151524
Total general,2008,2,False,16931.58843361,8376.75691837
Total general,2008,3,False,22575.72579767,5644.1373640599995
Total general,2008,4,False,29521.41914786,6945.693350190002
Total general,2009,1,False,6105.29541363,6105.29541363
Total general,2009,2,False,12199.78876824,6094.493354609999
Total general,2009,3,False,14597.82536044,2398.0365922
Total general,2009,4,False,17851.25997536,3253.434614920001
Total general,2010,1,False,8722.79169874,8722.79169874
Total general,2010,2,False,18024.41307601,9301.621377270001
Total general,2010,3,False,21966.49719896,3942.08412295
Total general,2010,4,False,27199.002382,5232.505183039997
Total general,2011,1,False,8431.22346962,8431.22346962
Total general,2011,2,False,15128.6730297,6697.44956008
Total general,2011,3,False,19478.56810121,4349.89507151
Total general,2011,4,False,25632.57812453,6154.010023319999
Total general,2012,1,False,7893.18909919,7893.18909919
Total general,2012,2,False,13515.31999583,5622.130896639999
Total general,2012,3,False,19251.61605077,5736.296054940001
Total general,2012,4,False,21769.83139599,2518.21534522
Total general,2013,1,False,10571.57964906,10571.57964906
Total general,2013,2,False,31590.72560175,21019.14595269
Total general,2013,3,False,35769.53973695,4178.814135199998
Total general,2013,4,False,48356.7638495,12587.22411255
Total general,2014,1,False,13828.00834543,13828.00834543
Total general,2014,2,False,19306.93015988,5478.921814450001
Total general,2014,3,False,22529.05436985,3222.1242099699994
Total general,2014,4,False,30351.50531898,7822.450949129998
Total general,2015,1,False,12136.45616046,12136.45616046
Total general,2015,2,False,18793.30500847,6656.84884801
Total general,2015,3,False,28428.94887324,9635.643864769998
Total general,2015,4,False,35945.17943412,7516.230560880002
Total general,2016,1,False,12805.79587881,12805.79587881
Total general,2016,2,False,19016.44099833,6210.645119519999
Total general,2016,3,False,23336.53951849,4320.0985201600015
Total general,2016,4,False,31192.31440354,7855.774885049999
Total general,2017,1,False,13781.54393591,13781.54393591
Total general,2017,2,False,20618.88587609,6837.34194018
Total general,2017,3,False,26980.38783521,6361.50195912
Total general,2017,4,False,34043.05262685,7062.664791640003
Total general,2018,1,False,14075.43312567,14075.43312567
Total general,2018,2,False,23655.14907087,9579.7159452
Total general,2018,3,False,27788.67545185,4133.526380979998
Total general,2018,4,False,34110.95585474,6322.280402890003
Total general,2019,1,False,15213.11923941,15213.11923941
Total general,2019,2,False,21718.73892264,6505.619683230001
Total general,2019,3,False,29937.43622663,8218.69730399
Total general,2019,4,False,34621.97200311,4684.535776479999
Total general,2020,1,False,16782.62620391,16782.62620391
Total general,2020,2,False,24160.26854322,7377.642339310001
Total general,2020,3,False,25498.10811375,1337.839570529999
Total general,2020,4,False,28280.20106813,2782.092954380001
Total general,2021,1,False,16503.34100367,16503.34100367
Total general,2021,2,False,22430.73343271,5927.392429039999
Total general,2021,3,False,28863.38704278,6432.65361007
Total general,2021,4,False,33847.70894897,4984.321906190002
Total general,2022,1,False,22783.2591435,22783.2591435
Total general,2022,2,False,31165.29736116,8382.03821766
Total general,2022,3,False,34615.66941745,3450.3720562900016
Total general,2022,4,False,36420.48694864,1804.8175311899977
Total general,2023,1,False,23658.91058713,23658.91058713
Total general,2023,2,False,32170.76055895,8511.84997182
Total general,2023,3,False,35214.38640445,3043.625845499999
Total general,2023,4,False,36477.61773275,1263.2313282999967
Total general,2024,1,False,27216.25856484,27216.25856484
Total general,2024,2,False,33698.35342612,6482.094861279995
Total general,2024,3,False,36761.70618286,3063.3527567400015
Total general,2024,4,False,37939.26483729,1177.5586544300022
Total general,2025,1,False,24412.60992549,24412.60992549
Total general,2025,2,False,38172.02680512,13759.416879629996
Total general,2025,3,False,45908.43995006,7736.413144940001
Total general,2025,4,False,40812.05762807,-5096.3823219900005
Veracruz,2006,1,False,31.505309,31.505309
Veracruz,2006,2,False,155.965863,124.46055400000002
Veracruz,2006,3,False,139.652109,-16.313754000000017
Veracruz,2006,4,False,252.740391,113.08828199999999
Veracruz,2007,1,False,172.015648,172.015648
Veracruz,2007,2,False,249.849343,77.833695
Veracruz,2007,3,False,383.07387332,133.22453032
Veracruz,2007,4,False,577.93671132,194.86283799999995
Veracruz,2008,1,False,136.4467324,136.4467324
Veracruz,2008,2,False,282.7011394,146.254407
Veracruz,2008,3,False,314.43111126,31.729971860000035
Veracruz,2008,4,False,607.78018617,293.34907490999996
Veracruz,2009,1,False,235.26662359,235.26662359
Veracruz,2009,2,False,419.78001223,184.51338864000002
Veracruz,2009,3,False,474.61703607,54.83702383999997
Veracruz,2009,4,False,518.41317707,43.79614099999998
Veracruz,2010,1,False,264.02072924,264.02072924
Veracruz,2010,2,False,1102.37914766,838.3584184199999
Veracruz,2010,3,False,1180.47133266,78.09218499999997
Veracruz,2010,4,False,1230.77275097,50.301418310000145
Veracruz,2011,1,False,268.6815449,268.6815449
Veracruz,2011,2,False,670.89032839,402.20878349000003
Veracruz,2011,3,False,902.41160712,231.52127872999995
Veracruz,2011,4,False,1189.11735624,286.70574911999995
Veracruz,2012,1,False,347.10252044,347.10252044
Veracruz,2012,2,False,493.05382603,145.95130559
Veracruz,2012,3,False,805.99145409,312.93762806000007
Veracruz,2012,4,False,1061.32084453,255.32939043999988
Veracruz,2013,1,False,262.72003267,262.72003267
Veracruz,2013,2,False,962.42629775,699.70626508
Veracruz,2013,3,False,1275.72731309,313.30101534000005
Veracruz,2013,4,False,1702.75002573,427.02271264
Veracruz,2014,1,False,630.63642674,630.63642674
Veracruz,2014,2,False,625.44533076,-5.19109598
Veracruz,2014,3,False,690.99453285,65.54920209
Veracruz,2014,4,False,1271.25420252,580.25966967
Veracruz,2015,1,False,431.18705173,431.18705173
Veracruz,2015,2,False,539.43619174,108.24914001000002
Veracruz,2015,3,False,1210.22872622,670.79253448
Veracruz,2015,4,False,1589.12154768,378.89282146000005
Veracruz,2016,1,False,396.6625507,396.6625507
Veracruz,2016,2,False,670.35366211,273.69111140999996
Veracruz,2016,3,False,884.20593339,213.85227128000008
Veracruz,2016,4,False,1045.51296416,161.30703076999987
Veracruz,2017,1,False,200.92134628,200.92134628
Veracruz,2017,2,False,388.61974743,187.69840115000002
Veracruz,2017,3,False,626.46844308,237.84869565000002
Veracruz,2017,4,False,914.92178831,288.45334522999997
Veracruz,2018,1,False,426.41571411,426.41571411
Veracruz,2018,2,False,668.46345695,242.04774284
Veracruz,2018,3,False,659.90843713,-8.555019819999984
Veracruz,2018,4,False,962.06643186,302.1579947299999
Veracruz,2019,1,False,649.84813698,649.84813698
Veracruz,2019,2,False,808.01012926,158.16199227999994
Veracruz,2019,3,False,1014.07688872,206.06675946000007
Veracruz,2019,4,False,1080.61333807,66.53644935
Veracruz,2020,1,False,734.38700034,734.38700034
Veracruz,2020,2,False,1000.86798739,266.48098705000007
Veracruz,2020,3,False,1130.21059895,129.34261156000002
Veracruz,2020,4,False,1000.69663535,-129.51396360000012
Veracruz,2021,1,False,587.11544728,587.11544728
Veracruz,2021,2,False,454.36959217,-132.74585511000004
Veracruz,2021,3,False,831.41453232,377.04494015000006
Veracruz,2021,4,False,935.34698834,103.93245602000002
Veracruz,2022,1,False,718.8859697,718.8859697
Veracruz,2022,2,False,737.63033509,18.744365389999984
Veracruz,2022,3,False,470.86986242,-266.76047267
Veracruz,2022,4,False,0.00790756,-470.86195486
Veracruz,2023,1,False,829.23281195,829.23281195
Veracruz,2023,2,False,923.21306593,93.98025397999993
Veracruz,2023,3,False,539.20931479,-384.00375113999996
Veracruz,2023,4,False,826.47298929,287.2636745
Veracruz,2024,1,False,730.74215827,730.74215827
Veracruz,2024,2,False,404.57165965,-326.17049862
Veracruz,2024,3,False,524.65412779,120.08246813999995
Veracruz,2024,4,False,470.04015394,-54.61397384999998
Veracruz,2025,1,False,158.19963733,158.19963733
Veracruz,2025,2,False,125.51922411,-32.680413220000005
Veracruz,2025,3,False,17.09162925,-108.42759486
Veracruz,2025,4,False,-40.45213601,-57.54376526
Yucatán,2006,1,False,20.53537275,20.53537275
Yucatán,2006,2,False,75.39859639,54.863223639999994
Yucatán,2006,3,False,86.50448926,11.105892870000005
Yucatán,2006,4,False,105.3094414,18.804952139999997
Yucatán,2007,1,False,55.716444,55.716444
Yucatán,2007,2,False,115.76619704,60.04975303999999
Yucatán,2007,3,False,170.19448596,54.428288920000014
Yucatán,2007,4,False,192.97663915,22.782153190000002
Yucatán,2008,1,False,50.31613669,50.31613669
Yucatán,2008,2,False,96.88299869,46.56686199999999
Yucatán,2008,3,False,120.96728735,24.084288660000013
Yucatán,2008,4,False,146.09687107,25.129583719999985
Yucatán,2009,1,False,9.79238954,9.79238954
Yucatán,2009,2,False,52.81690071,43.02451117
Yucatán,2009,3,False,55.82976171,3.012861000000001
Yucatán,2009,4,False,79.87859641,24.0488347
Yucatán,2010,1,False,59.34859189,59.34859189
Yucatán,2010,2,False,79.66947844,20.320886550000004
Yucatán,2010,3,False,89.82092912,10.151450679999996
Yucatán,2010,4,False,94.81755758,4.996628459999997
Yucatán,2011,1,False,21.9776434,21.9776434
Yucatán,2011,2,False,72.63232666,50.65468326
Yucatán,2011,3,False,153.40766365,80.77533698999999
Yucatán,2011,4,False,165.53948784,12.131824190000003
Yucatán,2012,1,False,28.44661977,28.44661977
Yucatán,2012,2,False,51.20480379,22.758184019999998
Yucatán,2012,3,False,113.9091134,62.704309609999996
Yucatán,2012,4,False,127.92097795,14.011864549999999
Yucatán,2013,1,False,26.69799346,26.69799346
Yucatán,2013,2,False,461.34868728,434.65069381999996
Yucatán,2013,3,False,477.37841766,16.029730380000046
Yucatán,2013,4,False,516.66350743,39.285089769999956
Yucatán,2014,1,False,74.26452987,74.26452987
Yucatán,2014,2,False,75.27699675,1.012466879999991
Yucatán,2014,3,False,94.39475942,19.117762670000005
Yucatán,2014,4,False,86.08559134,-8.309168080000006
Yucatán,2015,1,False,87.67025432,87.67025432
Yucatán,2015,2,False,124.44568164,36.775427320000006
Yucatán,2015,3,False,143.00221993,18.55653828999999
Yucatán,2015,4,False,213.48978913,70.4875692
Yucatán,2016,1,False,63.0841598,63.0841598
Yucatán,2016,2,False,83.30813092,20.223971119999995
Yucatán,2016,3,False,99.66338926,16.355258340000006
Yucatán,2016,4,False,125.14171267,25.47832341
Yucatán,2017,1,False,99.89880796,99.89880796
Yucatán,2017,2,False,126.58728925,26.68848129
Yucatán,2017,3,False,129.51618025,2.928890999999993
Yucatán,2017,4,False,114.16792455,-15.348255699999996
Yucatán,2018,1,False,57.08650959,57.08650959
Yucatán,2018,2,False,69.01434232,11.927832729999999
Yucatán,2018,3,False,71.16305608,2.148713760000007
Yucatán,2018,4,False,86.01460711,14.851551029999996
Yucatán,2019,1,False,98.00205025,98.00205025
Yucatán,2019,2,False,106.36021576,8.358165510000006
Yucatán,2019,3,False,132.5773746,26.21715884000001
Yucatán,2019,4,False,159.95134848,27.373973879999994
Yucatán,2020,1,False,132.24860148,132.24860148
Yucatán,2020,2,False,134.98369118,2.735089700000003
Yucatán,2020,3,False,142.20876762,7.225076440000009
Yucatán,2020,4,False,154.12589121,11.917123589999989
Yucatán,2021,1,False,57.14728038,57.14728038
Yucatán,2021,2,False,77.01060643,19.863326049999998
Yucatán,2021,3,False,87.95071753,10.94011110000001
Yucatán,2021,4,False,145.67798772,57.72727019
Yucatán,2022,1,False,133.52478575,133.52478575
Yucatán,2022,2,False,421.32901696,287.80423121
Yucatán,2022,3,False,523.92651649,102.59749953000005
Yucatán,2022,4,False,547.74804838,23.82153188999996
Yucatán,2023,1,False,118.27079421,118.27079421
Yucatán,2023,2,False,138.98193446,20.711140249999985
Yucatán,2023,3,False,170.67453564,31.692601179999997
Yucatán,2023,4,False,200.34379952,29.669263880000017
Yucatán,2024,1,False,104.58771739,104.58771739
Yucatán,2024,2,False,100.95644544,-3.6312719499999986
Yucatán,2024,3,False,356.0180024,255.06155696000002
Yucatán,2024,4,False,154.08091138,-201.93709102
Yucatán,2025,1,False,28.48328542,28.48328542
Yucatán,2025,2,False,99.25497638,70.77169096
Yucatán,2025,3,False,136.9102526,37.655276220000005
Yucatán,2025,4,False,111.2218781,-25.68837450000001
Zacatecas,2006,1,False,14.156372,14.156372
Zacatecas,2006,2,False,69.349779,55.193407
Zacatecas,2006,3,False,81.885829,12.536050000000003
Zacatecas,2006,4,False,97.132104,15.246274999999997
Zacatecas,2007,1,False,157.719637,157.719637
Zacatecas,2007,2,False,259.114608,101.39497099999997
Zacatecas,2007,3,False,880.157289,621.042681
Zacatecas,2007,4,False,867.519411,-12.637878
Zacatecas,2008,1,False,132.233261,132.233261
Zacatecas,2008,2,False,384.305128,252.07186700000003
Zacatecas,2008,3,False,1677.009365,1292.704237
Zacatecas,2008,4,False,1836.462303,159.45293800000013
Zacatecas,2009,1,False,41.915229,41.915229
Zacatecas,2009,2,False,121.422905,79.507676
Zacatecas,2009,3,False,235.394889,113.971984
Zacatecas,2009,4,False,301.516316,66.12142700000001
Zacatecas,2010,1,False,108.36658,108.36658
Zacatecas,2010,2,False,139.690638,31.324058000000008
Zacatecas,2010,3,False,188.814114,49.12347599999998
Zacatecas,2010,4,False,381.918385,193.104271
Zacatecas,2011,1,False,49.65931462,49.65931462
Zacatecas,2011,2,False,378.09766216,328.43834754
Zacatecas,2011,3,False,428.5745281,50.47686593999998
Zacatecas,2011,4,False,466.73292555,38.158397449999995
Zacatecas,2012,1,False,81.04960275,81.04960275
Zacatecas,2012,2,False,88.49719884,7.4475960899999905
Zacatecas,2012,3,False,422.68802484,334.190826
Zacatecas,2012,4,False,754.38791784,331.699893
Zacatecas,2013,1,False,157.68385304,157.68385304
Zacatecas,2013,2,False,1594.94683549,1437.26298245
Zacatecas,2013,3,False,2147.15618749,552.2093519999999
Zacatecas,2013,4,False,3973.15821521,1826.0020277200001
Zacatecas,2014,1,False,159.55600584,159.55600584
Zacatecas,2014,2,False,272.57848529,113.02247944999999
Zacatecas,2014,3,False,745.10982029,472.531335
Zacatecas,2014,4,False,758.91380192,13.803981629999953
Zacatecas,2015,1,False,-116.6847725,-116.6847725
Zacatecas,2015,2,False,12.59507115,129.27984365
Zacatecas,2015,3,False,119.81482559,107.21975444
Zacatecas,2015,4,False,107.57548909,-12.239336499999993
Zacatecas,2016,1,False,136.12914165,136.12914165
Zacatecas,2016,2,False,479.76002662,343.63088497
Zacatecas,2016,3,False,579.48083672,99.72081009999994
Zacatecas,2016,4,False,532.61617872,-46.86465799999996
Zacatecas,2017,1,False,302.50365679,302.50365679
Zacatecas,2017,2,False,285.23441973,-17.269237059999966
Zacatecas,2017,3,False,220.11247987,-65.12193986000003
Zacatecas,2017,4,False,457.63702318,237.52454331000004
Zacatecas,2018,1,False,260.62904492,260.62904492
Zacatecas,2018,2,False,441.2389685,180.60992358
Zacatecas,2018,3,False,447.79631448,6.55734597999998
Zacatecas,2018,4,False,301.73537605,-146.06093842999996
Zacatecas,2019,1,False,194.09488618,194.09488618
Zacatecas,2019,2,False,458.30504732,264.21016114
Zacatecas,2019,3,False,688.00180037,229.69675304999993
Zacatecas,2019,4,False,746.49062246,58.4888220900001
Zacatecas,2020,1,False,21.53563854,21.53563854
Zacatecas,2020,2,False,47.06783685,25.53219831
Zacatecas,2020,3,False,-109.90506662,-156.97290347
Zacatecas,2020,4,False,-405.52883434,-295.62376772
Zacatecas,2021,1,False,442.92892791,442.92892791
Zacatecas,2021,2,False,910.90576523,467.97683732
Zacatecas,2021,3,False,1099.64336608,188.73760085000004
Zacatecas,2021,4,False,1320.20935946,220.56599338
Zacatecas,2022,1,False,334.0871115,334.0871115
Zacatecas,2022,2,False,174.37075996,-159.71635154
Zacatecas,2022,3,False,198.68986836,24.319108400000005
Zacatecas,2022,4,False,8.70423012,-189.98563824
Zacatecas,2023,1,False,258.47309208,258.47309208
Zacatecas,2023,2,False,201.28334288,-57.18974920000002
Zacatecas,2023,3,False,431.68347708,230.4001342
Zacatecas,2023,4,False,620.04646684,188.36298976
Zacatecas,2024,1,False,-29.89518331,-29.89518331
Zacatecas,2024,2,False,86.21139056,116.10657387
Zacatecas,2024,3,False,43.63167391,-42.579716649999995
Zacatecas,2024,4,False,134.42865682,90.79698290999998
Zacatecas,2025,1,False,14.03724431,14.03724431
Zacatecas,2025,2,False,229.12299942,215.08575511
Zacatecas,2025,3,False,189.57958717,-39.54341225000002
Zacatecas,2025,4,False,97.53906098,-92.04052619
