entidad_federativa,tipo_inversion,anio,trimestre,confidencial,ied_acumulado_mdd,flujo_mdd
Aguascalientes,Cuentas entre compañías,2006,1,False,14.685269,14.685269
Aguascalientes,Cuentas entre compañías,2006,2,False,30.673324,15.988055000000001
Aguascalientes,Cuentas entre compañías,2006,3,False,40.861993,10.188668999999997
Aguascalientes,Cuentas entre compañías,2006,4,False,57.479905,16.617912000000004
Aguascalientes,Cuentas entre compañías,2007,1,False,-2.192762,-2.192762
Aguascalientes,Cuentas entre compañías,2007,2,False,14.673218,16.86598
Aguascalientes,Cuentas entre compañías,2007,3,False,20.122823,5.449605
Aguascalientes,Cuentas entre compañías,2007,4,False,47.11899,26.996166999999996
Aguascalientes,Cuentas entre compañías,2008,1,False,-12.138535,-12.138535
Aguascalientes,Cuentas entre compañías,2008,2,False,-108.347213,-96.20867799999999
Aguascalientes,Cuentas entre compañías,2008,3,False,-77.207139,31.140074
Aguascalientes,Cuentas entre compañías,2008,4,False,-31.865703,45.341436
Aguascalientes,Cuentas entre compañías,2009,1,False,-59.525938,-59.525938
Aguascalientes,Cuentas entre compañías,2009,2,False,-44.725582,14.800355999999994
Aguascalientes,Cuentas entre compañías,2009,3,False,-32.880423,11.845159000000002
Aguascalientes,Cuentas entre compañías,2009,4,False,-152.842854,-119.96243099999998
Aguascalientes,Cuentas entre compañías,2010,1,False,135.415989,135.415989
Aguascalientes,Cuentas entre compañías,2010,2,False,113.741704,-21.674284999999998
Aguascalientes,Cuentas entre compañías,2010,3,False,152.874425,39.132721000000004
Aguascalientes,Cuentas entre compañías,2010,4,False,163.73051026,10.856085259999986
Aguascalientes,Cuentas entre compañías,2011,1,False,42.790748,42.790748
Aguascalientes,Cuentas entre compañías,2011,2,False,25.020025,-17.770723
Aguascalientes,Cuentas entre compañías,2011,3,False,11.220981,-13.799044
Aguascalientes,Cuentas entre compañías,2011,4,False,-2.11284471,-13.33382571
Aguascalientes,Cuentas entre compañías,2012,1,False,-6.41865204,-6.41865204
Aguascalientes,Cuentas entre compañías,2012,2,False,4.71921496,11.137867
Aguascalientes,Cuentas entre compañías,2012,3,False,28.56357996,23.844364999999996
Aguascalientes,Cuentas entre compañías,2012,4,False,24.6671988,-3.896381159999997
Aguascalientes,Cuentas entre compañías,2013,1,False,-252.72954694,-252.72954694
Aguascalientes,Cuentas entre compañías,2013,2,False,-393.68623574,-140.95668879999997
Aguascalientes,Cuentas entre compañías,2013,3,False,-330.08414374,63.60209199999997
Aguascalientes,Cuentas entre compañías,2013,4,False,-451.62647462,-121.54233088000001
Aguascalientes,Cuentas entre compañías,2014,1,False,158.411514,158.411514
Aguascalientes,Cuentas entre compañías,2014,2,False,188.66508211,30.253568109999975
Aguascalientes,Cuentas entre compañías,2014,3,False,274.39493281,85.72985070000001
Aguascalientes,Cuentas entre compañías,2014,4,False,330.50346539,56.108532579999974
Aguascalientes,Cuentas entre compañías,2015,1,False,13.1511678,13.1511678
Aguascalientes,Cuentas entre compañías,2015,2,False,56.93380402,43.78263622
Aguascalientes,Cuentas entre compañías,2015,3,False,17.20806546,-39.725738559999996
Aguascalientes,Cuentas entre compañías,2015,4,False,104.03599002,86.82792456
Aguascalientes,Cuentas entre compañías,2016,1,False,-86.25470155,-86.25470155
Aguascalientes,Cuentas entre compañías,2016,2,False,-136.84896391,-50.594262360000016
Aguascalientes,Cuentas entre compañías,2016,3,False,-118.51189184,18.337072070000005
Aguascalientes,Cuentas entre compañías,2016,4,False,-5.31347096,113.19842088
Aguascalientes,Cuentas entre compañías,2017,1,False,3.56289728,3.56289728
Aguascalientes,Cuentas entre compañías,2017,2,False,125.9793895,122.41649222
Aguascalientes,Cuentas entre compañías,2017,3,False,203.21569,77.2363005
Aguascalientes,Cuentas entre compañías,2017,4,False,670.96043488,467.74474488
Aguascalientes,Cuentas entre compañías,2018,1,False,9.01394818,9.01394818
Aguascalientes,Cuentas entre compañías,2018,2,False,93.99013101,84.97618283
Aguascalientes,Cuentas entre compañías,2018,3,False,139.28940701,45.29927599999999
Aguascalientes,Cuentas entre compañías,2018,4,False,320.21704634,180.92763933000003
Aguascalientes,Cuentas entre compañías,2019,1,False,6.33341106,6.33341106
Aguascalientes,Cuentas entre compañías,2019,2,False,-11.19527936,-17.52869042
Aguascalientes,Cuentas entre compañías,2019,3,False,13.02393118,24.21921054
Aguascalientes,Cuentas entre compañías,2019,4,False,32.75386812,19.72993694
Aguascalientes,Cuentas entre compañías,2020,1,False,-33.24989394,-33.24989394
Aguascalientes,Cuentas entre compañías,2020,2,False,-54.49323657,-21.24334263
Aguascalientes,Cuentas entre compañías,2020,3,False,29.04512017,83.53835674
Aguascalientes,Cuentas entre compañías,2020,4,False,396.80400279,367.75888262
Aguascalientes,Cuentas entre compañías,2021,1,False,-19.76480939,-19.76480939
Aguascalientes,Cuentas entre compañías,2021,2,False,34.19650332,53.96131271
Aguascalientes,Cuentas entre compañías,2021,3,False,-28.46335,-62.659853319999996
Aguascalientes,Cuentas entre compañías,2021,4,False,24.61153014,53.07488014
Aguascalientes,Cuentas entre compañías,2022,1,False,148.33517066,148.33517066
Aguascalientes,Cuentas entre compañías,2022,2,False,257.85314804,109.51797738000002
Aguascalientes,Cuentas entre compañías,2022,3,False,244.67918777,-13.17396027000001
Aguascalientes,Cuentas entre compañías,2022,4,False,229.3051412,-15.37404656999999
Aguascalientes,Cuentas entre compañías,2023,1,False,-221.66552294,-221.66552294
Aguascalientes,Cuentas entre compañías,2023,2,False,845.95494524,1067.62046818
Aguascalientes,Cuentas entre compañías,2023,3,False,1126.78632053,280.83137529
Aguascalientes,Cuentas entre compañías,2023,4,False,678.31267655,-448.47364398
Aguascalientes,Cuentas entre compañías,2024,1,False,-288.04218447,-288.04218447
Aguascalientes,Cuentas entre compañías,2024,2,False,5.28961546,293.33179993
Aguascalientes,Cuentas entre compañías,2024,3,False,-42.13249886,-47.42211432
Aguascalientes,Cuentas entre compañías,2024,4,False,99.41441518,141.54691404
Aguascalientes,Cuentas entre compañías,2025,1,False,-60.52923771,-60.52923771
Aguascalientes,Cuentas entre compañías,2025,2,False,-71.26535555,-10.736117839999999
Aguascalientes,Cuentas entre compañías,2025,3,False,-322.93665627,-251.67130072000003
Aguascalientes,Cuentas entre compañías,2025,4,False,-874.29533381,-551.3586775399999
Baja California,Cuentas entre compañías,2006,1,False,182.381811,182.381811
Baja California,Cuentas entre compañías,2006,2,False,410.000884,227.619073
Baja California,Cuentas entre compañías,2006,3,False,687.171301,277.170417
Baja California,Cuentas entre compañías,2006,4,False,952.430873,265.25957200000005
Baja California,Cuentas entre compañías,2007,1,False,222.613338,222.613338
Baja California,Cuentas entre compañías,2007,2,False,383.764169,161.15083099999998
Baja California,Cuentas entre compañías,2007,3,False,974.684525,590.9203560000001
Baja California,Cuentas entre compañías,2007,4,False,996.753405,22.068880000000036
Baja California,Cuentas entre compañías,2008,1,False,86.495183,86.495183
Baja California,Cuentas entre compañías,2008,2,False,469.772187,383.277004
Baja California,Cuentas entre compañías,2008,3,False,647.602,177.829813
Baja California,Cuentas entre compañías,2008,4,False,457.343892,-190.258108
Baja California,Cuentas entre compañías,2009,1,False,156.993044,156.993044
Baja California,Cuentas entre compañías,2009,2,False,189.215333,32.22228899999999
Baja California,Cuentas entre compañías,2009,3,False,293.89286,104.677527
Baja California,Cuentas entre compañías,2009,4,False,178.14019,-115.75267
Baja California,Cuentas entre compañías,2010,1,False,250.149294,250.149294
Baja California,Cuentas entre compañías,2010,2,False,351.701437,101.552143
Baja California,Cuentas entre compañías,2010,3,False,488.178468,136.477031
Baja California,Cuentas entre compañías,2010,4,False,664.955337,176.77686899999998
Baja California,Cuentas entre compañías,2011,1,False,-25.319839,-25.319839
Baja California,Cuentas entre compañías,2011,2,False,106.726125,132.045964
Baja California,Cuentas entre compañías,2011,3,False,299.16136,192.435235
Baja California,Cuentas entre compañías,2011,4,False,427.635483,128.47412300000002
Baja California,Cuentas entre compañías,2012,1,False,186.817111,186.817111
Baja California,Cuentas entre compañías,2012,2,False,300.485495,113.668384
Baja California,Cuentas entre compañías,2012,3,False,413.257158,112.77166299999999
Baja California,Cuentas entre compañías,2012,4,False,520.73219,107.47503199999994
Baja California,Cuentas entre compañías,2013,1,False,160.727536,160.727536
Baja California,Cuentas entre compañías,2013,2,False,314.767985,154.04044900000002
Baja California,Cuentas entre compañías,2013,3,False,447.439656,132.671671
Baja California,Cuentas entre compañías,2013,4,False,540.634707,93.19505100000003
Baja California,Cuentas entre compañías,2014,1,False,112.16743,112.16743
Baja California,Cuentas entre compañías,2014,2,False,266.685467,154.51803700000002
Baja California,Cuentas entre compañías,2014,3,False,411.29274751,144.60728051
Baja California,Cuentas entre compañías,2014,4,False,668.74251085,257.44976334
Baja California,Cuentas entre compañías,2015,1,False,173.09077319,173.09077319
Baja California,Cuentas entre compañías,2015,2,False,236.34158709,63.2508139
Baja California,Cuentas entre compañías,2015,3,False,506.8171279,270.47554081
Baja California,Cuentas entre compañías,2015,4,False,839.7188398,332.90171189999995
Baja California,Cuentas entre compañías,2016,1,False,128.93768199,128.93768199
Baja California,Cuentas entre compañías,2016,2,False,337.90453471,208.96685272000002
Baja California,Cuentas entre compañías,2016,3,False,468.44249064,130.53795593
Baja California,Cuentas entre compañías,2016,4,False,674.91113862,206.46864797999996
Baja California,Cuentas entre compañías,2017,1,False,231.13091027,231.13091027
Baja California,Cuentas entre compañías,2017,2,False,448.54967533,217.41876506000003
Baja California,Cuentas entre compañías,2017,3,False,526.06697995,77.51730462
Baja California,Cuentas entre compañías,2017,4,False,726.94665756,200.87967760999993
Baja California,Cuentas entre compañías,2018,1,False,128.96269845,128.96269845
Baja California,Cuentas entre compañías,2018,2,False,363.85637088,234.89367242999998
Baja California,Cuentas entre compañías,2018,3,False,483.93796842,120.08159754000002
Baja California,Cuentas entre compañías,2018,4,False,749.90776001,265.96979158999994
Baja California,Cuentas entre compañías,2019,1,False,-22.65000565,-22.65000565
Baja California,Cuentas entre compañías,2019,2,False,171.2702501,193.92025575
Baja California,Cuentas entre compañías,2019,3,False,272.62475836,101.35450825999999
Baja California,Cuentas entre compañías,2019,4,False,240.47396126,-32.15079709999998
Baja California,Cuentas entre compañías,2020,1,False,253.62626653,253.62626653
Baja California,Cuentas entre compañías,2020,2,False,488.82065102,235.19438449
Baja California,Cuentas entre compañías,2020,3,False,442.40279177,-46.41785924999999
Baja California,Cuentas entre compañías,2020,4,False,589.08484966,146.68205789
Baja California,Cuentas entre compañías,2021,1,False,66.53855779,66.53855779
Baja California,Cuentas entre compañías,2021,2,False,308.67255756,242.13399976999997
Baja California,Cuentas entre compañías,2021,3,False,522.61479953,213.94224197000005
Baja California,Cuentas entre compañías,2021,4,False,605.92219357,83.30739403999996
Baja California,Cuentas entre compañías,2022,1,False,352.66108517,352.66108517
Baja California,Cuentas entre compañías,2022,2,False,549.65290789,196.99182272000007
Baja California,Cuentas entre compañías,2022,3,False,744.85583173,195.20292383999993
Baja California,Cuentas entre compañías,2022,4,False,942.81815775,197.96232601999998
Baja California,Cuentas entre compañías,2023,1,False,277.76301506,277.76301506
Baja California,Cuentas entre compañías,2023,2,False,776.79572352,499.03270846000004
Baja California,Cuentas entre compañías,2023,3,False,528.48805623,-248.30766729000004
Baja California,Cuentas entre compañías,2023,4,False,789.09607427,260.60801804000005
Baja California,Cuentas entre compañías,2024,1,False,751.96586383,751.96586383
Baja California,Cuentas entre compañías,2024,2,False,1041.02847291,289.0626090799999
Baja California,Cuentas entre compañías,2024,3,False,1166.74903583,125.72056292000002
Baja California,Cuentas entre compañías,2024,4,False,1363.36336254,196.6143267100001
Baja California,Cuentas entre compañías,2025,1,False,-57.31727901,-57.31727901
Baja California,Cuentas entre compañías,2025,2,False,407.65071536,464.96799437
Baja California,Cuentas entre compañías,2025,3,False,813.67986373,406.02914837
Baja California,Cuentas entre compañías,2025,4,False,847.00430034,33.32443661000002
Baja California Sur,Cuentas entre compañías,2006,1,False,190.68872,190.68872
Baja California Sur,Cuentas entre compañías,2006,2,False,217.596671,26.907950999999997
Baja California Sur,Cuentas entre compañías,2006,3,False,249.321872,31.725201000000027
Baja California Sur,Cuentas entre compañías,2006,4,False,272.250617,22.928744999999964
Baja California Sur,Cuentas entre compañías,2007,1,False,44.211352,44.211352
Baja California Sur,Cuentas entre compañías,2007,2,False,82.980723,38.769371
Baja California Sur,Cuentas entre compañías,2007,3,False,119.481239,36.500516000000005
Baja California Sur,Cuentas entre compañías,2007,4,False,237.611977,118.130738
Baja California Sur,Cuentas entre compañías,2008,1,False,142.26478,142.26478
Baja California Sur,Cuentas entre compañías,2008,2,False,288.230473,145.96569300000002
Baja California Sur,Cuentas entre compañías,2008,3,False,329.277857,41.047383999999965
Baja California Sur,Cuentas entre compañías,2008,4,False,350.745446,21.467589000000032
Baja California Sur,Cuentas entre compañías,2009,1,False,16.586614,16.586614
Baja California Sur,Cuentas entre compañías,2009,2,False,64.925159,48.338544999999996
Baja California Sur,Cuentas entre compañías,2009,3,False,77.506064,12.580905000000001
Baja California Sur,Cuentas entre compañías,2009,4,False,84.34767,6.841605999999999
Baja California Sur,Cuentas entre compañías,2010,1,False,43.390004,43.390004
Baja California Sur,Cuentas entre compañías,2010,2,False,53.095338,9.705334
Baja California Sur,Cuentas entre compañías,2010,3,False,184.301616,131.206278
Baja California Sur,Cuentas entre compañías,2010,4,False,236.980204,52.67858799999999
Baja California Sur,Cuentas entre compañías,2011,1,False,118.073076,118.073076
Baja California Sur,Cuentas entre compañías,2011,2,False,167.388981,49.315905
Baja California Sur,Cuentas entre compañías,2011,3,False,278.038034,110.64905299999998
Baja California Sur,Cuentas entre compañías,2011,4,False,333.128257,55.09022300000004
Baja California Sur,Cuentas entre compañías,2012,1,False,-1.655636,-1.655636
Baja California Sur,Cuentas entre compañías,2012,2,False,-4.99920725,-3.34357125
Baja California Sur,Cuentas entre compañías,2012,3,False,-3.13108625,1.8681210000000004
Baja California Sur,Cuentas entre compañías,2012,4,False,227.26019975,230.391286
Baja California Sur,Cuentas entre compañías,2013,1,False,1.03106146,1.03106146
Baja California Sur,Cuentas entre compañías,2013,2,False,1.83072334,0.7996618799999999
Baja California Sur,Cuentas entre compañías,2013,3,False,7.47896761,5.648244269999999
Baja California Sur,Cuentas entre compañías,2013,4,False,-579.22254439,-586.7015120000001
Baja California Sur,Cuentas entre compañías,2014,1,False,-7.81983124,-7.81983124
Baja California Sur,Cuentas entre compañías,2014,2,False,-7.90140692,-0.08157568000000026
Baja California Sur,Cuentas entre compañías,2014,3,False,-7.31896772,0.5824392000000005
Baja California Sur,Cuentas entre compañías,2014,4,False,-3.12012489,4.19884283
Baja California Sur,Cuentas entre compañías,2015,1,False,8.00615465,8.00615465
Baja California Sur,Cuentas entre compañías,2015,2,False,-17.8177246,-25.823879249999997
Baja California Sur,Cuentas entre compañías,2015,3,False,77.60108491,95.41880950999999
Baja California Sur,Cuentas entre compañías,2015,4,False,84.96888311,7.367798199999996
Baja California Sur,Cuentas entre compañías,2016,1,False,178.91723544,178.91723544
Baja California Sur,Cuentas entre compañías,2016,2,False,222.75627191,43.839036469999996
Baja California Sur,Cuentas entre compañías,2016,3,False,258.2819879,35.52571598999998
Baja California Sur,Cuentas entre compañías,2016,4,False,274.94113393,16.659146029999988
Baja California Sur,Cuentas entre compañías,2017,1,False,-8.1221786,-8.1221786
Baja California Sur,Cuentas entre compañías,2017,2,False,1.86049885,9.98267745
Baja California Sur,Cuentas entre compañías,2017,3,False,22.39669182,20.536192970000002
Baja California Sur,Cuentas entre compañías,2017,4,False,62.27486599,39.87817417
Baja California Sur,Cuentas entre compañías,2018,1,False,-4.69833513,-4.69833513
Baja California Sur,Cuentas entre compañías,2018,2,False,33.12983744,37.82817257000001
Baja California Sur,Cuentas entre compañías,2018,3,False,19.28144238,-13.848395060000001
Baja California Sur,Cuentas entre compañías,2018,4,False,6.53111004,-12.750332340000002
Baja California Sur,Cuentas entre compañías,2019,1,False,-6.86632128,-6.86632128
Baja California Sur,Cuentas entre compañías,2019,2,False,-8.16779051,-1.3014692299999995
Baja California Sur,Cuentas entre compañías,2019,3,False,18.3384211,26.50621161
Baja California Sur,Cuentas entre compañías,2019,4,False,16.65731569,-1.6811054100000007
Baja California Sur,Cuentas entre compañías,2020,1,False,37.47467746,37.47467746
Baja California Sur,Cuentas entre compañías,2020,2,False,102.21853738,64.74385992
Baja California Sur,Cuentas entre compañías,2020,3,False,141.58385662,39.365319240000005
Baja California Sur,Cuentas entre compañías,2020,4,False,102.17970192,-39.40415470000001
Baja California Sur,Cuentas entre compañías,2021,1,False,0.68441579,0.68441579
Baja California Sur,Cuentas entre compañías,2021,2,False,-2.50615705,-3.19057284
Baja California Sur,Cuentas entre compañías,2021,3,False,-17.67996211,-15.173805060000001
Baja California Sur,Cuentas entre compañías,2021,4,False,-48.50675247,-30.82679036
Baja California Sur,Cuentas entre compañías,2022,1,False,10.57283942,10.57283942
Baja California Sur,Cuentas entre compañías,2022,2,False,12.51750037,1.9446609500000012
Baja California Sur,Cuentas entre compañías,2022,3,False,3.78152242,-8.73597795
Baja California Sur,Cuentas entre compañías,2022,4,False,25.42273044,21.64120802
Baja California Sur,Cuentas entre compañías,2023,1,False,-1.96945312,-1.96945312
Baja California Sur,Cuentas entre compañías,2023,2,False,4.77653249,6.74598561
Baja California Sur,Cuentas entre compañías,2023,3,False,112.14870984,107.37217735
Baja California Sur,Cuentas entre compañías,2023,4,False,81.38666713,-30.76204270999999
Baja California Sur,Cuentas entre compañías,2024,1,False,-1.92224527,-1.92224527
Baja California Sur,Cuentas entre compañías,2024,2,False,16.76170583,18.6839511
Baja California Sur,Cuentas entre compañías,2024,3,False,-11.72921955,-28.49092538
Baja California Sur,Cuentas entre compañías,2024,4,False,15.13563941,26.86485896
Baja California Sur,Cuentas entre compañías,2025,1,False,-4.59959768,-4.59959768
Baja California Sur,Cuentas entre compañías,2025,2,False,-7.53506754,-2.9354698600000004
Baja California Sur,Cuentas entre compañías,2025,3,False,-7.56538955,-0.0303220099999999
Baja California Sur,Cuentas entre compañías,2025,4,False,34.03938379,41.60477334
Campeche,Cuentas entre compañías,2006,1,False,2.224324,2.224324
Campeche,Cuentas entre compañías,2006,2,False,3.187098,0.962774
Campeche,Cuentas entre compañías,2006,3,False,10.407171,7.220072999999999
Campeche,Cuentas entre compañías,2006,4,False,-3.408104,-13.815275
Campeche,Cuentas entre compañías,2007,1,False,-4.712369,-4.712369
Campeche,Cuentas entre compañías,2007,2,False,-8.063296,-3.3509269999999995
Campeche,Cuentas entre compañías,2007,3,False,-95.526234,-87.46293800000001
Campeche,Cuentas entre compañías,2007,4,False,-101.634694,-6.108459999999994
Campeche,Cuentas entre compañías,2008,1,False,-0.951096,-0.951096
Campeche,Cuentas entre compañías,2008,2,False,105.578062,106.52915800000001
Campeche,Cuentas entre compañías,2008,3,False,99.855009,-5.723053000000007
Campeche,Cuentas entre compañías,2008,4,False,112.858558,13.003549000000007
Campeche,Cuentas entre compañías,2009,1,False,-11.137851,-11.137851
Campeche,Cuentas entre compañías,2009,2,False,-19.719596,-8.581745
Campeche,Cuentas entre compañías,2009,3,False,-17.115767,2.6038289999999975
Campeche,Cuentas entre compañías,2009,4,False,-37.31584,-20.200073
Campeche,Cuentas entre compañías,2010,1,False,35.672442,35.672442
Campeche,Cuentas entre compañías,2010,2,False,17.444472,-18.227969999999996
Campeche,Cuentas entre compañías,2010,3,False,24.349984,6.905511999999998
Campeche,Cuentas entre compañías,2010,4,False,14.911943,-9.438040999999998
Campeche,Cuentas entre compañías,2011,1,False,3.088452,3.088452
Campeche,Cuentas entre compañías,2011,2,False,-10.608099,-13.696551
Campeche,Cuentas entre compañías,2011,3,False,-76.598149,-65.99005000000001
Campeche,Cuentas entre compañías,2011,4,False,-66.878728,9.719421000000011
Campeche,Cuentas entre compañías,2012,1,False,-56.161408,-56.161408
Campeche,Cuentas entre compañías,2012,2,False,-5.526138,50.63527
Campeche,Cuentas entre compañías,2012,3,False,195.468762,200.9949
Campeche,Cuentas entre compañías,2012,4,False,200.508803,5.040041000000002
Campeche,Cuentas entre compañías,2013,1,False,28.984872,28.984872
Campeche,Cuentas entre compañías,2013,2,False,48.830835,19.845963
Campeche,Cuentas entre compañías,2013,3,False,51.549587,2.718752000000002
Campeche,Cuentas entre compañías,2013,4,False,-23.658135,-75.207722
Campeche,Cuentas entre compañías,2014,1,False,-3.702473,-3.702473
Campeche,Cuentas entre compañías,2014,2,False,-9.946776,-6.244303
Campeche,Cuentas entre compañías,2014,3,False,72.06894,82.015716
Campeche,Cuentas entre compañías,2014,4,False,72.81205566,0.7431156600000008
Campeche,Cuentas entre compañías,2015,1,False,90.1125733,90.1125733
Campeche,Cuentas entre compañías,2015,2,False,68.79783821,-21.31473509
Campeche,Cuentas entre compañías,2015,3,False,108.99915668,40.201318470000004
Campeche,Cuentas entre compañías,2015,4,False,159.79868002,50.79952334000001
Campeche,Cuentas entre compañías,2016,1,False,34.76616694,34.76616694
Campeche,Cuentas entre compañías,2016,2,False,44.70143051,9.935263570000004
Campeche,Cuentas entre compañías,2016,3,False,84.03205915,39.33062863999999
Campeche,Cuentas entre compañías,2016,4,False,78.98499464,-5.0470645099999984
Campeche,Cuentas entre compañías,2017,1,False,32.38012702,32.38012702
Campeche,Cuentas entre compañías,2017,2,False,60.28495346,27.904826439999994
Campeche,Cuentas entre compañías,2017,3,False,149.6907074,89.40575394000001
Campeche,Cuentas entre compañías,2017,4,False,173.44671874,23.756011339999986
Campeche,Cuentas entre compañías,2018,1,False,-30.59806309,-30.59806309
Campeche,Cuentas entre compañías,2018,2,False,-3.47709663,27.120966459999998
Campeche,Cuentas entre compañías,2018,3,False,-44.41254065,-40.93544402
Campeche,Cuentas entre compañías,2018,4,False,7.78774079,52.20028144
Campeche,Cuentas entre compañías,2019,1,False,13.18342783,13.18342783
Campeche,Cuentas entre compañías,2019,2,False,34.22264136,21.039213529999998
Campeche,Cuentas entre compañías,2019,3,False,57.83071358,23.608072220000004
Campeche,Cuentas entre compañías,2019,4,False,26.2377964,-31.59291718
Campeche,Cuentas entre compañías,2020,1,False,9.98535953,9.98535953
Campeche,Cuentas entre compañías,2020,2,False,38.59618171,28.610822180000003
Campeche,Cuentas entre compañías,2020,3,False,33.74279554,-4.85338617
Campeche,Cuentas entre compañías,2020,4,False,27.61074166,-6.132053880000004
Campeche,Cuentas entre compañías,2021,1,False,6.39498072,6.39498072
Campeche,Cuentas entre compañías,2021,2,False,-6.37705514,-12.77203586
Campeche,Cuentas entre compañías,2021,3,False,-32.55742328,-26.180368140000002
Campeche,Cuentas entre compañías,2021,4,False,-19.38888189,13.168541390000001
Campeche,Cuentas entre compañías,2022,1,False,5.3727956,5.3727956
Campeche,Cuentas entre compañías,2022,2,False,7.20769857,1.83490297
Campeche,Cuentas entre compañías,2022,3,False,-52.67025299,-59.87795156
Campeche,Cuentas entre compañías,2022,4,False,-94.06155854,-41.39130554999999
Campeche,Cuentas entre compañías,2023,1,False,-14.05320845,-14.05320845
Campeche,Cuentas entre compañías,2023,2,False,-43.45297409,-29.39976564
Campeche,Cuentas entre compañías,2023,3,False,14.82290094,58.275875029999995
Campeche,Cuentas entre compañías,2023,4,False,65.90713096,51.08423002000001
Campeche,Cuentas entre compañías,2024,1,False,-13.37501333,-13.37501333
Campeche,Cuentas entre compañías,2024,2,False,64.17725694,77.55227027000001
Campeche,Cuentas entre compañías,2024,3,False,43.80793688,-20.369320060000007
Campeche,Cuentas entre compañías,2024,4,False,85.67834548,41.870408600000005
Campeche,Cuentas entre compañías,2025,1,False,-4.00451328,-4.00451328
Campeche,Cuentas entre compañías,2025,2,False,6.58707167,10.591584950000001
Campeche,Cuentas entre compañías,2025,3,False,54.47357446,47.88650279
Campeche,Cuentas entre compañías,2025,4,False,-35.15799472,-89.63156918
Chiapas,Cuentas entre compañías,2006,1,False,10.465823,10.465823
Chiapas,Cuentas entre compañías,2006,2,False,12.762657,2.2968340000000005
Chiapas,Cuentas entre compañías,2006,3,False,20.080046,7.317388999999999
Chiapas,Cuentas entre compañías,2006,4,False,17.217529,-2.8625170000000004
Chiapas,Cuentas entre compañías,2007,1,False,15.244508,15.244508
Chiapas,Cuentas entre compañías,2007,2,False,14.700696,-0.5438119999999991
Chiapas,Cuentas entre compañías,2007,3,False,5.372659,-9.328037000000002
Chiapas,Cuentas entre compañías,2007,4,False,15.800702,10.428042999999999
Chiapas,Cuentas entre compañías,2008,1,False,-2.162445,-2.162445
Chiapas,Cuentas entre compañías,2008,2,False,-7.009857,-4.847412
Chiapas,Cuentas entre compañías,2008,3,False,-40.548845,-33.538988
Chiapas,Cuentas entre compañías,2008,4,False,-29.193487,11.355357999999999
Chiapas,Cuentas entre compañías,2009,1,False,11.578771,11.578771
Chiapas,Cuentas entre compañías,2009,2,False,-8.999548,-20.578319
Chiapas,Cuentas entre compañías,2009,3,False,-2.046883,6.952665000000001
Chiapas,Cuentas entre compañías,2009,4,False,-24.944543,-22.89766
Chiapas,Cuentas entre compañías,2010,1,False,67.835469,67.835469
Chiapas,Cuentas entre compañías,2010,2,False,52.434362,-15.401107000000003
Chiapas,Cuentas entre compañías,2010,3,False,48.112463,-4.321899000000002
Chiapas,Cuentas entre compañías,2010,4,False,52.093997,3.9815340000000035
Chiapas,Cuentas entre compañías,2011,1,False,-3.362542,-3.362542
Chiapas,Cuentas entre compañías,2011,2,False,-30.816992,-27.454449999999998
Chiapas,Cuentas entre compañías,2011,3,False,-33.122078,-2.305086000000003
Chiapas,Cuentas entre compañías,2011,4,False,-6.389459,26.732619
Chiapas,Cuentas entre compañías,2012,1,False,14.737216,14.737216
Chiapas,Cuentas entre compañías,2012,2,False,17.972895,3.235679000000001
Chiapas,Cuentas entre compañías,2012,3,False,17.738337,-0.23455799999999982
Chiapas,Cuentas entre compañías,2012,4,False,17.159558,-0.5787790000000008
Chiapas,Cuentas entre compañías,2013,1,False,19.992235,19.992235
Chiapas,Cuentas entre compañías,2013,2,False,19.153303,-0.8389319999999998
Chiapas,Cuentas entre compañías,2013,3,False,30.728488,11.575184999999998
Chiapas,Cuentas entre compañías,2013,4,False,39.242239,8.513751
Chiapas,Cuentas entre compañías,2014,1,False,6.531166,6.531166
Chiapas,Cuentas entre compañías,2014,2,False,18.643371,12.112205
Chiapas,Cuentas entre compañías,2014,3,False,31.382633,12.739262
Chiapas,Cuentas entre compañías,2014,4,False,18.37507885,-13.007554149999997
Chiapas,Cuentas entre compañías,2015,1,False,13.97264686,13.97264686
Chiapas,Cuentas entre compañías,2015,2,False,13.1456423,-0.8270045599999989
Chiapas,Cuentas entre compañías,2015,3,False,41.53184595,28.38620365
Chiapas,Cuentas entre compañías,2015,4,False,49.03517936,7.503333410000003
Chiapas,Cuentas entre compañías,2016,1,False,-0.3017904,-0.3017904
Chiapas,Cuentas entre compañías,2016,2,False,-8.204137,-7.9023465999999996
Chiapas,Cuentas entre compañías,2016,3,False,10.78601375,18.990150749999998
Chiapas,Cuentas entre compañías,2016,4,False,15.70906292,4.923049169999999
Chiapas,Cuentas entre compañías,2017,1,False,4.77249209,4.77249209
Chiapas,Cuentas entre compañías,2017,2,False,9.70211036,4.929618270000001
Chiapas,Cuentas entre compañías,2017,3,False,18.21728714,8.51517678
Chiapas,Cuentas entre compañías,2017,4,False,47.36292339,29.14563625
Chiapas,Cuentas entre compañías,2018,1,False,-13.28803015,-13.28803015
Chiapas,Cuentas entre compañías,2018,2,False,24.33779599,37.62582614
Chiapas,Cuentas entre compañías,2018,3,False,9.26948714,-15.06830885
Chiapas,Cuentas entre compañías,2018,4,False,26.59444641,17.32495927
Chiapas,Cuentas entre compañías,2019,1,False,-0.48141622,-0.48141622
Chiapas,Cuentas entre compañías,2019,2,False,16.60682662,17.08824284
Chiapas,Cuentas entre compañías,2019,3,False,2.6791278,-13.92769882
Chiapas,Cuentas entre compañías,2019,4,False,-30.93061993,-33.609747729999995
Chiapas,Cuentas entre compañías,2020,1,False,-27.62812013,-27.62812013
Chiapas,Cuentas entre compañías,2020,2,False,17.07924194,44.70736207
Chiapas,Cuentas entre compañías,2020,3,False,-18.94575505,-36.02499699
Chiapas,Cuentas entre compañías,2020,4,False,-33.51197743,-14.566222380000003
Chiapas,Cuentas entre compañías,2021,1,False,146.77232177,146.77232177
Chiapas,Cuentas entre compañías,2021,2,False,90.45774593,-56.31457583999999
Chiapas,Cuentas entre compañías,2021,3,False,74.60481759,-15.852928340000005
Chiapas,Cuentas entre compañías,2021,4,False,18.3584702,-56.24634739
Chiapas,Cuentas entre compañías,2022,1,False,108.10283662,108.10283662
Chiapas,Cuentas entre compañías,2022,2,False,91.85973871,-16.243097910000003
Chiapas,Cuentas entre compañías,2022,3,False,54.11509889,-37.74463982
Chiapas,Cuentas entre compañías,2022,4,False,-5.29127791,-59.4063768
Chiapas,Cuentas entre compañías,2023,1,False,4.97367241,4.97367241
Chiapas,Cuentas entre compañías,2023,2,False,5.67263172,0.6989593100000002
Chiapas,Cuentas entre compañías,2023,3,False,-6.72231036,-12.39494208
Chiapas,Cuentas entre compañías,2023,4,False,-21.03728646,-14.3149761
Chiapas,Cuentas entre compañías,2024,1,False,4.41355089,4.41355089
Chiapas,Cuentas entre compañías,2024,2,False,17.59786233,13.184311440000002
Chiapas,Cuentas entre compañías,2024,3,False,23.09783491,5.499972579999998
Chiapas,Cuentas entre compañías,2024,4,False,25.35235075,2.25451584
Chiapas,Cuentas entre compañías,2025,1,False,-0.21702149,-0.21702149
Chiapas,Cuentas entre compañías,2025,2,False,16.16204449,16.37906598
Chiapas,Cuentas entre compañías,2025,3,False,34.57108236,18.40903787
Chiapas,Cuentas entre compañías,2025,4,False,32.41702756,-2.1540547999999973
Chihuahua,Cuentas entre compañías,2006,1,False,330.656665,330.656665
Chihuahua,Cuentas entre compañías,2006,2,False,740.891627,410.234962
Chihuahua,Cuentas entre compañías,2006,3,False,1036.923986,296.03235900000004
Chihuahua,Cuentas entre compañías,2006,4,False,1393.523669,356.5996829999999
Chihuahua,Cuentas entre compañías,2007,1,False,310.754164,310.754164
Chihuahua,Cuentas entre compañías,2007,2,False,555.30543,244.551266
Chihuahua,Cuentas entre compañías,2007,3,False,933.278516,377.97308599999997
Chihuahua,Cuentas entre compañías,2007,4,False,1204.122775,270.8442590000001
Chihuahua,Cuentas entre compañías,2008,1,False,270.776493,270.776493
Chihuahua,Cuentas entre compañías,2008,2,False,942.635128,671.858635
Chihuahua,Cuentas entre compañías,2008,3,False,1202.782892,260.14776399999994
Chihuahua,Cuentas entre compañías,2008,4,False,1960.578355,757.7954630000002
Chihuahua,Cuentas entre compañías,2009,1,False,359.335949,359.335949
Chihuahua,Cuentas entre compañías,2009,2,False,550.18523,190.84928100000002
Chihuahua,Cuentas entre compañías,2009,3,False,704.268547,154.08331699999997
Chihuahua,Cuentas entre compañías,2009,4,False,911.981027,207.71248000000003
Chihuahua,Cuentas entre compañías,2010,1,False,245.337655,245.337655
Chihuahua,Cuentas entre compañías,2010,2,False,416.440515,171.10286
Chihuahua,Cuentas entre compañías,2010,3,False,575.731057,159.29054199999996
Chihuahua,Cuentas entre compañías,2010,4,False,821.51688,245.78582300000005
Chihuahua,Cuentas entre compañías,2011,1,False,201.446633,201.446633
Chihuahua,Cuentas entre compañías,2011,2,False,334.514016,133.06738300000004
Chihuahua,Cuentas entre compañías,2011,3,False,492.457379,157.94336299999998
Chihuahua,Cuentas entre compañías,2011,4,False,686.33522,193.87784100000005
Chihuahua,Cuentas entre compañías,2012,1,False,69.21185961,69.21185961
Chihuahua,Cuentas entre compañías,2012,2,False,341.76700561,272.55514600000004
Chihuahua,Cuentas entre compañías,2012,3,False,551.69047061,209.92346500000002
Chihuahua,Cuentas entre compañías,2012,4,False,833.45930461,281.76883399999997
Chihuahua,Cuentas entre compañías,2013,1,False,299.516208,299.516208
Chihuahua,Cuentas entre compañías,2013,2,False,620.894151,321.37794299999996
Chihuahua,Cuentas entre compañías,2013,3,False,848.741991,227.84784000000002
Chihuahua,Cuentas entre compañías,2013,4,False,1243.195185,394.45319400000005
Chihuahua,Cuentas entre compañías,2014,1,False,186.012264,186.012264
Chihuahua,Cuentas entre compañías,2014,2,False,406.682948,220.67068400000002
Chihuahua,Cuentas entre compañías,2014,3,False,622.37416024,215.69121224000003
Chihuahua,Cuentas entre compañías,2014,4,False,853.46359315,231.0894329099999
Chihuahua,Cuentas entre compañías,2015,1,False,217.66099809,217.66099809
Chihuahua,Cuentas entre compañías,2015,2,False,527.63877614,309.97777805
Chihuahua,Cuentas entre compañías,2015,3,False,784.20269605,256.56391991
Chihuahua,Cuentas entre compañías,2015,4,False,1324.71120207,540.5085060199999
Chihuahua,Cuentas entre compañías,2016,1,False,224.79021307,224.79021307
Chihuahua,Cuentas entre compañías,2016,2,False,449.48367327,224.6934602
Chihuahua,Cuentas entre compañías,2016,3,False,720.44882683,270.96515356000003
Chihuahua,Cuentas entre compañías,2016,4,False,1090.15183189,369.70300506
Chihuahua,Cuentas entre compañías,2017,1,False,206.05134362,206.05134362
Chihuahua,Cuentas entre compañías,2017,2,False,568.0439621,361.99261848000003
Chihuahua,Cuentas entre compañías,2017,3,False,888.63423295,320.5902708499999
Chihuahua,Cuentas entre compañías,2017,4,False,1036.44949649,147.81526354000005
Chihuahua,Cuentas entre compañías,2018,1,False,150.88063946,150.88063946
Chihuahua,Cuentas entre compañías,2018,2,False,319.76264972,168.88201026000002
Chihuahua,Cuentas entre compañías,2018,3,False,399.85241211,80.08976238999998
Chihuahua,Cuentas entre compañías,2018,4,False,554.83415501,154.98174290000003
Chihuahua,Cuentas entre compañías,2019,1,False,75.18891766,75.18891766
Chihuahua,Cuentas entre compañías,2019,2,False,230.59360424,155.40468657999998
Chihuahua,Cuentas entre compañías,2019,3,False,486.33241897,255.73881473
Chihuahua,Cuentas entre compañías,2019,4,False,678.20274723,191.87032826
Chihuahua,Cuentas entre compañías,2020,1,False,-5.02889633,-5.02889633
Chihuahua,Cuentas entre compañías,2020,2,False,202.30620327,207.3350996
Chihuahua,Cuentas entre compañías,2020,3,False,115.25121949,-87.05498378
Chihuahua,Cuentas entre compañías,2020,4,False,383.69653942,268.44531993000004
Chihuahua,Cuentas entre compañías,2021,1,False,195.63300076,195.63300076
Chihuahua,Cuentas entre compañías,2021,2,False,603.06058954,407.42758878000006
Chihuahua,Cuentas entre compañías,2021,3,False,675.01572939,71.95513985000002
Chihuahua,Cuentas entre compañías,2021,4,False,897.43980413,222.42407473999992
Chihuahua,Cuentas entre compañías,2022,1,False,259.20737027,259.20737027
Chihuahua,Cuentas entre compañías,2022,2,False,560.42714062,301.21977035000003
Chihuahua,Cuentas entre compañías,2022,3,False,794.84041601,234.41327538999997
Chihuahua,Cuentas entre compañías,2022,4,False,845.24190829,50.40149227999996
Chihuahua,Cuentas entre compañías,2023,1,False,206.73598124,206.73598124
Chihuahua,Cuentas entre compañías,2023,2,False,394.81054646,188.07456522
Chihuahua,Cuentas entre compañías,2023,3,False,796.08791614,401.27736967999994
Chihuahua,Cuentas entre compañías,2023,4,False,1309.01424377,512.92632763
Chihuahua,Cuentas entre compañías,2024,1,False,149.22793356,149.22793356
Chihuahua,Cuentas entre compañías,2024,2,False,202.32500389,53.09707033000001
Chihuahua,Cuentas entre compañías,2024,3,False,393.3403557,191.01535180999997
Chihuahua,Cuentas entre compañías,2024,4,False,779.21766074,385.87730504000007
Chihuahua,Cuentas entre compañías,2025,1,False,165.6837103,165.6837103
Chihuahua,Cuentas entre compañías,2025,2,False,272.33137342,106.64766311999998
Chihuahua,Cuentas entre compañías,2025,3,False,338.74924242,66.417869
Chihuahua,Cuentas entre compañías,2025,4,False,501.8046793,163.05543688
Ciudad de México,Cuentas entre compañías,2006,1,False,134.355737,134.355737
Ciudad de México,Cuentas entre compañías,2006,2,False,603.527072,469.171335
Ciudad de México,Cuentas entre compañías,2006,3,False,648.7687,45.24162799999999
Ciudad de México,Cuentas entre compañías,2006,4,False,636.445893,-12.322807000000012
Ciudad de México,Cuentas entre compañías,2007,1,False,221.751862,221.751862
Ciudad de México,Cuentas entre compañías,2007,2,False,497.189687,275.437825
Ciudad de México,Cuentas entre compañías,2007,3,False,521.38413,24.194443000000035
Ciudad de México,Cuentas entre compañías,2007,4,False,973.230207,451.8460769999999
Ciudad de México,Cuentas entre compañías,2008,1,False,-44.414829,-44.414829
Ciudad de México,Cuentas entre compañías,2008,2,False,36.874155,81.288984
Ciudad de México,Cuentas entre compañías,2008,3,False,-216.776557,-253.650712
Ciudad de México,Cuentas entre compañías,2008,4,False,-196.572209,20.20434800000001
Ciudad de México,Cuentas entre compañías,2009,1,False,166.48105,166.48105
Ciudad de México,Cuentas entre compañías,2009,2,False,905.965491,739.4844410000001
Ciudad de México,Cuentas entre compañías,2009,3,False,942.704515,36.73902399999997
Ciudad de México,Cuentas entre compañías,2009,4,False,428.883966,-513.820549
Ciudad de México,Cuentas entre compañías,2010,1,False,68.284184,68.284184
Ciudad de México,Cuentas entre compañías,2010,2,False,193.13578809,124.85160409000001
Ciudad de México,Cuentas entre compañías,2010,3,False,574.55870109,381.422913
Ciudad de México,Cuentas entre compañías,2010,4,False,448.05811209,-126.50058899999999
Ciudad de México,Cuentas entre compañías,2011,1,False,-265.08406712,-265.08406712
Ciudad de México,Cuentas entre compañías,2011,2,False,-202.01740425,63.06666286999999
Ciudad de México,Cuentas entre compañías,2011,3,False,6.58854082,208.60594507
Ciudad de México,Cuentas entre compañías,2011,4,False,1118.87781114,1112.28927032
Ciudad de México,Cuentas entre compañías,2012,1,False,-363.54355628,-363.54355628
Ciudad de México,Cuentas entre compañías,2012,2,False,-429.47374896,-65.93019268
Ciudad de México,Cuentas entre compañías,2012,3,False,-89.10489551,340.36885345
Ciudad de México,Cuentas entre compañías,2012,4,False,354.04316749,443.148063
Ciudad de México,Cuentas entre compañías,2013,1,False,208.53436124,208.53436124
Ciudad de México,Cuentas entre compañías,2013,2,False,687.41776932,478.88340808000004
Ciudad de México,Cuentas entre compañías,2013,3,False,839.57289083,152.15512150999996
Ciudad de México,Cuentas entre compañías,2013,4,False,1309.42257164,469.8496808099999
Ciudad de México,Cuentas entre compañías,2014,1,False,-225.00081196,-225.00081196
Ciudad de México,Cuentas entre compañías,2014,2,False,-57.63852214,167.36228982
Ciudad de México,Cuentas entre compañías,2014,3,False,358.24113426,415.87965640000004
Ciudad de México,Cuentas entre compañías,2014,4,False,527.05425988,168.81312562
Ciudad de México,Cuentas entre compañías,2015,1,False,-23.04552089,-23.04552089
Ciudad de México,Cuentas entre compañías,2015,2,False,204.53207455,227.57759544
Ciudad de México,Cuentas entre compañías,2015,3,False,385.84278815,181.31071359999999
Ciudad de México,Cuentas entre compañías,2015,4,False,770.23939139,384.39660324000005
Ciudad de México,Cuentas entre compañías,2016,1,False,207.56793585,207.56793585
Ciudad de México,Cuentas entre compañías,2016,2,False,539.36177062,331.79383477
Ciudad de México,Cuentas entre compañías,2016,3,False,948.98635694,409.62458631999993
Ciudad de México,Cuentas entre compañías,2016,4,False,1389.5851484,440.59879146000003
Ciudad de México,Cuentas entre compañías,2017,1,False,-113.22057344,-113.22057344
Ciudad de México,Cuentas entre compañías,2017,2,False,238.80522535,352.02579879
Ciudad de México,Cuentas entre compañías,2017,3,False,478.38100995,239.57578460000002
Ciudad de México,Cuentas entre compañías,2017,4,False,747.3927052,269.01169525
Ciudad de México,Cuentas entre compañías,2018,1,False,-311.56561043,-311.56561043
Ciudad de México,Cuentas entre compañías,2018,2,False,919.96161033,1231.52722076
Ciudad de México,Cuentas entre compañías,2018,3,False,674.56632822,-245.39528211000004
Ciudad de México,Cuentas entre compañías,2018,4,False,1059.41082917,384.84450095
Ciudad de México,Cuentas entre compañías,2019,1,False,-594.87331871,-594.87331871
Ciudad de México,Cuentas entre compañías,2019,2,False,245.54747795,840.4207966600001
Ciudad de México,Cuentas entre compañías,2019,3,False,999.00249967,753.45502172
Ciudad de México,Cuentas entre compañías,2019,4,False,1217.79955342,218.79705374999992
Ciudad de México,Cuentas entre compañías,2020,1,False,453.55996653,453.55996653
Ciudad de México,Cuentas entre compañías,2020,2,False,629.82811096,176.26814443
Ciudad de México,Cuentas entre compañías,2020,3,False,1167.65482514,537.82671418
Ciudad de México,Cuentas entre compañías,2020,4,False,1079.44470949,-88.21011565000003
Ciudad de México,Cuentas entre compañías,2021,1,False,453.50592676,453.50592676
Ciudad de México,Cuentas entre compañías,2021,2,False,739.50248133,285.99655457
Ciudad de México,Cuentas entre compañías,2021,3,False,945.88736456,206.38488323
Ciudad de México,Cuentas entre compañías,2021,4,False,778.3039268,-167.58343776000004
Ciudad de México,Cuentas entre compañías,2022,1,False,153.77937595,153.77937595
Ciudad de México,Cuentas entre compañías,2022,2,False,131.87511798,-21.904257970000003
Ciudad de México,Cuentas entre compañías,2022,3,False,700.34891906,568.4738010799999
Ciudad de México,Cuentas entre compañías,2022,4,False,475.12785929,-225.22105976999995
Ciudad de México,Cuentas entre compañías,2023,1,False,-746.36391483,-746.36391483
Ciudad de México,Cuentas entre compañías,2023,2,False,-425.19690498,321.16700985
Ciudad de México,Cuentas entre compañías,2023,3,False,-376.20929384,48.98761114000001
Ciudad de México,Cuentas entre compañías,2023,4,False,-1251.34081096,-875.13151712
Ciudad de México,Cuentas entre compañías,2024,1,False,-889.37737369,-889.37737369
Ciudad de México,Cuentas entre compañías,2024,2,False,-712.08757613,177.28979756
Ciudad de México,Cuentas entre compañías,2024,3,False,964.78812335,1676.87569948
Ciudad de México,Cuentas entre compañías,2024,4,False,1624.62843689,659.8403135400001
Ciudad de México,Cuentas entre compañías,2025,1,False,1032.58797229,1032.58797229
Ciudad de México,Cuentas entre compañías,2025,2,False,319.65535119,-712.9326211
Ciudad de México,Cuentas entre compañías,2025,3,False,1972.89635246,1653.24100127
Ciudad de México,Cuentas entre compañías,2025,4,False,2914.77982318,941.8834707200003
Coahuila,Cuentas entre compañías,2006,1,False,54.584345,54.584345
Coahuila,Cuentas entre compañías,2006,2,False,113.186674,58.602329
Coahuila,Cuentas entre compañías,2006,3,False,186.568582,73.381908
Coahuila,Cuentas entre compañías,2006,4,False,246.996843,60.42826100000002
Coahuila,Cuentas entre compañías,2007,1,False,68.982243,68.982243
Coahuila,Cuentas entre compañías,2007,2,False,114.58426,45.602017000000004
Coahuila,Cuentas entre compañías,2007,3,False,172.45796,57.873700000000014
Coahuila,Cuentas entre compañías,2007,4,False,181.62807,9.170109999999994
Coahuila,Cuentas entre compañías,2008,1,False,4.927213,4.927213
Coahuila,Cuentas entre compañías,2008,2,False,27.389555,22.462342
Coahuila,Cuentas entre compañías,2008,3,False,62.190259,34.800703999999996
Coahuila,Cuentas entre compañías,2008,4,False,99.397274,37.207015
Coahuila,Cuentas entre compañías,2009,1,False,29.054691,29.054691
Coahuila,Cuentas entre compañías,2009,2,False,-15.402439,-44.45713
Coahuila,Cuentas entre compañías,2009,3,False,5.45843,20.860869
Coahuila,Cuentas entre compañías,2009,4,False,-17.082259,-22.540689
Coahuila,Cuentas entre compañías,2010,1,False,102.371499,102.371499
Coahuila,Cuentas entre compañías,2010,2,False,140.377801,38.006302000000005
Coahuila,Cuentas entre compañías,2010,3,False,170.996881,30.619079999999997
Coahuila,Cuentas entre compañías,2010,4,False,272.191947,101.19506600000003
Coahuila,Cuentas entre compañías,2011,1,False,26.163203,26.163203
Coahuila,Cuentas entre compañías,2011,2,False,118.609143,92.44594000000001
Coahuila,Cuentas entre compañías,2011,3,False,145.734305,27.125162000000003
Coahuila,Cuentas entre compañías,2011,4,False,189.555315,43.82101
Coahuila,Cuentas entre compañías,2012,1,False,31.25794465,31.25794465
Coahuila,Cuentas entre compañías,2012,2,False,63.56420665,32.306262000000004
Coahuila,Cuentas entre compañías,2012,3,False,109.37780865,45.813602
Coahuila,Cuentas entre compañías,2012,4,False,102.94247865,-6.4353300000000075
Coahuila,Cuentas entre compañías,2013,1,False,54.13911849,54.13911849
Coahuila,Cuentas entre compañías,2013,2,False,128.50192308,74.36280459000001
Coahuila,Cuentas entre compañías,2013,3,False,128.61288147,0.11095838999997909
Coahuila,Cuentas entre compañías,2013,4,False,299.99357798,171.38069651
Coahuila,Cuentas entre compañías,2014,1,False,107.19434911,107.19434911
Coahuila,Cuentas entre compañías,2014,2,False,602.85349743,495.65914831999993
Coahuila,Cuentas entre compañías,2014,3,False,627.65434337,24.800845940000045
Coahuila,Cuentas entre compañías,2014,4,False,719.28266517,91.62832179999998
Coahuila,Cuentas entre compañías,2015,1,False,-269.23506796,-269.23506796
Coahuila,Cuentas entre compañías,2015,2,False,-308.30672616,-39.0716582
Coahuila,Cuentas entre compañías,2015,3,False,-224.81057419,83.49615196999997
Coahuila,Cuentas entre compañías,2015,4,False,4.4122482,229.22282239
Coahuila,Cuentas entre compañías,2016,1,False,-70.69526947,-70.69526947
Coahuila,Cuentas entre compañías,2016,2,False,-213.8850435,-143.18977403
Coahuila,Cuentas entre compañías,2016,3,False,-230.08211492,-16.197071420000015
Coahuila,Cuentas entre compañías,2016,4,False,125.85195664,355.93407156
Coahuila,Cuentas entre compañías,2017,1,False,140.72391159,140.72391159
Coahuila,Cuentas entre compañías,2017,2,False,179.94863938,39.22472779
Coahuila,Cuentas entre compañías,2017,3,False,485.79485548,305.8462161
Coahuila,Cuentas entre compañías,2017,4,False,1600.74314057,1114.94828509
Coahuila,Cuentas entre compañías,2018,1,False,276.65039488,276.65039488
Coahuila,Cuentas entre compañías,2018,2,False,865.0354004,588.3850055199999
Coahuila,Cuentas entre compañías,2018,3,False,1150.41255548,285.3771550800001
Coahuila,Cuentas entre compañías,2018,4,False,1612.1295331,461.71697761999985
Coahuila,Cuentas entre compañías,2019,1,False,-79.53651325,-79.53651325
Coahuila,Cuentas entre compañías,2019,2,False,-109.0906036,-29.554090349999996
Coahuila,Cuentas entre compañías,2019,3,False,-165.23167742,-56.14107382000002
Coahuila,Cuentas entre compañías,2019,4,False,3.93957845,169.17125587
Coahuila,Cuentas entre compañías,2020,1,False,-127.11006494,-127.11006494
Coahuila,Cuentas entre compañías,2020,2,False,147.24743874,274.35750368000004
Coahuila,Cuentas entre compañías,2020,3,False,-102.6886144,-249.93605314
Coahuila,Cuentas entre compañías,2020,4,False,-21.56690153,81.12171287000001
Coahuila,Cuentas entre compañías,2021,1,False,184.16056967,184.16056967
Coahuila,Cuentas entre compañías,2021,2,False,545.81292589,361.65235622
Coahuila,Cuentas entre compañías,2021,3,False,427.41601538,-118.39691051
Coahuila,Cuentas entre compañías,2021,4,False,334.19812644,-93.21788893999997
Coahuila,Cuentas entre compañías,2022,1,False,-293.87397247,-293.87397247
Coahuila,Cuentas entre compañías,2022,2,False,-96.34201698,197.53195549000003
Coahuila,Cuentas entre compañías,2022,3,False,-177.72828464,-81.38626766
Coahuila,Cuentas entre compañías,2022,4,False,-298.90019944,-121.1719148
Coahuila,Cuentas entre compañías,2023,1,False,68.46031232,68.46031232
Coahuila,Cuentas entre compañías,2023,2,False,477.52538242,409.0650701
Coahuila,Cuentas entre compañías,2023,3,False,376.24439698,-101.28098544000005
Coahuila,Cuentas entre compañías,2023,4,False,260.47973269,-115.76466428999998
Coahuila,Cuentas entre compañías,2024,1,False,-238.47632118,-238.47632118
Coahuila,Cuentas entre compañías,2024,2,False,-518.73668094,-280.26035976000003
Coahuila,Cuentas entre compañías,2024,3,False,-350.06734091,168.66934003000006
Coahuila,Cuentas entre compañías,2024,4,False,-628.54057664,-278.47323573000006
Coahuila,Cuentas entre compañías,2025,1,False,262.9094247,262.9094247
Coahuila,Cuentas entre compañías,2025,2,False,483.12678534,220.21736064000004
Coahuila,Cuentas entre compañías,2025,3,False,760.42694469,277.30015935
Coahuila,Cuentas entre compañías,2025,4,False,708.23308456,-52.193860130000076
Colima,Cuentas entre compañías,2006,1,False,2.707036,2.707036
Colima,Cuentas entre compañías,2006,2,False,5.339171,2.6321350000000003
Colima,Cuentas entre compañías,2006,3,False,12.188473,6.849302
Colima,Cuentas entre compañías,2006,4,False,16.187973,3.9994999999999994
Colima,Cuentas entre compañías,2007,1,False,8.299039,8.299039
Colima,Cuentas entre compañías,2007,2,False,10.299715,2.0006760000000003
Colima,Cuentas entre compañías,2007,3,False,11.610577,1.3108619999999984
Colima,Cuentas entre compañías,2007,4,False,12.763652,1.1530750000000012
Colima,Cuentas entre compañías,2008,1,False,8.790876,8.790876
Colima,Cuentas entre compañías,2008,2,False,12.621881,3.8310049999999993
Colima,Cuentas entre compañías,2008,3,False,14.390946,1.7690649999999994
Colima,Cuentas entre compañías,2008,4,False,18.732183,4.341237
Colima,Cuentas entre compañías,2009,1,False,5.755432,5.755432
Colima,Cuentas entre compañías,2009,2,False,1.17805,-4.577382
Colima,Cuentas entre compañías,2009,3,False,-2.704062,-3.8821120000000002
Colima,Cuentas entre compañías,2009,4,False,-11.490113,-8.786050999999999
Colima,Cuentas entre compañías,2010,1,False,110.096709,110.096709
Colima,Cuentas entre compañías,2010,2,False,160.753959,50.657250000000005
Colima,Cuentas entre compañías,2010,3,False,192.818965,32.06500599999998
Colima,Cuentas entre compañías,2010,4,False,193.348476,0.5295110000000136
Colima,Cuentas entre compañías,2011,1,False,1.048598,1.048598
Colima,Cuentas entre compañías,2011,2,False,43.353985,42.305387
Colima,Cuentas entre compañías,2011,3,False,64.481701,21.127716
Colima,Cuentas entre compañías,2011,4,False,73.81795,9.336248999999995
Colima,Cuentas entre compañías,2012,1,False,-23.12271,-23.12271
Colima,Cuentas entre compañías,2012,2,False,-23.797816,-0.6751059999999995
Colima,Cuentas entre compañías,2012,3,False,-33.2359,-9.438084
Colima,Cuentas entre compañías,2012,4,False,-21.497405,11.738495
Colima,Cuentas entre compañías,2013,1,False,-14.19723764,-14.19723764
Colima,Cuentas entre compañías,2013,2,False,-12.65816081,1.5390768300000008
Colima,Cuentas entre compañías,2013,3,False,145.24335919,157.90152
Colima,Cuentas entre compañías,2013,4,False,60.67193819,-84.57142100000002
Colima,Cuentas entre compañías,2014,1,False,92.333839,92.333839
Colima,Cuentas entre compañías,2014,2,False,126.72793657,34.39409757
Colima,Cuentas entre compañías,2014,3,False,71.97628684,-54.75164973
Colima,Cuentas entre compañías,2014,4,False,76.53411316,4.557826320000004
Colima,Cuentas entre compañías,2015,1,False,10.17464865,10.17464865
Colima,Cuentas entre compañías,2015,2,False,23.0771524,12.90250375
Colima,Cuentas entre compañías,2015,3,False,29.45248955,6.37533715
Colima,Cuentas entre compañías,2015,4,False,40.73973826,11.287248710000004
Colima,Cuentas entre compañías,2016,1,False,14.46026238,14.46026238
Colima,Cuentas entre compañías,2016,2,False,-38.07423437,-52.53449675
Colima,Cuentas entre compañías,2016,3,False,-88.66667918,-50.59244481
Colima,Cuentas entre compañías,2016,4,False,-152.25670907,-63.59002989
Colima,Cuentas entre compañías,2017,1,False,-29.26094335,-29.26094335
Colima,Cuentas entre compañías,2017,2,False,-16.55624257,12.704700780000003
Colima,Cuentas entre compañías,2017,3,False,-0.08219875,16.47404382
Colima,Cuentas entre compañías,2017,4,False,16.25756275,16.3397615
Colima,Cuentas entre compañías,2018,1,False,0.4198065,0.4198065
Colima,Cuentas entre compañías,2018,2,False,0.51236131,0.09255480999999993
Colima,Cuentas entre compañías,2018,3,False,-1.92079656,-2.43315787
Colima,Cuentas entre compañías,2018,4,False,-0.36734551,1.55345105
Colima,Cuentas entre compañías,2019,1,False,-2.84949657,-2.84949657
Colima,Cuentas entre compañías,2019,2,False,0.58385162,3.43334819
Colima,Cuentas entre compañías,2019,3,False,-4.80081218,-5.3846638
Colima,Cuentas entre compañías,2019,4,False,-15.80463646,-11.00382428
Colima,Cuentas entre compañías,2020,1,False,39.99557744,39.99557744
Colima,Cuentas entre compañías,2020,2,False,67.80761224,27.8120348
Colima,Cuentas entre compañías,2020,3,False,66.59726863,-1.2103436099999954
Colima,Cuentas entre compañías,2020,4,False,35.4872924,-31.10997623
Colima,Cuentas entre compañías,2021,1,False,13.01545721,13.01545721
Colima,Cuentas entre compañías,2021,2,False,4.10013566,-8.915321549999998
Colima,Cuentas entre compañías,2021,3,False,-9.10164637,-13.20178203
Colima,Cuentas entre compañías,2021,4,False,5.27713923,14.3787856
Colima,Cuentas entre compañías,2022,1,False,11.60342672,11.60342672
Colima,Cuentas entre compañías,2022,2,False,-13.70983656,-25.31326328
Colima,Cuentas entre compañías,2022,3,False,-0.6890113,13.020825259999999
Colima,Cuentas entre compañías,2022,4,False,2.13020061,2.81921191
Colima,Cuentas entre compañías,2023,1,False,-15.90722321,-15.90722321
Colima,Cuentas entre compañías,2023,2,False,-1.17251148,14.734711729999999
Colima,Cuentas entre compañías,2023,3,False,4.27162718,5.44413866
Colima,Cuentas entre compañías,2023,4,False,17.20632946,12.93470228
Colima,Cuentas entre compañías,2024,1,False,13.97864606,13.97864606
Colima,Cuentas entre compañías,2024,2,False,14.07165724,0.09301117999999953
Colima,Cuentas entre compañías,2024,3,False,32.72475238,18.653095139999998
Colima,Cuentas entre compañías,2024,4,False,35.23486604,2.510113660000002
Colima,Cuentas entre compañías,2025,1,False,20.07853709,20.07853709
Colima,Cuentas entre compañías,2025,2,False,-5.67666367,-25.75520076
Colima,Cuentas entre compañías,2025,3,False,-7.50204857,-1.8253849000000004
Colima,Cuentas entre compañías,2025,4,False,-5.91945346,1.5825951100000006
Durango,Cuentas entre compañías,2006,1,False,7.250121,7.250121
Durango,Cuentas entre compañías,2006,2,False,13.48439,6.234268999999999
Durango,Cuentas entre compañías,2006,3,False,13.427043,-0.05734700000000004
Durango,Cuentas entre compañías,2006,4,False,14.056312,0.6292690000000007
Durango,Cuentas entre compañías,2007,1,False,15.787239,15.787239
Durango,Cuentas entre compañías,2007,2,False,25.481354,9.694115
Durango,Cuentas entre compañías,2007,3,False,60.221613,34.740258999999995
Durango,Cuentas entre compañías,2007,4,False,137.64972,77.42810700000001
Durango,Cuentas entre compañías,2008,1,False,43.912018,43.912018
Durango,Cuentas entre compañías,2008,2,False,127.319394,83.407376
Durango,Cuentas entre compañías,2008,3,False,240.348463,113.029069
Durango,Cuentas entre compañías,2008,4,False,413.301214,172.952751
Durango,Cuentas entre compañías,2009,1,False,13.028593,13.028593
Durango,Cuentas entre compañías,2009,2,False,-12.137239,-25.165832
Durango,Cuentas entre compañías,2009,3,False,13.082771,25.22001
Durango,Cuentas entre compañías,2009,4,False,-2.59712,-15.679891
Durango,Cuentas entre compañías,2010,1,False,31.229335,31.229335
Durango,Cuentas entre compañías,2010,2,False,56.803479,25.574144000000004
Durango,Cuentas entre compañías,2010,3,False,96.384841,39.58136199999999
Durango,Cuentas entre compañías,2010,4,False,136.750865,40.36602400000001
Durango,Cuentas entre compañías,2011,1,False,58.062443,58.062443
Durango,Cuentas entre compañías,2011,2,False,56.115906,-1.9465369999999993
Durango,Cuentas entre compañías,2011,3,False,13.517837,-42.598069
Durango,Cuentas entre compañías,2011,4,False,11.324769,-2.1930680000000002
Durango,Cuentas entre compañías,2012,1,False,59.7358,59.7358
Durango,Cuentas entre compañías,2012,2,False,57.048001,-2.6877989999999983
Durango,Cuentas entre compañías,2012,3,False,102.496725,45.448724
Durango,Cuentas entre compañías,2012,4,False,160.053285,57.55655999999999
Durango,Cuentas entre compañías,2013,1,False,-10.64322,-10.64322
Durango,Cuentas entre compañías,2013,2,False,-1.914834,8.728386
Durango,Cuentas entre compañías,2013,3,False,-4.773859,-2.859025
Durango,Cuentas entre compañías,2013,4,False,3.967203,8.741062
Durango,Cuentas entre compañías,2014,1,False,-13.125932,-13.125932
Durango,Cuentas entre compañías,2014,2,False,-38.769001,-25.643069000000004
Durango,Cuentas entre compañías,2014,3,False,-31.022875,7.746126000000004
Durango,Cuentas entre compañías,2014,4,False,-28.19546164,2.8274133599999978
Durango,Cuentas entre compañías,2015,1,False,-2.89455626,-2.89455626
Durango,Cuentas entre compañías,2015,2,False,1.27085859,4.1654148499999994
Durango,Cuentas entre compañías,2015,3,False,34.70299462,33.432136029999995
Durango,Cuentas entre compañías,2015,4,False,49.86574676,15.162752140000002
Durango,Cuentas entre compañías,2016,1,False,9.239282,9.239282
Durango,Cuentas entre compañías,2016,2,False,43.22719085,33.98790885
Durango,Cuentas entre compañías,2016,3,False,52.90062744,9.673436590000001
Durango,Cuentas entre compañías,2016,4,False,81.68606207,28.785434630000005
Durango,Cuentas entre compañías,2017,1,False,-53.86067097,-53.86067097
Durango,Cuentas entre compañías,2017,2,False,-44.33059168,9.530079290000003
Durango,Cuentas entre compañías,2017,3,False,-29.19697665,15.133615029999998
Durango,Cuentas entre compañías,2017,4,False,-59.34493234,-30.14795569
Durango,Cuentas entre compañías,2018,1,False,36.64316699,36.64316699
Durango,Cuentas entre compañías,2018,2,False,68.16674292,31.523575930000007
Durango,Cuentas entre compañías,2018,3,False,33.75393375,-34.41280917
Durango,Cuentas entre compañías,2018,4,False,83.73294443,49.97901068
Durango,Cuentas entre compañías,2019,1,False,14.95882403,14.95882403
Durango,Cuentas entre compañías,2019,2,False,-22.34943848,-37.30826251
Durango,Cuentas entre compañías,2019,3,False,8.16922595,30.51866443
Durango,Cuentas entre compañías,2019,4,False,-28.02609565,-36.1953216
Durango,Cuentas entre compañías,2020,1,False,95.02375862,95.02375862
Durango,Cuentas entre compañías,2020,2,False,129.98735034,34.96359172000001
Durango,Cuentas entre compañías,2020,3,False,157.22808146,27.240731119999992
Durango,Cuentas entre compañías,2020,4,False,-106.09179194,-263.3198734
Durango,Cuentas entre compañías,2021,1,False,172.22484952,172.22484952
Durango,Cuentas entre compañías,2021,2,False,255.72416338,83.49931386
Durango,Cuentas entre compañías,2021,3,False,136.8689562,-118.85520717999998
Durango,Cuentas entre compañías,2021,4,False,171.39814809,34.52919188999999
Durango,Cuentas entre compañías,2022,1,False,-3.78491139,-3.78491139
Durango,Cuentas entre compañías,2022,2,False,-337.34650978,-333.56159839000003
Durango,Cuentas entre compañías,2022,3,False,-313.82638526,23.520124520000024
Durango,Cuentas entre compañías,2022,4,False,-303.54202577,10.284359489999986
Durango,Cuentas entre compañías,2023,1,False,-5.58703656,-5.58703656
Durango,Cuentas entre compañías,2023,2,False,-13.16945924,-7.5824226800000005
Durango,Cuentas entre compañías,2023,3,False,-29.53090805,-16.36144881
Durango,Cuentas entre compañías,2023,4,False,34.05613135,63.5870394
Durango,Cuentas entre compañías,2024,1,False,13.43016733,13.43016733
Durango,Cuentas entre compañías,2024,2,False,30.66459394,17.23442661
Durango,Cuentas entre compañías,2024,3,False,123.46780338,92.80320944
Durango,Cuentas entre compañías,2024,4,False,188.68277649,65.21497311
Durango,Cuentas entre compañías,2025,1,False,-11.57093599,-11.57093599
Durango,Cuentas entre compañías,2025,2,False,-82.86257091,-71.29163492
Durango,Cuentas entre compañías,2025,3,False,-103.57268469,-20.71011378
Durango,Cuentas entre compañías,2025,4,False,-73.96614751,29.606537180000004
Estado de México,Cuentas entre compañías,2006,1,False,154.718784,154.718784
Estado de México,Cuentas entre compañías,2006,2,False,312.048249,157.329465
Estado de México,Cuentas entre compañías,2006,3,False,395.004973,82.95672400000001
Estado de México,Cuentas entre compañías,2006,4,False,555.241701,160.23672800000003
Estado de México,Cuentas entre compañías,2007,1,False,141.934454,141.934454
Estado de México,Cuentas entre compañías,2007,2,False,271.049277,129.11482300000003
Estado de México,Cuentas entre compañías,2007,3,False,242.936648,-28.112629000000027
Estado de México,Cuentas entre compañías,2007,4,False,437.154301,194.21765299999998
Estado de México,Cuentas entre compañías,2008,1,False,99.782647,99.782647
Estado de México,Cuentas entre compañías,2008,2,False,100.947347,1.1646999999999963
Estado de México,Cuentas entre compañías,2008,3,False,218.769122,117.82177500000002
Estado de México,Cuentas entre compañías,2008,4,False,267.843551,49.07442899999998
Estado de México,Cuentas entre compañías,2009,1,False,152.130845,152.130845
Estado de México,Cuentas entre compañías,2009,2,False,93.690299,-58.440546
Estado de México,Cuentas entre compañías,2009,3,False,3.016871,-90.673428
Estado de México,Cuentas entre compañías,2009,4,False,-149.314957,-152.331828
Estado de México,Cuentas entre compañías,2010,1,False,339.58765,339.58765
Estado de México,Cuentas entre compañías,2010,2,False,258.12931,-81.45834000000002
Estado de México,Cuentas entre compañías,2010,3,False,378.605053,120.47574300000002
Estado de México,Cuentas entre compañías,2010,4,False,310.675861,-67.929192
Estado de México,Cuentas entre compañías,2011,1,False,3.521539,3.521539
Estado de México,Cuentas entre compañías,2011,2,False,-165.199474,-168.721013
Estado de México,Cuentas entre compañías,2011,3,False,-83.687624,81.51185000000001
Estado de México,Cuentas entre compañías,2011,4,False,236.48681741,320.17444141
Estado de México,Cuentas entre compañías,2012,1,False,62.505218,62.505218
Estado de México,Cuentas entre compañías,2012,2,False,121.98984532,59.48462732
Estado de México,Cuentas entre compañías,2012,3,False,243.33263632,121.342791
Estado de México,Cuentas entre compañías,2012,4,False,233.22267932,-10.109957000000009
Estado de México,Cuentas entre compañías,2013,1,False,162.75972772,162.75972772
Estado de México,Cuentas entre compañías,2013,2,False,333.2088067,170.44907898000002
Estado de México,Cuentas entre compañías,2013,3,False,331.52570945,-1.683097250000003
Estado de México,Cuentas entre compañías,2013,4,False,457.31908392,125.79337447
Estado de México,Cuentas entre compañías,2014,1,False,-257.45004239,-257.45004239
Estado de México,Cuentas entre compañías,2014,2,False,-59.39459361,198.05544878
Estado de México,Cuentas entre compañías,2014,3,False,41.5340362,100.92862981
Estado de México,Cuentas entre compañías,2014,4,False,110.4354977,68.9014615
Estado de México,Cuentas entre compañías,2015,1,False,-8.47859341,-8.47859341
Estado de México,Cuentas entre compañías,2015,2,False,-10.71818407,-2.2395906599999993
Estado de México,Cuentas entre compañías,2015,3,False,141.56286834,152.28105241
Estado de México,Cuentas entre compañías,2015,4,False,145.14565769,3.582789350000013
Estado de México,Cuentas entre compañías,2016,1,False,196.5424257,196.5424257
Estado de México,Cuentas entre compañías,2016,2,False,66.53500119,-130.00742451
Estado de México,Cuentas entre compañías,2016,3,False,261.847181,195.31217980999998
Estado de México,Cuentas entre compañías,2016,4,False,768.45644247,506.60926147
Estado de México,Cuentas entre compañías,2017,1,False,-10.96762786,-10.96762786
Estado de México,Cuentas entre compañías,2017,2,False,103.48057385,114.44820171
Estado de México,Cuentas entre compañías,2017,3,False,204.69722496,101.21665111
Estado de México,Cuentas entre compañías,2017,4,False,180.52635686,-24.170868100000007
Estado de México,Cuentas entre compañías,2018,1,False,-56.9313843,-56.9313843
Estado de México,Cuentas entre compañías,2018,2,False,306.45677197,363.38815626999997
Estado de México,Cuentas entre compañías,2018,3,False,169.20406696,-137.25270500999997
Estado de México,Cuentas entre compañías,2018,4,False,228.61449432,59.41042736
Estado de México,Cuentas entre compañías,2019,1,False,-266.99470593,-266.99470593
Estado de México,Cuentas entre compañías,2019,2,False,-193.36948213,73.62522380000001
Estado de México,Cuentas entre compañías,2019,3,False,-156.7627311,36.60675103
Estado de México,Cuentas entre compañías,2019,4,False,-98.5710752,58.1916559
Estado de México,Cuentas entre compañías,2020,1,False,-172.62891441,-172.62891441
Estado de México,Cuentas entre compañías,2020,2,False,243.89566467,416.52457907999997
Estado de México,Cuentas entre compañías,2020,3,False,32.93556869,-210.96009598
Estado de México,Cuentas entre compañías,2020,4,False,301.84024167,268.90467298
Estado de México,Cuentas entre compañías,2021,1,False,-163.51846616,-163.51846616
Estado de México,Cuentas entre compañías,2021,2,False,-242.58942268,-79.07095652000001
Estado de México,Cuentas entre compañías,2021,3,False,28.01664047,270.60606315
Estado de México,Cuentas entre compañías,2021,4,False,403.55438461,375.53774414
Estado de México,Cuentas entre compañías,2022,1,False,-49.02884305,-49.02884305
Estado de México,Cuentas entre compañías,2022,2,False,203.58579103,252.61463408
Estado de México,Cuentas entre compañías,2022,3,False,239.52055325,35.93476222000001
Estado de México,Cuentas entre compañías,2022,4,False,12.69729447,-226.82325878
Estado de México,Cuentas entre compañías,2023,1,False,-48.55896509,-48.55896509
Estado de México,Cuentas entre compañías,2023,2,False,-58.53494097,-9.97597588
Estado de México,Cuentas entre compañías,2023,3,False,89.72899472,148.26393569
Estado de México,Cuentas entre compañías,2023,4,False,210.80685369,121.07785897
Estado de México,Cuentas entre compañías,2024,1,False,-93.49056554,-93.49056554
Estado de México,Cuentas entre compañías,2024,2,False,183.26144731,276.75201285
Estado de México,Cuentas entre compañías,2024,3,False,1299.89905068,1116.63760337
Estado de México,Cuentas entre compañías,2024,4,False,1028.65271235,-271.24633833000007
Estado de México,Cuentas entre compañías,2025,1,False,449.15955844,449.15955844
Estado de México,Cuentas entre compañías,2025,2,False,343.87806151,-105.28149693
Estado de México,Cuentas entre compañías,2025,3,False,1244.86399119,900.98592968
Estado de México,Cuentas entre compañías,2025,4,False,1350.67873966,105.81474847000004
Guanajuato,Cuentas entre compañías,2006,1,False,98.571447,98.571447
Guanajuato,Cuentas entre compañías,2006,2,False,190.98397,92.412523
Guanajuato,Cuentas entre compañías,2006,3,False,-69.443285,-260.427255
Guanajuato,Cuentas entre compañías,2006,4,False,-46.332049,23.111236000000005
Guanajuato,Cuentas entre compañías,2007,1,False,43.106821,43.106821
Guanajuato,Cuentas entre compañías,2007,2,False,100.930236,57.823415
Guanajuato,Cuentas entre compañías,2007,3,False,173.295188,72.364952
Guanajuato,Cuentas entre compañías,2007,4,False,159.880309,-13.414878999999985
Guanajuato,Cuentas entre compañías,2008,1,False,44.750995,44.750995
Guanajuato,Cuentas entre compañías,2008,2,False,106.170349,61.419354
Guanajuato,Cuentas entre compañías,2008,3,False,104.274236,-1.8961129999999997
Guanajuato,Cuentas entre compañías,2008,4,False,157.93256,53.65832399999999
Guanajuato,Cuentas entre compañías,2009,1,False,-10.322634,-10.322634
Guanajuato,Cuentas entre compañías,2009,2,False,-111.526342,-101.203708
Guanajuato,Cuentas entre compañías,2009,3,False,-91.397279,20.129063000000002
Guanajuato,Cuentas entre compañías,2009,4,False,-155.578672,-64.18139300000001
Guanajuato,Cuentas entre compañías,2010,1,False,66.165964,66.165964
Guanajuato,Cuentas entre compañías,2010,2,False,48.607942,-17.558022
Guanajuato,Cuentas entre compañías,2010,3,False,77.226661,28.61871899999999
Guanajuato,Cuentas entre compañías,2010,4,False,102.979876,25.75321500000001
Guanajuato,Cuentas entre compañías,2011,1,False,-16.643191,-16.643191
Guanajuato,Cuentas entre compañías,2011,2,False,-33.787475,-17.144284
Guanajuato,Cuentas entre compañías,2011,3,False,89.192751,122.980226
Guanajuato,Cuentas entre compañías,2011,4,False,163.00452048,73.81176948
Guanajuato,Cuentas entre compañías,2012,1,False,-2.40396369,-2.40396369
Guanajuato,Cuentas entre compañías,2012,2,False,16.64785231,19.051816000000002
Guanajuato,Cuentas entre compañías,2012,3,False,264.24524631,247.59739400000004
Guanajuato,Cuentas entre compañías,2012,4,False,266.99726131,2.7520149999999717
Guanajuato,Cuentas entre compañías,2013,1,False,101.10638827,101.10638827
Guanajuato,Cuentas entre compañías,2013,2,False,135.77178797,34.665399699999995
Guanajuato,Cuentas entre compañías,2013,3,False,143.65915597,7.887368000000009
Guanajuato,Cuentas entre compañías,2013,4,False,425.48246097,281.823305
Guanajuato,Cuentas entre compañías,2014,1,False,112.428836,112.428836
Guanajuato,Cuentas entre compañías,2014,2,False,340.490444,228.06160800000004
Guanajuato,Cuentas entre compañías,2014,3,False,168.38564562,-172.10479838000003
Guanajuato,Cuentas entre compañías,2014,4,False,286.26494571,117.87930009000002
Guanajuato,Cuentas entre compañías,2015,1,False,-66.68541377,-66.68541377
Guanajuato,Cuentas entre compañías,2015,2,False,-243.57692468,-176.89151091
Guanajuato,Cuentas entre compañías,2015,3,False,77.19475996,320.77168464
Guanajuato,Cuentas entre compañías,2015,4,False,365.23967308,288.04491312
Guanajuato,Cuentas entre compañías,2016,1,False,59.68050511,59.68050511
Guanajuato,Cuentas entre compañías,2016,2,False,309.07666765,249.39616253999998
Guanajuato,Cuentas entre compañías,2016,3,False,374.10682711,65.03015946
Guanajuato,Cuentas entre compañías,2016,4,False,301.77695469,-72.32987241999996
Guanajuato,Cuentas entre compañías,2017,1,False,123.21010605,123.21010605
Guanajuato,Cuentas entre compañías,2017,2,False,114.88840138,-8.321704669999988
Guanajuato,Cuentas entre compañías,2017,3,False,522.70071685,407.81231547000004
Guanajuato,Cuentas entre compañías,2017,4,False,445.69296161,-77.00775524000005
Guanajuato,Cuentas entre compañías,2018,1,False,-6.18730512,-6.18730512
Guanajuato,Cuentas entre compañías,2018,2,False,661.4175478,667.60485292
Guanajuato,Cuentas entre compañías,2018,3,False,595.07005994,-66.34748786
Guanajuato,Cuentas entre compañías,2018,4,False,916.45975349,321.38969355000006
Guanajuato,Cuentas entre compañías,2019,1,False,-670.1985303,-670.1985303
Guanajuato,Cuentas entre compañías,2019,2,False,-725.92527762,-55.72674731999996
Guanajuato,Cuentas entre compañías,2019,3,False,-692.62176704,33.303510579999966
Guanajuato,Cuentas entre compañías,2019,4,False,-572.68592865,119.93583838999996
Guanajuato,Cuentas entre compañías,2020,1,False,-509.15089662,-509.15089662
Guanajuato,Cuentas entre compañías,2020,2,False,-247.55437396,261.59652266
Guanajuato,Cuentas entre compañías,2020,3,False,-593.54339998,-345.98902602
Guanajuato,Cuentas entre compañías,2020,4,False,-796.24095171,-202.69755173
Guanajuato,Cuentas entre compañías,2021,1,False,476.23231419,476.23231419
Guanajuato,Cuentas entre compañías,2021,2,False,478.09469579,1.862381599999992
Guanajuato,Cuentas entre compañías,2021,3,False,902.14115362,424.04645782999995
Guanajuato,Cuentas entre compañías,2021,4,False,794.04451693,-108.09663668999997
Guanajuato,Cuentas entre compañías,2022,1,False,68.47343393,68.47343393
Guanajuato,Cuentas entre compañías,2022,2,False,301.76220851,233.28877458
Guanajuato,Cuentas entre compañías,2022,3,False,368.7889116,67.02670309000001
Guanajuato,Cuentas entre compañías,2022,4,False,234.40198131,-134.38693029
Guanajuato,Cuentas entre compañías,2023,1,False,193.3849881,193.3849881
Guanajuato,Cuentas entre compañías,2023,2,False,518.58435406,325.19936596
Guanajuato,Cuentas entre compañías,2023,3,False,491.67257918,-26.911774879999996
Guanajuato,Cuentas entre compañías,2023,4,False,-342.22316466,-833.89574384
Guanajuato,Cuentas entre compañías,2024,1,False,41.32002316,41.32002316
Guanajuato,Cuentas entre compañías,2024,2,False,590.28366544,548.96364228
Guanajuato,Cuentas entre compañías,2024,3,False,939.25913989,348.97547445
Guanajuato,Cuentas entre compañías,2024,4,False,734.97489139,-204.2842485
Guanajuato,Cuentas entre compañías,2025,1,False,285.67494367,285.67494367
Guanajuato,Cuentas entre compañías,2025,2,False,208.90266065,-76.77228302
Guanajuato,Cuentas entre compañías,2025,3,False,57.62657578,-151.27608487
Guanajuato,Cuentas entre compañías,2025,4,False,-367.17062943,-424.79720521
Guerrero,Cuentas entre compañías,2006,1,False,12.904105,12.904105
Guerrero,Cuentas entre compañías,2006,2,False,18.071468,5.167363
Guerrero,Cuentas entre compañías,2006,3,False,22.424832,4.353363999999999
Guerrero,Cuentas entre compañías,2006,4,False,79.311256,56.886424000000005
Guerrero,Cuentas entre compañías,2007,1,False,17.981638,17.981638
Guerrero,Cuentas entre compañías,2007,2,False,14.168766,-3.8128720000000005
Guerrero,Cuentas entre compañías,2007,3,False,-6.161036,-20.329802
Guerrero,Cuentas entre compañías,2007,4,False,-3.610969,2.5500670000000003
Guerrero,Cuentas entre compañías,2008,1,False,-9.775026,-9.775026
Guerrero,Cuentas entre compañías,2008,2,False,-12.158066,-2.3830399999999994
Guerrero,Cuentas entre compañías,2008,3,False,431.390265,443.548331
Guerrero,Cuentas entre compañías,2008,4,False,435.718623,4.32835799999998
Guerrero,Cuentas entre compañías,2009,1,False,21.0048,21.0048
Guerrero,Cuentas entre compañías,2009,2,False,17.148358,-3.8564419999999977
Guerrero,Cuentas entre compañías,2009,3,False,-3.836637,-20.984995
Guerrero,Cuentas entre compañías,2009,4,False,-5.155907,-1.31927
Guerrero,Cuentas entre compañías,2010,1,False,55.349279,55.349279
Guerrero,Cuentas entre compañías,2010,2,False,31.83452,-23.514759
Guerrero,Cuentas entre compañías,2010,3,False,14.351593,-17.482927000000004
Guerrero,Cuentas entre compañías,2010,4,False,-12.857331,-27.208924
Guerrero,Cuentas entre compañías,2011,1,False,0.425705,0.425705
Guerrero,Cuentas entre compañías,2011,2,False,-12.320655,-12.746360000000001
Guerrero,Cuentas entre compañías,2011,3,False,13.93947,26.260125000000002
Guerrero,Cuentas entre compañías,2011,4,False,41.956826,28.017356
Guerrero,Cuentas entre compañías,2012,1,False,16.041442,16.041442
Guerrero,Cuentas entre compañías,2012,2,False,36.297312,20.255869999999998
Guerrero,Cuentas entre compañías,2012,3,False,45.614194,9.316882
Guerrero,Cuentas entre compañías,2012,4,False,56.462989,10.848795000000003
Guerrero,Cuentas entre compañías,2013,1,False,52.540405,52.540405
Guerrero,Cuentas entre compañías,2013,2,False,76.087544,23.547138999999994
Guerrero,Cuentas entre compañías,2013,3,False,76.94587,0.8583260000000053
Guerrero,Cuentas entre compañías,2013,4,False,107.64044,30.69457
Guerrero,Cuentas entre compañías,2014,1,False,4.393517,4.393517
Guerrero,Cuentas entre compañías,2014,2,False,10.543343,6.149826
Guerrero,Cuentas entre compañías,2014,3,False,13.806633,3.2632899999999996
Guerrero,Cuentas entre compañías,2014,4,False,-94.36323555,-108.16986855
Guerrero,Cuentas entre compañías,2015,1,False,22.27931764,22.27931764
Guerrero,Cuentas entre compañías,2015,2,False,-0.99687043,-23.27618807
Guerrero,Cuentas entre compañías,2015,3,False,1.41092863,2.40779906
Guerrero,Cuentas entre compañías,2015,4,False,3.00243369,1.5915050600000002
Guerrero,Cuentas entre compañías,2016,1,False,18.24012159,18.24012159
Guerrero,Cuentas entre compañías,2016,2,False,15.75267617,-2.4874454200000002
Guerrero,Cuentas entre compañías,2016,3,False,40.62348322,24.870807049999996
Guerrero,Cuentas entre compañías,2016,4,False,82.92237981,42.29889659
Guerrero,Cuentas entre compañías,2017,1,False,-58.69435756,-58.69435756
Guerrero,Cuentas entre compañías,2017,2,False,62.90568106,121.60003861999999
Guerrero,Cuentas entre compañías,2017,3,False,91.57814626,28.672465199999998
Guerrero,Cuentas entre compañías,2017,4,False,45.17438686,-46.4037594
Guerrero,Cuentas entre compañías,2018,1,False,-181.19211473,-181.19211473
Guerrero,Cuentas entre compañías,2018,2,False,-177.70592537,3.4861893599999974
Guerrero,Cuentas entre compañías,2018,3,False,-156.50316856,21.202756809999983
Guerrero,Cuentas entre compañías,2018,4,False,-205.59584312,-49.092674560000006
Guerrero,Cuentas entre compañías,2019,1,False,1.04914637,1.04914637
Guerrero,Cuentas entre compañías,2019,2,False,1.56195662,0.5128102499999998
Guerrero,Cuentas entre compañías,2019,3,False,5.83375911,4.27180249
Guerrero,Cuentas entre compañías,2019,4,False,9.26017336,3.4264142499999997
Guerrero,Cuentas entre compañías,2020,1,False,42.51246937,42.51246937
Guerrero,Cuentas entre compañías,2020,2,False,62.13657816,19.62410879
Guerrero,Cuentas entre compañías,2020,3,False,74.28023054,12.143652380000006
Guerrero,Cuentas entre compañías,2020,4,False,52.89955292,-21.380677620000007
Guerrero,Cuentas entre compañías,2021,1,False,55.05733932,55.05733932
Guerrero,Cuentas entre compañías,2021,2,False,63.34122473,8.283885410000003
Guerrero,Cuentas entre compañías,2021,3,False,70.20886509,6.867640360000003
Guerrero,Cuentas entre compañías,2021,4,False,80.13943182,9.930566729999995
Guerrero,Cuentas entre compañías,2022,1,False,-25.47965592,-25.47965592
Guerrero,Cuentas entre compañías,2022,2,False,-7.01295772,18.4666982
Guerrero,Cuentas entre compañías,2022,3,False,8.91923648,15.932194200000001
Guerrero,Cuentas entre compañías,2022,4,False,16.04697118,7.1277346999999995
Guerrero,Cuentas entre compañías,2023,1,False,-239.92285547,-239.92285547
Guerrero,Cuentas entre compañías,2023,2,False,-231.43843771,8.484417760000014
Guerrero,Cuentas entre compañías,2023,3,False,-232.79095262,-1.3525149100000249
Guerrero,Cuentas entre compañías,2023,4,False,-253.34786353,-20.55691091
Guerrero,Cuentas entre compañías,2024,1,False,21.79632192,21.79632192
Guerrero,Cuentas entre compañías,2024,2,False,33.3893123,11.59299038
Guerrero,Cuentas entre compañías,2024,3,False,19.06569236,-14.32361994
Guerrero,Cuentas entre compañías,2024,4,False,12.46770327,-6.5979890900000004
Guerrero,Cuentas entre compañías,2025,1,False,-39.50564037,-39.50564037
Guerrero,Cuentas entre compañías,2025,2,False,0.2162638,39.72190417
Guerrero,Cuentas entre compañías,2025,3,False,-6.38922078,-6.60548458
Guerrero,Cuentas entre compañías,2025,4,False,-48.8492735,-42.46005272
Hidalgo,Cuentas entre compañías,2006,1,False,15.729475,15.729475
Hidalgo,Cuentas entre compañías,2006,2,False,10.162054,-5.567421000000001
Hidalgo,Cuentas entre compañías,2006,3,False,-7.597066,-17.75912
Hidalgo,Cuentas entre compañías,2006,4,False,-14.936399,-7.339333
Hidalgo,Cuentas entre compañías,2007,1,False,4.235225,4.235225
Hidalgo,Cuentas entre compañías,2007,2,False,1.739537,-2.4956879999999995
Hidalgo,Cuentas entre compañías,2007,3,False,8.007125,6.267588
Hidalgo,Cuentas entre compañías,2007,4,False,6.57969,-1.427435
Hidalgo,Cuentas entre compañías,2008,1,False,-8.287521,-8.287521
Hidalgo,Cuentas entre compañías,2008,2,False,0.004276,8.291797
Hidalgo,Cuentas entre compañías,2008,3,False,2.392951,2.388675
Hidalgo,Cuentas entre compañías,2008,4,False,16.101011,13.70806
Hidalgo,Cuentas entre compañías,2009,1,False,3.154233,3.154233
Hidalgo,Cuentas entre compañías,2009,2,False,-8.979005,-12.133238
Hidalgo,Cuentas entre compañías,2009,3,False,-14.180247,-5.201241999999999
Hidalgo,Cuentas entre compañías,2009,4,False,-63.931292,-49.751045
Hidalgo,Cuentas entre compañías,2010,1,False,31.584334,31.584334
Hidalgo,Cuentas entre compañías,2010,2,False,25.625717,-5.958616999999997
Hidalgo,Cuentas entre compañías,2010,3,False,22.171353,-3.4543640000000018
Hidalgo,Cuentas entre compañías,2010,4,False,38.078662,15.907309000000001
Hidalgo,Cuentas entre compañías,2011,1,False,-7.364602,-7.364602
Hidalgo,Cuentas entre compañías,2011,2,False,-18.476782,-11.11218
Hidalgo,Cuentas entre compañías,2011,3,False,-14.267484,4.209298
Hidalgo,Cuentas entre compañías,2011,4,False,54.87191621,69.13940021
Hidalgo,Cuentas entre compañías,2012,1,False,-3.508402,-3.508402
Hidalgo,Cuentas entre compañías,2012,2,False,-7.21829,-3.709888
Hidalgo,Cuentas entre compañías,2012,3,False,61.820612,69.038902
Hidalgo,Cuentas entre compañías,2012,4,False,61.839625,0.019013000000001057
Hidalgo,Cuentas entre compañías,2013,1,False,49.121672,49.121672
Hidalgo,Cuentas entre compañías,2013,2,False,56.072631,6.9509590000000046
Hidalgo,Cuentas entre compañías,2013,3,False,31.211055,-24.861576
Hidalgo,Cuentas entre compañías,2013,4,False,76.196,44.984944999999996
Hidalgo,Cuentas entre compañías,2014,1,False,-1.61221,-1.61221
Hidalgo,Cuentas entre compañías,2014,2,False,8.020093,9.632302999999999
Hidalgo,Cuentas entre compañías,2014,3,False,53.149389,45.129296
Hidalgo,Cuentas entre compañías,2014,4,False,34.33046856,-18.81892044
Hidalgo,Cuentas entre compañías,2015,1,False,1.00584921,1.00584921
Hidalgo,Cuentas entre compañías,2015,2,False,39.50035082,38.49450161
Hidalgo,Cuentas entre compañías,2015,3,False,4.59476338,-34.905587440000005
Hidalgo,Cuentas entre compañías,2015,4,False,197.64895546,193.05419208
Hidalgo,Cuentas entre compañías,2016,1,False,-5.10129533,-5.10129533
Hidalgo,Cuentas entre compañías,2016,2,False,12.50041952,17.60171485
Hidalgo,Cuentas entre compañías,2016,3,False,56.32598219,43.82556267
Hidalgo,Cuentas entre compañías,2016,4,False,177.61484334,121.28886115
Hidalgo,Cuentas entre compañías,2017,1,False,-13.19454632,-13.19454632
Hidalgo,Cuentas entre compañías,2017,2,False,23.89951665,37.094062969999996
Hidalgo,Cuentas entre compañías,2017,3,False,72.46839473,48.568878080000005
Hidalgo,Cuentas entre compañías,2017,4,False,118.5613553,46.09296057
Hidalgo,Cuentas entre compañías,2018,1,False,30.69452194,30.69452194
Hidalgo,Cuentas entre compañías,2018,2,False,101.83029556,71.13577362
Hidalgo,Cuentas entre compañías,2018,3,False,80.11058618,-21.719709379999998
Hidalgo,Cuentas entre compañías,2018,4,False,87.39753449,7.28694831
Hidalgo,Cuentas entre compañías,2019,1,False,-48.41168096,-48.41168096
Hidalgo,Cuentas entre compañías,2019,2,False,-26.9198814,21.491799559999997
Hidalgo,Cuentas entre compañías,2019,3,False,-51.24313474,-24.32325334
Hidalgo,Cuentas entre compañías,2019,4,False,-55.82337663,-4.580241889999996
Hidalgo,Cuentas entre compañías,2020,1,False,-38.56963814,-38.56963814
Hidalgo,Cuentas entre compañías,2020,2,False,78.14362587,116.71326400999999
Hidalgo,Cuentas entre compañías,2020,3,False,73.41001136,-4.733614509999995
Hidalgo,Cuentas entre compañías,2020,4,False,87.33204738,13.922036020000007
Hidalgo,Cuentas entre compañías,2021,1,False,6.31871707,6.31871707
Hidalgo,Cuentas entre compañías,2021,2,False,11.2927548,4.974037730000001
Hidalgo,Cuentas entre compañías,2021,3,False,56.58709755,45.29434275
Hidalgo,Cuentas entre compañías,2021,4,False,35.10482585,-21.482271700000005
Hidalgo,Cuentas entre compañías,2022,1,False,34.95026741,34.95026741
Hidalgo,Cuentas entre compañías,2022,2,False,72.11698355,37.16671614
Hidalgo,Cuentas entre compañías,2022,3,False,77.86056843,5.74358488
Hidalgo,Cuentas entre compañías,2022,4,False,81.07752378,3.2169553500000063
Hidalgo,Cuentas entre compañías,2023,1,False,21.94770811,21.94770811
Hidalgo,Cuentas entre compañías,2023,2,False,89.5877281,67.64001999000001
Hidalgo,Cuentas entre compañías,2023,3,False,163.6873162,74.09958809999999
Hidalgo,Cuentas entre compañías,2023,4,False,151.85851342,-11.82880277999999
Hidalgo,Cuentas entre compañías,2024,1,False,37.03740652,37.03740652
Hidalgo,Cuentas entre compañías,2024,2,False,238.8257129,201.78830638000002
Hidalgo,Cuentas entre compañías,2024,3,False,103.55768037,-135.26803253000003
Hidalgo,Cuentas entre compañías,2024,4,False,134.17538075,30.617700379999988
Hidalgo,Cuentas entre compañías,2025,1,False,22.16778016,22.16778016
Hidalgo,Cuentas entre compañías,2025,2,False,-22.26623638,-44.43401654
Hidalgo,Cuentas entre compañías,2025,3,False,-23.79549977,-1.5292633900000006
Hidalgo,Cuentas entre compañías,2025,4,False,87.39065038,111.18615015
Jalisco,Cuentas entre compañías,2006,1,False,117.153623,117.153623
Jalisco,Cuentas entre compañías,2006,2,False,273.379262,156.225639
Jalisco,Cuentas entre compañías,2006,3,False,387.457737,114.07847500000003
Jalisco,Cuentas entre compañías,2006,4,False,440.439085,52.98134799999997
Jalisco,Cuentas entre compañías,2007,1,False,155.766246,155.766246
Jalisco,Cuentas entre compañías,2007,2,False,124.455131,-31.311115
Jalisco,Cuentas entre compañías,2007,3,False,-50.794562,-175.24969299999998
Jalisco,Cuentas entre compañías,2007,4,False,69.207821,120.002383
Jalisco,Cuentas entre compañías,2008,1,False,-25.020458,-25.020458
Jalisco,Cuentas entre compañías,2008,2,False,41.435742,66.4562
Jalisco,Cuentas entre compañías,2008,3,False,28.768101,-12.667640999999996
Jalisco,Cuentas entre compañías,2008,4,False,249.621234,220.85313299999999
Jalisco,Cuentas entre compañías,2009,1,False,237.857284,237.857284
Jalisco,Cuentas entre compañías,2009,2,False,436.793451,198.936167
Jalisco,Cuentas entre compañías,2009,3,False,523.421927,86.62847599999998
Jalisco,Cuentas entre compañías,2009,4,False,264.948508,-258.473419
Jalisco,Cuentas entre compañías,2010,1,False,283.439497,283.439497
Jalisco,Cuentas entre compañías,2010,2,False,363.672265,80.23276799999996
Jalisco,Cuentas entre compañías,2010,3,False,674.556811,310.88454600000006
Jalisco,Cuentas entre compañías,2010,4,False,824.793871,150.23705999999993
Jalisco,Cuentas entre compañías,2011,1,False,42.514938,42.514938
Jalisco,Cuentas entre compañías,2011,2,False,109.821987,67.30704899999999
Jalisco,Cuentas entre compañías,2011,3,False,67.615406,-42.206581
Jalisco,Cuentas entre compañías,2011,4,False,417.98441007,350.36900407
Jalisco,Cuentas entre compañías,2012,1,False,227.2907075,227.2907075
Jalisco,Cuentas entre compañías,2012,2,False,386.40302654,159.11231904
Jalisco,Cuentas entre compañías,2012,3,False,585.89453899,199.49151245000002
Jalisco,Cuentas entre compañías,2012,4,False,693.41100599,107.51646700000003
Jalisco,Cuentas entre compañías,2013,1,False,-42.02829938,-42.02829938
Jalisco,Cuentas entre compañías,2013,2,False,201.72712997,243.75542934999999
Jalisco,Cuentas entre compañías,2013,3,False,505.33638558,303.60925561
Jalisco,Cuentas entre compañías,2013,4,False,702.12705348,196.79066789999996
Jalisco,Cuentas entre compañías,2014,1,False,194.50941923,194.50941923
Jalisco,Cuentas entre compañías,2014,2,False,-83.8866305,-278.39604972999996
Jalisco,Cuentas entre compañías,2014,3,False,128.30054087,212.18717137
Jalisco,Cuentas entre compañías,2014,4,False,545.52760221,417.2270613400001
Jalisco,Cuentas entre compañías,2015,1,False,81.88821416,81.88821416
Jalisco,Cuentas entre compañías,2015,2,False,139.20688021,57.318666050000004
Jalisco,Cuentas entre compañías,2015,3,False,493.92901783,354.72213762
Jalisco,Cuentas entre compañías,2015,4,False,1230.03163875,736.1026209199999
Jalisco,Cuentas entre compañías,2016,1,False,354.62617676,354.62617676
Jalisco,Cuentas entre compañías,2016,2,False,533.31711767,178.69094091
Jalisco,Cuentas entre compañías,2016,3,False,525.06914792,-8.247969750000038
Jalisco,Cuentas entre compañías,2016,4,False,556.09349389,31.024345970000013
Jalisco,Cuentas entre compañías,2017,1,False,-189.19653414,-189.19653414
Jalisco,Cuentas entre compañías,2017,2,False,-137.37411771,51.822416430000004
Jalisco,Cuentas entre compañías,2017,3,False,121.74596339,259.1200811
Jalisco,Cuentas entre compañías,2017,4,False,353.72881986,231.98285647
Jalisco,Cuentas entre compañías,2018,1,False,652.56058789,652.56058789
Jalisco,Cuentas entre compañías,2018,2,False,633.37048409,-19.190103799999974
Jalisco,Cuentas entre compañías,2018,3,False,881.08515606,247.71467197000004
Jalisco,Cuentas entre compañías,2018,4,False,245.33512254,-635.75003352
Jalisco,Cuentas entre compañías,2019,1,False,712.06146303,712.06146303
Jalisco,Cuentas entre compañías,2019,2,False,868.32635606,156.26489302999994
Jalisco,Cuentas entre compañías,2019,3,False,829.07834889,-39.24800716999994
Jalisco,Cuentas entre compañías,2019,4,False,-52.91477654,-881.9931254300001
Jalisco,Cuentas entre compañías,2020,1,False,158.3970962,158.3970962
Jalisco,Cuentas entre compañías,2020,2,False,625.6996174,467.3025212
Jalisco,Cuentas entre compañías,2020,3,False,541.43571739,-84.26390000999993
Jalisco,Cuentas entre compañías,2020,4,False,570.37428245,28.938565059999974
Jalisco,Cuentas entre compañías,2021,1,False,71.72655603,71.72655603
Jalisco,Cuentas entre compañías,2021,2,False,209.3438743,137.61731827
Jalisco,Cuentas entre compañías,2021,3,False,359.42706548,150.08319118
Jalisco,Cuentas entre compañías,2021,4,False,950.90361266,591.47654718
Jalisco,Cuentas entre compañías,2022,1,False,116.34647398,116.34647398
Jalisco,Cuentas entre compañías,2022,2,False,539.24202368,422.8955497
Jalisco,Cuentas entre compañías,2022,3,False,827.29499678,288.05297310000003
Jalisco,Cuentas entre compañías,2022,4,False,1131.22745203,303.93245525
Jalisco,Cuentas entre compañías,2023,1,False,-278.30448697,-278.30448697
Jalisco,Cuentas entre compañías,2023,2,False,-224.55880097,53.745686000000035
Jalisco,Cuentas entre compañías,2023,3,False,-231.77203468,-7.213233709999997
Jalisco,Cuentas entre compañías,2023,4,False,65.17667259,296.94870727
Jalisco,Cuentas entre compañías,2024,1,False,30.62743726,30.62743726
Jalisco,Cuentas entre compañías,2024,2,False,99.66530115,69.03786389000001
Jalisco,Cuentas entre compañías,2024,3,False,282.22423921,182.55893806
Jalisco,Cuentas entre compañías,2024,4,False,290.51084058,8.286601369999971
Jalisco,Cuentas entre compañías,2025,1,False,-16.22100615,-16.22100615
Jalisco,Cuentas entre compañías,2025,2,False,31.46491587,47.68592202
Jalisco,Cuentas entre compañías,2025,3,False,-100.31684507,-131.78176094
Jalisco,Cuentas entre compañías,2025,4,False,24.51963935,124.83648442
Michoacán,Cuentas entre compañías,2006,1,False,8.285798,8.285798
Michoacán,Cuentas entre compañías,2006,2,False,7.492463,-0.7933349999999999
Michoacán,Cuentas entre compañías,2006,3,False,40.728006,33.235543
Michoacán,Cuentas entre compañías,2006,4,False,37.167599,-3.560406999999998
Michoacán,Cuentas entre compañías,2007,1,False,8.924586,8.924586
Michoacán,Cuentas entre compañías,2007,2,False,45.076553,36.151967
Michoacán,Cuentas entre compañías,2007,3,False,86.359353,41.2828
Michoacán,Cuentas entre compañías,2007,4,False,131.951923,45.592569999999995
Michoacán,Cuentas entre compañías,2008,1,False,7.23288,7.23288
Michoacán,Cuentas entre compañías,2008,2,False,7.07542,-0.1574599999999995
Michoacán,Cuentas entre compañías,2008,3,False,9.828171,2.752750999999999
Michoacán,Cuentas entre compañías,2008,4,False,31.558851,21.73068
Michoacán,Cuentas entre compañías,2009,1,False,24.461591,24.461591
Michoacán,Cuentas entre compañías,2009,2,False,0.475223,-23.986368
Michoacán,Cuentas entre compañías,2009,3,False,1.744647,1.269424
Michoacán,Cuentas entre compañías,2009,4,False,-22.393274,-24.137921000000002
Michoacán,Cuentas entre compañías,2010,1,False,53.729382,53.729382
Michoacán,Cuentas entre compañías,2010,2,False,54.646429,0.9170469999999966
Michoacán,Cuentas entre compañías,2010,3,False,38.200233,-16.446196
Michoacán,Cuentas entre compañías,2010,4,False,44.539754,6.339521000000005
Michoacán,Cuentas entre compañías,2011,1,False,-26.87779,-26.87779
Michoacán,Cuentas entre compañías,2011,2,False,-54.625753,-27.747963000000002
Michoacán,Cuentas entre compañías,2011,3,False,-41.548246,13.077507000000004
Michoacán,Cuentas entre compañías,2011,4,False,9.283311,50.831557
Michoacán,Cuentas entre compañías,2012,1,False,22.539772,22.539772
Michoacán,Cuentas entre compañías,2012,2,False,-11.594844,-34.134616
Michoacán,Cuentas entre compañías,2012,3,False,23.462624,35.057468
Michoacán,Cuentas entre compañías,2012,4,False,141.17116,117.70853599999998
Michoacán,Cuentas entre compañías,2013,1,False,104.392544,104.392544
Michoacán,Cuentas entre compañías,2013,2,False,151.078093,46.685548999999995
Michoacán,Cuentas entre compañías,2013,3,False,210.873957,59.795863999999995
Michoacán,Cuentas entre compañías,2013,4,False,266.565542,55.691585
Michoacán,Cuentas entre compañías,2014,1,False,-2.427658,-2.427658
Michoacán,Cuentas entre compañías,2014,2,False,-3.53479,-1.107132
Michoacán,Cuentas entre compañías,2014,3,False,38.200114,41.734904
Michoacán,Cuentas entre compañías,2014,4,False,41.97808307,3.7779690699999975
Michoacán,Cuentas entre compañías,2015,1,False,33.53292319,33.53292319
Michoacán,Cuentas entre compañías,2015,2,False,35.57101476,2.038091569999999
Michoacán,Cuentas entre compañías,2015,3,False,56.59685336,21.0258386
Michoacán,Cuentas entre compañías,2015,4,False,191.26838711,134.67153374999998
Michoacán,Cuentas entre compañías,2016,1,False,10.47435704,10.47435704
Michoacán,Cuentas entre compañías,2016,2,False,-8.31541647,-18.78977351
Michoacán,Cuentas entre compañías,2016,3,False,3.09163888,11.40705535
Michoacán,Cuentas entre compañías,2016,4,False,47.81876533,44.72712645
Michoacán,Cuentas entre compañías,2017,1,False,-2.98593807,-2.98593807
Michoacán,Cuentas entre compañías,2017,2,False,0.98895317,3.97489124
Michoacán,Cuentas entre compañías,2017,3,False,-4.24923837,-5.23819154
Michoacán,Cuentas entre compañías,2017,4,False,-33.46752924,-29.218290869999997
Michoacán,Cuentas entre compañías,2018,1,False,-13.86886815,-13.86886815
Michoacán,Cuentas entre compañías,2018,2,False,15.25259572,29.12146387
Michoacán,Cuentas entre compañías,2018,3,False,13.63817908,-1.61441664
Michoacán,Cuentas entre compañías,2018,4,False,11.0684756,-2.569703480000001
Michoacán,Cuentas entre compañías,2019,1,False,-3.78909092,-3.78909092
Michoacán,Cuentas entre compañías,2019,2,False,1.65378984,5.4428807599999995
Michoacán,Cuentas entre compañías,2019,3,False,-21.19315615,-22.846945990000002
Michoacán,Cuentas entre compañías,2019,4,False,-71.7154571,-50.522300949999995
Michoacán,Cuentas entre compañías,2020,1,False,9.42985835,9.42985835
Michoacán,Cuentas entre compañías,2020,2,False,47.9116628,38.48180445
Michoacán,Cuentas entre compañías,2020,3,False,48.11804984,0.20638703999999564
Michoacán,Cuentas entre compañías,2020,4,False,42.2636662,-5.854383639999995
Michoacán,Cuentas entre compañías,2021,1,False,119.04017554,119.04017554
Michoacán,Cuentas entre compañías,2021,2,False,127.11644142,8.076265879999994
Michoacán,Cuentas entre compañías,2021,3,False,-59.92716953,-187.04361095000002
Michoacán,Cuentas entre compañías,2021,4,False,-84.6548685,-24.727698970000006
Michoacán,Cuentas entre compañías,2022,1,False,-6.03202728,-6.03202728
Michoacán,Cuentas entre compañías,2022,2,False,-6.73760614,-0.7055788599999993
Michoacán,Cuentas entre compañías,2022,3,False,-26.50745965,-19.76985351
Michoacán,Cuentas entre compañías,2022,4,False,-19.04440085,7.463058800000002
Michoacán,Cuentas entre compañías,2023,1,False,7.27722504,7.27722504
Michoacán,Cuentas entre compañías,2023,2,False,7.67619388,0.3989688399999993
Michoacán,Cuentas entre compañías,2023,3,False,-15.44190926,-23.11810314
Michoacán,Cuentas entre compañías,2023,4,False,-72.7096676,-57.26775834
Michoacán,Cuentas entre compañías,2024,1,False,-19.6019824,-19.6019824
Michoacán,Cuentas entre compañías,2024,2,False,-12.76731909,6.83466331
Michoacán,Cuentas entre compañías,2024,3,False,-66.71034174,-53.94302265
Michoacán,Cuentas entre compañías,2024,4,False,-77.31444495,-10.604103209999991
Michoacán,Cuentas entre compañías,2025,1,False,-7.89624515,-7.89624515
Michoacán,Cuentas entre compañías,2025,2,False,21.93079626,29.82704141
Michoacán,Cuentas entre compañías,2025,3,False,24.75649189,2.8256956299999985
Michoacán,Cuentas entre compañías,2025,4,False,39.50310915,14.74661726
Morelos,Cuentas entre compañías,2006,1,False,-8.063284,-8.063284
Morelos,Cuentas entre compañías,2006,2,False,-3.69525,4.368034
Morelos,Cuentas entre compañías,2006,3,False,-37.669153,-33.973903
Morelos,Cuentas entre compañías,2006,4,False,126.0936,163.762753
Morelos,Cuentas entre compañías,2007,1,False,124.606259,124.606259
Morelos,Cuentas entre compañías,2007,2,False,111.559654,-13.046605
Morelos,Cuentas entre compañías,2007,3,False,96.983373,-14.576280999999994
Morelos,Cuentas entre compañías,2007,4,False,108.068864,11.085491000000005
Morelos,Cuentas entre compañías,2008,1,False,17.224659,17.224659
Morelos,Cuentas entre compañías,2008,2,False,-53.985374,-71.210033
Morelos,Cuentas entre compañías,2008,3,False,-52.392801,1.5925730000000016
Morelos,Cuentas entre compañías,2008,4,False,-31.05948,21.333320999999998
Morelos,Cuentas entre compañías,2009,1,False,-32.880345,-32.880345
Morelos,Cuentas entre compañías,2009,2,False,-45.261467,-12.381122000000005
Morelos,Cuentas entre compañías,2009,3,False,-43.073415,2.188052000000006
Morelos,Cuentas entre compañías,2009,4,False,-129.799152,-86.725737
Morelos,Cuentas entre compañías,2010,1,False,68.121341,68.121341
Morelos,Cuentas entre compañías,2010,2,False,49.044108,-19.077233
Morelos,Cuentas entre compañías,2010,3,False,56.972498,7.92839
Morelos,Cuentas entre compañías,2010,4,False,73.062685,16.090187
Morelos,Cuentas entre compañías,2011,1,False,25.299301,25.299301
Morelos,Cuentas entre compañías,2011,2,False,-16.099703,-41.399004000000005
Morelos,Cuentas entre compañías,2011,3,False,-31.142343,-15.042639999999999
Morelos,Cuentas entre compañías,2011,4,False,-37.12759412,-5.985251119999997
Morelos,Cuentas entre compañías,2012,1,False,-2.855806,-2.855806
Morelos,Cuentas entre compañías,2012,2,False,6.863041,9.718847
Morelos,Cuentas entre compañías,2012,3,False,52.5243,45.661258999999994
Morelos,Cuentas entre compañías,2012,4,False,44.273639,-8.250660999999994
Morelos,Cuentas entre compañías,2013,1,False,-114.05747485,-114.05747485
Morelos,Cuentas entre compañías,2013,2,False,-193.49472222,-79.43724737
Morelos,Cuentas entre compañías,2013,3,False,-142.65151022,50.843211999999994
Morelos,Cuentas entre compañías,2013,4,False,-178.93551088,-36.284000660000004
Morelos,Cuentas entre compañías,2014,1,False,66.657156,66.657156
Morelos,Cuentas entre compañías,2014,2,False,53.32966354,-13.327492460000002
Morelos,Cuentas entre compañías,2014,3,False,96.07315953,42.74349599
Morelos,Cuentas entre compañías,2014,4,False,107.20792585,11.134766319999997
Morelos,Cuentas entre compañías,2015,1,False,29.28231428,29.28231428
Morelos,Cuentas entre compañías,2015,2,False,51.48210137,22.19978709
Morelos,Cuentas entre compañías,2015,3,False,172.71522882,121.23312744999998
Morelos,Cuentas entre compañías,2015,4,False,193.54240976,20.827180940000005
Morelos,Cuentas entre compañías,2016,1,False,-33.75693353,-33.75693353
Morelos,Cuentas entre compañías,2016,2,False,-45.91775853,-12.160825000000003
Morelos,Cuentas entre compañías,2016,3,False,-31.61427356,14.30348497
Morelos,Cuentas entre compañías,2016,4,False,-25.42470246,6.189571100000002
Morelos,Cuentas entre compañías,2017,1,False,-61.48700541,-61.48700541
Morelos,Cuentas entre compañías,2017,2,False,52.76455423,114.25155964000001
Morelos,Cuentas entre compañías,2017,3,False,131.95162538,79.18707115
Morelos,Cuentas entre compañías,2017,4,False,247.98950621,116.03788083
Morelos,Cuentas entre compañías,2018,1,False,-48.85571028,-48.85571028
Morelos,Cuentas entre compañías,2018,2,False,-79.82538062,-30.969670340000008
Morelos,Cuentas entre compañías,2018,3,False,-121.79239005,-41.96700942999999
Morelos,Cuentas entre compañías,2018,4,False,-100.91684186,20.87554818999999
Morelos,Cuentas entre compañías,2019,1,False,99.36252514,99.36252514
Morelos,Cuentas entre compañías,2019,2,False,83.42871089,-15.933814249999998
Morelos,Cuentas entre compañías,2019,3,False,104.95159242,21.522881529999992
Morelos,Cuentas entre compañías,2019,4,False,171.08293256,66.13134013999999
Morelos,Cuentas entre compañías,2020,1,False,-21.85115816,-21.85115816
Morelos,Cuentas entre compañías,2020,2,False,-55.77753698,-33.92637882
Morelos,Cuentas entre compañías,2020,3,False,-18.61607909,37.16145789
Morelos,Cuentas entre compañías,2020,4,False,208.42141921,227.0374983
Morelos,Cuentas entre compañías,2021,1,False,10.88439047,10.88439047
Morelos,Cuentas entre compañías,2021,2,False,64.41076492,53.526374450000006
Morelos,Cuentas entre compañías,2021,3,False,110.91508296,46.50431804
Morelos,Cuentas entre compañías,2021,4,False,121.84896182,10.933878859999993
Morelos,Cuentas entre compañías,2022,1,False,18.87350268,18.87350268
Morelos,Cuentas entre compañías,2022,2,False,9.55982548,-9.3136772
Morelos,Cuentas entre compañías,2022,3,False,-102.26057316,-111.82039864000001
Morelos,Cuentas entre compañías,2022,4,False,-132.43724976,-30.17667659999998
Morelos,Cuentas entre compañías,2023,1,False,9.01566337,9.01566337
Morelos,Cuentas entre compañías,2023,2,False,21.73670991,12.721046539999998
Morelos,Cuentas entre compañías,2023,3,False,40.49936053,18.76265062
Morelos,Cuentas entre compañías,2023,4,False,40.00694315,-0.4924173799999991
Morelos,Cuentas entre compañías,2024,1,False,-56.77637627,-56.77637627
Morelos,Cuentas entre compañías,2024,2,False,-34.39444209,22.381934180000002
Morelos,Cuentas entre compañías,2024,3,False,-84.28660656,-49.89216447
Morelos,Cuentas entre compañías,2024,4,False,-76.51822338,7.768383180000001
Morelos,Cuentas entre compañías,2025,1,False,-2.10614678,-2.10614678
Morelos,Cuentas entre compañías,2025,2,False,2.5510965,4.657243279999999
Morelos,Cuentas entre compañías,2025,3,False,-20.92690409,-23.47800059
Morelos,Cuentas entre compañías,2025,4,False,84.67518383,105.60208792
Nayarit,Cuentas entre compañías,2006,1,False,3.908878,3.908878
Nayarit,Cuentas entre compañías,2006,2,False,8.142129,4.233251000000001
Nayarit,Cuentas entre compañías,2006,3,False,10.067491,1.9253619999999998
Nayarit,Cuentas entre compañías,2006,4,False,8.641967,-1.4255240000000011
Nayarit,Cuentas entre compañías,2007,1,False,0.494235,0.494235
Nayarit,Cuentas entre compañías,2007,2,False,2.841421,2.3471859999999998
Nayarit,Cuentas entre compañías,2007,3,False,22.550363,19.708942
Nayarit,Cuentas entre compañías,2007,4,False,25.711877,3.1615140000000004
Nayarit,Cuentas entre compañías,2008,1,False,10.903027,10.903027
Nayarit,Cuentas entre compañías,2008,2,False,43.409681,32.506654
Nayarit,Cuentas entre compañías,2008,3,False,41.033677,-2.376004000000002
Nayarit,Cuentas entre compañías,2008,4,False,73.647192,32.61351500000001
Nayarit,Cuentas entre compañías,2009,1,False,4.351699,4.351699
Nayarit,Cuentas entre compañías,2009,2,False,-8.273741,-12.62544
Nayarit,Cuentas entre compañías,2009,3,False,-6.444573,1.8291679999999992
Nayarit,Cuentas entre compañías,2009,4,False,-22.520826,-16.076253
Nayarit,Cuentas entre compañías,2010,1,False,41.578589,41.578589
Nayarit,Cuentas entre compañías,2010,2,False,39.662566,-1.9160230000000027
Nayarit,Cuentas entre compañías,2010,3,False,39.376895,-0.2856710000000007
Nayarit,Cuentas entre compañías,2010,4,False,39.587942,0.21104700000000065
Nayarit,Cuentas entre compañías,2011,1,False,-6.455752,-6.455752
Nayarit,Cuentas entre compañías,2011,2,False,-13.984992,-7.52924
Nayarit,Cuentas entre compañías,2011,3,False,-12.016772,1.9682200000000005
Nayarit,Cuentas entre compañías,2011,4,False,1.53904,13.555812
Nayarit,Cuentas entre compañías,2012,1,False,2.652854,2.652854
Nayarit,Cuentas entre compañías,2012,2,False,2.977492,0.32463799999999976
Nayarit,Cuentas entre compañías,2012,3,False,5.507876,2.5303840000000006
Nayarit,Cuentas entre compañías,2012,4,False,9.169007,3.661131
Nayarit,Cuentas entre compañías,2013,1,False,8.235011,8.235011
Nayarit,Cuentas entre compañías,2013,2,False,8.035839,-0.1991720000000008
Nayarit,Cuentas entre compañías,2013,3,False,16.427635,8.391796
Nayarit,Cuentas entre compañías,2013,4,False,24.225687,7.798052000000002
Nayarit,Cuentas entre compañías,2014,1,False,-5.221585,-5.221585
Nayarit,Cuentas entre compañías,2014,2,False,-4.608242,0.6133430000000004
Nayarit,Cuentas entre compañías,2014,3,False,2.201338,6.8095799999999995
Nayarit,Cuentas entre compañías,2014,4,False,10.57120309,8.36986509
Nayarit,Cuentas entre compañías,2015,1,False,-1.44839592,-1.44839592
Nayarit,Cuentas entre compañías,2015,2,False,-1.14791276,0.30048315999999997
Nayarit,Cuentas entre compañías,2015,3,False,-2.49118778,-1.34327502
Nayarit,Cuentas entre compañías,2015,4,False,-2.73298488,-0.24179709999999988
Nayarit,Cuentas entre compañías,2016,1,False,-12.71675926,-12.71675926
Nayarit,Cuentas entre compañías,2016,2,False,-9.9365643,2.7801949599999993
Nayarit,Cuentas entre compañías,2016,3,False,-5.06436499,4.872199310000001
Nayarit,Cuentas entre compañías,2016,4,False,-0.52069143,4.543673559999999
Nayarit,Cuentas entre compañías,2017,1,False,3.19546368,3.19546368
Nayarit,Cuentas entre compañías,2017,2,False,3.96487118,0.7694074999999998
Nayarit,Cuentas entre compañías,2017,3,False,3.62690608,-0.3379650999999999
Nayarit,Cuentas entre compañías,2017,4,False,0.37079071,-3.25611537
Nayarit,Cuentas entre compañías,2018,1,False,-0.30802091,-0.30802091
Nayarit,Cuentas entre compañías,2018,2,False,44.39858002,44.70660093
Nayarit,Cuentas entre compañías,2018,3,False,48.66210297,4.263522950000002
Nayarit,Cuentas entre compañías,2018,4,False,90.67828506,42.016182089999994
Nayarit,Cuentas entre compañías,2019,1,False,0.76115617,0.76115617
Nayarit,Cuentas entre compañías,2019,2,False,-0.09427156,-0.85542773
Nayarit,Cuentas entre compañías,2019,3,False,-4.75254689,-4.6582753299999995
Nayarit,Cuentas entre compañías,2019,4,False,-15.71805918,-10.96551229
Nayarit,Cuentas entre compañías,2020,1,False,-5.42583076,-5.42583076
Nayarit,Cuentas entre compañías,2020,2,False,455.43704908,460.86287984
Nayarit,Cuentas entre compañías,2020,3,False,527.67262209,72.23557301
Nayarit,Cuentas entre compañías,2020,4,False,540.79498755,13.122365459999969
Nayarit,Cuentas entre compañías,2021,1,False,22.40527442,22.40527442
Nayarit,Cuentas entre compañías,2021,2,False,48.68742945,26.282155030000002
Nayarit,Cuentas entre compañías,2021,3,False,71.83992393,23.152494479999994
Nayarit,Cuentas entre compañías,2021,4,False,75.60666042,3.7667364899999995
Nayarit,Cuentas entre compañías,2022,1,False,13.85205079,13.85205079
Nayarit,Cuentas entre compañías,2022,2,False,101.64015644,87.78810565
Nayarit,Cuentas entre compañías,2022,3,False,113.58403045,11.943874010000002
Nayarit,Cuentas entre compañías,2022,4,False,125.4303333,11.84630285
Nayarit,Cuentas entre compañías,2023,1,False,-9.53393324,-9.53393324
Nayarit,Cuentas entre compañías,2023,2,False,-9.84524528,-0.3113120400000007
Nayarit,Cuentas entre compañías,2023,3,False,-5.12714209,4.71810319
Nayarit,Cuentas entre compañías,2023,4,False,-12.85004526,-7.7229031699999995
Nayarit,Cuentas entre compañías,2024,1,False,2.92887321,2.92887321
Nayarit,Cuentas entre compañías,2024,2,False,7.06194786,4.13307465
Nayarit,Cuentas entre compañías,2024,3,False,4.91510308,-2.1468447800000003
Nayarit,Cuentas entre compañías,2024,4,False,6.79399414,1.87889106
Nayarit,Cuentas entre compañías,2025,1,False,-8.60295099,-8.60295099
Nayarit,Cuentas entre compañías,2025,2,False,-1.36213653,7.24081446
Nayarit,Cuentas entre compañías,2025,3,False,-5.45702381,-4.09488728
Nayarit,Cuentas entre compañías,2025,4,False,37.43821095,42.89523476
Nuevo León,Cuentas entre compañías,2006,1,False,76.521015,76.521015
Nuevo León,Cuentas entre compañías,2006,2,False,203.901917,127.38090199999999
Nuevo León,Cuentas entre compañías,2006,3,False,285.759573,81.85765599999999
Nuevo León,Cuentas entre compañías,2006,4,False,364.407562,78.647989
Nuevo León,Cuentas entre compañías,2007,1,False,249.469402,249.469402
Nuevo León,Cuentas entre compañías,2007,2,False,367.908885,118.439483
Nuevo León,Cuentas entre compañías,2007,3,False,239.190295,-128.71859
Nuevo León,Cuentas entre compañías,2007,4,False,40.27029,-198.920005
Nuevo León,Cuentas entre compañías,2008,1,False,43.197878,43.197878
Nuevo León,Cuentas entre compañías,2008,2,False,319.795583,276.597705
Nuevo León,Cuentas entre compañías,2008,3,False,364.146431,44.350847999999985
Nuevo León,Cuentas entre compañías,2008,4,False,476.934727,112.788296
Nuevo León,Cuentas entre compañías,2009,1,False,106.395972,106.395972
Nuevo León,Cuentas entre compañías,2009,2,False,94.671713,-11.724259000000004
Nuevo León,Cuentas entre compañías,2009,3,False,122.920427,28.248714000000007
Nuevo León,Cuentas entre compañías,2009,4,False,-52.342777,-175.263204
Nuevo León,Cuentas entre compañías,2010,1,False,201.553279,201.553279
Nuevo León,Cuentas entre compañías,2010,2,False,237.289992,35.73671300000001
Nuevo León,Cuentas entre compañías,2010,3,False,254.783641,17.493648999999976
Nuevo León,Cuentas entre compañías,2010,4,False,297.158522,42.374881000000016
Nuevo León,Cuentas entre compañías,2011,1,False,81.459011,81.459011
Nuevo León,Cuentas entre compañías,2011,2,False,230.845384,149.386373
Nuevo León,Cuentas entre compañías,2011,3,False,298.072658,67.227274
Nuevo León,Cuentas entre compañías,2011,4,False,644.157529,346.08487099999996
Nuevo León,Cuentas entre compañías,2012,1,False,126.64390247,126.64390247
Nuevo León,Cuentas entre compañías,2012,2,False,308.68151495,182.03761248
Nuevo León,Cuentas entre compañías,2012,3,False,380.66704326,71.98552831
Nuevo León,Cuentas entre compañías,2012,4,False,292.79607248,-87.87097078
Nuevo León,Cuentas entre compañías,2013,1,False,74.98407977,74.98407977
Nuevo León,Cuentas entre compañías,2013,2,False,90.12328428,15.139204509999999
Nuevo León,Cuentas entre compañías,2013,3,False,17.4643465,-72.65893777999999
Nuevo León,Cuentas entre compañías,2013,4,False,283.72141398,266.25706748000005
Nuevo León,Cuentas entre compañías,2014,1,False,64.95255647,64.95255647
Nuevo León,Cuentas entre compañías,2014,2,False,99.11860632,34.16604984999999
Nuevo León,Cuentas entre compañías,2014,3,False,-5.07305889,-104.19166521
Nuevo León,Cuentas entre compañías,2014,4,False,115.5736376,120.64669649
Nuevo León,Cuentas entre compañías,2015,1,False,376.28332582,376.28332582
Nuevo León,Cuentas entre compañías,2015,2,False,455.05643576,78.77310993999998
Nuevo León,Cuentas entre compañías,2015,3,False,1136.2227225,681.1662867399999
Nuevo León,Cuentas entre compañías,2015,4,False,1791.49109249,655.2683699900001
Nuevo León,Cuentas entre compañías,2016,1,False,250.3697975,250.3697975
Nuevo León,Cuentas entre compañías,2016,2,False,683.20847798,432.83868048
Nuevo León,Cuentas entre compañías,2016,3,False,479.32358329,-203.88489469
Nuevo León,Cuentas entre compañías,2016,4,False,923.05226067,443.72867738
Nuevo León,Cuentas entre compañías,2017,1,False,-62.16134934,-62.16134934
Nuevo León,Cuentas entre compañías,2017,2,False,243.92018304,306.08153238
Nuevo León,Cuentas entre compañías,2017,3,False,-88.17601778,-332.09620082000004
Nuevo León,Cuentas entre compañías,2017,4,False,521.79388664,609.9699044199999
Nuevo León,Cuentas entre compañías,2018,1,False,285.92370379,285.92370379
Nuevo León,Cuentas entre compañías,2018,2,False,644.25416807,358.33046428
Nuevo León,Cuentas entre compañías,2018,3,False,581.68477163,-62.56939643999999
Nuevo León,Cuentas entre compañías,2018,4,False,1309.40483826,727.7200666299999
Nuevo León,Cuentas entre compañías,2019,1,False,-248.8663962,-248.8663962
Nuevo León,Cuentas entre compañías,2019,2,False,-764.83047944,-515.96408324
Nuevo León,Cuentas entre compañías,2019,3,False,-281.32957339,483.50090604999997
Nuevo León,Cuentas entre compañías,2019,4,False,-236.43809607,44.89147732000001
Nuevo León,Cuentas entre compañías,2020,1,False,-608.29589649,-608.29589649
Nuevo León,Cuentas entre compañías,2020,2,False,-202.88075223,405.41514426000003
Nuevo León,Cuentas entre compañías,2020,3,False,-162.76985835,40.11089388000002
Nuevo León,Cuentas entre compañías,2020,4,False,536.10632526,698.87618361
Nuevo León,Cuentas entre compañías,2021,1,False,-143.40103564,-143.40103564
Nuevo León,Cuentas entre compañías,2021,2,False,-57.26845078,86.13258486000001
Nuevo León,Cuentas entre compañías,2021,3,False,302.50897866,359.77742944000005
Nuevo León,Cuentas entre compañías,2021,4,False,-151.09241942,-453.60139808
Nuevo León,Cuentas entre compañías,2022,1,False,-307.34675126,-307.34675126
Nuevo León,Cuentas entre compañías,2022,2,False,432.70186261,740.04861387
Nuevo León,Cuentas entre compañías,2022,3,False,-158.51375499,-591.2156176
Nuevo León,Cuentas entre compañías,2022,4,False,66.03327145,224.54702644
Nuevo León,Cuentas entre compañías,2023,1,False,221.39346057,221.39346057
Nuevo León,Cuentas entre compañías,2023,2,False,535.27818434,313.88472377000005
Nuevo León,Cuentas entre compañías,2023,3,False,-50.05986767,-585.3380520100001
Nuevo León,Cuentas entre compañías,2023,4,False,1388.1561104,1438.21597807
Nuevo León,Cuentas entre compañías,2024,1,False,-1148.99789599,-1148.99789599
Nuevo León,Cuentas entre compañías,2024,2,False,-1357.85798304,-208.86008704999995
Nuevo León,Cuentas entre compañías,2024,3,False,-2134.43242228,-776.5744392400002
Nuevo León,Cuentas entre compañías,2024,4,False,-1986.7397072,147.69271507999997
Nuevo León,Cuentas entre compañías,2025,1,False,657.39995905,657.39995905
Nuevo León,Cuentas entre compañías,2025,2,False,283.57141535,-373.8285437
Nuevo León,Cuentas entre compañías,2025,3,False,1371.1082498,1087.53683445
Nuevo León,Cuentas entre compañías,2025,4,False,1028.15916422,-342.94908558
Oaxaca,Cuentas entre compañías,2006,1,False,3.233143,3.233143
Oaxaca,Cuentas entre compañías,2006,2,False,4.453585,1.2204420000000002
Oaxaca,Cuentas entre compañías,2006,3,False,7.69183,3.238245
Oaxaca,Cuentas entre compañías,2006,4,False,7.00796,-0.6838700000000006
Oaxaca,Cuentas entre compañías,2007,1,False,5.365018,5.365018
Oaxaca,Cuentas entre compañías,2007,2,False,8.343561,2.9785429999999993
Oaxaca,Cuentas entre compañías,2007,3,False,5.815852,-2.5277089999999998
Oaxaca,Cuentas entre compañías,2007,4,False,14.577517,8.761665
Oaxaca,Cuentas entre compañías,2008,1,False,0.918381,0.918381
Oaxaca,Cuentas entre compañías,2008,2,False,1.656616,0.7382350000000001
Oaxaca,Cuentas entre compañías,2008,3,False,43.301181,41.644565
Oaxaca,Cuentas entre compañías,2008,4,False,53.102851,9.801670000000001
Oaxaca,Cuentas entre compañías,2009,1,False,13.650632,13.650632
Oaxaca,Cuentas entre compañías,2009,2,False,46.329488,32.678855999999996
Oaxaca,Cuentas entre compañías,2009,3,False,73.012151,26.682663000000005
Oaxaca,Cuentas entre compañías,2009,4,False,80.941306,7.929154999999994
Oaxaca,Cuentas entre compañías,2010,1,False,34.090709,34.090709
Oaxaca,Cuentas entre compañías,2010,2,False,28.151373,-5.939335999999997
Oaxaca,Cuentas entre compañías,2010,3,False,40.848145,12.696772000000003
Oaxaca,Cuentas entre compañías,2010,4,False,38.5817,-2.2664450000000045
Oaxaca,Cuentas entre compañías,2011,1,False,-6.938932,-6.938932
Oaxaca,Cuentas entre compañías,2011,2,False,-4.747015,2.191917
Oaxaca,Cuentas entre compañías,2011,3,False,25.733125,30.480140000000002
Oaxaca,Cuentas entre compañías,2011,4,False,91.250783,65.517658
Oaxaca,Cuentas entre compañías,2012,1,False,6.893059,6.893059
Oaxaca,Cuentas entre compañías,2012,2,False,152.119819,145.22676
Oaxaca,Cuentas entre compañías,2012,3,False,276.429814,124.30999500000001
Oaxaca,Cuentas entre compañías,2012,4,False,194.524423,-81.90539100000001
Oaxaca,Cuentas entre compañías,2013,1,False,177.760808,177.760808
Oaxaca,Cuentas entre compañías,2013,2,False,282.759479,104.998671
Oaxaca,Cuentas entre compañías,2013,3,False,333.942564,51.183085000000005
Oaxaca,Cuentas entre compañías,2013,4,False,384.054902,50.11233800000002
Oaxaca,Cuentas entre compañías,2014,1,False,171.804638,171.804638
Oaxaca,Cuentas entre compañías,2014,2,False,430.511971,258.707333
Oaxaca,Cuentas entre compañías,2014,3,False,458.156284,27.64431300000001
Oaxaca,Cuentas entre compañías,2014,4,False,339.026292,-119.12999200000002
Oaxaca,Cuentas entre compañías,2015,1,False,-228.06134733,-228.06134733
Oaxaca,Cuentas entre compañías,2015,2,False,-159.47545601,68.58589132
Oaxaca,Cuentas entre compañías,2015,3,False,-148.37604568,11.099410329999984
Oaxaca,Cuentas entre compañías,2015,4,False,42.94102509,191.31707077
Oaxaca,Cuentas entre compañías,2016,1,False,-64.92784264,-64.92784264
Oaxaca,Cuentas entre compañías,2016,2,False,22.50067014,87.42851277999999
Oaxaca,Cuentas entre compañías,2016,3,False,19.66506546,-2.8356046799999994
Oaxaca,Cuentas entre compañías,2016,4,False,42.7782187,23.113153239999995
Oaxaca,Cuentas entre compañías,2017,1,False,23.55877537,23.55877537
Oaxaca,Cuentas entre compañías,2017,2,False,34.91257311,11.353797739999997
Oaxaca,Cuentas entre compañías,2017,3,False,93.99145555,59.07888244
Oaxaca,Cuentas entre compañías,2017,4,False,203.34620923,109.35475368
Oaxaca,Cuentas entre compañías,2018,1,False,20.71552852,20.71552852
Oaxaca,Cuentas entre compañías,2018,2,False,112.15316208,91.43763356
Oaxaca,Cuentas entre compañías,2018,3,False,176.33196077,64.17879869
Oaxaca,Cuentas entre compañías,2018,4,False,484.19721873,307.86525796
Oaxaca,Cuentas entre compañías,2019,1,False,2.28598327,2.28598327
Oaxaca,Cuentas entre compañías,2019,2,False,-19.67350299,-21.95948626
Oaxaca,Cuentas entre compañías,2019,3,False,-181.95108452,-162.27758153
Oaxaca,Cuentas entre compañías,2019,4,False,-205.27354694,-23.322462419999994
Oaxaca,Cuentas entre compañías,2020,1,False,141.6307818,141.6307818
Oaxaca,Cuentas entre compañías,2020,2,False,243.34275637,101.71197457
Oaxaca,Cuentas entre compañías,2020,3,False,240.73922607,-2.6035302999999885
Oaxaca,Cuentas entre compañías,2020,4,False,234.95857846,-5.780647609999988
Oaxaca,Cuentas entre compañías,2021,1,False,-142.51816359,-142.51816359
Oaxaca,Cuentas entre compañías,2021,2,False,-263.94537791,-121.42721431999999
Oaxaca,Cuentas entre compañías,2021,3,False,-304.56153476,-40.61615684999998
Oaxaca,Cuentas entre compañías,2021,4,False,-255.71532326,48.84621149999998
Oaxaca,Cuentas entre compañías,2022,1,False,5.51413471,5.51413471
Oaxaca,Cuentas entre compañías,2022,2,False,21.13541101,15.621276299999998
Oaxaca,Cuentas entre compañías,2022,3,False,37.81410777,16.67869676
Oaxaca,Cuentas entre compañías,2022,4,False,22.8952345,-14.918873269999999
Oaxaca,Cuentas entre compañías,2023,1,False,-12.3459025,-12.3459025
Oaxaca,Cuentas entre compañías,2023,2,False,-16.46428766,-4.118385160000001
Oaxaca,Cuentas entre compañías,2023,3,False,-23.52911918,-7.0648315199999985
Oaxaca,Cuentas entre compañías,2023,4,False,-58.62649554,-35.09737636
Oaxaca,Cuentas entre compañías,2024,1,False,1.05172272,1.05172272
Oaxaca,Cuentas entre compañías,2024,2,False,29.05717581,28.00545309
Oaxaca,Cuentas entre compañías,2024,3,False,51.77213442,22.71495861
Oaxaca,Cuentas entre compañías,2024,4,False,49.84135198,-1.9307824400000015
Oaxaca,Cuentas entre compañías,2025,1,False,13.55341147,13.55341147
Oaxaca,Cuentas entre compañías,2025,2,False,-30.91279726,-44.466208730000005
Oaxaca,Cuentas entre compañías,2025,3,False,-20.94937649,9.963420770000003
Oaxaca,Cuentas entre compañías,2025,4,False,-19.6448676,1.3045088899999975
Puebla,Cuentas entre compañías,2006,1,False,0.940682,0.940682
Puebla,Cuentas entre compañías,2006,2,False,7.28407,6.343388
Puebla,Cuentas entre compañías,2006,3,False,27.356552,20.072482
Puebla,Cuentas entre compañías,2006,4,False,17.68092,-9.675632
Puebla,Cuentas entre compañías,2007,1,False,28.906223,28.906223
Puebla,Cuentas entre compañías,2007,2,False,56.749451,27.843228
Puebla,Cuentas entre compañías,2007,3,False,60.531954,3.7825029999999984
Puebla,Cuentas entre compañías,2007,4,False,102.078895,41.546941000000004
Puebla,Cuentas entre compañías,2008,1,False,16.67802,16.67802
Puebla,Cuentas entre compañías,2008,2,False,23.5717,6.89368
Puebla,Cuentas entre compañías,2008,3,False,17.019394,-6.5523060000000015
Puebla,Cuentas entre compañías,2008,4,False,18.608832,1.5894380000000012
Puebla,Cuentas entre compañías,2009,1,False,26.989034,26.989034
Puebla,Cuentas entre compañías,2009,2,False,11.310601,-15.678433
Puebla,Cuentas entre compañías,2009,3,False,-25.687225,-36.997826
Puebla,Cuentas entre compañías,2009,4,False,-98.990408,-73.303183
Puebla,Cuentas entre compañías,2010,1,False,72.463556,72.463556
Puebla,Cuentas entre compañías,2010,2,False,63.61371,-8.849846
Puebla,Cuentas entre compañías,2010,3,False,63.455801,-0.15790899999999652
Puebla,Cuentas entre compañías,2010,4,False,110.568373,47.11257199999999
Puebla,Cuentas entre compañías,2011,1,False,9.513948,9.513948
Puebla,Cuentas entre compañías,2011,2,False,-6.677349,-16.191297
Puebla,Cuentas entre compañías,2011,3,False,16.723268,23.400617
Puebla,Cuentas entre compañías,2011,4,False,64.16149934,47.43823134
Puebla,Cuentas entre compañías,2012,1,False,11.45986,11.45986
Puebla,Cuentas entre compañías,2012,2,False,52.874332,41.414472
Puebla,Cuentas entre compañías,2012,3,False,157.003827,104.12949499999999
Puebla,Cuentas entre compañías,2012,4,False,199.795925,42.79209800000001
Puebla,Cuentas entre compañías,2013,1,False,14.21702,14.21702
Puebla,Cuentas entre compañías,2013,2,False,-104.713016,-118.930036
Puebla,Cuentas entre compañías,2013,3,False,113.35106,218.064076
Puebla,Cuentas entre compañías,2013,4,False,451.467497,338.11643699999996
Puebla,Cuentas entre compañías,2014,1,False,-119.216793,-119.216793
Puebla,Cuentas entre compañías,2014,2,False,-126.249118,-7.032325
Puebla,Cuentas entre compañías,2014,3,False,-74.511753,51.737365
Puebla,Cuentas entre compañías,2014,4,False,-11.18203191,63.32972109
Puebla,Cuentas entre compañías,2015,1,False,-69.11609324,-69.11609324
Puebla,Cuentas entre compañías,2015,2,False,-109.72650576,-40.61041252
Puebla,Cuentas entre compañías,2015,3,False,-58.95697475,50.769531009999994
Puebla,Cuentas entre compañías,2015,4,False,-29.87151266,29.08546209
Puebla,Cuentas entre compañías,2016,1,False,-140.83632423,-140.83632423
Puebla,Cuentas entre compañías,2016,2,False,-70.61129235,70.22503188
Puebla,Cuentas entre compañías,2016,3,False,240.81605357,311.42734592
Puebla,Cuentas entre compañías,2016,4,False,489.80079738,248.98474381
Puebla,Cuentas entre compañías,2017,1,False,78.12113459,78.12113459
Puebla,Cuentas entre compañías,2017,2,False,-23.11799381,-101.2391284
Puebla,Cuentas entre compañías,2017,3,False,-138.39843762,-115.28044381000001
Puebla,Cuentas entre compañías,2017,4,False,539.3451895,677.7436271199999
Puebla,Cuentas entre compañías,2018,1,False,-362.58943153,-362.58943153
Puebla,Cuentas entre compañías,2018,2,False,87.6782198,450.26765133000004
Puebla,Cuentas entre compañías,2018,3,False,162.05085554,74.37263573999999
Puebla,Cuentas entre compañías,2018,4,False,127.80519464,-34.24566089999999
Puebla,Cuentas entre compañías,2019,1,False,-39.76362726,-39.76362726
Puebla,Cuentas entre compañías,2019,2,False,285.14659279,324.91022005
Puebla,Cuentas entre compañías,2019,3,False,289.30736216,4.1607693700000254
Puebla,Cuentas entre compañías,2019,4,False,882.3544239,593.04706174
Puebla,Cuentas entre compañías,2020,1,False,-312.62277307,-312.62277307
Puebla,Cuentas entre compañías,2020,2,False,102.65621345,415.27898652
Puebla,Cuentas entre compañías,2020,3,False,-22.67670512,-125.33291857
Puebla,Cuentas entre compañías,2020,4,False,-80.02837295,-57.351667830000004
Puebla,Cuentas entre compañías,2021,1,False,-128.85148644,-128.85148644
Puebla,Cuentas entre compañías,2021,2,False,-38.48024778,90.37123866
Puebla,Cuentas entre compañías,2021,3,False,11.24351631,49.72376409
Puebla,Cuentas entre compañías,2021,4,False,109.60777226,98.36425595
Puebla,Cuentas entre compañías,2022,1,False,-128.76159911,-128.76159911
Puebla,Cuentas entre compañías,2022,2,False,-58.30819749,70.45340162
Puebla,Cuentas entre compañías,2022,3,False,-103.84928127,-45.54108378000001
Puebla,Cuentas entre compañías,2022,4,False,-306.0092515,-202.15997023
Puebla,Cuentas entre compañías,2023,1,False,168.7841707,168.7841707
Puebla,Cuentas entre compañías,2023,2,False,-48.36805667,-217.15222737
Puebla,Cuentas entre compañías,2023,3,False,-213.49801331,-165.12995664
Puebla,Cuentas entre compañías,2023,4,False,-528.23511365,-314.73710034
Puebla,Cuentas entre compañías,2024,1,False,-203.09995948,-203.09995948
Puebla,Cuentas entre compañías,2024,2,False,-216.59156126,-13.491601779999996
Puebla,Cuentas entre compañías,2024,3,False,49.89368968,266.48525094
Puebla,Cuentas entre compañías,2024,4,False,149.38595752,99.49226784000001
Puebla,Cuentas entre compañías,2025,1,False,17.07328863,17.07328863
Puebla,Cuentas entre compañías,2025,2,False,-182.27114152,-199.34443015
Puebla,Cuentas entre compañías,2025,3,False,198.10488511,380.37602662999996
Puebla,Cuentas entre compañías,2025,4,False,49.62573859,-148.47914652
Querétaro,Cuentas entre compañías,2006,1,False,58.00795,58.00795
Querétaro,Cuentas entre compañías,2006,2,False,95.490778,37.482828000000005
Querétaro,Cuentas entre compañías,2006,3,False,120.452514,24.961735999999988
Querétaro,Cuentas entre compañías,2006,4,False,187.068249,66.61573500000002
Querétaro,Cuentas entre compañías,2007,1,False,30.539977,30.539977
Querétaro,Cuentas entre compañías,2007,2,False,27.292928,-3.2470490000000005
Querétaro,Cuentas entre compañías,2007,3,False,54.581365,27.288437
Querétaro,Cuentas entre compañías,2007,4,False,89.147728,34.566363
Querétaro,Cuentas entre compañías,2008,1,False,67.943721,67.943721
Querétaro,Cuentas entre compañías,2008,2,False,141.898056,73.954335
Querétaro,Cuentas entre compañías,2008,3,False,241.239202,99.34114600000001
Querétaro,Cuentas entre compañías,2008,4,False,357.801697,116.56249499999998
Querétaro,Cuentas entre compañías,2009,1,False,97.065492,97.065492
Querétaro,Cuentas entre compañías,2009,2,False,102.630855,5.565362999999991
Querétaro,Cuentas entre compañías,2009,3,False,257.708364,155.07750900000002
Querétaro,Cuentas entre compañías,2009,4,False,287.889057,30.180692999999962
Querétaro,Cuentas entre compañías,2010,1,False,126.432801,126.432801
Querétaro,Cuentas entre compañías,2010,2,False,160.290099,33.857298
Querétaro,Cuentas entre compañías,2010,3,False,171.301163,11.011064000000005
Querétaro,Cuentas entre compañías,2010,4,False,265.267237,93.96607400000002
Querétaro,Cuentas entre compañías,2011,1,False,-40.638236,-40.638236
Querétaro,Cuentas entre compañías,2011,2,False,-34.844974,5.793261999999999
Querétaro,Cuentas entre compañías,2011,3,False,3.663262,38.508236000000004
Querétaro,Cuentas entre compañías,2011,4,False,123.86210227,120.19884026999999
Querétaro,Cuentas entre compañías,2012,1,False,44.44944527,44.44944527
Querétaro,Cuentas entre compañías,2012,2,False,66.69527449,22.245829220000005
Querétaro,Cuentas entre compañías,2012,3,False,162.46231658,95.76704208999999
Querétaro,Cuentas entre compañías,2012,4,False,219.71998691,57.257670329999996
Querétaro,Cuentas entre compañías,2013,1,False,104.43184296,104.43184296
Querétaro,Cuentas entre compañías,2013,2,False,207.56224346,103.1304005
Querétaro,Cuentas entre compañías,2013,3,False,294.36581893,86.80357547
Querétaro,Cuentas entre compañías,2013,4,False,244.08910861,-50.27671031999998
Querétaro,Cuentas entre compañías,2014,1,False,154.5297947,154.5297947
Querétaro,Cuentas entre compañías,2014,2,False,190.97664967,36.446854970000004
Querétaro,Cuentas entre compañías,2014,3,False,329.83841639,138.86176672000002
Querétaro,Cuentas entre compañías,2014,4,False,338.14871682,8.310300429999984
Querétaro,Cuentas entre compañías,2015,1,False,-68.88324593,-68.88324593
Querétaro,Cuentas entre compañías,2015,2,False,-30.2964738,38.58677213
Querétaro,Cuentas entre compañías,2015,3,False,420.35790812,450.65438192
Querétaro,Cuentas entre compañías,2015,4,False,463.96202508,43.60411696
Querétaro,Cuentas entre compañías,2016,1,False,-5.82003961,-5.82003961
Querétaro,Cuentas entre compañías,2016,2,False,139.10548973,144.92552934
Querétaro,Cuentas entre compañías,2016,3,False,200.5202924,61.41480267
Querétaro,Cuentas entre compañías,2016,4,False,412.18863465,211.66834225
Querétaro,Cuentas entre compañías,2017,1,False,28.94865988,28.94865988
Querétaro,Cuentas entre compañías,2017,2,False,69.47486008,40.5262002
Querétaro,Cuentas entre compañías,2017,3,False,90.38837939,20.913519309999998
Querétaro,Cuentas entre compañías,2017,4,False,149.86221728,59.47383789000001
Querétaro,Cuentas entre compañías,2018,1,False,119.96210397,119.96210397
Querétaro,Cuentas entre compañías,2018,2,False,293.68668497,173.724581
Querétaro,Cuentas entre compañías,2018,3,False,299.59764738,5.910962410000025
Querétaro,Cuentas entre compañías,2018,4,False,292.27979159,-7.31785579000001
Querétaro,Cuentas entre compañías,2019,1,False,38.5098527,38.5098527
Querétaro,Cuentas entre compañías,2019,2,False,-12.39636648,-50.90621918
Querétaro,Cuentas entre compañías,2019,3,False,-4.7116538,7.68471268
Querétaro,Cuentas entre compañías,2019,4,False,-120.34239949,-115.63074569000001
Querétaro,Cuentas entre compañías,2020,1,False,139.98520706,139.98520706
Querétaro,Cuentas entre compañías,2020,2,False,182.93922423,42.954017170000014
Querétaro,Cuentas entre compañías,2020,3,False,39.79051632,-143.14870791
Querétaro,Cuentas entre compañías,2020,4,False,-148.29213418,-188.0826505
Querétaro,Cuentas entre compañías,2021,1,False,-54.06619169,-54.06619169
Querétaro,Cuentas entre compañías,2021,2,False,5.19018382,59.25637551
Querétaro,Cuentas entre compañías,2021,3,False,132.51736125,127.32717742999999
Querétaro,Cuentas entre compañías,2021,4,False,305.05291762,172.53555637000002
Querétaro,Cuentas entre compañías,2022,1,False,170.1057889,170.1057889
Querétaro,Cuentas entre compañías,2022,2,False,444.10732433,274.00153543
Querétaro,Cuentas entre compañías,2022,3,False,334.99396694,-109.11335738999998
Querétaro,Cuentas entre compañías,2022,4,False,236.38233523,-98.61163171000001
Querétaro,Cuentas entre compañías,2023,1,False,-92.1585669,-92.1585669
Querétaro,Cuentas entre compañías,2023,2,False,52.44147532,144.60004222
Querétaro,Cuentas entre compañías,2023,3,False,218.60439353,166.16291821000002
Querétaro,Cuentas entre compañías,2023,4,False,186.60541085,-31.99898268000001
Querétaro,Cuentas entre compañías,2024,1,False,27.84709336,27.84709336
Querétaro,Cuentas entre compañías,2024,2,False,-116.67853307,-144.52562643
Querétaro,Cuentas entre compañías,2024,3,False,5.60069407,122.27922714
Querétaro,Cuentas entre compañías,2024,4,False,327.95634382,322.35564975
Querétaro,Cuentas entre compañías,2025,1,False,3.61814379,3.61814379
Querétaro,Cuentas entre compañías,2025,2,False,43.55113897,39.93299518
Querétaro,Cuentas entre compañías,2025,3,False,244.59202024,201.04088127
Querétaro,Cuentas entre compañías,2025,4,False,-273.0854656,-517.67748584
Quintana Roo,Cuentas entre compañías,2006,1,False,1.89835,1.89835
Quintana Roo,Cuentas entre compañías,2006,2,False,2.875346,0.976996
Quintana Roo,Cuentas entre compañías,2006,3,False,-0.787987,-3.6633329999999997
Quintana Roo,Cuentas entre compañías,2006,4,False,-0.160872,0.627115
Quintana Roo,Cuentas entre compañías,2007,1,False,18.571967,18.571967
Quintana Roo,Cuentas entre compañías,2007,2,False,22.582701,4.010733999999999
Quintana Roo,Cuentas entre compañías,2007,3,False,20.078357,-2.5043439999999997
Quintana Roo,Cuentas entre compañías,2007,4,False,15.406158,-4.672199000000001
Quintana Roo,Cuentas entre compañías,2008,1,False,-223.004693,-223.004693
Quintana Roo,Cuentas entre compañías,2008,2,False,-224.63048,-1.6257870000000025
Quintana Roo,Cuentas entre compañías,2008,3,False,-228.423249,-3.7927689999999927
Quintana Roo,Cuentas entre compañías,2008,4,False,-240.054573,-11.631324000000006
Quintana Roo,Cuentas entre compañías,2009,1,False,5.034562,5.034562
Quintana Roo,Cuentas entre compañías,2009,2,False,-6.243851,-11.278413
Quintana Roo,Cuentas entre compañías,2009,3,False,-12.139464,-5.895613
Quintana Roo,Cuentas entre compañías,2009,4,False,-30.13289,-17.993426
Quintana Roo,Cuentas entre compañías,2010,1,False,37.688735,37.688735
Quintana Roo,Cuentas entre compañías,2010,2,False,35.450315,-2.238419999999998
Quintana Roo,Cuentas entre compañías,2010,3,False,33.278815,-2.1715000000000018
Quintana Roo,Cuentas entre compañías,2010,4,False,32.027446,-1.251369000000004
Quintana Roo,Cuentas entre compañías,2011,1,False,-0.550549,-0.550549
Quintana Roo,Cuentas entre compañías,2011,2,False,-14.612987,-14.062438
Quintana Roo,Cuentas entre compañías,2011,3,False,8.605603,23.21859
Quintana Roo,Cuentas entre compañías,2011,4,False,37.62611707,29.020514069999997
Quintana Roo,Cuentas entre compañías,2012,1,False,-4.39048,-4.39048
Quintana Roo,Cuentas entre compañías,2012,2,False,-2.9419135,1.4485665
Quintana Roo,Cuentas entre compañías,2012,3,False,37.5174945,40.459407999999996
Quintana Roo,Cuentas entre compañías,2012,4,False,73.3549045,35.837410000000006
Quintana Roo,Cuentas entre compañías,2013,1,False,35.17592592,35.17592592
Quintana Roo,Cuentas entre compañías,2013,2,False,25.28082868,-9.895097239999998
Quintana Roo,Cuentas entre compañías,2013,3,False,27.90026522,2.6194365400000024
Quintana Roo,Cuentas entre compañías,2013,4,False,69.61595022,41.715685
Quintana Roo,Cuentas entre compañías,2014,1,False,9.3116695,9.3116695
Quintana Roo,Cuentas entre compañías,2014,2,False,6.66897571,-2.642693790000001
Quintana Roo,Cuentas entre compañías,2014,3,False,14.94385243,8.27487672
Quintana Roo,Cuentas entre compañías,2014,4,False,21.69221797,6.748365540000002
Quintana Roo,Cuentas entre compañías,2015,1,False,5.05673061,5.05673061
Quintana Roo,Cuentas entre compañías,2015,2,False,-38.24689009,-43.3036207
Quintana Roo,Cuentas entre compañías,2015,3,False,-56.2977257,-18.05083561
Quintana Roo,Cuentas entre compañías,2015,4,False,-47.20522702,9.092498679999999
Quintana Roo,Cuentas entre compañías,2016,1,False,-13.68115276,-13.68115276
Quintana Roo,Cuentas entre compañías,2016,2,False,14.46949898,28.15065174
Quintana Roo,Cuentas entre compañías,2016,3,False,-1.68475054,-16.15424952
Quintana Roo,Cuentas entre compañías,2016,4,False,6.07625456,7.7610051
Quintana Roo,Cuentas entre compañías,2017,1,False,-30.38289251,-30.38289251
Quintana Roo,Cuentas entre compañías,2017,2,False,-8.36045579,22.02243672
Quintana Roo,Cuentas entre compañías,2017,3,False,4.29846519,12.65892098
Quintana Roo,Cuentas entre compañías,2017,4,False,-19.65155021,-23.950015399999998
Quintana Roo,Cuentas entre compañías,2018,1,False,-16.09642414,-16.09642414
Quintana Roo,Cuentas entre compañías,2018,2,False,-0.76738657,15.32903757
Quintana Roo,Cuentas entre compañías,2018,3,False,-8.68629008,-7.918903509999999
Quintana Roo,Cuentas entre compañías,2018,4,False,-13.4457868,-4.759496720000001
Quintana Roo,Cuentas entre compañías,2019,1,False,-46.36732748,-46.36732748
Quintana Roo,Cuentas entre compañías,2019,2,False,-1.40042934,44.96689814
Quintana Roo,Cuentas entre compañías,2019,3,False,7.90523588,9.30566522
Quintana Roo,Cuentas entre compañías,2019,4,False,12.96575182,5.060515939999999
Quintana Roo,Cuentas entre compañías,2020,1,False,-144.43120387,-144.43120387
Quintana Roo,Cuentas entre compañías,2020,2,False,-83.60916909,60.822034779999996
Quintana Roo,Cuentas entre compañías,2020,3,False,-51.56298625,32.04618283999999
Quintana Roo,Cuentas entre compañías,2020,4,False,-14.43413412,37.12885213
Quintana Roo,Cuentas entre compañías,2021,1,False,10.50467095,10.50467095
Quintana Roo,Cuentas entre compañías,2021,2,False,-19.05337177,-29.558042719999996
Quintana Roo,Cuentas entre compañías,2021,3,False,-37.05798881,-18.00461704
Quintana Roo,Cuentas entre compañías,2021,4,False,-46.9139698,-9.855980989999999
Quintana Roo,Cuentas entre compañías,2022,1,False,-19.23968749,-19.23968749
Quintana Roo,Cuentas entre compañías,2022,2,False,-21.89290459,-2.653217099999999
Quintana Roo,Cuentas entre compañías,2022,3,False,96.21892154,118.11182613
Quintana Roo,Cuentas entre compañías,2022,4,False,105.47168156,9.252760019999997
Quintana Roo,Cuentas entre compañías,2023,1,False,-11.86503487,-11.86503487
Quintana Roo,Cuentas entre compañías,2023,2,False,11.63083992,23.495874790000002
Quintana Roo,Cuentas entre compañías,2023,3,False,7.29015928,-4.3406806399999995
Quintana Roo,Cuentas entre compañías,2023,4,False,-21.83631997,-29.126479250000003
Quintana Roo,Cuentas entre compañías,2024,1,False,1.23504909,1.23504909
Quintana Roo,Cuentas entre compañías,2024,2,False,-20.82580965,-22.06085874
Quintana Roo,Cuentas entre compañías,2024,3,False,-24.23529443,-3.4094847799999997
Quintana Roo,Cuentas entre compañías,2024,4,False,16.52982552,40.76511995
Quintana Roo,Cuentas entre compañías,2025,1,False,-36.49025873,-36.49025873
Quintana Roo,Cuentas entre compañías,2025,2,False,-16.1868066,20.30345213
Quintana Roo,Cuentas entre compañías,2025,3,False,41.85884984,58.04565644
Quintana Roo,Cuentas entre compañías,2025,4,False,81.36121587,39.50236603
San Luis Potosí,Cuentas entre compañías,2006,1,False,11.762926,11.762926
San Luis Potosí,Cuentas entre compañías,2006,2,False,12.922369,1.1594429999999996
San Luis Potosí,Cuentas entre compañías,2006,3,False,-37.652732,-50.575101000000004
San Luis Potosí,Cuentas entre compañías,2006,4,False,21.509089,59.161821
San Luis Potosí,Cuentas entre compañías,2007,1,False,29.459559,29.459559
San Luis Potosí,Cuentas entre compañías,2007,2,False,63.940829,34.48127
San Luis Potosí,Cuentas entre compañías,2007,3,False,37.723579,-26.21725
San Luis Potosí,Cuentas entre compañías,2007,4,False,72.188188,34.464608999999996
San Luis Potosí,Cuentas entre compañías,2008,1,False,63.468516,63.468516
San Luis Potosí,Cuentas entre compañías,2008,2,False,54.442697,-9.025818999999998
San Luis Potosí,Cuentas entre compañías,2008,3,False,135.605067,81.16236999999998
San Luis Potosí,Cuentas entre compañías,2008,4,False,134.825851,-0.779215999999991
San Luis Potosí,Cuentas entre compañías,2009,1,False,28.940493,28.940493
San Luis Potosí,Cuentas entre compañías,2009,2,False,30.15465,1.2141570000000002
San Luis Potosí,Cuentas entre compañías,2009,3,False,70.130587,39.975937
San Luis Potosí,Cuentas entre compañías,2009,4,False,51.92135,-18.20923700000001
San Luis Potosí,Cuentas entre compañías,2010,1,False,66.072382,66.072382
San Luis Potosí,Cuentas entre compañías,2010,2,False,109.985805,43.913422999999995
San Luis Potosí,Cuentas entre compañías,2010,3,False,101.705006,-8.280799000000002
San Luis Potosí,Cuentas entre compañías,2010,4,False,193.148095,91.44308900000001
San Luis Potosí,Cuentas entre compañías,2011,1,False,-12.868781,-12.868781
San Luis Potosí,Cuentas entre compañías,2011,2,False,-169.635883,-156.767102
San Luis Potosí,Cuentas entre compañías,2011,3,False,-170.725066,-1.0891829999999914
San Luis Potosí,Cuentas entre compañías,2011,4,False,10.045341,180.770407
San Luis Potosí,Cuentas entre compañías,2012,1,False,11.746679,11.746679
San Luis Potosí,Cuentas entre compañías,2012,2,False,43.016442,31.269762999999998
San Luis Potosí,Cuentas entre compañías,2012,3,False,87.345272,44.328829999999996
San Luis Potosí,Cuentas entre compañías,2012,4,False,108.826872,21.4816
San Luis Potosí,Cuentas entre compañías,2013,1,False,59.536418,59.536418
San Luis Potosí,Cuentas entre compañías,2013,2,False,139.219247,79.682829
San Luis Potosí,Cuentas entre compañías,2013,3,False,274.621422,135.402175
San Luis Potosí,Cuentas entre compañías,2013,4,False,403.816622,129.1952
San Luis Potosí,Cuentas entre compañías,2014,1,False,32.185392,32.185392
San Luis Potosí,Cuentas entre compañías,2014,2,False,173.59969,141.414298
San Luis Potosí,Cuentas entre compañías,2014,3,False,164.74666368,-8.853026319999998
San Luis Potosí,Cuentas entre compañías,2014,4,False,252.37532714,87.62866345999998
San Luis Potosí,Cuentas entre compañías,2015,1,False,70.93058351,70.93058351
San Luis Potosí,Cuentas entre compañías,2015,2,False,88.0695303,17.13894678999999
San Luis Potosí,Cuentas entre compañías,2015,3,False,313.29355781,225.22402750999998
San Luis Potosí,Cuentas entre compañías,2015,4,False,501.59799601,188.3044382
San Luis Potosí,Cuentas entre compañías,2016,1,False,37.16346602,37.16346602
San Luis Potosí,Cuentas entre compañías,2016,2,False,-67.25336399,-104.41683001
San Luis Potosí,Cuentas entre compañías,2016,3,False,37.04612109,104.29948508
San Luis Potosí,Cuentas entre compañías,2016,4,False,98.44236653,61.39624544
San Luis Potosí,Cuentas entre compañías,2017,1,False,45.87817021,45.87817021
San Luis Potosí,Cuentas entre compañías,2017,2,False,69.46011518,23.581944970000002
San Luis Potosí,Cuentas entre compañías,2017,3,False,511.30277249,441.84265731
San Luis Potosí,Cuentas entre compañías,2017,4,False,528.50049899,17.197726499999987
San Luis Potosí,Cuentas entre compañías,2018,1,False,-103.24315188,-103.24315188
San Luis Potosí,Cuentas entre compañías,2018,2,False,261.42433554,364.66748742000004
San Luis Potosí,Cuentas entre compañías,2018,3,False,296.18668,34.76234446000001
San Luis Potosí,Cuentas entre compañías,2018,4,False,781.44642511,485.2597451099999
San Luis Potosí,Cuentas entre compañías,2019,1,False,-122.96214859,-122.96214859
San Luis Potosí,Cuentas entre compañías,2019,2,False,-37.91639729,85.0457513
San Luis Potosí,Cuentas entre compañías,2019,3,False,148.3656696,186.28206688999998
San Luis Potosí,Cuentas entre compañías,2019,4,False,1.08994607,-147.27572353
San Luis Potosí,Cuentas entre compañías,2020,1,False,65.37491704,65.37491704
San Luis Potosí,Cuentas entre compañías,2020,2,False,695.8712969,630.4963798599999
San Luis Potosí,Cuentas entre compañías,2020,3,False,220.59284798,-475.27844891999996
San Luis Potosí,Cuentas entre compañías,2020,4,False,251.96596628,31.373118300000016
San Luis Potosí,Cuentas entre compañías,2021,1,False,373.73722698,373.73722698
San Luis Potosí,Cuentas entre compañías,2021,2,False,292.13777001,-81.59945697
San Luis Potosí,Cuentas entre compañías,2021,3,False,284.21208983,-7.925680179999972
San Luis Potosí,Cuentas entre compañías,2021,4,False,-26.58741213,-310.79950196000004
San Luis Potosí,Cuentas entre compañías,2022,1,False,-48.89939395,-48.89939395
San Luis Potosí,Cuentas entre compañías,2022,2,False,16.76859393,65.66798788
San Luis Potosí,Cuentas entre compañías,2022,3,False,-142.74300862,-159.51160255000002
San Luis Potosí,Cuentas entre compañías,2022,4,False,-800.9884112,-658.24540258
San Luis Potosí,Cuentas entre compañías,2023,1,False,611.73365886,611.73365886
San Luis Potosí,Cuentas entre compañías,2023,2,False,819.23039678,207.49673792
San Luis Potosí,Cuentas entre compañías,2023,3,False,1018.87958308,199.6491863
San Luis Potosí,Cuentas entre compañías,2023,4,False,509.34580707,-509.53377601
San Luis Potosí,Cuentas entre compañías,2024,1,False,284.21446564,284.21446564
San Luis Potosí,Cuentas entre compañías,2024,2,False,519.39463396,235.18016831999995
San Luis Potosí,Cuentas entre compañías,2024,3,False,444.78348893,-74.61114502999999
San Luis Potosí,Cuentas entre compañías,2024,4,False,319.44750869,-125.33598023999997
San Luis Potosí,Cuentas entre compañías,2025,1,False,-64.59309424,-64.59309424
San Luis Potosí,Cuentas entre compañías,2025,2,False,-31.14735999,33.44573425
San Luis Potosí,Cuentas entre compañías,2025,3,False,235.05363568,266.20099567
San Luis Potosí,Cuentas entre compañías,2025,4,False,-6.87912407,-241.93275975
Sinaloa,Cuentas entre compañías,2006,1,False,2.958783,2.958783
Sinaloa,Cuentas entre compañías,2006,2,False,6.455089,3.496306
Sinaloa,Cuentas entre compañías,2006,3,False,14.410636,7.955547
Sinaloa,Cuentas entre compañías,2006,4,False,18.520639,4.110002999999999
Sinaloa,Cuentas entre compañías,2007,1,False,26.518071,26.518071
Sinaloa,Cuentas entre compañías,2007,2,False,34.144045,7.625973999999999
Sinaloa,Cuentas entre compañías,2007,3,False,39.575708,5.431663
Sinaloa,Cuentas entre compañías,2007,4,False,38.702716,-0.8729919999999964
Sinaloa,Cuentas entre compañías,2008,1,False,26.515014,26.515014
Sinaloa,Cuentas entre compañías,2008,2,False,23.526939,-2.988075000000002
Sinaloa,Cuentas entre compañías,2008,3,False,27.284053,3.7571140000000014
Sinaloa,Cuentas entre compañías,2008,4,False,39.43413,12.150077000000003
Sinaloa,Cuentas entre compañías,2009,1,False,8.605017,8.605017
Sinaloa,Cuentas entre compañías,2009,2,False,13.282291,4.677274000000001
Sinaloa,Cuentas entre compañías,2009,3,False,-0.532074,-13.814365
Sinaloa,Cuentas entre compañías,2009,4,False,1.39787,1.9299439999999999
Sinaloa,Cuentas entre compañías,2010,1,False,22.416731,22.416731
Sinaloa,Cuentas entre compañías,2010,2,False,4.484522,-17.932209
Sinaloa,Cuentas entre compañías,2010,3,False,26.244999,21.760477
Sinaloa,Cuentas entre compañías,2010,4,False,31.574516,5.329516999999999
Sinaloa,Cuentas entre compañías,2011,1,False,19.190858,19.190858
Sinaloa,Cuentas entre compañías,2011,2,False,27.393949,8.203091
Sinaloa,Cuentas entre compañías,2011,3,False,36.660808,9.266859000000004
Sinaloa,Cuentas entre compañías,2011,4,False,63.966171,27.305363
Sinaloa,Cuentas entre compañías,2012,1,False,13.69172665,13.69172665
Sinaloa,Cuentas entre compañías,2012,2,False,37.85661465,24.164887999999998
Sinaloa,Cuentas entre compañías,2012,3,False,44.62713165,6.770517000000005
Sinaloa,Cuentas entre compañías,2012,4,False,49.05958165,4.432449999999996
Sinaloa,Cuentas entre compañías,2013,1,False,19.069184,19.069184
Sinaloa,Cuentas entre compañías,2013,2,False,98.576047,79.50686300000001
Sinaloa,Cuentas entre compañías,2013,3,False,158.756203,60.180156
Sinaloa,Cuentas entre compañías,2013,4,False,421.766929,263.010726
Sinaloa,Cuentas entre compañías,2014,1,False,155.12298143,155.12298143
Sinaloa,Cuentas entre compañías,2014,2,False,213.41426043,58.291279
Sinaloa,Cuentas entre compañías,2014,3,False,247.40654643,33.99228599999998
Sinaloa,Cuentas entre compañías,2014,4,False,266.09974713,18.693200700000034
Sinaloa,Cuentas entre compañías,2015,1,False,32.4320147,32.4320147
Sinaloa,Cuentas entre compañías,2015,2,False,67.00947133,34.57745662999999
Sinaloa,Cuentas entre compañías,2015,3,False,127.35973196,60.35026063000001
Sinaloa,Cuentas entre compañías,2015,4,False,184.09680703,56.73707507
Sinaloa,Cuentas entre compañías,2016,1,False,35.87239878,35.87239878
Sinaloa,Cuentas entre compañías,2016,2,False,65.23862652,29.36622774
Sinaloa,Cuentas entre compañías,2016,3,False,128.03759864,62.79897212
Sinaloa,Cuentas entre compañías,2016,4,False,309.85031011,181.81271147
Sinaloa,Cuentas entre compañías,2017,1,False,-27.0851065,-27.0851065
Sinaloa,Cuentas entre compañías,2017,2,False,100.9275596,128.0126661
Sinaloa,Cuentas entre compañías,2017,3,False,247.12163575,146.19407615
Sinaloa,Cuentas entre compañías,2017,4,False,411.27650911,164.15487336
Sinaloa,Cuentas entre compañías,2018,1,False,39.80262341,39.80262341
Sinaloa,Cuentas entre compañías,2018,2,False,336.37987985,296.57725644
Sinaloa,Cuentas entre compañías,2018,3,False,2.1184454,-334.26143445
Sinaloa,Cuentas entre compañías,2018,4,False,25.90258684,23.784141440000003
Sinaloa,Cuentas entre compañías,2019,1,False,14.77549226,14.77549226
Sinaloa,Cuentas entre compañías,2019,2,False,-25.99718005,-40.772672310000004
Sinaloa,Cuentas entre compañías,2019,3,False,-13.12009877,12.87708128
Sinaloa,Cuentas entre compañías,2019,4,False,-12.37702727,0.743071500000001
Sinaloa,Cuentas entre compañías,2020,1,False,1.41096069,1.41096069
Sinaloa,Cuentas entre compañías,2020,2,False,453.20806872,451.79710803
Sinaloa,Cuentas entre compañías,2020,3,False,457.69303549,4.484966769999971
Sinaloa,Cuentas entre compañías,2020,4,False,442.40532068,-15.287714810000011
Sinaloa,Cuentas entre compañías,2021,1,False,6.21775524,6.21775524
Sinaloa,Cuentas entre compañías,2021,2,False,0.72784781,-5.48990743
Sinaloa,Cuentas entre compañías,2021,3,False,22.18332619,21.45547838
Sinaloa,Cuentas entre compañías,2021,4,False,31.7077473,9.524421110000002
Sinaloa,Cuentas entre compañías,2022,1,False,45.36153383,45.36153383
Sinaloa,Cuentas entre compañías,2022,2,False,163.7020038,118.34046997
Sinaloa,Cuentas entre compañías,2022,3,False,160.1113952,-3.590608599999996
Sinaloa,Cuentas entre compañías,2022,4,False,184.79470502,24.683309820000005
Sinaloa,Cuentas entre compañías,2023,1,False,20.30376573,20.30376573
Sinaloa,Cuentas entre compañías,2023,2,False,34.19692549,13.89315976
Sinaloa,Cuentas entre compañías,2023,3,False,253.41068797,219.21376248
Sinaloa,Cuentas entre compañías,2023,4,False,239.97022911,-13.440458860000007
Sinaloa,Cuentas entre compañías,2024,1,False,29.3673298,29.3673298
Sinaloa,Cuentas entre compañías,2024,2,False,51.35843193,21.99110213
Sinaloa,Cuentas entre compañías,2024,3,False,53.18368577,1.825253839999995
Sinaloa,Cuentas entre compañías,2024,4,False,125.0461962,71.86251043
Sinaloa,Cuentas entre compañías,2025,1,False,-8.74485364,-8.74485364
Sinaloa,Cuentas entre compañías,2025,2,False,-10.57741167,-1.8325580299999995
Sinaloa,Cuentas entre compañías,2025,3,False,-26.93145074,-16.35403907
Sinaloa,Cuentas entre compañías,2025,4,False,-5.31252996,21.61892078
Sonora,Cuentas entre compañías,2006,1,False,26.453531,26.453531
Sonora,Cuentas entre compañías,2006,2,False,87.829982,61.376451
Sonora,Cuentas entre compañías,2006,3,False,134.304386,46.47440399999999
Sonora,Cuentas entre compañías,2006,4,False,159.536441,25.232055000000003
Sonora,Cuentas entre compañías,2007,1,False,62.31423,62.31423
Sonora,Cuentas entre compañías,2007,2,False,118.789536,56.475305999999996
Sonora,Cuentas entre compañías,2007,3,False,315.664323,196.87478700000003
Sonora,Cuentas entre compañías,2007,4,False,361.508953,45.844629999999995
Sonora,Cuentas entre compañías,2008,1,False,24.381565,24.381565
Sonora,Cuentas entre compañías,2008,2,False,646.413226,622.031661
Sonora,Cuentas entre compañías,2008,3,False,825.080476,178.66724999999997
Sonora,Cuentas entre compañías,2008,4,False,1143.143592,318.0631159999999
Sonora,Cuentas entre compañías,2009,1,False,367.796496,367.796496
Sonora,Cuentas entre compañías,2009,2,False,216.427196,-151.36929999999998
Sonora,Cuentas entre compañías,2009,3,False,182.713221,-33.713975000000005
Sonora,Cuentas entre compañías,2009,4,False,27.016888,-155.696333
Sonora,Cuentas entre compañías,2010,1,False,365.178856,365.178856
Sonora,Cuentas entre compañías,2010,2,False,355.479085,-9.699770999999998
Sonora,Cuentas entre compañías,2010,3,False,416.012195,60.53311000000002
Sonora,Cuentas entre compañías,2010,4,False,343.026686,-72.98550900000004
Sonora,Cuentas entre compañías,2011,1,False,2.350356,2.350356
Sonora,Cuentas entre compañías,2011,2,False,9.120624,6.770268
Sonora,Cuentas entre compañías,2011,3,False,-46.051672,-55.172296
Sonora,Cuentas entre compañías,2011,4,False,-33.28782,12.763852
Sonora,Cuentas entre compañías,2012,1,False,54.499625,54.499625
Sonora,Cuentas entre compañías,2012,2,False,80.508062,26.008436999999994
Sonora,Cuentas entre compañías,2012,3,False,48.745949,-31.762112999999992
Sonora,Cuentas entre compañías,2012,4,False,31.106214,-17.639735
Sonora,Cuentas entre compañías,2013,1,False,240.132796,240.132796
Sonora,Cuentas entre compañías,2013,2,False,463.14197777,223.00918176999997
Sonora,Cuentas entre compañías,2013,3,False,341.10838877,-122.033589
Sonora,Cuentas entre compañías,2013,4,False,209.72017777,-131.38821099999998
Sonora,Cuentas entre compañías,2014,1,False,-337.13261,-337.13261
Sonora,Cuentas entre compañías,2014,2,False,-277.64884,59.48376999999999
Sonora,Cuentas entre compañías,2014,3,False,-276.12845302,1.520386980000012
Sonora,Cuentas entre compañías,2014,4,False,-396.9090317,-120.78057868000002
Sonora,Cuentas entre compañías,2015,1,False,-35.95924747,-35.95924747
Sonora,Cuentas entre compañías,2015,2,False,14.54827392,50.50752139
Sonora,Cuentas entre compañías,2015,3,False,38.08297546,23.53470154
Sonora,Cuentas entre compañías,2015,4,False,195.26973276,157.1867573
Sonora,Cuentas entre compañías,2016,1,False,-25.70175818,-25.70175818
Sonora,Cuentas entre compañías,2016,2,False,7.1944228,32.89618098
Sonora,Cuentas entre compañías,2016,3,False,56.84288703,49.64846423
Sonora,Cuentas entre compañías,2016,4,False,147.43560141,90.59271438
Sonora,Cuentas entre compañías,2017,1,False,51.91580775,51.91580775
Sonora,Cuentas entre compañías,2017,2,False,249.06656715,197.1507594
Sonora,Cuentas entre compañías,2017,3,False,325.46855749,76.40199034000003
Sonora,Cuentas entre compañías,2017,4,False,435.89441813,110.42586064
Sonora,Cuentas entre compañías,2018,1,False,-42.18359505,-42.18359505
Sonora,Cuentas entre compañías,2018,2,False,22.6946337,64.87822875
Sonora,Cuentas entre compañías,2018,3,False,-123.47386397,-146.16849767
Sonora,Cuentas entre compañías,2018,4,False,5.6292948,129.10315877
Sonora,Cuentas entre compañías,2019,1,False,-111.25263576,-111.25263576
Sonora,Cuentas entre compañías,2019,2,False,-18.36014848,92.89248728000001
Sonora,Cuentas entre compañías,2019,3,False,-133.60933375,-115.24918527
Sonora,Cuentas entre compañías,2019,4,False,-115.84150237,17.76783137999999
Sonora,Cuentas entre compañías,2020,1,False,-118.67150009,-118.67150009
Sonora,Cuentas entre compañías,2020,2,False,89.51673413,208.18823422
Sonora,Cuentas entre compañías,2020,3,False,65.05003594,-24.466698190000002
Sonora,Cuentas entre compañías,2020,4,False,275.53792486,210.48788892
Sonora,Cuentas entre compañías,2021,1,False,317.79977174,317.79977174
Sonora,Cuentas entre compañías,2021,2,False,277.985186,-39.814585739999984
Sonora,Cuentas entre compañías,2021,3,False,237.02060569,-40.96458031
Sonora,Cuentas entre compañías,2021,4,False,262.26908936,25.248483670000013
Sonora,Cuentas entre compañías,2022,1,False,183.04782963,183.04782963
Sonora,Cuentas entre compañías,2022,2,False,252.13276084,69.08493121000001
Sonora,Cuentas entre compañías,2022,3,False,196.35317352,-55.77958731999999
Sonora,Cuentas entre compañías,2022,4,False,189.45801125,-6.895162270000014
Sonora,Cuentas entre compañías,2023,1,False,-73.75342991,-73.75342991
Sonora,Cuentas entre compañías,2023,2,False,-57.17132249,16.582107419999993
Sonora,Cuentas entre compañías,2023,3,False,2.51414085,59.68546334
Sonora,Cuentas entre compañías,2023,4,False,36.55634547,34.04220462
Sonora,Cuentas entre compañías,2024,1,False,14.7658674,14.7658674
Sonora,Cuentas entre compañías,2024,2,False,15.54969775,0.7838303500000006
Sonora,Cuentas entre compañías,2024,3,False,29.6593798,14.10968205
Sonora,Cuentas entre compañías,2024,4,False,115.69546295,86.03608315000001
Sonora,Cuentas entre compañías,2025,1,False,-46.51853245,-46.51853245
Sonora,Cuentas entre compañías,2025,2,False,-85.15836463,-38.63983217999999
Sonora,Cuentas entre compañías,2025,3,False,-72.1791496,12.979215029999992
Sonora,Cuentas entre compañías,2025,4,False,-42.42038636,29.75876324
Tabasco,Cuentas entre compañías,2006,1,False,1.585188,1.585188
Tabasco,Cuentas entre compañías,2006,2,False,0.524962,-1.0602260000000001
Tabasco,Cuentas entre compañías,2006,3,False,10.127251,9.602288999999999
Tabasco,Cuentas entre compañías,2006,4,False,4.999487,-5.127763999999999
Tabasco,Cuentas entre compañías,2007,1,False,1.051288,1.051288
Tabasco,Cuentas entre compañías,2007,2,False,-0.458248,-1.509536
Tabasco,Cuentas entre compañías,2007,3,False,-14.444862,-13.986614000000001
Tabasco,Cuentas entre compañías,2007,4,False,-4.230069,10.214793
Tabasco,Cuentas entre compañías,2008,1,False,-7.092616,-7.092616
Tabasco,Cuentas entre compañías,2008,2,False,-15.000681,-7.908065000000001
Tabasco,Cuentas entre compañías,2008,3,False,-19.097694,-4.0970130000000005
Tabasco,Cuentas entre compañías,2008,4,False,-5.133885,13.963809000000001
Tabasco,Cuentas entre compañías,2009,1,False,4.028551,4.028551
Tabasco,Cuentas entre compañías,2009,2,False,-15.541049,-19.5696
Tabasco,Cuentas entre compañías,2009,3,False,-11.760134,3.7809149999999985
Tabasco,Cuentas entre compañías,2009,4,False,-51.39744,-39.637306
Tabasco,Cuentas entre compañías,2010,1,False,33.629507,33.629507
Tabasco,Cuentas entre compañías,2010,2,False,6.496623,-27.132883999999997
Tabasco,Cuentas entre compañías,2010,3,False,4.780996,-1.7156269999999996
Tabasco,Cuentas entre compañías,2010,4,False,3.803956,-0.9770400000000001
Tabasco,Cuentas entre compañías,2011,1,False,-8.15525,-8.15525
Tabasco,Cuentas entre compañías,2011,2,False,-39.385877,-31.230627
Tabasco,Cuentas entre compañías,2011,3,False,-88.285712,-48.899835
Tabasco,Cuentas entre compañías,2011,4,False,-54.23151,34.054202000000004
Tabasco,Cuentas entre compañías,2012,1,False,-31.125134,-31.125134
Tabasco,Cuentas entre compañías,2012,2,False,2.624789,33.749922999999995
Tabasco,Cuentas entre compañías,2012,3,False,182.692743,180.06795400000001
Tabasco,Cuentas entre compañías,2012,4,False,203.249535,20.556792
Tabasco,Cuentas entre compañías,2013,1,False,67.205549,67.205549
Tabasco,Cuentas entre compañías,2013,2,False,92.088051,24.882501999999988
Tabasco,Cuentas entre compañías,2013,3,False,106.825383,14.73733200000001
Tabasco,Cuentas entre compañías,2013,4,False,70.684725,-36.140658
Tabasco,Cuentas entre compañías,2014,1,False,81.6548,81.6548
Tabasco,Cuentas entre compañías,2014,2,False,82.10314,0.44834000000000174
Tabasco,Cuentas entre compañías,2014,3,False,165.49131617,83.38817617000001
Tabasco,Cuentas entre compañías,2014,4,False,145.40821355,-20.083102620000005
Tabasco,Cuentas entre compañías,2015,1,False,-4.44535199,-4.44535199
Tabasco,Cuentas entre compañías,2015,2,False,-3.24426325,1.2010887399999999
Tabasco,Cuentas entre compañías,2015,3,False,167.94170184,171.18596509
Tabasco,Cuentas entre compañías,2015,4,False,447.73158588,279.78988404
Tabasco,Cuentas entre compañías,2016,1,False,-5.44237615,-5.44237615
Tabasco,Cuentas entre compañías,2016,2,False,-7.6136775,-2.1713013499999994
Tabasco,Cuentas entre compañías,2016,3,False,22.52957117,30.14324867
Tabasco,Cuentas entre compañías,2016,4,False,-79.95855278,-102.48812395
Tabasco,Cuentas entre compañías,2017,1,False,38.83943093,38.83943093
Tabasco,Cuentas entre compañías,2017,2,False,42.70899224,3.8695613100000017
Tabasco,Cuentas entre compañías,2017,3,False,40.878151,-1.830841239999998
Tabasco,Cuentas entre compañías,2017,4,False,88.1664771,47.28832609999999
Tabasco,Cuentas entre compañías,2018,1,False,-37.73475125,-37.73475125
Tabasco,Cuentas entre compañías,2018,2,False,-14.11321905,23.621532200000004
Tabasco,Cuentas entre compañías,2018,3,False,-23.51187086,-9.398651809999999
Tabasco,Cuentas entre compañías,2018,4,False,-1.65695064,21.854920219999997
Tabasco,Cuentas entre compañías,2019,1,False,188.82048697,188.82048697
Tabasco,Cuentas entre compañías,2019,2,False,210.87336642,22.052879450000006
Tabasco,Cuentas entre compañías,2019,3,False,230.14762009,19.274253670000007
Tabasco,Cuentas entre compañías,2019,4,False,166.01494733,-64.13267275999999
Tabasco,Cuentas entre compañías,2020,1,False,-21.21286451,-21.21286451
Tabasco,Cuentas entre compañías,2020,2,False,8.12854452,29.34140903
Tabasco,Cuentas entre compañías,2020,3,False,18.45144929,10.32290477
Tabasco,Cuentas entre compañías,2020,4,False,51.29198906,32.84053977
Tabasco,Cuentas entre compañías,2021,1,False,51.81674232,51.81674232
Tabasco,Cuentas entre compañías,2021,2,False,9.44893382,-42.3678085
Tabasco,Cuentas entre compañías,2021,3,False,-41.94716848,-51.3961023
Tabasco,Cuentas entre compañías,2021,4,False,-1.17926571,40.76790277
Tabasco,Cuentas entre compañías,2022,1,False,-9.33727593,-9.33727593
Tabasco,Cuentas entre compañías,2022,2,False,-72.50534589,-63.16806996
Tabasco,Cuentas entre compañías,2022,3,False,-53.13991808,19.36542781
Tabasco,Cuentas entre compañías,2022,4,False,-211.54034034,-158.40042226
Tabasco,Cuentas entre compañías,2023,1,False,-43.85163441,-43.85163441
Tabasco,Cuentas entre compañías,2023,2,False,-153.6052083,-109.75357388999998
Tabasco,Cuentas entre compañías,2023,3,False,-107.47507822,46.13013007999999
Tabasco,Cuentas entre compañías,2023,4,False,-12.7424228,94.73265542
Tabasco,Cuentas entre compañías,2024,1,False,-79.85892509,-79.85892509
Tabasco,Cuentas entre compañías,2024,2,False,91.00760267,170.86652776
Tabasco,Cuentas entre compañías,2024,3,False,-28.11422132,-119.12182399
Tabasco,Cuentas entre compañías,2024,4,False,-45.23415735,-17.119936029999998
Tabasco,Cuentas entre compañías,2025,1,False,-51.3091822,-51.3091822
Tabasco,Cuentas entre compañías,2025,2,False,-27.47930556,23.829876640000002
Tabasco,Cuentas entre compañías,2025,3,False,72.1967137,99.67601926
Tabasco,Cuentas entre compañías,2025,4,False,-182.28929229,-254.48600599
Tamaulipas,Cuentas entre compañías,2006,1,False,108.455059,108.455059
Tamaulipas,Cuentas entre compañías,2006,2,False,199.229044,90.77398499999998
Tamaulipas,Cuentas entre compañías,2006,3,False,290.627635,91.39859100000001
Tamaulipas,Cuentas entre compañías,2006,4,False,447.795177,157.16754200000003
Tamaulipas,Cuentas entre compañías,2007,1,False,127.294066,127.294066
Tamaulipas,Cuentas entre compañías,2007,2,False,242.204502,114.91043599999999
Tamaulipas,Cuentas entre compañías,2007,3,False,369.599463,127.39496100000002
Tamaulipas,Cuentas entre compañías,2007,4,False,316.388593,-53.21087
Tamaulipas,Cuentas entre compañías,2008,1,False,77.503812,77.503812
Tamaulipas,Cuentas entre compañías,2008,2,False,176.649099,99.14528700000001
Tamaulipas,Cuentas entre compañías,2008,3,False,334.212175,157.563076
Tamaulipas,Cuentas entre compañías,2008,4,False,475.242438,141.030263
Tamaulipas,Cuentas entre compañías,2009,1,False,99.241231,99.241231
Tamaulipas,Cuentas entre compañías,2009,2,False,187.932839,88.691608
Tamaulipas,Cuentas entre compañías,2009,3,False,265.877507,77.94466799999998
Tamaulipas,Cuentas entre compañías,2009,4,False,313.735992,47.85848500000003
Tamaulipas,Cuentas entre compañías,2010,1,False,186.51306,186.51306
Tamaulipas,Cuentas entre compañías,2010,2,False,255.006973,68.49391299999999
Tamaulipas,Cuentas entre compañías,2010,3,False,355.4525,100.445527
Tamaulipas,Cuentas entre compañías,2010,4,False,369.354407,13.901906999999994
Tamaulipas,Cuentas entre compañías,2011,1,False,68.775959,68.775959
Tamaulipas,Cuentas entre compañías,2011,2,False,267.075727,198.29976799999997
Tamaulipas,Cuentas entre compañías,2011,3,False,199.391761,-67.68396599999997
Tamaulipas,Cuentas entre compañías,2011,4,False,377.398957,178.007196
Tamaulipas,Cuentas entre compañías,2012,1,False,95.441736,95.441736
Tamaulipas,Cuentas entre compañías,2012,2,False,208.792224,113.350488
Tamaulipas,Cuentas entre compañías,2012,3,False,341.608121,132.81589699999998
Tamaulipas,Cuentas entre compañías,2012,4,False,491.460491,149.85237
Tamaulipas,Cuentas entre compañías,2013,1,False,283.629721,283.629721
Tamaulipas,Cuentas entre compañías,2013,2,False,313.398791,29.76907
Tamaulipas,Cuentas entre compañías,2013,3,False,447.291522,133.89273099999997
Tamaulipas,Cuentas entre compañías,2013,4,False,611.677528,164.38600600000007
Tamaulipas,Cuentas entre compañías,2014,1,False,108.60623467,108.60623467
Tamaulipas,Cuentas entre compañías,2014,2,False,359.26524137,250.65900670000002
Tamaulipas,Cuentas entre compañías,2014,3,False,465.63582767,106.37058630000001
Tamaulipas,Cuentas entre compañías,2014,4,False,564.88534985,99.24952217999999
Tamaulipas,Cuentas entre compañías,2015,1,False,40.05205379,40.05205379
Tamaulipas,Cuentas entre compañías,2015,2,False,132.32893657,92.27688278
Tamaulipas,Cuentas entre compañías,2015,3,False,232.77920325,100.45026668
Tamaulipas,Cuentas entre compañías,2015,4,False,539.35180771,306.57260446
Tamaulipas,Cuentas entre compañías,2016,1,False,166.64919585,166.64919585
Tamaulipas,Cuentas entre compañías,2016,2,False,425.85556845,259.2063726
Tamaulipas,Cuentas entre compañías,2016,3,False,403.30088749,-22.55468096000004
Tamaulipas,Cuentas entre compañías,2016,4,False,702.58163369,299.2807462
Tamaulipas,Cuentas entre compañías,2017,1,False,130.72391196,130.72391196
Tamaulipas,Cuentas entre compañías,2017,2,False,288.82181692,158.09790496
Tamaulipas,Cuentas entre compañías,2017,3,False,592.0685833,303.24676638
Tamaulipas,Cuentas entre compañías,2017,4,False,878.48256034,286.41397703999996
Tamaulipas,Cuentas entre compañías,2018,1,False,258.86699899,258.86699899
Tamaulipas,Cuentas entre compañías,2018,2,False,511.79292599,252.925927
Tamaulipas,Cuentas entre compañías,2018,3,False,410.26638954,-101.52653645000004
Tamaulipas,Cuentas entre compañías,2018,4,False,728.67710284,318.4107133
Tamaulipas,Cuentas entre compañías,2019,1,False,-60.10721827,-60.10721827
Tamaulipas,Cuentas entre compañías,2019,2,False,183.30533231,243.41255058000002
Tamaulipas,Cuentas entre compañías,2019,3,False,743.97616339,560.67083108
Tamaulipas,Cuentas entre compañías,2019,4,False,918.02270209,174.04653870000004
Tamaulipas,Cuentas entre compañías,2020,1,False,291.10558751,291.10558751
Tamaulipas,Cuentas entre compañías,2020,2,False,362.22544173,71.11985421999998
Tamaulipas,Cuentas entre compañías,2020,3,False,415.07612009,52.85067836000002
Tamaulipas,Cuentas entre compañías,2020,4,False,308.66055245,-106.41556764
Tamaulipas,Cuentas entre compañías,2021,1,False,127.11297204,127.11297204
Tamaulipas,Cuentas entre compañías,2021,2,False,-182.31378585,-309.42675789
Tamaulipas,Cuentas entre compañías,2021,3,False,-56.42157323,125.89221261999998
Tamaulipas,Cuentas entre compañías,2021,4,False,33.91130705,90.33288028
Tamaulipas,Cuentas entre compañías,2022,1,False,182.32363845,182.32363845
Tamaulipas,Cuentas entre compañías,2022,2,False,305.44737033,123.12373188000001
Tamaulipas,Cuentas entre compañías,2022,3,False,-232.75165774,-538.19902807
Tamaulipas,Cuentas entre compañías,2022,4,False,-239.19533187,-6.443674129999977
Tamaulipas,Cuentas entre compañías,2023,1,False,30.44812359,30.44812359
Tamaulipas,Cuentas entre compañías,2023,2,False,116.06604714,85.61792355
Tamaulipas,Cuentas entre compañías,2023,3,False,160.11337203,44.04732489
Tamaulipas,Cuentas entre compañías,2023,4,False,313.94578397,153.83241194
Tamaulipas,Cuentas entre compañías,2024,1,False,43.51051815,43.51051815
Tamaulipas,Cuentas entre compañías,2024,2,False,132.94494849,89.43443034
Tamaulipas,Cuentas entre compañías,2024,3,False,116.27362865,-16.671319839999995
Tamaulipas,Cuentas entre compañías,2024,4,False,271.33502748,155.06139883
Tamaulipas,Cuentas entre compañías,2025,1,False,84.45132694,84.45132694
Tamaulipas,Cuentas entre compañías,2025,2,False,193.59426421,109.14293727
Tamaulipas,Cuentas entre compañías,2025,3,False,217.34771396,23.753449749999987
Tamaulipas,Cuentas entre compañías,2025,4,False,223.59586547,6.248151510000014
Tlaxcala,Cuentas entre compañías,2006,1,False,30.418633,30.418633
Tlaxcala,Cuentas entre compañías,2006,2,False,29.681927,-0.7367059999999981
Tlaxcala,Cuentas entre compañías,2006,3,False,30.029451,0.34752399999999994
Tlaxcala,Cuentas entre compañías,2006,4,False,33.852185,3.822733999999997
Tlaxcala,Cuentas entre compañías,2007,1,False,2.891934,2.891934
Tlaxcala,Cuentas entre compañías,2007,2,False,3.39557,0.5036360000000002
Tlaxcala,Cuentas entre compañías,2007,3,False,6.688743,3.2931729999999995
Tlaxcala,Cuentas entre compañías,2007,4,False,19.933288,13.244545000000002
Tlaxcala,Cuentas entre compañías,2008,1,False,7.601006,7.601006
Tlaxcala,Cuentas entre compañías,2008,2,False,4.876703,-2.724303
Tlaxcala,Cuentas entre compañías,2008,3,False,1.519302,-3.3574010000000003
Tlaxcala,Cuentas entre compañías,2008,4,False,13.207128,11.687826000000001
Tlaxcala,Cuentas entre compañías,2009,1,False,-5.52237,-5.52237
Tlaxcala,Cuentas entre compañías,2009,2,False,-21.424048,-15.901678
Tlaxcala,Cuentas entre compañías,2009,3,False,-20.719902,0.7041459999999979
Tlaxcala,Cuentas entre compañías,2009,4,False,-31.700636,-10.980733999999998
Tlaxcala,Cuentas entre compañías,2010,1,False,2.577822,2.577822
Tlaxcala,Cuentas entre compañías,2010,2,False,-3.013128,-5.590949999999999
Tlaxcala,Cuentas entre compañías,2010,3,False,-0.07092,2.942208
Tlaxcala,Cuentas entre compañías,2010,4,False,-9.519578,-9.448658
Tlaxcala,Cuentas entre compañías,2011,1,False,5.241461,5.241461
Tlaxcala,Cuentas entre compañías,2011,2,False,2.118903,-3.122558
Tlaxcala,Cuentas entre compañías,2011,3,False,0.163485,-1.9554179999999999
Tlaxcala,Cuentas entre compañías,2011,4,False,8.91252,8.749035000000001
Tlaxcala,Cuentas entre compañías,2012,1,False,-5.947799,-5.947799
Tlaxcala,Cuentas entre compañías,2012,2,False,-10.104181,-4.156382000000001
Tlaxcala,Cuentas entre compañías,2012,3,False,10.324028,20.428209000000003
Tlaxcala,Cuentas entre compañías,2012,4,False,6.185174,-4.138854
Tlaxcala,Cuentas entre compañías,2013,1,False,1.370365,1.370365
Tlaxcala,Cuentas entre compañías,2013,2,False,7.313625,5.94326
Tlaxcala,Cuentas entre compañías,2013,3,False,2.229469,-5.084156
Tlaxcala,Cuentas entre compañías,2013,4,False,-5.599016,-7.828485
Tlaxcala,Cuentas entre compañías,2014,1,False,0.568664,0.568664
Tlaxcala,Cuentas entre compañías,2014,2,False,15.461875,14.893210999999999
Tlaxcala,Cuentas entre compañías,2014,3,False,19.10731222,3.6454372200000016
Tlaxcala,Cuentas entre compañías,2014,4,False,25.65014924,6.54283702
Tlaxcala,Cuentas entre compañías,2015,1,False,-8.11061029,-8.11061029
Tlaxcala,Cuentas entre compañías,2015,2,False,-8.60841657,-0.49780627999999894
Tlaxcala,Cuentas entre compañías,2015,3,False,-44.22431486,-35.615898290000004
Tlaxcala,Cuentas entre compañías,2015,4,False,-34.2835611,9.94075376
Tlaxcala,Cuentas entre compañías,2016,1,False,24.63774158,24.63774158
Tlaxcala,Cuentas entre compañías,2016,2,False,42.71163259,18.07389101
Tlaxcala,Cuentas entre compañías,2016,3,False,34.34955874,-8.362073850000002
Tlaxcala,Cuentas entre compañías,2016,4,False,129.24209785,94.89253911
Tlaxcala,Cuentas entre compañías,2017,1,False,-3.26985466,-3.26985466
Tlaxcala,Cuentas entre compañías,2017,2,False,-8.35770579,-5.087851130000001
Tlaxcala,Cuentas entre compañías,2017,3,False,-75.24323884,-66.88553305
Tlaxcala,Cuentas entre compañías,2017,4,False,-78.54672164,-3.3034827999999976
Tlaxcala,Cuentas entre compañías,2018,1,False,-3.54734821,-3.54734821
Tlaxcala,Cuentas entre compañías,2018,2,False,16.51882091,20.066169119999998
Tlaxcala,Cuentas entre compañías,2018,3,False,-1.59328686,-18.112107769999998
Tlaxcala,Cuentas entre compañías,2018,4,False,4.24236956,5.83565642
Tlaxcala,Cuentas entre compañías,2019,1,False,21.6644811,21.6644811
Tlaxcala,Cuentas entre compañías,2019,2,False,54.12679663,32.46231553
Tlaxcala,Cuentas entre compañías,2019,3,False,98.84896176,44.72216512999999
Tlaxcala,Cuentas entre compañías,2019,4,False,130.78160439,31.932642630000018
Tlaxcala,Cuentas entre compañías,2020,1,False,-2.17285053,-2.17285053
Tlaxcala,Cuentas entre compañías,2020,2,False,194.37941224,196.55226277
Tlaxcala,Cuentas entre compañías,2020,3,False,177.33819043,-17.041221809999996
Tlaxcala,Cuentas entre compañías,2020,4,False,184.65014294,7.311952509999998
Tlaxcala,Cuentas entre compañías,2021,1,False,37.21525753,37.21525753
Tlaxcala,Cuentas entre compañías,2021,2,False,60.25027608,23.035018549999997
Tlaxcala,Cuentas entre compañías,2021,3,False,72.41807325,12.167797170000007
Tlaxcala,Cuentas entre compañías,2021,4,False,17.11224233,-55.305830920000005
Tlaxcala,Cuentas entre compañías,2022,1,False,-15.72008125,-15.72008125
Tlaxcala,Cuentas entre compañías,2022,2,False,1.85798972,17.57807097
Tlaxcala,Cuentas entre compañías,2022,3,False,2.16083726,0.30284754000000014
Tlaxcala,Cuentas entre compañías,2022,4,False,54.1681147,52.007277439999996
Tlaxcala,Cuentas entre compañías,2023,1,False,-3.72340702,-3.72340702
Tlaxcala,Cuentas entre compañías,2023,2,False,-10.66308396,-6.93967694
Tlaxcala,Cuentas entre compañías,2023,3,False,33.07915131,43.74223527
Tlaxcala,Cuentas entre compañías,2023,4,False,19.92751113,-13.151640180000001
Tlaxcala,Cuentas entre compañías,2024,1,False,21.20626671,21.20626671
Tlaxcala,Cuentas entre compañías,2024,2,False,-6.20414216,-27.41040887
Tlaxcala,Cuentas entre compañías,2024,3,False,18.95895839,25.16310055
Tlaxcala,Cuentas entre compañías,2024,4,False,11.47315999,-7.4857984
Tlaxcala,Cuentas entre compañías,2025,1,False,22.69164661,22.69164661
Tlaxcala,Cuentas entre compañías,2025,2,False,68.63266093,45.94101432
Tlaxcala,Cuentas entre compañías,2025,3,False,82.05787319,13.425212259999995
Tlaxcala,Cuentas entre compañías,2025,4,False,26.95294044,-55.104932749999996
Veracruz,Cuentas entre compañías,2006,1,False,35.527456,35.527456
Veracruz,Cuentas entre compañías,2006,2,False,63.579904,28.052448
Veracruz,Cuentas entre compañías,2006,3,False,34.770458,-28.809446
Veracruz,Cuentas entre compañías,2006,4,False,77.193274,42.422816000000005
Veracruz,Cuentas entre compañías,2007,1,False,11.962028,11.962028
Veracruz,Cuentas entre compañías,2007,2,False,36.191999,24.229971000000003
Veracruz,Cuentas entre compañías,2007,3,False,-2.810852,-39.002851
Veracruz,Cuentas entre compañías,2007,4,False,22.185157,24.996009
Veracruz,Cuentas entre compañías,2008,1,False,-15.395795,-15.395795
Veracruz,Cuentas entre compañías,2008,2,False,-23.989406,-8.593611
Veracruz,Cuentas entre compañías,2008,3,False,-58.165166,-34.17576
Veracruz,Cuentas entre compañías,2008,4,False,75.475058,133.640224
Veracruz,Cuentas entre compañías,2009,1,False,63.763235,63.763235
Veracruz,Cuentas entre compañías,2009,2,False,82.965323,19.202087999999996
Veracruz,Cuentas entre compañías,2009,3,False,97.762517,14.797194000000005
Veracruz,Cuentas entre compañías,2009,4,False,24.18177,-73.580747
Veracruz,Cuentas entre compañías,2010,1,False,120.402263,120.402263
Veracruz,Cuentas entre compañías,2010,2,False,88.271987,-32.13027600000001
Veracruz,Cuentas entre compañías,2010,3,False,90.517746,2.2457590000000067
Veracruz,Cuentas entre compañías,2010,4,False,89.508437,-1.0093090000000018
Veracruz,Cuentas entre compañías,2011,1,False,25.698048,25.698048
Veracruz,Cuentas entre compañías,2011,2,False,36.569597,10.871549000000002
Veracruz,Cuentas entre compañías,2011,3,False,36.581235,0.011637999999997817
Veracruz,Cuentas entre compañías,2011,4,False,147.01299821,110.43176321000001
Veracruz,Cuentas entre compañías,2012,1,False,164.70625,164.70625
Veracruz,Cuentas entre compañías,2012,2,False,288.90859,124.20233999999999
Veracruz,Cuentas entre compañías,2012,3,False,523.011495,234.10290499999996
Veracruz,Cuentas entre compañías,2012,4,False,659.995759,136.98426400000005
Veracruz,Cuentas entre compañías,2013,1,False,59.06956799,59.06956799
Veracruz,Cuentas entre compañías,2013,2,False,-79.75686118,-138.82642917
Veracruz,Cuentas entre compañías,2013,3,False,162.95249385,242.70935502999998
Veracruz,Cuentas entre compañías,2013,4,False,146.04455213,-16.907941719999997
Veracruz,Cuentas entre compañías,2014,1,False,329.44187195,329.44187195
Veracruz,Cuentas entre compañías,2014,2,False,332.94996659,3.5080946399999675
Veracruz,Cuentas entre compañías,2014,3,False,479.69233737,146.74237078000004
Veracruz,Cuentas entre compañías,2014,4,False,730.44593636,250.75359899
Veracruz,Cuentas entre compañías,2015,1,False,-102.33697524,-102.33697524
Veracruz,Cuentas entre compañías,2015,2,False,-93.88135765,8.455617590000003
Veracruz,Cuentas entre compañías,2015,3,False,489.70782726,583.58918491
Veracruz,Cuentas entre compañías,2015,4,False,753.59550713,263.88767987
Veracruz,Cuentas entre compañías,2016,1,False,98.95385919,98.95385919
Veracruz,Cuentas entre compañías,2016,2,False,287.74827166,188.79441247
Veracruz,Cuentas entre compañías,2016,3,False,370.18271729,82.43444563000003
Veracruz,Cuentas entre compañías,2016,4,False,442.03541709,71.85269979999998
Veracruz,Cuentas entre compañías,2017,1,False,-250.23740024,-250.23740024
Veracruz,Cuentas entre compañías,2017,2,False,-180.80916802,69.42823222000001
Veracruz,Cuentas entre compañías,2017,3,False,-59.12776565,121.68140236999999
Veracruz,Cuentas entre compañías,2017,4,False,168.49076825,227.6185339
Veracruz,Cuentas entre compañías,2018,1,False,-76.80446433,-76.80446433
Veracruz,Cuentas entre compañías,2018,2,False,90.32505456,167.12951888999999
Veracruz,Cuentas entre compañías,2018,3,False,-4.52865901,-94.85371357
Veracruz,Cuentas entre compañías,2018,4,False,225.58905875,230.11771776
Veracruz,Cuentas entre compañías,2019,1,False,-16.74075049,-16.74075049
Veracruz,Cuentas entre compañías,2019,2,False,-106.84520415,-90.10445366
Veracruz,Cuentas entre compañías,2019,3,False,-81.12108386,25.724120290000002
Veracruz,Cuentas entre compañías,2019,4,False,-258.39840662,-177.27732276
Veracruz,Cuentas entre compañías,2020,1,False,248.21596901,248.21596901
Veracruz,Cuentas entre compañías,2020,2,False,493.76131627,245.54534726
Veracruz,Cuentas entre compañías,2020,3,False,539.08892149,45.32760521999995
Veracruz,Cuentas entre compañías,2020,4,False,379.98603733,-159.10288415999997
Veracruz,Cuentas entre compañías,2021,1,False,203.51011781,203.51011781
Veracruz,Cuentas entre compañías,2021,2,False,-15.25062077,-218.76073858
Veracruz,Cuentas entre compañías,2021,3,False,97.01293061,112.26355138
Veracruz,Cuentas entre compañías,2021,4,False,-307.14382758,-404.15675819
Veracruz,Cuentas entre compañías,2022,1,False,158.86991232,158.86991232
Veracruz,Cuentas entre compañías,2022,2,False,62.71713501,-96.15277731
Veracruz,Cuentas entre compañías,2022,3,False,-285.81177247,-348.52890748
Veracruz,Cuentas entre compañías,2022,4,False,-645.28537087,-359.47359839999996
Veracruz,Cuentas entre compañías,2023,1,False,-5.46270087,-5.46270087
Veracruz,Cuentas entre compañías,2023,2,False,65.64768889,71.11038976
Veracruz,Cuentas entre compañías,2023,3,False,-45.81109941,-111.4587883
Veracruz,Cuentas entre compañías,2023,4,False,243.57444873,289.38554813999997
Veracruz,Cuentas entre compañías,2024,1,False,66.83798072,66.83798072
Veracruz,Cuentas entre compañías,2024,2,False,40.49847255,-26.339508170000002
Veracruz,Cuentas entre compañías,2024,3,False,118.37446227,77.87598971999999
Veracruz,Cuentas entre compañías,2024,4,False,150.5513158,32.17685353
Veracruz,Cuentas entre compañías,2025,1,False,110.54783811,110.54783811
Veracruz,Cuentas entre compañías,2025,2,False,289.11587132,178.56803321
Veracruz,Cuentas entre compañías,2025,3,False,190.34287479,-98.77299653
Veracruz,Cuentas entre compañías,2025,4,False,161.89661865,-28.446256140000003
Yucatán,Cuentas entre compañías,2006,1,False,2.720092,2.720092
Yucatán,Cuentas entre compañías,2006,2,False,3.937759,1.2176669999999996
Yucatán,Cuentas entre compañías,2006,3,False,8.51058,4.572820999999999
Yucatán,Cuentas entre compañías,2006,4,False,8.708672,0.19809200000000082
Yucatán,Cuentas entre compañías,2007,1,False,12.296134,12.296134
Yucatán,Cuentas entre compañías,2007,2,False,45.20425,32.908116
Yucatán,Cuentas entre compañías,2007,3,False,50.360483,5.156233
Yucatán,Cuentas entre compañías,2007,4,False,50.004458,-0.3560250000000025
Yucatán,Cuentas entre compañías,2008,1,False,5.351033,5.351033
Yucatán,Cuentas entre compañías,2008,2,False,8.038103,2.6870699999999994
Yucatán,Cuentas entre compañías,2008,3,False,15.232638,7.194535
Yucatán,Cuentas entre compañías,2008,4,False,22.7251,7.4924620000000015
Yucatán,Cuentas entre compañías,2009,1,False,5.941909,5.941909
Yucatán,Cuentas entre compañías,2009,2,False,-8.770206,-14.712115
Yucatán,Cuentas entre compañías,2009,3,False,-15.257061,-6.486855
Yucatán,Cuentas entre compañías,2009,4,False,-25.652274,-10.395212999999998
Yucatán,Cuentas entre compañías,2010,1,False,25.26979,25.26979
Yucatán,Cuentas entre compañías,2010,2,False,14.090496,-11.179294
Yucatán,Cuentas entre compañías,2010,3,False,16.601845,2.511349000000001
Yucatán,Cuentas entre compañías,2010,4,False,10.515645,-6.086200000000002
Yucatán,Cuentas entre compañías,2011,1,False,1.455651,1.455651
Yucatán,Cuentas entre compañías,2011,2,False,-9.538909,-10.99456
Yucatán,Cuentas entre compañías,2011,3,False,11.038811,20.57772
Yucatán,Cuentas entre compañías,2011,4,False,30.035956,18.997144999999996
Yucatán,Cuentas entre compañías,2012,1,False,3.142601,3.142601
Yucatán,Cuentas entre compañías,2012,2,False,6.832971,3.6903699999999997
Yucatán,Cuentas entre compañías,2012,3,False,10.53963,3.706659000000001
Yucatán,Cuentas entre compañías,2012,4,False,5.922134,-4.617496000000001
Yucatán,Cuentas entre compañías,2013,1,False,3.551921,3.551921
Yucatán,Cuentas entre compañías,2013,2,False,-5.301283,-8.853204
Yucatán,Cuentas entre compañías,2013,3,False,-6.418679,-1.1173960000000003
Yucatán,Cuentas entre compañías,2013,4,False,5.22325,11.641929000000001
Yucatán,Cuentas entre compañías,2014,1,False,4.431046,4.431046
Yucatán,Cuentas entre compañías,2014,2,False,12.800999,8.369952999999999
Yucatán,Cuentas entre compañías,2014,3,False,15.78724224,2.9862432400000003
Yucatán,Cuentas entre compañías,2014,4,False,11.49439816,-4.29284408
Yucatán,Cuentas entre compañías,2015,1,False,-0.40600599,-0.40600599
Yucatán,Cuentas entre compañías,2015,2,False,-1.9142845,-1.50827851
Yucatán,Cuentas entre compañías,2015,3,False,-9.13111493,-7.216830430000001
Yucatán,Cuentas entre compañías,2015,4,False,3.26422839,12.39534332
Yucatán,Cuentas entre compañías,2016,1,False,2.83257643,2.83257643
Yucatán,Cuentas entre compañías,2016,2,False,4.03529759,1.2027211599999998
Yucatán,Cuentas entre compañías,2016,3,False,7.54384056,3.5085429699999997
Yucatán,Cuentas entre compañías,2016,4,False,14.12147317,6.57763261
Yucatán,Cuentas entre compañías,2017,1,False,-2.51190023,-2.51190023
Yucatán,Cuentas entre compañías,2017,2,False,-2.40158367,0.11031656000000023
Yucatán,Cuentas entre compañías,2017,3,False,-0.72198612,1.67959755
Yucatán,Cuentas entre compañías,2017,4,False,-9.83769784,-9.11571172
Yucatán,Cuentas entre compañías,2018,1,False,-7.12257431,-7.12257431
Yucatán,Cuentas entre compañías,2018,2,False,1.06850329,8.1910776
Yucatán,Cuentas entre compañías,2018,3,False,2.4119239,1.3434206100000001
Yucatán,Cuentas entre compañías,2018,4,False,9.28150794,6.8695840399999994
Yucatán,Cuentas entre compañías,2019,1,False,19.65834917,19.65834917
Yucatán,Cuentas entre compañías,2019,2,False,17.06788329,-2.59046588
Yucatán,Cuentas entre compañías,2019,3,False,10.5337403,-6.534142990000001
Yucatán,Cuentas entre compañías,2019,4,False,8.21621073,-2.3175295699999996
Yucatán,Cuentas entre compañías,2020,1,False,23.1845581,23.1845581
Yucatán,Cuentas entre compañías,2020,2,False,32.01359494,8.829036839999997
Yucatán,Cuentas entre compañías,2020,3,False,33.7090018,1.6954068600000056
Yucatán,Cuentas entre compañías,2020,4,False,41.21927858,7.510276779999998
Yucatán,Cuentas entre compañías,2021,1,False,-17.26438381,-17.26438381
Yucatán,Cuentas entre compañías,2021,2,False,-12.26886605,4.995517760000002
Yucatán,Cuentas entre compañías,2021,3,False,-11.02984586,1.2390201899999997
Yucatán,Cuentas entre compañías,2021,4,False,3.36596736,14.39581322
Yucatán,Cuentas entre compañías,2022,1,False,1.77344217,1.77344217
Yucatán,Cuentas entre compañías,2022,2,False,202.12989376,200.35645158999998
Yucatán,Cuentas entre compañías,2022,3,False,260.86335562,58.733461860000006
Yucatán,Cuentas entre compañías,2022,4,False,273.12515167,12.261796049999987
Yucatán,Cuentas entre compañías,2023,1,False,19.89928462,19.89928462
Yucatán,Cuentas entre compañías,2023,2,False,26.91371576,7.014431139999999
Yucatán,Cuentas entre compañías,2023,3,False,27.77035756,0.856641800000002
Yucatán,Cuentas entre compañías,2023,4,False,22.29148824,-5.478869320000001
Yucatán,Cuentas entre compañías,2024,1,False,-29.04056574,-29.04056574
Yucatán,Cuentas entre compañías,2024,2,False,-56.00112645,-26.96056071
Yucatán,Cuentas entre compañías,2024,3,False,166.65721229,222.65833873999998
Yucatán,Cuentas entre compañías,2024,4,False,-51.15136385,-217.80857613999999
Yucatán,Cuentas entre compañías,2025,1,False,-3.25128276,-3.25128276
Yucatán,Cuentas entre compañías,2025,2,False,-12.83314108,-9.58185832
Yucatán,Cuentas entre compañías,2025,3,False,1.83825326,14.67139434
Yucatán,Cuentas entre compañías,2025,4,False,-30.84819612,-32.68644938
Zacatecas,Cuentas entre compañías,2006,1,False,7.104816,7.104816
Zacatecas,Cuentas entre compañías,2006,2,False,7.151661,0.04684500000000025
Zacatecas,Cuentas entre compañías,2006,3,False,9.424109,2.272448
Zacatecas,Cuentas entre compañías,2006,4,False,24.051077,14.626968
Zacatecas,Cuentas entre compañías,2007,1,False,13.672532,13.672532
Zacatecas,Cuentas entre compañías,2007,2,False,22.10748,8.434947999999999
Zacatecas,Cuentas entre compañías,2007,3,False,62.251257,40.143777
Zacatecas,Cuentas entre compañías,2007,4,False,78.41294,16.161683000000004
Zacatecas,Cuentas entre compañías,2008,1,False,12.553735,12.553735
Zacatecas,Cuentas entre compañías,2008,2,False,21.113278,8.559543000000001
Zacatecas,Cuentas entre compañías,2008,3,False,117.066598,95.95331999999999
Zacatecas,Cuentas entre compañías,2008,4,False,198.105919,81.039321
Zacatecas,Cuentas entre compañías,2009,1,False,4.377124,4.377124
Zacatecas,Cuentas entre compañías,2009,2,False,-80.920035,-85.297159
Zacatecas,Cuentas entre compañías,2009,3,False,-82.684352,-1.7643170000000055
Zacatecas,Cuentas entre compañías,2009,4,False,-93.854,-11.169647999999995
Zacatecas,Cuentas entre compañías,2010,1,False,46.327099,46.327099
Zacatecas,Cuentas entre compañías,2010,2,False,24.244537,-22.082561999999996
Zacatecas,Cuentas entre compañías,2010,3,False,19.485407,-4.7591300000000025
Zacatecas,Cuentas entre compañías,2010,4,False,46.791275,27.305868
Zacatecas,Cuentas entre compañías,2011,1,False,-17.11684,-17.11684
Zacatecas,Cuentas entre compañías,2011,2,False,-33.804953,-16.688112999999998
Zacatecas,Cuentas entre compañías,2011,3,False,-26.588308,7.216644999999996
Zacatecas,Cuentas entre compañías,2011,4,False,12.840146,39.428454
Zacatecas,Cuentas entre compañías,2012,1,False,22.369574,22.369574
Zacatecas,Cuentas entre compañías,2012,2,False,-2.113158,-24.482732
Zacatecas,Cuentas entre compañías,2012,3,False,15.639105,17.752263
Zacatecas,Cuentas entre compañías,2012,4,False,327.249467,311.610362
Zacatecas,Cuentas entre compañías,2013,1,False,69.857753,69.857753
Zacatecas,Cuentas entre compañías,2013,2,False,143.922714,74.06496100000001
Zacatecas,Cuentas entre compañías,2013,3,False,168.302591,24.379876999999993
Zacatecas,Cuentas entre compañías,2013,4,False,199.68574,31.383149000000003
Zacatecas,Cuentas entre compañías,2014,1,False,22.153083,22.153083
Zacatecas,Cuentas entre compañías,2014,2,False,29.567075,7.413992
Zacatecas,Cuentas entre compañías,2014,3,False,-125.143807,-154.710882
Zacatecas,Cuentas entre compañías,2014,4,False,-128.3752816,-3.2314745999999985
Zacatecas,Cuentas entre compañías,2015,1,False,-149.53863477,-149.53863477
Zacatecas,Cuentas entre compañías,2015,2,False,-120.09636274,29.442272029999984
Zacatecas,Cuentas entre compañías,2015,3,False,-24.19220994,95.9041528
Zacatecas,Cuentas entre compañías,2015,4,False,-23.27637364,0.9158363000000023
Zacatecas,Cuentas entre compañías,2016,1,False,29.870294,29.870294
Zacatecas,Cuentas entre compañías,2016,2,False,366.21005194,336.33975794
Zacatecas,Cuentas entre compañías,2016,3,False,463.93489362,97.72484168
Zacatecas,Cuentas entre compañías,2016,4,False,394.26670397,-69.66818965000004
Zacatecas,Cuentas entre compañías,2017,1,False,-60.01639265,-60.01639265
Zacatecas,Cuentas entre compañías,2017,2,False,-158.50869522,-98.49230256999999
Zacatecas,Cuentas entre compañías,2017,3,False,-254.9907882,-96.48209298
Zacatecas,Cuentas entre compañías,2017,4,False,-102.10364245,152.88714575
Zacatecas,Cuentas entre compañías,2018,1,False,-14.76714951,-14.76714951
Zacatecas,Cuentas entre compañías,2018,2,False,72.63256837,87.39971788
Zacatecas,Cuentas entre compañías,2018,3,False,11.00569586,-61.62687251
Zacatecas,Cuentas entre compañías,2018,4,False,-208.99516314,-220.000859
Zacatecas,Cuentas entre compañías,2019,1,False,-18.09829366,-18.09829366
Zacatecas,Cuentas entre compañías,2019,2,False,150.63614191,168.73443557
Zacatecas,Cuentas entre compañías,2019,3,False,285.1971098,134.56096789000003
Zacatecas,Cuentas entre compañías,2019,4,False,244.03221582,-41.164893980000016
Zacatecas,Cuentas entre compañías,2020,1,False,-168.74975286,-168.74975286
Zacatecas,Cuentas entre compañías,2020,2,False,-149.14881038,19.600942480000015
Zacatecas,Cuentas entre compañías,2020,3,False,-334.65286962,-185.50405924
Zacatecas,Cuentas entre compañías,2020,4,False,-605.64825218,-270.99538256
Zacatecas,Cuentas entre compañías,2021,1,False,102.46775915,102.46775915
Zacatecas,Cuentas entre compañías,2021,2,False,256.18211387,153.71435472000002
Zacatecas,Cuentas entre compañías,2021,3,False,392.10823438,135.92612050999998
Zacatecas,Cuentas entre compañías,2021,4,False,336.45525429,-55.65298008999997
Zacatecas,Cuentas entre compañías,2022,1,False,218.34254542,218.34254542
Zacatecas,Cuentas entre compañías,2022,2,False,36.00096769,-182.34157772999998
Zacatecas,Cuentas entre compañías,2022,3,False,46.11040341,10.10943572
Zacatecas,Cuentas entre compañías,2022,4,False,-169.45193097,-215.56233438
Zacatecas,Cuentas entre compañías,2023,1,False,165.58107413,165.58107413
Zacatecas,Cuentas entre compañías,2023,2,False,110.5495617,-55.03151242999999
Zacatecas,Cuentas entre compañías,2023,3,False,260.03892714,149.48936544
Zacatecas,Cuentas entre compañías,2023,4,False,463.53284303,203.49391588999998
Zacatecas,Cuentas entre compañías,2024,1,False,-16.12082612,-16.12082612
Zacatecas,Cuentas entre compañías,2024,2,False,-33.26463488,-17.143808760000002
Zacatecas,Cuentas entre compañías,2024,3,False,-73.28020097,-40.01556608999999
Zacatecas,Cuentas entre compañías,2024,4,False,18.6975516,91.97775256999999
Zacatecas,Cuentas entre compañías,2025,1,False,-67.41259481,-67.41259481
Zacatecas,Cuentas entre compañías,2025,2,False,-321.47580784,-254.06321303000001
Zacatecas,Cuentas entre compañías,2025,3,False,-333.93552454,-12.459716700000001
Zacatecas,Cuentas entre compañías,2025,4,False,-424.2338455,-90.29832095999996
Aguascalientes,Nuevas inversiones,2006,1,False,10.899504,10.899504
Aguascalientes,Nuevas inversiones,2006,2,False,22.55604,11.656536
Aguascalientes,Nuevas inversiones,2006,3,False,29.286317,6.730277000000001
Aguascalientes,Nuevas inversiones,2006,4,False,37.992128,8.705811
Aguascalientes,Nuevas inversiones,2007,1,False,24.832037,24.832037
Aguascalientes,Nuevas inversiones,2007,2,False,89.581039,64.749002
Aguascalientes,Nuevas inversiones,2007,3,False,149.083351,59.50231199999999
Aguascalientes,Nuevas inversiones,2007,4,False,320.836438,171.753087
Aguascalientes,Nuevas inversiones,2008,1,False,9.851136,9.851136
Aguascalientes,Nuevas inversiones,2008,2,False,14.351429,4.500292999999999
Aguascalientes,Nuevas inversiones,2008,3,False,31.723176,17.371747
Aguascalientes,Nuevas inversiones,2008,4,False,39.335258,7.6120820000000045
Aguascalientes,Nuevas inversiones,2009,1,False,317.167971,317.167971
Aguascalientes,Nuevas inversiones,2009,2,False,423.86182792,106.69385691999997
Aguascalientes,Nuevas inversiones,2009,3,False,443.61819368,19.756365759999994
Aguascalientes,Nuevas inversiones,2009,4,False,470.53419368,26.915999999999997
Aguascalientes,Nuevas inversiones,2010,1,False,63.230864,63.230864
Aguascalientes,Nuevas inversiones,2010,2,False,38.25243638,-24.978427619999998
Aguascalientes,Nuevas inversiones,2010,3,False,48.67958538,10.427149
Aguascalientes,Nuevas inversiones,2010,4,False,67.02539938,18.345813999999997
Aguascalientes,Nuevas inversiones,2011,1,False,23.774003,23.774003
Aguascalientes,Nuevas inversiones,2011,2,False,1.8562347,-21.9177683
Aguascalientes,Nuevas inversiones,2011,3,False,4.6713527,2.815118
Aguascalientes,Nuevas inversiones,2011,4,False,3.6555494,-1.0158033
Aguascalientes,Nuevas inversiones,2012,1,False,22.50800052,22.50800052
Aguascalientes,Nuevas inversiones,2012,2,False,-19.09184748,-41.599847999999994
Aguascalientes,Nuevas inversiones,2012,3,False,27.34328052,46.435128
Aguascalientes,Nuevas inversiones,2012,4,False,88.19198604,60.84870552
Aguascalientes,Nuevas inversiones,2013,1,False,6.206968,6.206968
Aguascalientes,Nuevas inversiones,2013,2,False,103.03508856,96.82812056
Aguascalientes,Nuevas inversiones,2013,3,False,103.65233656,0.6172479999999894
Aguascalientes,Nuevas inversiones,2013,4,False,126.98512045,23.33278389
Aguascalientes,Nuevas inversiones,2014,1,False,21.93251274,21.93251274
Aguascalientes,Nuevas inversiones,2014,2,False,-15.88767926,-37.820192
Aguascalientes,Nuevas inversiones,2014,3,False,-8.84271022,7.04496904
Aguascalientes,Nuevas inversiones,2014,4,False,23.41622097,32.25893119
Aguascalientes,Nuevas inversiones,2015,1,False,46.726739,46.726739
Aguascalientes,Nuevas inversiones,2015,2,False,76.94065746,30.213918459999995
Aguascalientes,Nuevas inversiones,2015,3,False,159.09190122,82.15124376000001
Aguascalientes,Nuevas inversiones,2015,4,False,220.04594564,60.95404442
Aguascalientes,Nuevas inversiones,2016,1,False,54.26193034,54.26193034
Aguascalientes,Nuevas inversiones,2016,2,False,136.41043656,82.14850622
Aguascalientes,Nuevas inversiones,2016,3,False,246.87070532,110.46026876000002
Aguascalientes,Nuevas inversiones,2016,4,False,310.89274667,64.02204135
Aguascalientes,Nuevas inversiones,2017,1,False,138.09899668,138.09899668
Aguascalientes,Nuevas inversiones,2017,2,False,246.91961152,108.82061483999999
Aguascalientes,Nuevas inversiones,2017,3,False,277.20916721,30.289555689999986
Aguascalientes,Nuevas inversiones,2017,4,False,360.94686434,83.73769713000002
Aguascalientes,Nuevas inversiones,2018,1,False,5.09452955,5.09452955
Aguascalientes,Nuevas inversiones,2018,2,False,402.78063065,397.6861011
Aguascalientes,Nuevas inversiones,2018,3,False,430.3586344,27.57800375000005
Aguascalientes,Nuevas inversiones,2018,4,False,504.86345513,74.50482072999995
Aguascalientes,Nuevas inversiones,2019,1,False,4.83238705,4.83238705
Aguascalientes,Nuevas inversiones,2019,2,False,21.7187897,16.886402649999997
Aguascalientes,Nuevas inversiones,2019,3,False,44.78852559,23.06973589
Aguascalientes,Nuevas inversiones,2019,4,False,59.36395867,14.575433080000003
Aguascalientes,Nuevas inversiones,2020,1,False,30.84536616,30.84536616
Aguascalientes,Nuevas inversiones,2020,2,False,35.47049171,4.625125549999996
Aguascalientes,Nuevas inversiones,2020,3,False,35.01947647,-0.4510152399999967
Aguascalientes,Nuevas inversiones,2020,4,False,36.9733046,1.953828129999998
Aguascalientes,Nuevas inversiones,2021,1,False,63.20777273,63.20777273
Aguascalientes,Nuevas inversiones,2021,2,False,66.90539852,3.6976257900000036
Aguascalientes,Nuevas inversiones,2021,3,False,67.14340003,0.23800150999998948
Aguascalientes,Nuevas inversiones,2021,4,False,97.80373293,30.6603329
Aguascalientes,Nuevas inversiones,2022,1,False,25.05750209,25.05750209
Aguascalientes,Nuevas inversiones,2022,2,False,25.57002936,0.5125272699999996
Aguascalientes,Nuevas inversiones,2022,3,False,49.97174604,24.40171668
Aguascalientes,Nuevas inversiones,2022,4,False,44.87774742,-5.093998620000001
Aguascalientes,Nuevas inversiones,2023,1,False,0.55873953,0.55873953
Aguascalientes,Nuevas inversiones,2023,2,False,0.55591836,-0.0028211700000000395
Aguascalientes,Nuevas inversiones,2023,3,False,0.66425367,0.10833531000000007
Aguascalientes,Nuevas inversiones,2023,4,False,38.9806995,38.31644583
Aguascalientes,Nuevas inversiones,2024,1,False,0.0,0.0
Aguascalientes,Nuevas inversiones,2024,2,False,-17.99806191,-17.99806191
Aguascalientes,Nuevas inversiones,2024,3,False,-17.99779916,0.0002627500000009775
Aguascalientes,Nuevas inversiones,2024,4,False,-17.98584399,0.011955170000000237
Aguascalientes,Nuevas inversiones,2025,1,False,0.0,0.0
Aguascalientes,Nuevas inversiones,2025,2,False,-143.85933279,-143.85933279
Aguascalientes,Nuevas inversiones,2025,3,False,-81.56097933,62.29835346
Aguascalientes,Nuevas inversiones,2025,4,False,-81.5574301,0.003549229999990189
Baja California,Nuevas inversiones,2006,1,False,65.87455274,65.87455274
Baja California,Nuevas inversiones,2006,2,False,115.58761357,49.71306083
Baja California,Nuevas inversiones,2006,3,False,162.66526131,47.07764774
Baja California,Nuevas inversiones,2006,4,False,281.89610004,119.23083873000002
Baja California,Nuevas inversiones,2007,1,False,171.40419597,171.40419597
Baja California,Nuevas inversiones,2007,2,False,231.19471189,59.79051592000002
Baja California,Nuevas inversiones,2007,3,False,501.13094203,269.93623014
Baja California,Nuevas inversiones,2007,4,False,643.70445019,142.57350815999996
Baja California,Nuevas inversiones,2008,1,False,159.22972864,159.22972864
Baja California,Nuevas inversiones,2008,2,False,277.9590938,118.72936516000001
Baja California,Nuevas inversiones,2008,3,False,402.80820412,124.84911032000002
Baja California,Nuevas inversiones,2008,4,False,824.16629082,421.35808669999994
Baja California,Nuevas inversiones,2009,1,False,153.36470068,153.36470068
Baja California,Nuevas inversiones,2009,2,False,233.08793726,79.72323657999999
Baja California,Nuevas inversiones,2009,3,False,282.74234826,49.65441100000004
Baja California,Nuevas inversiones,2009,4,False,552.95068455,270.20833629
Baja California,Nuevas inversiones,2010,1,False,78.32369368,78.32369368
Baja California,Nuevas inversiones,2010,2,False,434.04257068,355.71887699999996
Baja California,Nuevas inversiones,2010,3,False,535.17777356,101.13520288000001
Baja California,Nuevas inversiones,2010,4,False,530.5334097,-4.644363859999999
Baja California,Nuevas inversiones,2011,1,False,66.43492941,66.43492941
Baja California,Nuevas inversiones,2011,2,False,54.23394756,-12.200981849999998
Baja California,Nuevas inversiones,2011,3,False,130.28739785,76.05345029
Baja California,Nuevas inversiones,2011,4,False,154.12455565,23.8371578
Baja California,Nuevas inversiones,2012,1,False,5.18594008,5.18594008
Baja California,Nuevas inversiones,2012,2,False,-71.79996625,-76.98590632999999
Baja California,Nuevas inversiones,2012,3,False,81.13499784,152.93496409
Baja California,Nuevas inversiones,2012,4,False,227.69775699,146.56275914999998
Baja California,Nuevas inversiones,2013,1,False,1.6399421,1.6399421
Baja California,Nuevas inversiones,2013,2,False,204.23830239,202.59836029
Baja California,Nuevas inversiones,2013,3,False,235.6989418,31.46063941
Baja California,Nuevas inversiones,2013,4,False,403.53930323,167.84036142999997
Baja California,Nuevas inversiones,2014,1,False,57.29676887,57.29676887
Baja California,Nuevas inversiones,2014,2,False,47.09161487,-10.205154
Baja California,Nuevas inversiones,2014,3,False,101.36545155,54.27383668
Baja California,Nuevas inversiones,2014,4,False,196.54355946,95.17810791000001
Baja California,Nuevas inversiones,2015,1,False,8.17944643,8.17944643
Baja California,Nuevas inversiones,2015,2,False,50.39855415,42.219107720000004
Baja California,Nuevas inversiones,2015,3,False,66.62162401,16.223069860000003
Baja California,Nuevas inversiones,2015,4,False,20.22955602,-46.39206799
Baja California,Nuevas inversiones,2016,1,False,150.40541378,150.40541378
Baja California,Nuevas inversiones,2016,2,False,218.07981049,67.67439671
Baja California,Nuevas inversiones,2016,3,False,288.21061953,70.13080903999997
Baja California,Nuevas inversiones,2016,4,False,467.23114319,179.02052366000004
Baja California,Nuevas inversiones,2017,1,False,88.88936866,88.88936866
Baja California,Nuevas inversiones,2017,2,False,443.36108478,354.47171612
Baja California,Nuevas inversiones,2017,3,False,459.59567117,16.234586390000004
Baja California,Nuevas inversiones,2017,4,False,483.403084,23.807412829999976
Baja California,Nuevas inversiones,2018,1,False,157.00410418,157.00410418
Baja California,Nuevas inversiones,2018,2,False,152.98322746,-4.020876720000018
Baja California,Nuevas inversiones,2018,3,False,264.84006525,111.85683779000001
Baja California,Nuevas inversiones,2018,4,False,416.3521827,151.51211745
Baja California,Nuevas inversiones,2019,1,False,60.79054408,60.79054408
Baja California,Nuevas inversiones,2019,2,False,95.79496156,35.00441748000001
Baja California,Nuevas inversiones,2019,3,False,201.27322282,105.47826126
Baja California,Nuevas inversiones,2019,4,False,373.02491857,171.75169575
Baja California,Nuevas inversiones,2020,1,False,82.61459911,82.61459911
Baja California,Nuevas inversiones,2020,2,False,84.98538839,2.370789279999997
Baja California,Nuevas inversiones,2020,3,False,123.36051026,38.37512187
Baja California,Nuevas inversiones,2020,4,False,209.50607085,86.14556058999999
Baja California,Nuevas inversiones,2021,1,False,15.58838756,15.58838756
Baja California,Nuevas inversiones,2021,2,False,1086.45049913,1070.86211157
Baja California,Nuevas inversiones,2021,3,False,1110.8663862,24.415887070000053
Baja California,Nuevas inversiones,2021,4,False,1171.12458205,60.25819584999999
Baja California,Nuevas inversiones,2022,1,False,246.05306964,246.05306964
Baja California,Nuevas inversiones,2022,2,False,296.45258084,50.399511200000006
Baja California,Nuevas inversiones,2022,3,False,344.05938615,47.60680531000003
Baja California,Nuevas inversiones,2022,4,False,480.66974739,136.61036123999997
Baja California,Nuevas inversiones,2023,1,False,17.90249159,17.90249159
Baja California,Nuevas inversiones,2023,2,False,28.84420828,10.94171669
Baja California,Nuevas inversiones,2023,3,False,122.47645403,93.63224575
Baja California,Nuevas inversiones,2023,4,False,229.29089864,106.81444461
Baja California,Nuevas inversiones,2024,1,False,8.65106297,8.65106297
Baja California,Nuevas inversiones,2024,2,False,56.74770181,48.096638840000004
Baja California,Nuevas inversiones,2024,3,False,69.18236989,12.434668080000002
Baja California,Nuevas inversiones,2024,4,False,97.1218346,27.939464709999996
Baja California,Nuevas inversiones,2025,1,False,94.18073869,94.18073869
Baja California,Nuevas inversiones,2025,2,False,145.78839614,51.607657450000005
Baja California,Nuevas inversiones,2025,3,False,190.25488643,44.466490289999996
Baja California,Nuevas inversiones,2025,4,False,228.31542755,38.06054112000001
Baja California Sur,Nuevas inversiones,2006,1,False,64.12985286,64.12985286
Baja California Sur,Nuevas inversiones,2006,2,False,176.99888411,112.86903125
Baja California Sur,Nuevas inversiones,2006,3,False,267.37653949,90.37765538000002
Baja California Sur,Nuevas inversiones,2006,4,False,301.48030202,34.10376252999998
Baja California Sur,Nuevas inversiones,2007,1,False,153.59078319,153.59078319
Baja California Sur,Nuevas inversiones,2007,2,False,304.93003418,151.33925099
Baja California Sur,Nuevas inversiones,2007,3,False,404.04829295,99.11825877000001
Baja California Sur,Nuevas inversiones,2007,4,False,560.47640183,156.42810887999997
Baja California Sur,Nuevas inversiones,2008,1,False,65.74366076,65.74366076
Baja California Sur,Nuevas inversiones,2008,2,False,127.40601572,61.66235496
Baja California Sur,Nuevas inversiones,2008,3,False,329.72224741,202.31623169000002
Baja California Sur,Nuevas inversiones,2008,4,False,430.90837625,101.18612883999998
Baja California Sur,Nuevas inversiones,2009,1,False,101.39690255,101.39690255
Baja California Sur,Nuevas inversiones,2009,2,False,165.08035353,63.68345098
Baja California Sur,Nuevas inversiones,2009,3,False,219.26774676,54.18739323
Baja California Sur,Nuevas inversiones,2009,4,False,347.19031137,127.92256461000002
Baja California Sur,Nuevas inversiones,2010,1,False,78.20378298,78.20378298
Baja California Sur,Nuevas inversiones,2010,2,False,100.91423003,22.71044705
Baja California Sur,Nuevas inversiones,2010,3,False,141.31824559,40.404015560000005
Baja California Sur,Nuevas inversiones,2010,4,False,262.37771998,121.05947438999999
Baja California Sur,Nuevas inversiones,2011,1,False,53.72888018,53.72888018
Baja California Sur,Nuevas inversiones,2011,2,False,146.87756129,93.14868110999998
Baja California Sur,Nuevas inversiones,2011,3,False,239.13374531,92.25618402
Baja California Sur,Nuevas inversiones,2011,4,False,345.80906841,106.67532310000001
Baja California Sur,Nuevas inversiones,2012,1,False,110.41657453,110.41657453
Baja California Sur,Nuevas inversiones,2012,2,False,244.85994817,134.44337364
Baja California Sur,Nuevas inversiones,2012,3,False,300.18087961,55.32093143999998
Baja California Sur,Nuevas inversiones,2012,4,False,469.81051773,169.62963812000004
Baja California Sur,Nuevas inversiones,2013,1,False,37.5304624,37.5304624
Baja California Sur,Nuevas inversiones,2013,2,False,139.79240218,102.26193978
Baja California Sur,Nuevas inversiones,2013,3,False,309.95475594,170.16235375999997
Baja California Sur,Nuevas inversiones,2013,4,False,968.34714735,658.3923914100001
Baja California Sur,Nuevas inversiones,2014,1,False,97.80041046,97.80041046
Baja California Sur,Nuevas inversiones,2014,2,False,142.22598603,44.42557557000001
Baja California Sur,Nuevas inversiones,2014,3,False,150.53977126,8.313785230000008
Baja California Sur,Nuevas inversiones,2014,4,False,210.95071851,60.41094724999999
Baja California Sur,Nuevas inversiones,2015,1,False,29.62355293,29.62355293
Baja California Sur,Nuevas inversiones,2015,2,False,137.80974613,108.1861932
Baja California Sur,Nuevas inversiones,2015,3,False,217.518322,79.70857587
Baja California Sur,Nuevas inversiones,2015,4,False,278.38458503,60.86626302999997
Baja California Sur,Nuevas inversiones,2016,1,False,34.24865573,34.24865573
Baja California Sur,Nuevas inversiones,2016,2,False,78.04245809,43.793802359999994
Baja California Sur,Nuevas inversiones,2016,3,False,121.67390587,43.63144778
Baja California Sur,Nuevas inversiones,2016,4,False,173.69475142,52.02084554999999
Baja California Sur,Nuevas inversiones,2017,1,False,87.22981671,87.22981671
Baja California Sur,Nuevas inversiones,2017,2,False,219.34791183,132.11809512
Baja California Sur,Nuevas inversiones,2017,3,False,338.4669745,119.11906267
Baja California Sur,Nuevas inversiones,2017,4,False,404.0131687,65.5461942
Baja California Sur,Nuevas inversiones,2018,1,False,89.69657972,89.69657972
Baja California Sur,Nuevas inversiones,2018,2,False,142.86110313,53.16452341
Baja California Sur,Nuevas inversiones,2018,3,False,263.43640242,120.57529928999998
Baja California Sur,Nuevas inversiones,2018,4,False,369.77388877,106.33748635
Baja California Sur,Nuevas inversiones,2019,1,False,108.26383329,108.26383329
Baja California Sur,Nuevas inversiones,2019,2,False,189.87108417,81.60725088
Baja California Sur,Nuevas inversiones,2019,3,False,258.42322518,68.55214100999999
Baja California Sur,Nuevas inversiones,2019,4,False,357.45797665,99.03475147
Baja California Sur,Nuevas inversiones,2020,1,False,191.49661375,191.49661375
Baja California Sur,Nuevas inversiones,2020,2,False,237.14058403,45.64397028000002
Baja California Sur,Nuevas inversiones,2020,3,False,306.74326891,69.60268487999997
Baja California Sur,Nuevas inversiones,2020,4,False,423.58447262,116.84120371
Baja California Sur,Nuevas inversiones,2021,1,False,191.89374181,191.89374181
Baja California Sur,Nuevas inversiones,2021,2,False,341.34140471,149.4476629
Baja California Sur,Nuevas inversiones,2021,3,False,666.21277182,324.87136710999994
Baja California Sur,Nuevas inversiones,2021,4,False,1102.28504788,436.07227606000015
Baja California Sur,Nuevas inversiones,2022,1,False,176.21802361,176.21802361
Baja California Sur,Nuevas inversiones,2022,2,False,324.84545268,148.62742907
Baja California Sur,Nuevas inversiones,2022,3,False,502.70830795,177.86285527
Baja California Sur,Nuevas inversiones,2022,4,False,692.67060478,189.96229682999996
Baja California Sur,Nuevas inversiones,2023,1,False,150.15066952,150.15066952
Baja California Sur,Nuevas inversiones,2023,2,False,492.4996947,342.34902518
Baja California Sur,Nuevas inversiones,2023,3,False,647.76428835,155.26459365
Baja California Sur,Nuevas inversiones,2023,4,False,896.74969734,248.98540899
Baja California Sur,Nuevas inversiones,2024,1,False,201.55982758,201.55982758
Baja California Sur,Nuevas inversiones,2024,2,False,509.38204272,307.82221514
Baja California Sur,Nuevas inversiones,2024,3,False,840.64724503,331.26520231
Baja California Sur,Nuevas inversiones,2024,4,False,1031.72258387,191.0753388400001
Baja California Sur,Nuevas inversiones,2025,1,False,357.88962559,357.88962559
Baja California Sur,Nuevas inversiones,2025,2,False,734.27430592,376.38468033
Baja California Sur,Nuevas inversiones,2025,3,False,1171.04249845,436.7681925300001
Baja California Sur,Nuevas inversiones,2025,4,False,1461.21145415,290.16895569999997
Campeche,Nuevas inversiones,2006,1,False,5.362513,5.362513
Campeche,Nuevas inversiones,2006,2,False,7.59842807,2.23591507
Campeche,Nuevas inversiones,2006,3,False,8.74688707,1.148459
Campeche,Nuevas inversiones,2006,4,False,18.71412207,9.967234999999999
Campeche,Nuevas inversiones,2007,1,False,3.796592,3.796592
Campeche,Nuevas inversiones,2007,2,False,61.27588,57.479288000000004
Campeche,Nuevas inversiones,2007,3,False,142.772139,81.49625900000001
Campeche,Nuevas inversiones,2007,4,False,132.056534,-10.71560500000001
Campeche,Nuevas inversiones,2008,1,False,-0.304269,-0.304269
Campeche,Nuevas inversiones,2008,2,False,0.6418765,0.9461455
Campeche,Nuevas inversiones,2008,3,False,7.5264085,6.884532
Campeche,Nuevas inversiones,2008,4,False,8.5307325,1.0043239999999996
Campeche,Nuevas inversiones,2009,1,False,2.15714389,2.15714389
Campeche,Nuevas inversiones,2009,2,False,27.70346808,25.54632419
Campeche,Nuevas inversiones,2009,3,False,28.01641708,0.3129489999999997
Campeche,Nuevas inversiones,2009,4,False,47.52078462,19.50436754
Campeche,Nuevas inversiones,2010,1,False,34.194768,34.194768
Campeche,Nuevas inversiones,2010,2,False,32.809585,-1.385183000000005
Campeche,Nuevas inversiones,2010,3,False,35.51777903,2.7081940300000014
Campeche,Nuevas inversiones,2010,4,False,42.26101895,6.743239920000001
Campeche,Nuevas inversiones,2011,1,False,-0.048585,-0.048585
Campeche,Nuevas inversiones,2011,2,False,25.41985719,25.468442189999998
Campeche,Nuevas inversiones,2011,3,False,49.00568219,23.585825000000003
Campeche,Nuevas inversiones,2011,4,False,69.62187259,20.616190399999994
Campeche,Nuevas inversiones,2012,1,False,7.94348207,7.94348207
Campeche,Nuevas inversiones,2012,2,False,-56.25220693,-64.195689
Campeche,Nuevas inversiones,2012,3,False,-7.77622443,48.4759825
Campeche,Nuevas inversiones,2012,4,False,-4.51055743,3.2656669999999997
Campeche,Nuevas inversiones,2013,1,False,28.85395593,28.85395593
Campeche,Nuevas inversiones,2013,2,False,125.93877631,97.08482038
Campeche,Nuevas inversiones,2013,3,False,150.43316821,24.494391899999997
Campeche,Nuevas inversiones,2013,4,False,256.58164002,106.14847181000002
Campeche,Nuevas inversiones,2014,1,False,18.137813,18.137813
Campeche,Nuevas inversiones,2014,2,False,58.64727956,40.50946656
Campeche,Nuevas inversiones,2014,3,False,66.68140991,8.034130349999998
Campeche,Nuevas inversiones,2014,4,False,110.92478109,44.24337118
Campeche,Nuevas inversiones,2015,1,False,7.68355897,7.68355897
Campeche,Nuevas inversiones,2015,2,False,82.26064532,74.57708635
Campeche,Nuevas inversiones,2015,3,False,325.74692016,243.48627484000002
Campeche,Nuevas inversiones,2015,4,False,335.13865384,9.391733680000016
Campeche,Nuevas inversiones,2016,1,False,-8.09382573,-8.09382573
Campeche,Nuevas inversiones,2016,2,False,-2.23714988,5.85667585
Campeche,Nuevas inversiones,2016,3,False,3.65295251,5.89010239
Campeche,Nuevas inversiones,2016,4,False,7.96815378,4.315201269999999
Campeche,Nuevas inversiones,2017,1,False,39.83971755,39.83971755
Campeche,Nuevas inversiones,2017,2,False,54.18414333,14.344425779999995
Campeche,Nuevas inversiones,2017,3,False,74.80996866,20.625825329999998
Campeche,Nuevas inversiones,2017,4,False,112.88787745,38.07790879000001
Campeche,Nuevas inversiones,2018,1,False,14.37241073,14.37241073
Campeche,Nuevas inversiones,2018,2,False,31.06873084,16.696320110000002
Campeche,Nuevas inversiones,2018,3,False,35.19729889,4.128568049999998
Campeche,Nuevas inversiones,2018,4,False,55.62031312,20.42301423
Campeche,Nuevas inversiones,2019,1,False,7.25511413,7.25511413
Campeche,Nuevas inversiones,2019,2,False,13.06841452,5.813300389999999
Campeche,Nuevas inversiones,2019,3,False,45.18878,32.120365480000004
Campeche,Nuevas inversiones,2019,4,False,82.94496196,37.75618196
Campeche,Nuevas inversiones,2020,1,False,18.55365491,18.55365491
Campeche,Nuevas inversiones,2020,2,False,25.03639345,6.48273854
Campeche,Nuevas inversiones,2020,3,False,105.13743171,80.10103826
Campeche,Nuevas inversiones,2020,4,False,122.87725533,17.739823619999996
Campeche,Nuevas inversiones,2021,1,False,0.11764519,0.11764519
Campeche,Nuevas inversiones,2021,2,False,33.16859787,33.05095268
Campeche,Nuevas inversiones,2021,3,False,138.93790893,105.76931105999999
Campeche,Nuevas inversiones,2021,4,False,137.01964955,-1.918259379999995
Campeche,Nuevas inversiones,2022,1,False,55.807273,55.807273
Campeche,Nuevas inversiones,2022,2,False,56.79719705,0.9899240499999991
Campeche,Nuevas inversiones,2022,3,False,60.87248898,4.075291929999999
Campeche,Nuevas inversiones,2022,4,False,61.17912764,0.3066386599999973
Campeche,Nuevas inversiones,2023,1,False,0.53766455,0.53766455
Campeche,Nuevas inversiones,2023,2,False,2.14245363,1.6047890799999998
Campeche,Nuevas inversiones,2023,3,False,3.43526473,1.2928111000000002
Campeche,Nuevas inversiones,2023,4,False,4.64327839,1.2080136599999998
Campeche,Nuevas inversiones,2024,1,False,0.22947328,0.22947328
Campeche,Nuevas inversiones,2024,2,False,1.53394892,1.3044756400000002
Campeche,Nuevas inversiones,2024,3,False,1.95951789,0.42556897000000005
Campeche,Nuevas inversiones,2024,4,False,5.09768542,3.1381675300000005
Campeche,Nuevas inversiones,2025,1,False,0.0,0.0
Campeche,Nuevas inversiones,2025,2,False,1.38550232,1.38550232
Campeche,Nuevas inversiones,2025,3,False,1.43672212,0.051219799999999926
Campeche,Nuevas inversiones,2025,4,False,1.99075075,0.5540286299999999
Chiapas,Nuevas inversiones,2006,1,False,-2.971336,-2.971336
Chiapas,Nuevas inversiones,2006,2,False,2.563499,5.534835
Chiapas,Nuevas inversiones,2006,3,False,2.933479,0.36998
Chiapas,Nuevas inversiones,2006,4,False,23.700651,20.767172000000002
Chiapas,Nuevas inversiones,2007,1,False,27.227975,27.227975
Chiapas,Nuevas inversiones,2007,2,False,33.446049,6.218074000000001
Chiapas,Nuevas inversiones,2007,3,False,55.399444,21.953395
Chiapas,Nuevas inversiones,2007,4,False,116.755033,61.355588999999995
Chiapas,Nuevas inversiones,2008,1,False,-1.484011,-1.484011
Chiapas,Nuevas inversiones,2008,2,False,0.857953,2.341964
Chiapas,Nuevas inversiones,2008,3,False,19.400043,18.54209
Chiapas,Nuevas inversiones,2008,4,False,24.122467,4.722424
Chiapas,Nuevas inversiones,2009,1,False,1.151138,1.151138
Chiapas,Nuevas inversiones,2009,2,False,31.98728719,30.83614919
Chiapas,Nuevas inversiones,2009,3,False,34.95067019,2.9633829999999968
Chiapas,Nuevas inversiones,2009,4,False,76.56401819,41.613348
Chiapas,Nuevas inversiones,2010,1,False,31.683688,31.683688
Chiapas,Nuevas inversiones,2010,2,False,32.721037,1.0373490000000025
Chiapas,Nuevas inversiones,2010,3,False,42.05734715,9.336310149999996
Chiapas,Nuevas inversiones,2010,4,False,47.67151915,5.6141720000000035
Chiapas,Nuevas inversiones,2011,1,False,-0.594419,-0.594419
Chiapas,Nuevas inversiones,2011,2,False,6.720697,7.315116000000001
Chiapas,Nuevas inversiones,2011,3,False,14.583092,7.862395
Chiapas,Nuevas inversiones,2011,4,False,22.492718,7.909625999999999
Chiapas,Nuevas inversiones,2012,1,False,23.43634672,23.43634672
Chiapas,Nuevas inversiones,2012,2,False,19.49823752,-3.9381091999999995
Chiapas,Nuevas inversiones,2012,3,False,36.38642063,16.888183110000003
Chiapas,Nuevas inversiones,2012,4,False,51.05676603,14.670345399999995
Chiapas,Nuevas inversiones,2013,1,False,-5.819462,-5.819462
Chiapas,Nuevas inversiones,2013,2,False,48.74938746,54.56884946
Chiapas,Nuevas inversiones,2013,3,False,64.40467384,15.65528638
Chiapas,Nuevas inversiones,2013,4,False,59.2222636,-5.182410240000003
Chiapas,Nuevas inversiones,2014,1,False,7.46229839,7.46229839
Chiapas,Nuevas inversiones,2014,2,False,-68.35911761,-75.821416
Chiapas,Nuevas inversiones,2014,3,False,-77.18535657,-8.826238959999998
Chiapas,Nuevas inversiones,2014,4,False,-72.49988207,4.685474499999998
Chiapas,Nuevas inversiones,2015,1,False,12.28178605,12.28178605
Chiapas,Nuevas inversiones,2015,2,False,14.69327471,2.4114886600000016
Chiapas,Nuevas inversiones,2015,3,False,88.64766003,73.95438532
Chiapas,Nuevas inversiones,2015,4,False,128.11321966,39.46555963
Chiapas,Nuevas inversiones,2016,1,False,8.64033291,8.64033291
Chiapas,Nuevas inversiones,2016,2,False,17.34418794,8.703855030000001
Chiapas,Nuevas inversiones,2016,3,False,26.82191369,9.477725749999998
Chiapas,Nuevas inversiones,2016,4,False,54.90635017,28.084436480000004
Chiapas,Nuevas inversiones,2017,1,False,63.59362819,63.59362819
Chiapas,Nuevas inversiones,2017,2,False,76.69340725,13.09977906000001
Chiapas,Nuevas inversiones,2017,3,False,82.14458508,5.451177829999992
Chiapas,Nuevas inversiones,2017,4,False,107.59257037,25.447985290000005
Chiapas,Nuevas inversiones,2018,1,False,10.67553026,10.67553026
Chiapas,Nuevas inversiones,2018,2,False,15.26758225,4.59205199
Chiapas,Nuevas inversiones,2018,3,False,15.86188571,0.594303459999999
Chiapas,Nuevas inversiones,2018,4,False,-14.91210128,-30.773986989999997
Chiapas,Nuevas inversiones,2019,1,False,54.79388546,54.79388546
Chiapas,Nuevas inversiones,2019,2,False,61.74236055,6.948475090000002
Chiapas,Nuevas inversiones,2019,3,False,104.98297033,43.24060978
Chiapas,Nuevas inversiones,2019,4,False,156.23540769,51.25243735999999
Chiapas,Nuevas inversiones,2020,1,False,30.7933287,30.7933287
Chiapas,Nuevas inversiones,2020,2,False,25.73844693,-5.0548817700000015
Chiapas,Nuevas inversiones,2020,3,False,43.162038,17.423591070000004
Chiapas,Nuevas inversiones,2020,4,False,61.27133469,18.10929669
Chiapas,Nuevas inversiones,2021,1,False,3.44243208,3.44243208
Chiapas,Nuevas inversiones,2021,2,False,7.42480384,3.98237176
Chiapas,Nuevas inversiones,2021,3,False,9.86595046,2.4411466200000005
Chiapas,Nuevas inversiones,2021,4,False,10.86600358,1.0000531199999987
Chiapas,Nuevas inversiones,2022,1,False,88.98702814,88.98702814
Chiapas,Nuevas inversiones,2022,2,False,89.94287586,0.9558477199999942
Chiapas,Nuevas inversiones,2022,3,False,93.60422207,3.661346210000005
Chiapas,Nuevas inversiones,2022,4,False,94.90917752,1.3049554499999942
Chiapas,Nuevas inversiones,2023,1,False,0.0,0.0
Chiapas,Nuevas inversiones,2023,2,False,0.20020194,0.20020194
Chiapas,Nuevas inversiones,2023,3,False,0.24666297,0.046461030000000014
Chiapas,Nuevas inversiones,2023,4,False,0.24666297,0.0
Chiapas,Nuevas inversiones,2024,1,False,0.0,0.0
Chiapas,Nuevas inversiones,2024,2,False,0.0,0.0
Chiapas,Nuevas inversiones,2024,3,False,0.0,0.0
Chiapas,Nuevas inversiones,2024,4,False,0.0,0.0
Chiapas,Nuevas inversiones,2025,1,False,0.0,0.0
Chiapas,Nuevas inversiones,2025,2,False,0.0,0.0
Chiapas,Nuevas inversiones,2025,3,False,0.0,0.0
Chiapas,Nuevas inversiones,2025,4,False,0.0,0.0
Chihuahua,Nuevas inversiones,2006,1,False,77.501509,77.501509
Chihuahua,Nuevas inversiones,2006,2,False,191.47228,113.97077100000001
Chihuahua,Nuevas inversiones,2006,3,False,215.255232,23.782951999999995
Chihuahua,Nuevas inversiones,2006,4,False,429.468167,214.212935
Chihuahua,Nuevas inversiones,2007,1,False,109.321635,109.321635
Chihuahua,Nuevas inversiones,2007,2,False,116.664572,7.342937000000006
Chihuahua,Nuevas inversiones,2007,3,False,362.69788,246.03330799999998
Chihuahua,Nuevas inversiones,2007,4,False,734.180797,371.482917
Chihuahua,Nuevas inversiones,2008,1,False,37.784232,37.784232
Chihuahua,Nuevas inversiones,2008,2,False,108.313048,70.52881599999999
Chihuahua,Nuevas inversiones,2008,3,False,289.32677128,181.01372328000002
Chihuahua,Nuevas inversiones,2008,4,False,436.51103728,147.18426599999998
Chihuahua,Nuevas inversiones,2009,1,False,242.76792103,242.76792103
Chihuahua,Nuevas inversiones,2009,2,False,273.6694853,30.901564270000023
Chihuahua,Nuevas inversiones,2009,3,False,324.4150863,50.745600999999965
Chihuahua,Nuevas inversiones,2009,4,False,482.1562893,157.74120300000004
Chihuahua,Nuevas inversiones,2010,1,False,86.46897654,86.46897654
Chihuahua,Nuevas inversiones,2010,2,False,330.844942,244.37596546
Chihuahua,Nuevas inversiones,2010,3,False,486.22507408,155.38013208
Chihuahua,Nuevas inversiones,2010,4,False,764.64864487,278.42357079
Chihuahua,Nuevas inversiones,2011,1,False,14.41902042,14.41902042
Chihuahua,Nuevas inversiones,2011,2,False,68.58520282,54.166182400000004
Chihuahua,Nuevas inversiones,2011,3,False,153.10664173,84.52143891
Chihuahua,Nuevas inversiones,2011,4,False,204.8637406,51.75709886999999
Chihuahua,Nuevas inversiones,2012,1,False,131.82615101,131.82615101
Chihuahua,Nuevas inversiones,2012,2,False,129.33766689,-2.488484119999981
Chihuahua,Nuevas inversiones,2012,3,False,178.43691489,49.09924799999999
Chihuahua,Nuevas inversiones,2012,4,False,-63.72916532,-242.16608021
Chihuahua,Nuevas inversiones,2013,1,False,14.51553966,14.51553966
Chihuahua,Nuevas inversiones,2013,2,False,243.75705504,229.24151538
Chihuahua,Nuevas inversiones,2013,3,False,-37.89886979,-281.65592483
Chihuahua,Nuevas inversiones,2013,4,False,212.53102822,250.42989801
Chihuahua,Nuevas inversiones,2014,1,False,190.12339845,190.12339845
Chihuahua,Nuevas inversiones,2014,2,False,88.55759574,-101.56580271
Chihuahua,Nuevas inversiones,2014,3,False,74.11507607,-14.442519669999996
Chihuahua,Nuevas inversiones,2014,4,False,99.22186344,25.106787370000006
Chihuahua,Nuevas inversiones,2015,1,False,-41.896584,-41.896584
Chihuahua,Nuevas inversiones,2015,2,False,33.71463993,75.61122393
Chihuahua,Nuevas inversiones,2015,3,False,883.40994833,849.6953084
Chihuahua,Nuevas inversiones,2015,4,False,843.30546041,-40.10448792
Chihuahua,Nuevas inversiones,2016,1,False,42.52926651,42.52926651
Chihuahua,Nuevas inversiones,2016,2,False,128.18060597,85.65133945999999
Chihuahua,Nuevas inversiones,2016,3,False,248.01112418,119.83051821000001
Chihuahua,Nuevas inversiones,2016,4,False,392.96731565,144.95619147
Chihuahua,Nuevas inversiones,2017,1,False,63.20869755,63.20869755
Chihuahua,Nuevas inversiones,2017,2,False,153.37403789,90.16534034000001
Chihuahua,Nuevas inversiones,2017,3,False,285.76712,132.39308210999997
Chihuahua,Nuevas inversiones,2017,4,False,320.27735508,34.51023508000003
Chihuahua,Nuevas inversiones,2018,1,False,18.3743667,18.3743667
Chihuahua,Nuevas inversiones,2018,2,False,34.84755765,16.47319095
Chihuahua,Nuevas inversiones,2018,3,False,146.16059842,111.31304077000001
Chihuahua,Nuevas inversiones,2018,4,False,118.28822414,-27.872374280000017
Chihuahua,Nuevas inversiones,2019,1,False,39.70353395,39.70353395
Chihuahua,Nuevas inversiones,2019,2,False,75.6629825,35.95944855
Chihuahua,Nuevas inversiones,2019,3,False,145.07745172,69.41446922
Chihuahua,Nuevas inversiones,2019,4,False,226.88738442,81.80993269999999
Chihuahua,Nuevas inversiones,2020,1,False,60.44208321,60.44208321
Chihuahua,Nuevas inversiones,2020,2,False,9.01565091,-51.4264323
Chihuahua,Nuevas inversiones,2020,3,False,31.50771449,22.49206358
Chihuahua,Nuevas inversiones,2020,4,False,-19.09113068,-50.598845170000004
Chihuahua,Nuevas inversiones,2021,1,False,46.98486939,46.98486939
Chihuahua,Nuevas inversiones,2021,2,False,121.04323472,74.05836533
Chihuahua,Nuevas inversiones,2021,3,False,161.4925907,40.44935597999999
Chihuahua,Nuevas inversiones,2021,4,False,410.11119139,248.61860069
Chihuahua,Nuevas inversiones,2022,1,False,135.95939212,135.95939212
Chihuahua,Nuevas inversiones,2022,2,False,173.3082805,37.348888380000005
Chihuahua,Nuevas inversiones,2022,3,False,422.75654575,249.44826525
Chihuahua,Nuevas inversiones,2022,4,False,528.91865973,106.16211397999996
Chihuahua,Nuevas inversiones,2023,1,False,7.19030583,7.19030583
Chihuahua,Nuevas inversiones,2023,2,False,32.02267103,24.832365199999998
Chihuahua,Nuevas inversiones,2023,3,False,-15.3767233,-47.39939433
Chihuahua,Nuevas inversiones,2023,4,False,-90.76776113,-75.39103783
Chihuahua,Nuevas inversiones,2024,1,False,251.27321451,251.27321451
Chihuahua,Nuevas inversiones,2024,2,False,251.67021612,0.39700160999998957
Chihuahua,Nuevas inversiones,2024,3,False,321.39771014,69.72749402000002
Chihuahua,Nuevas inversiones,2024,4,False,321.65181326,0.25410311999996793
Chihuahua,Nuevas inversiones,2025,1,False,97.66325732,97.66325732
Chihuahua,Nuevas inversiones,2025,2,False,98.00985646,0.34659913999999503
Chihuahua,Nuevas inversiones,2025,3,False,40.86224122,-57.14761523999999
Chihuahua,Nuevas inversiones,2025,4,False,30.06415646,-10.798084760000002
Ciudad de México,Nuevas inversiones,2006,1,False,447.735034,447.735034
Ciudad de México,Nuevas inversiones,2006,2,False,1011.472928,563.7378940000001
Ciudad de México,Nuevas inversiones,2006,3,False,1176.30311509,164.83018708999987
Ciudad de México,Nuevas inversiones,2006,4,False,1819.21414109,642.9110260000002
Ciudad de México,Nuevas inversiones,2007,1,False,1051.1159098,1051.1159098
Ciudad de México,Nuevas inversiones,2007,2,False,1212.92377561,161.80786580999984
Ciudad de México,Nuevas inversiones,2007,3,False,2099.53903358,886.6152579699999
Ciudad de México,Nuevas inversiones,2007,4,False,3351.7869827,1252.2479491200002
Ciudad de México,Nuevas inversiones,2008,1,False,1168.70409697,1168.70409697
Ciudad de México,Nuevas inversiones,2008,2,False,1718.68333044,549.97923347
Ciudad de México,Nuevas inversiones,2008,3,False,2385.50170559,666.8183751499998
Ciudad de México,Nuevas inversiones,2008,4,False,4731.34843494,2345.84672935
Ciudad de México,Nuevas inversiones,2009,1,False,475.29191508,475.29191508
Ciudad de México,Nuevas inversiones,2009,2,False,724.73307839,249.44116330999992
Ciudad de México,Nuevas inversiones,2009,3,False,999.52803504,274.79495665
Ciudad de México,Nuevas inversiones,2009,4,False,2557.94130892,1558.4132738800004
Ciudad de México,Nuevas inversiones,2010,1,False,677.52207107,677.52207107
Ciudad de México,Nuevas inversiones,2010,2,False,841.80746113,164.28539005999994
Ciudad de México,Nuevas inversiones,2010,3,False,1268.34571106,426.53824993
Ciudad de México,Nuevas inversiones,2010,4,False,1997.11760655,728.7718954899999
Ciudad de México,Nuevas inversiones,2011,1,False,1497.67123282,1497.67123282
Ciudad de México,Nuevas inversiones,2011,2,False,1880.84841552,383.1771827
Ciudad de México,Nuevas inversiones,2011,3,False,2641.39207319,760.5436576699999
Ciudad de México,Nuevas inversiones,2011,4,False,3286.42808004,645.0360068500004
Ciudad de México,Nuevas inversiones,2012,1,False,165.86234116,165.86234116
Ciudad de México,Nuevas inversiones,2012,2,False,1002.63079812,836.76845696
Ciudad de México,Nuevas inversiones,2012,3,False,1464.96885087,462.3380527500001
Ciudad de México,Nuevas inversiones,2012,4,False,-958.09398684,-2423.06283771
Ciudad de México,Nuevas inversiones,2013,1,False,68.08510506,68.08510506
Ciudad de México,Nuevas inversiones,2013,2,False,1402.28300417,1334.19789911
Ciudad de México,Nuevas inversiones,2013,3,False,1038.76711281,-363.51589135999984
Ciudad de México,Nuevas inversiones,2013,4,False,1661.87738702,623.11027421
Ciudad de México,Nuevas inversiones,2014,1,False,463.61996926,463.61996926
Ciudad de México,Nuevas inversiones,2014,2,False,26.35171092,-437.26825834
Ciudad de México,Nuevas inversiones,2014,3,False,164.18725934,137.83554842
Ciudad de México,Nuevas inversiones,2014,4,False,1279.22732614,1115.0400668
Ciudad de México,Nuevas inversiones,2015,1,False,1175.55975672,1175.55975672
Ciudad de México,Nuevas inversiones,2015,2,False,1661.87659701,486.3168402900001
Ciudad de México,Nuevas inversiones,2015,3,False,2132.01568127,470.1390842600001
Ciudad de México,Nuevas inversiones,2015,4,False,2386.2357454,254.22006412999963
Ciudad de México,Nuevas inversiones,2016,1,False,1536.59915242,1536.59915242
Ciudad de México,Nuevas inversiones,2016,2,False,2019.89419368,483.29504125999983
Ciudad de México,Nuevas inversiones,2016,3,False,2423.5789901,403.6847964199999
Ciudad de México,Nuevas inversiones,2016,4,False,3150.2680007,726.6890106000001
Ciudad de México,Nuevas inversiones,2017,1,False,726.19428361,726.19428361
Ciudad de México,Nuevas inversiones,2017,2,False,1207.70986388,481.5155802700001
Ciudad de México,Nuevas inversiones,2017,3,False,1899.41292104,691.7030571599998
Ciudad de México,Nuevas inversiones,2017,4,False,2582.52947966,683.1165586200002
Ciudad de México,Nuevas inversiones,2018,1,False,608.27011598,608.27011598
Ciudad de México,Nuevas inversiones,2018,2,False,1032.66608442,424.39596844000005
Ciudad de México,Nuevas inversiones,2018,3,False,1494.00025904,461.3341746199999
Ciudad de México,Nuevas inversiones,2018,4,False,2262.04971749,768.0494584500002
Ciudad de México,Nuevas inversiones,2019,1,False,812.78940593,812.78940593
Ciudad de México,Nuevas inversiones,2019,2,False,1791.55313437,978.7637284399999
Ciudad de México,Nuevas inversiones,2019,3,False,2947.01603325,1155.46289888
Ciudad de México,Nuevas inversiones,2019,4,False,3982.30363206,1035.28759881
Ciudad de México,Nuevas inversiones,2020,1,False,555.07356618,555.07356618
Ciudad de México,Nuevas inversiones,2020,2,False,754.15825466,199.08468848000007
Ciudad de México,Nuevas inversiones,2020,3,False,896.40210595,142.24385128999995
Ciudad de México,Nuevas inversiones,2020,4,False,1546.59297263,650.1908666800001
Ciudad de México,Nuevas inversiones,2021,1,False,329.59390844,329.59390844
Ciudad de México,Nuevas inversiones,2021,2,False,850.10168443,520.50777599
Ciudad de México,Nuevas inversiones,2021,3,False,1427.32762853,577.2259441000001
Ciudad de México,Nuevas inversiones,2021,4,False,3646.66146418,2219.33383565
Ciudad de México,Nuevas inversiones,2022,1,False,5477.47951295,5477.47951295
Ciudad de México,Nuevas inversiones,2022,2,False,6594.70232665,1117.2228137000002
Ciudad de México,Nuevas inversiones,2022,3,False,6899.09528619,304.39295953999954
Ciudad de México,Nuevas inversiones,2022,4,False,7434.40315992,535.3078737300002
Ciudad de México,Nuevas inversiones,2023,1,False,750.45731325,750.45731325
Ciudad de México,Nuevas inversiones,2023,2,False,1046.04108275,295.5837695
Ciudad de México,Nuevas inversiones,2023,3,False,890.52901451,-155.51206823999996
Ciudad de México,Nuevas inversiones,2023,4,False,1212.9025654,322.37355088999993
Ciudad de México,Nuevas inversiones,2024,1,False,24.91023617,24.91023617
Ciudad de México,Nuevas inversiones,2024,2,False,360.34559776,335.43536158999996
Ciudad de México,Nuevas inversiones,2024,3,False,287.44873764,-72.89686011999999
Ciudad de México,Nuevas inversiones,2024,4,False,758.93103799,471.48230035000006
Ciudad de México,Nuevas inversiones,2025,1,False,1025.14670387,1025.14670387
Ciudad de México,Nuevas inversiones,2025,2,False,1421.29147598,396.1447721100001
Ciudad de México,Nuevas inversiones,2025,3,False,3702.56085993,2281.26938395
Ciudad de México,Nuevas inversiones,2025,4,False,2827.78071738,-874.7801425499997
Coahuila,Nuevas inversiones,2006,1,False,68.90137,68.90137
Coahuila,Nuevas inversiones,2006,2,False,104.954283,36.052913000000004
Coahuila,Nuevas inversiones,2006,3,False,116.683844,11.72956099999999
Coahuila,Nuevas inversiones,2006,4,False,220.663304,103.97946000000002
Coahuila,Nuevas inversiones,2007,1,False,23.368886,23.368886
Coahuila,Nuevas inversiones,2007,2,False,4.50853287,-18.86035313
Coahuila,Nuevas inversiones,2007,3,False,129.39237987,124.88384700000002
Coahuila,Nuevas inversiones,2007,4,False,246.32133587,116.928956
Coahuila,Nuevas inversiones,2008,1,False,83.183831,83.183831
Coahuila,Nuevas inversiones,2008,2,False,158.211224,75.02739299999999
Coahuila,Nuevas inversiones,2008,3,False,207.463921,49.25269700000001
Coahuila,Nuevas inversiones,2008,4,False,349.098372,141.63445099999998
Coahuila,Nuevas inversiones,2009,1,False,115.654288,115.654288
Coahuila,Nuevas inversiones,2009,2,False,208.90911572,93.25482772
Coahuila,Nuevas inversiones,2009,3,False,218.19073072,9.281615000000016
Coahuila,Nuevas inversiones,2009,4,False,293.53584672,75.34511599999999
Coahuila,Nuevas inversiones,2010,1,False,38.982987,38.982987
Coahuila,Nuevas inversiones,2010,2,False,138.871866,99.888879
Coahuila,Nuevas inversiones,2010,3,False,304.534935,165.663069
Coahuila,Nuevas inversiones,2010,4,False,394.23516782,89.70023282
Coahuila,Nuevas inversiones,2011,1,False,3.51891779,3.51891779
Coahuila,Nuevas inversiones,2011,2,False,15.76950851,12.25059072
Coahuila,Nuevas inversiones,2011,3,False,76.34253674,60.57302823
Coahuila,Nuevas inversiones,2011,4,False,189.5552125,113.21267576000001
Coahuila,Nuevas inversiones,2012,1,False,15.71161606,15.71161606
Coahuila,Nuevas inversiones,2012,2,False,32.40234333,16.69072727
Coahuila,Nuevas inversiones,2012,3,False,65.83272751,33.43038418
Coahuila,Nuevas inversiones,2012,4,False,114.55177451,48.719047
Coahuila,Nuevas inversiones,2013,1,False,20.67750798,20.67750798
Coahuila,Nuevas inversiones,2013,2,False,901.82711791,881.14960993
Coahuila,Nuevas inversiones,2013,3,False,825.04227416,-76.78484374999994
Coahuila,Nuevas inversiones,2013,4,False,1026.50586662,201.46359245999997
Coahuila,Nuevas inversiones,2014,1,False,-12.70355869,-12.70355869
Coahuila,Nuevas inversiones,2014,2,False,54.35209531,67.055654
Coahuila,Nuevas inversiones,2014,3,False,24.34414031,-30.007955000000003
Coahuila,Nuevas inversiones,2014,4,False,260.06083085,235.71669054
Coahuila,Nuevas inversiones,2015,1,False,479.73468162,479.73468162
Coahuila,Nuevas inversiones,2015,2,False,627.16234753,147.42766591000003
Coahuila,Nuevas inversiones,2015,3,False,965.96563798,338.80329044999996
Coahuila,Nuevas inversiones,2015,4,False,961.14060169,-4.825036289999957
Coahuila,Nuevas inversiones,2016,1,False,103.186616,103.186616
Coahuila,Nuevas inversiones,2016,2,False,49.74086037,-53.44575563
Coahuila,Nuevas inversiones,2016,3,False,189.05640035,139.31553997999998
Coahuila,Nuevas inversiones,2016,4,False,860.79231829,671.73591794
Coahuila,Nuevas inversiones,2017,1,False,30.32539297,30.32539297
Coahuila,Nuevas inversiones,2017,2,False,341.5801063,311.25471333
Coahuila,Nuevas inversiones,2017,3,False,454.90513533,113.32502903
Coahuila,Nuevas inversiones,2017,4,False,495.20354702,40.298411689999966
Coahuila,Nuevas inversiones,2018,1,False,24.61936692,24.61936692
Coahuila,Nuevas inversiones,2018,2,False,214.14516033,189.52579341
Coahuila,Nuevas inversiones,2018,3,False,849.75233796,635.60717763
Coahuila,Nuevas inversiones,2018,4,False,1006.64657806,156.89424010000005
Coahuila,Nuevas inversiones,2019,1,False,112.99726175,112.99726175
Coahuila,Nuevas inversiones,2019,2,False,135.29753191,22.300270159999997
Coahuila,Nuevas inversiones,2019,3,False,389.36142001,254.0638881
Coahuila,Nuevas inversiones,2019,4,False,497.58983815,108.22841813999997
Coahuila,Nuevas inversiones,2020,1,False,69.72840322,69.72840322
Coahuila,Nuevas inversiones,2020,2,False,185.05308269,115.32467946999999
Coahuila,Nuevas inversiones,2020,3,False,185.66414681,0.6110641200000089
Coahuila,Nuevas inversiones,2020,4,False,279.31935419,93.65520738000001
Coahuila,Nuevas inversiones,2021,1,False,-0.97228383,-0.97228383
Coahuila,Nuevas inversiones,2021,2,False,83.71176487,84.68404869999999
Coahuila,Nuevas inversiones,2021,3,False,312.6122058,228.90044093000003
Coahuila,Nuevas inversiones,2021,4,False,358.45993741,45.84773160999998
Coahuila,Nuevas inversiones,2022,1,False,290.62116077,290.62116077
Coahuila,Nuevas inversiones,2022,2,False,351.69384079,61.07268002000001
Coahuila,Nuevas inversiones,2022,3,False,545.14872174,193.45488095000002
Coahuila,Nuevas inversiones,2022,4,False,680.44514484,135.29642309999997
Coahuila,Nuevas inversiones,2023,1,False,28.59398797,28.59398797
Coahuila,Nuevas inversiones,2023,2,False,60.23308209,31.639094120000003
Coahuila,Nuevas inversiones,2023,3,False,140.84819522,80.61511313
Coahuila,Nuevas inversiones,2023,4,False,175.55168954,34.703494320000004
Coahuila,Nuevas inversiones,2024,1,False,0.08658174,0.08658174
Coahuila,Nuevas inversiones,2024,2,False,5.18371068,5.09712894
Coahuila,Nuevas inversiones,2024,3,False,69.10259989,63.918889209999996
Coahuila,Nuevas inversiones,2024,4,False,69.15487575,0.052275860000008834
Coahuila,Nuevas inversiones,2025,1,False,15.20462479,15.20462479
Coahuila,Nuevas inversiones,2025,2,False,22.02561714,6.820992350000001
Coahuila,Nuevas inversiones,2025,3,False,123.96784935,101.94223220999999
Coahuila,Nuevas inversiones,2025,4,False,129.62273465,5.654885300000018
Colima,Nuevas inversiones,2006,1,False,49.192958,49.192958
Colima,Nuevas inversiones,2006,2,False,58.9207309,9.727772900000005
Colima,Nuevas inversiones,2006,3,False,63.95144554,5.030714639999999
Colima,Nuevas inversiones,2006,4,False,74.66469355,10.713248009999994
Colima,Nuevas inversiones,2007,1,False,12.774136,12.774136
Colima,Nuevas inversiones,2007,2,False,15.45166252,2.677526519999999
Colima,Nuevas inversiones,2007,3,False,15.5224059,0.07074338000000147
Colima,Nuevas inversiones,2007,4,False,84.5106997,68.98829380000001
Colima,Nuevas inversiones,2008,1,False,-5.61584221,-5.61584221
Colima,Nuevas inversiones,2008,2,False,107.49212536,113.10796757
Colima,Nuevas inversiones,2008,3,False,114.03490869,6.542783329999992
Colima,Nuevas inversiones,2008,4,False,138.74157669,24.706667999999993
Colima,Nuevas inversiones,2009,1,False,54.38750665,54.38750665
Colima,Nuevas inversiones,2009,2,False,63.78267109,9.395164440000002
Colima,Nuevas inversiones,2009,3,False,94.41558596,30.63291487
Colima,Nuevas inversiones,2009,4,False,131.98953596,37.57395000000001
Colima,Nuevas inversiones,2010,1,False,13.00109681,13.00109681
Colima,Nuevas inversiones,2010,2,False,24.69912981,11.698032999999999
Colima,Nuevas inversiones,2010,3,False,42.54856415,17.84943434
Colima,Nuevas inversiones,2010,4,False,57.72278915,15.174225
Colima,Nuevas inversiones,2011,1,False,5.00697272,5.00697272
Colima,Nuevas inversiones,2011,2,False,29.24216472,24.235192
Colima,Nuevas inversiones,2011,3,False,35.52052293,6.278358209999997
Colima,Nuevas inversiones,2011,4,False,42.29457211,6.774049179999999
Colima,Nuevas inversiones,2012,1,False,3.20748781,3.20748781
Colima,Nuevas inversiones,2012,2,False,28.24462281,25.037135
Colima,Nuevas inversiones,2012,3,False,29.03842381,0.793801000000002
Colima,Nuevas inversiones,2012,4,False,55.48429383,26.445870019999997
Colima,Nuevas inversiones,2013,1,False,-0.59555537,-0.59555537
Colima,Nuevas inversiones,2013,2,False,40.53725463,41.13281
Colima,Nuevas inversiones,2013,3,False,34.43186363,-6.105390999999997
Colima,Nuevas inversiones,2013,4,False,49.856089,15.424225369999995
Colima,Nuevas inversiones,2014,1,False,4.09029758,4.09029758
Colima,Nuevas inversiones,2014,2,False,-30.40933989,-34.499637469999996
Colima,Nuevas inversiones,2014,3,False,37.387408,67.79674789
Colima,Nuevas inversiones,2014,4,False,58.35221081,20.964802810000002
Colima,Nuevas inversiones,2015,1,False,77.30872726,77.30872726
Colima,Nuevas inversiones,2015,2,False,48.32289261,-28.98583465
Colima,Nuevas inversiones,2015,3,False,59.96668872,11.643796110000004
Colima,Nuevas inversiones,2015,4,False,47.24948772,-12.717201000000003
Colima,Nuevas inversiones,2016,1,False,2.02422068,2.02422068
Colima,Nuevas inversiones,2016,2,False,43.07339558,41.049174900000004
Colima,Nuevas inversiones,2016,3,False,50.03456505,6.961169469999994
Colima,Nuevas inversiones,2016,4,False,91.10325459,41.06868954000001
Colima,Nuevas inversiones,2017,1,False,46.89696139,46.89696139
Colima,Nuevas inversiones,2017,2,False,54.24735355,7.350392159999998
Colima,Nuevas inversiones,2017,3,False,53.27706091,-0.9702926399999967
Colima,Nuevas inversiones,2017,4,False,61.48711587,8.210054959999994
Colima,Nuevas inversiones,2018,1,False,7.94426204,7.94426204
Colima,Nuevas inversiones,2018,2,False,10.12441305,2.1801510099999994
Colima,Nuevas inversiones,2018,3,False,18.69531642,8.570903370000002
Colima,Nuevas inversiones,2018,4,False,31.45663405,12.76131763
Colima,Nuevas inversiones,2019,1,False,7.82773986,7.82773986
Colima,Nuevas inversiones,2019,2,False,10.44417768,2.616437819999999
Colima,Nuevas inversiones,2019,3,False,20.9547595,10.510581820000002
Colima,Nuevas inversiones,2019,4,False,30.71673686,9.76197736
Colima,Nuevas inversiones,2020,1,False,17.33481878,17.33481878
Colima,Nuevas inversiones,2020,2,False,8.4096394,-8.92517938
Colima,Nuevas inversiones,2020,3,False,9.86775516,1.45811576
Colima,Nuevas inversiones,2020,4,False,22.49751722,12.62976206
Colima,Nuevas inversiones,2021,1,False,-0.75314047,-0.75314047
Colima,Nuevas inversiones,2021,2,False,0.39867687,1.15181734
Colima,Nuevas inversiones,2021,3,False,1.01254371,0.61386684
Colima,Nuevas inversiones,2021,4,False,3.63447545,2.62193174
Colima,Nuevas inversiones,2022,1,False,3.23893586,3.23893586
Colima,Nuevas inversiones,2022,2,False,9.09598049,5.857044630000001
Colima,Nuevas inversiones,2022,3,False,26.19694412,17.100963630000003
Colima,Nuevas inversiones,2022,4,False,42.34310433,16.14616021
Colima,Nuevas inversiones,2023,1,False,0.0,0.0
Colima,Nuevas inversiones,2023,2,False,0.57528639,0.57528639
Colima,Nuevas inversiones,2023,3,False,1.13366815,0.5583817600000001
Colima,Nuevas inversiones,2023,4,False,2.45795727,1.32428912
Colima,Nuevas inversiones,2024,1,False,0.35443664,0.35443664
Colima,Nuevas inversiones,2024,2,False,-1.16333842,-1.5177750600000002
Colima,Nuevas inversiones,2024,3,False,-0.45898363,0.7043547900000001
Colima,Nuevas inversiones,2024,4,False,1.18411514,1.64309877
Colima,Nuevas inversiones,2025,1,False,1.00844593,1.00844593
Colima,Nuevas inversiones,2025,2,False,1.42868966,0.42024373000000015
Colima,Nuevas inversiones,2025,3,False,1.53797933,0.1092896699999999
Colima,Nuevas inversiones,2025,4,False,1.38600434,-0.15197499000000003
Durango,Nuevas inversiones,2006,1,False,6.493868,6.493868
Durango,Nuevas inversiones,2006,2,False,-56.773559,-63.267427
Durango,Nuevas inversiones,2006,3,False,-60.84776,-4.074201000000002
Durango,Nuevas inversiones,2006,4,False,-27.521465,33.326295
Durango,Nuevas inversiones,2007,1,False,16.20144,16.20144
Durango,Nuevas inversiones,2007,2,False,19.579866,3.3784259999999975
Durango,Nuevas inversiones,2007,3,False,138.916918,119.33705200000001
Durango,Nuevas inversiones,2007,4,False,251.64463,112.727712
Durango,Nuevas inversiones,2008,1,False,-1.272807,-1.272807
Durango,Nuevas inversiones,2008,2,False,20.702038,21.974845000000002
Durango,Nuevas inversiones,2008,3,False,29.639896,8.937857999999999
Durango,Nuevas inversiones,2008,4,False,31.110569,1.4706730000000015
Durango,Nuevas inversiones,2009,1,False,8.418794,8.418794
Durango,Nuevas inversiones,2009,2,False,59.999566,51.580772
Durango,Nuevas inversiones,2009,3,False,80.09356239,20.09399639
Durango,Nuevas inversiones,2009,4,False,108.65550539,28.561943
Durango,Nuevas inversiones,2010,1,False,13.643004,13.643004
Durango,Nuevas inversiones,2010,2,False,22.048652,8.405648000000001
Durango,Nuevas inversiones,2010,3,False,157.842477,135.793825
Durango,Nuevas inversiones,2010,4,False,215.8631824,58.0207054
Durango,Nuevas inversiones,2011,1,False,50.062208,50.062208
Durango,Nuevas inversiones,2011,2,False,84.345924,34.283716
Durango,Nuevas inversiones,2011,3,False,121.442777,37.09685300000001
Durango,Nuevas inversiones,2011,4,False,126.18246902,4.739692019999993
Durango,Nuevas inversiones,2012,1,False,-9.195598,-9.195598
Durango,Nuevas inversiones,2012,2,False,-2.036735,7.158863
Durango,Nuevas inversiones,2012,3,False,6.721748,8.758483
Durango,Nuevas inversiones,2012,4,False,16.78740958,10.065661579999999
Durango,Nuevas inversiones,2013,1,False,35.769835,35.769835
Durango,Nuevas inversiones,2013,2,False,86.868283,51.098448000000005
Durango,Nuevas inversiones,2013,3,False,80.688762,-6.179521000000008
Durango,Nuevas inversiones,2013,4,False,374.51389516,293.82513316
Durango,Nuevas inversiones,2014,1,False,-16.76065864,-16.76065864
Durango,Nuevas inversiones,2014,2,False,-48.92574948,-32.165090840000005
Durango,Nuevas inversiones,2014,3,False,-56.52801944,-7.602269960000001
Durango,Nuevas inversiones,2014,4,False,-53.29258878,3.2354306599999987
Durango,Nuevas inversiones,2015,1,False,2.850965,2.850965
Durango,Nuevas inversiones,2015,2,False,24.6158787,21.7649137
Durango,Nuevas inversiones,2015,3,False,80.61427463,55.99839593
Durango,Nuevas inversiones,2015,4,False,88.52548863,7.911214000000001
Durango,Nuevas inversiones,2016,1,False,2.411835,2.411835
Durango,Nuevas inversiones,2016,2,False,84.63953722,82.22770222
Durango,Nuevas inversiones,2016,3,False,87.35513819,2.715600970000011
Durango,Nuevas inversiones,2016,4,False,104.99625918,17.64112098999999
Durango,Nuevas inversiones,2017,1,False,15.51384152,15.51384152
Durango,Nuevas inversiones,2017,2,False,21.41935529,5.905513769999999
Durango,Nuevas inversiones,2017,3,False,27.78441047,6.365055180000002
Durango,Nuevas inversiones,2017,4,False,93.66067768,65.87626721000001
Durango,Nuevas inversiones,2018,1,False,3.89347234,3.89347234
Durango,Nuevas inversiones,2018,2,False,156.45088351,152.55741117000002
Durango,Nuevas inversiones,2018,3,False,170.36602266,13.915139149999987
Durango,Nuevas inversiones,2018,4,False,171.61234445,1.246321789999996
Durango,Nuevas inversiones,2019,1,False,2.17702164,2.17702164
Durango,Nuevas inversiones,2019,2,False,18.75257573,16.57555409
Durango,Nuevas inversiones,2019,3,False,51.17862334,32.42604761
Durango,Nuevas inversiones,2019,4,False,72.67898465,21.500361310000002
Durango,Nuevas inversiones,2020,1,False,118.61266887,118.61266887
Durango,Nuevas inversiones,2020,2,False,268.73089076,150.11822189000003
Durango,Nuevas inversiones,2020,3,False,424.27824375,155.54735298999998
Durango,Nuevas inversiones,2020,4,False,439.4876043,15.209360549999985
Durango,Nuevas inversiones,2021,1,False,2.68967993,2.68967993
Durango,Nuevas inversiones,2021,2,False,2.30656625,-0.3831136800000001
Durango,Nuevas inversiones,2021,3,False,21.90474394,19.59817769
Durango,Nuevas inversiones,2021,4,False,-27.7161418,-49.62088574
Durango,Nuevas inversiones,2022,1,False,4.89396145,4.89396145
Durango,Nuevas inversiones,2022,2,False,450.92620492,446.03224346999997
Durango,Nuevas inversiones,2022,3,False,455.85588848,4.929683560000001
Durango,Nuevas inversiones,2022,4,False,625.55531668,169.69942820000006
Durango,Nuevas inversiones,2023,1,False,0.0,0.0
Durango,Nuevas inversiones,2023,2,False,0.0,0.0
Durango,Nuevas inversiones,2023,3,False,35.50842839,35.50842839
Durango,Nuevas inversiones,2023,4,False,39.25911488,3.7506864899999997
Durango,Nuevas inversiones,2024,1,False,0.0,0.0
Durango,Nuevas inversiones,2024,2,False,0.0,0.0
Durango,Nuevas inversiones,2024,3,False,0.0,0.0
Durango,Nuevas inversiones,2024,4,False,0.0,0.0
Durango,Nuevas inversiones,2025,1,False,0.0,0.0
Durango,Nuevas inversiones,2025,2,False,0.0,0.0
Durango,Nuevas inversiones,2025,3,False,0.0,0.0
Durango,Nuevas inversiones,2025,4,False,0.0,0.0
Estado de México,Nuevas inversiones,2006,1,False,45.33522,45.33522
Estado de México,Nuevas inversiones,2006,2,False,249.431599,204.096379
Estado de México,Nuevas inversiones,2006,3,False,336.897208,87.46560899999997
Estado de México,Nuevas inversiones,2006,4,False,575.609559,238.712351
Estado de México,Nuevas inversiones,2007,1,False,384.39381802,384.39381802
Estado de México,Nuevas inversiones,2007,2,False,327.48483841,-56.90897961000002
Estado de México,Nuevas inversiones,2007,3,False,410.95214241,83.46730400000001
Estado de México,Nuevas inversiones,2007,4,False,919.48367141,508.53152900000003
Estado de México,Nuevas inversiones,2008,1,False,190.750529,190.750529
Estado de México,Nuevas inversiones,2008,2,False,332.73250142,141.98197242
Estado de México,Nuevas inversiones,2008,3,False,593.62823158,260.89573016
Estado de México,Nuevas inversiones,2008,4,False,693.59036158,99.96213
Estado de México,Nuevas inversiones,2009,1,False,141.6402977,141.6402977
Estado de México,Nuevas inversiones,2009,2,False,274.24398576,132.60368806
Estado de México,Nuevas inversiones,2009,3,False,370.63371174,96.38972598000004
Estado de México,Nuevas inversiones,2009,4,False,970.30187358,599.66816184
Estado de México,Nuevas inversiones,2010,1,False,628.71578833,628.71578833
Estado de México,Nuevas inversiones,2010,2,False,818.49948439,189.78369606
Estado de México,Nuevas inversiones,2010,3,False,958.39187026,139.89238587
Estado de México,Nuevas inversiones,2010,4,False,1141.19461083,182.80274057000008
Estado de México,Nuevas inversiones,2011,1,False,280.6624073,280.6624073
Estado de México,Nuevas inversiones,2011,2,False,309.47119223,28.80878493
Estado de México,Nuevas inversiones,2011,3,False,509.68905866,200.21786643000002
Estado de México,Nuevas inversiones,2011,4,False,702.078976,192.38991734
Estado de México,Nuevas inversiones,2012,1,False,323.31117987,323.31117987
Estado de México,Nuevas inversiones,2012,2,False,642.61652015,319.30534028000005
Estado de México,Nuevas inversiones,2012,3,False,922.03509347,279.41857331999995
Estado de México,Nuevas inversiones,2012,4,False,1034.95253367,112.9174402000001
Estado de México,Nuevas inversiones,2013,1,False,-57.47636998,-57.47636998
Estado de México,Nuevas inversiones,2013,2,False,1948.72104728,2006.19741726
Estado de México,Nuevas inversiones,2013,3,False,1937.49274373,-11.228303549999964
Estado de México,Nuevas inversiones,2013,4,False,2179.49932689,242.00658315999976
Estado de México,Nuevas inversiones,2014,1,False,210.64575261,210.64575261
Estado de México,Nuevas inversiones,2014,2,False,-88.6726391,-299.31839171
Estado de México,Nuevas inversiones,2014,3,False,-34.80585262,53.866786479999995
Estado de México,Nuevas inversiones,2014,4,False,1520.77316033,1555.57901295
Estado de México,Nuevas inversiones,2015,1,False,93.87254558,93.87254558
Estado de México,Nuevas inversiones,2015,2,False,820.21792314,726.3453775600001
Estado de México,Nuevas inversiones,2015,3,False,1213.34091277,393.1229896299999
Estado de México,Nuevas inversiones,2015,4,False,1291.04126272,77.70034995000015
Estado de México,Nuevas inversiones,2016,1,False,64.78617752,64.78617752
Estado de México,Nuevas inversiones,2016,2,False,217.84324218,153.05706466
Estado de México,Nuevas inversiones,2016,3,False,276.37669658,58.53345439999998
Estado de México,Nuevas inversiones,2016,4,False,709.52486976,433.14817318
Estado de México,Nuevas inversiones,2017,1,False,151.35988329,151.35988329
Estado de México,Nuevas inversiones,2017,2,False,714.09228744,562.73240415
Estado de México,Nuevas inversiones,2017,3,False,2029.29648633,1315.20419889
Estado de México,Nuevas inversiones,2017,4,False,2394.04155394,364.74506761
Estado de México,Nuevas inversiones,2018,1,False,97.84700009,97.84700009
Estado de México,Nuevas inversiones,2018,2,False,280.93306902,183.08606893
Estado de México,Nuevas inversiones,2018,3,False,663.351251,382.41818198000004
Estado de México,Nuevas inversiones,2018,4,False,769.98420455,106.63295354999991
Estado de México,Nuevas inversiones,2019,1,False,163.38325434,163.38325434
Estado de México,Nuevas inversiones,2019,2,False,422.65762545,259.27437111
Estado de México,Nuevas inversiones,2019,3,False,818.38034812,395.72272267
Estado de México,Nuevas inversiones,2019,4,False,1102.11261312,283.7322650000001
Estado de México,Nuevas inversiones,2020,1,False,135.32914217,135.32914217
Estado de México,Nuevas inversiones,2020,2,False,130.8727103,-4.456431870000017
Estado de México,Nuevas inversiones,2020,3,False,228.65674886,97.78403856
Estado de México,Nuevas inversiones,2020,4,False,298.18843214,69.53168327999998
Estado de México,Nuevas inversiones,2021,1,False,-22.2783833,-22.2783833
Estado de México,Nuevas inversiones,2021,2,False,73.14593327,95.42431657
Estado de México,Nuevas inversiones,2021,3,False,153.1734079,80.02747463
Estado de México,Nuevas inversiones,2021,4,False,282.74024477,129.56683687
Estado de México,Nuevas inversiones,2022,1,False,90.52633022,90.52633022
Estado de México,Nuevas inversiones,2022,2,False,733.25277445,642.72644423
Estado de México,Nuevas inversiones,2022,3,False,865.76600142,132.51322697
Estado de México,Nuevas inversiones,2022,4,False,1005.25030659,139.48430517000008
Estado de México,Nuevas inversiones,2023,1,False,0.7443463,0.7443463
Estado de México,Nuevas inversiones,2023,2,False,66.27937214,65.53502584
Estado de México,Nuevas inversiones,2023,3,False,70.8606628,4.581290659999993
Estado de México,Nuevas inversiones,2023,4,False,113.51400019,42.653337390000004
Estado de México,Nuevas inversiones,2024,1,False,1.40710726,1.40710726
Estado de México,Nuevas inversiones,2024,2,False,4.23530554,2.8281982799999996
Estado de México,Nuevas inversiones,2024,3,False,3.37249958,-0.8628059599999998
Estado de México,Nuevas inversiones,2024,4,False,5.15449915,1.7819995700000004
Estado de México,Nuevas inversiones,2025,1,False,21.40072087,21.40072087
Estado de México,Nuevas inversiones,2025,2,False,25.21020828,3.809487409999999
Estado de México,Nuevas inversiones,2025,3,False,-136.21789698,-161.42810526
Estado de México,Nuevas inversiones,2025,4,False,-124.977159,11.240737980000006
Guanajuato,Nuevas inversiones,2006,1,False,10.039972,10.039972
Guanajuato,Nuevas inversiones,2006,2,False,50.56873,40.528758
Guanajuato,Nuevas inversiones,2006,3,False,79.967287,29.398556999999997
Guanajuato,Nuevas inversiones,2006,4,False,152.347628,72.38034099999999
Guanajuato,Nuevas inversiones,2007,1,False,96.682826,96.682826
Guanajuato,Nuevas inversiones,2007,2,False,122.15417352,25.471347519999995
Guanajuato,Nuevas inversiones,2007,3,False,291.33736397,169.18319045
Guanajuato,Nuevas inversiones,2007,4,False,490.78761397,199.45024999999998
Guanajuato,Nuevas inversiones,2008,1,False,61.647899,61.647899
Guanajuato,Nuevas inversiones,2008,2,False,87.686051,26.038152000000004
Guanajuato,Nuevas inversiones,2008,3,False,206.884836,119.198785
Guanajuato,Nuevas inversiones,2008,4,False,273.324592,66.43975599999999
Guanajuato,Nuevas inversiones,2009,1,False,38.26918855,38.26918855
Guanajuato,Nuevas inversiones,2009,2,False,87.00754455,48.738356
Guanajuato,Nuevas inversiones,2009,3,False,123.90801914,36.90047458999999
Guanajuato,Nuevas inversiones,2009,4,False,440.77759297,316.86957383000004
Guanajuato,Nuevas inversiones,2010,1,False,105.77736256,105.77736256
Guanajuato,Nuevas inversiones,2010,2,False,142.74144904,36.96408647999999
Guanajuato,Nuevas inversiones,2010,3,False,153.24628236,10.504833320000017
Guanajuato,Nuevas inversiones,2010,4,False,202.90032254,49.65404017999998
Guanajuato,Nuevas inversiones,2011,1,False,186.04081006,186.04081006
Guanajuato,Nuevas inversiones,2011,2,False,292.63452982,106.59371976
Guanajuato,Nuevas inversiones,2011,3,False,572.93766182,280.303132
Guanajuato,Nuevas inversiones,2011,4,False,625.57017051,52.63250869000001
Guanajuato,Nuevas inversiones,2012,1,False,166.26873115,166.26873115
Guanajuato,Nuevas inversiones,2012,2,False,328.75867727,162.48994612
Guanajuato,Nuevas inversiones,2012,3,False,485.93614287,157.1774656
Guanajuato,Nuevas inversiones,2012,4,False,768.06565143,282.12950856
Guanajuato,Nuevas inversiones,2013,1,False,94.01573893,94.01573893
Guanajuato,Nuevas inversiones,2013,2,False,1355.55010488,1261.53436595
Guanajuato,Nuevas inversiones,2013,3,False,1466.85615585,111.30605097000011
Guanajuato,Nuevas inversiones,2013,4,False,1743.7857556,276.92959974999985
Guanajuato,Nuevas inversiones,2014,1,False,192.19519247,192.19519247
Guanajuato,Nuevas inversiones,2014,2,False,148.79826456,-43.39692790999999
Guanajuato,Nuevas inversiones,2014,3,False,318.41936398,169.62109942
Guanajuato,Nuevas inversiones,2014,4,False,433.46919322,115.04982924000001
Guanajuato,Nuevas inversiones,2015,1,False,123.89262133,123.89262133
Guanajuato,Nuevas inversiones,2015,2,False,234.06984228,110.17722094999999
Guanajuato,Nuevas inversiones,2015,3,False,311.04706736,76.97722508000004
Guanajuato,Nuevas inversiones,2015,4,False,789.47135614,478.42428878
Guanajuato,Nuevas inversiones,2016,1,False,91.94192153,91.94192153
Guanajuato,Nuevas inversiones,2016,2,False,125.19230511,33.250383580000005
Guanajuato,Nuevas inversiones,2016,3,False,258.30549105,133.11318594
Guanajuato,Nuevas inversiones,2016,4,False,506.76970121,248.46421016
Guanajuato,Nuevas inversiones,2017,1,False,136.58960903,136.58960903
Guanajuato,Nuevas inversiones,2017,2,False,554.77476836,418.18515933000003
Guanajuato,Nuevas inversiones,2017,3,False,638.61892349,83.84415512999999
Guanajuato,Nuevas inversiones,2017,4,False,772.83595124,134.21702774999994
Guanajuato,Nuevas inversiones,2018,1,False,97.84206672,97.84206672
Guanajuato,Nuevas inversiones,2018,2,False,204.20474066,106.36267394
Guanajuato,Nuevas inversiones,2018,3,False,722.2711259,518.06638524
Guanajuato,Nuevas inversiones,2018,4,False,904.82847809,182.55735218999996
Guanajuato,Nuevas inversiones,2019,1,False,117.79483493,117.79483493
Guanajuato,Nuevas inversiones,2019,2,False,187.81714429,70.02230936
Guanajuato,Nuevas inversiones,2019,3,False,498.53281009,310.7156658
Guanajuato,Nuevas inversiones,2019,4,False,513.86302489,15.330214800000022
Guanajuato,Nuevas inversiones,2020,1,False,117.38200116,117.38200116
Guanajuato,Nuevas inversiones,2020,2,False,106.72000983,-10.661991330000006
Guanajuato,Nuevas inversiones,2020,3,False,160.70246438,53.982454550000014
Guanajuato,Nuevas inversiones,2020,4,False,310.41488309,149.71241870999998
Guanajuato,Nuevas inversiones,2021,1,False,152.13833167,152.13833167
Guanajuato,Nuevas inversiones,2021,2,False,186.37155832,34.23322664999998
Guanajuato,Nuevas inversiones,2021,3,False,382.3260743,195.95451598000002
Guanajuato,Nuevas inversiones,2021,4,False,526.03600951,143.70993520999997
Guanajuato,Nuevas inversiones,2022,1,False,38.38672657,38.38672657
Guanajuato,Nuevas inversiones,2022,2,False,178.11385437,139.7271278
Guanajuato,Nuevas inversiones,2022,3,False,591.27294365,413.15908928
Guanajuato,Nuevas inversiones,2022,4,False,636.67756753,45.40462388000003
Guanajuato,Nuevas inversiones,2023,1,False,27.7699663,27.7699663
Guanajuato,Nuevas inversiones,2023,2,False,143.65904345,115.88907715000002
Guanajuato,Nuevas inversiones,2023,3,False,203.07485184,59.415808389999995
Guanajuato,Nuevas inversiones,2023,4,False,292.50116604,89.42631419999998
Guanajuato,Nuevas inversiones,2024,1,False,1.07140374,1.07140374
Guanajuato,Nuevas inversiones,2024,2,False,1.22826616,0.15686241999999995
Guanajuato,Nuevas inversiones,2024,3,False,9.21180989,7.983543729999999
Guanajuato,Nuevas inversiones,2024,4,False,26.53460304,17.322793150000003
Guanajuato,Nuevas inversiones,2025,1,False,81.53030371,81.53030371
Guanajuato,Nuevas inversiones,2025,2,False,240.75514348,159.22483977
Guanajuato,Nuevas inversiones,2025,3,False,271.78690705,31.031763570000038
Guanajuato,Nuevas inversiones,2025,4,False,346.39969346,74.61278640999996
Guerrero,Nuevas inversiones,2006,1,False,21.98957599,21.98957599
Guerrero,Nuevas inversiones,2006,2,False,10.69996443,-11.289611559999999
Guerrero,Nuevas inversiones,2006,3,False,17.52719343,6.827229000000001
Guerrero,Nuevas inversiones,2006,4,False,31.12734666,13.60015323
Guerrero,Nuevas inversiones,2007,1,False,32.01304,32.01304
Guerrero,Nuevas inversiones,2007,2,False,30.11158655,-1.9014534499999982
Guerrero,Nuevas inversiones,2007,3,False,12.06869763,-18.042888919999996
Guerrero,Nuevas inversiones,2007,4,False,28.9872548,16.91855717
Guerrero,Nuevas inversiones,2008,1,False,6.546457,6.546457
Guerrero,Nuevas inversiones,2008,2,False,23.454792,16.908335
Guerrero,Nuevas inversiones,2008,3,False,35.27318379,11.818391789999996
Guerrero,Nuevas inversiones,2008,4,False,50.69652519,15.423341400000005
Guerrero,Nuevas inversiones,2009,1,False,1.61267278,1.61267278
Guerrero,Nuevas inversiones,2009,2,False,20.98304578,19.370373
Guerrero,Nuevas inversiones,2009,3,False,45.72877078,24.745724999999997
Guerrero,Nuevas inversiones,2009,4,False,87.51671565,41.78794487
Guerrero,Nuevas inversiones,2010,1,False,34.473853,34.473853
Guerrero,Nuevas inversiones,2010,2,False,50.16412129,15.690268289999999
Guerrero,Nuevas inversiones,2010,3,False,60.69849529,10.534374
Guerrero,Nuevas inversiones,2010,4,False,71.22056029,10.522064999999998
Guerrero,Nuevas inversiones,2011,1,False,34.282408,34.282408
Guerrero,Nuevas inversiones,2011,2,False,42.11993775,7.837529750000002
Guerrero,Nuevas inversiones,2011,3,False,53.00595094,10.88601319
Guerrero,Nuevas inversiones,2011,4,False,101.93953035,48.93357941
Guerrero,Nuevas inversiones,2012,1,False,-2.39569956,-2.39569956
Guerrero,Nuevas inversiones,2012,2,False,4.77052144,7.166221
Guerrero,Nuevas inversiones,2012,3,False,23.23945944,18.468938
Guerrero,Nuevas inversiones,2012,4,False,28.0018569,4.762397459999999
Guerrero,Nuevas inversiones,2013,1,False,6.039429,6.039429
Guerrero,Nuevas inversiones,2013,2,False,618.79384285,612.75441385
Guerrero,Nuevas inversiones,2013,3,False,655.63520518,36.841362329999924
Guerrero,Nuevas inversiones,2013,4,False,680.2308554,24.59565022000004
Guerrero,Nuevas inversiones,2014,1,False,98.51060201,98.51060201
Guerrero,Nuevas inversiones,2014,2,False,192.65391086,94.14330885
Guerrero,Nuevas inversiones,2014,3,False,177.24442658,-15.409484279999987
Guerrero,Nuevas inversiones,2014,4,False,288.41560335,111.17117677000002
Guerrero,Nuevas inversiones,2015,1,False,10.75315739,10.75315739
Guerrero,Nuevas inversiones,2015,2,False,42.13982042,31.38666303
Guerrero,Nuevas inversiones,2015,3,False,53.95646298,11.816642559999998
Guerrero,Nuevas inversiones,2015,4,False,66.12637098,12.169908000000007
Guerrero,Nuevas inversiones,2016,1,False,5.159433,5.159433
Guerrero,Nuevas inversiones,2016,2,False,10.42018592,5.26075292
Guerrero,Nuevas inversiones,2016,3,False,11.25227272,0.8320868000000008
Guerrero,Nuevas inversiones,2016,4,False,26.97909427,15.72682155
Guerrero,Nuevas inversiones,2017,1,False,38.10721567,38.10721567
Guerrero,Nuevas inversiones,2017,2,False,231.64860445,193.54138877999998
Guerrero,Nuevas inversiones,2017,3,False,234.77320965,3.124605200000019
Guerrero,Nuevas inversiones,2017,4,False,244.6190604,9.845850749999983
Guerrero,Nuevas inversiones,2018,1,False,167.3597823,167.3597823
Guerrero,Nuevas inversiones,2018,2,False,171.79947894,4.439696639999994
Guerrero,Nuevas inversiones,2018,3,False,512.56134547,340.76186653
Guerrero,Nuevas inversiones,2018,4,False,518.76161198,6.200266510000006
Guerrero,Nuevas inversiones,2019,1,False,9.92679023,9.92679023
Guerrero,Nuevas inversiones,2019,2,False,27.64264922,17.71585899
Guerrero,Nuevas inversiones,2019,3,False,50.43698389,22.79433467
Guerrero,Nuevas inversiones,2019,4,False,65.53919533,15.102211439999998
Guerrero,Nuevas inversiones,2020,1,False,21.1661894,21.1661894
Guerrero,Nuevas inversiones,2020,2,False,20.74110462,-0.42508477999999883
Guerrero,Nuevas inversiones,2020,3,False,24.28746121,3.5463565899999985
Guerrero,Nuevas inversiones,2020,4,False,26.26984612,1.9823849100000004
Guerrero,Nuevas inversiones,2021,1,False,14.38093101,14.38093101
Guerrero,Nuevas inversiones,2021,2,False,27.31726134,12.936330330000002
Guerrero,Nuevas inversiones,2021,3,False,238.22675881,210.90949747000002
Guerrero,Nuevas inversiones,2021,4,False,250.1441243,11.91736548999998
Guerrero,Nuevas inversiones,2022,1,False,16.12094337,16.12094337
Guerrero,Nuevas inversiones,2022,2,False,20.45021124,4.3292678700000025
Guerrero,Nuevas inversiones,2022,3,False,24.70665487,4.25644363
Guerrero,Nuevas inversiones,2022,4,False,27.84261172,3.1359568499999995
Guerrero,Nuevas inversiones,2023,1,False,2.60934345,2.60934345
Guerrero,Nuevas inversiones,2023,2,False,5.72070294,3.11135949
Guerrero,Nuevas inversiones,2023,3,False,8.41276638,2.692063440000001
Guerrero,Nuevas inversiones,2023,4,False,13.3566961,4.94392972
Guerrero,Nuevas inversiones,2024,1,False,0.14965647,0.14965647
Guerrero,Nuevas inversiones,2024,2,False,1.81282054,1.6631640699999999
Guerrero,Nuevas inversiones,2024,3,False,7.71752867,5.90470813
Guerrero,Nuevas inversiones,2024,4,False,25.39320399,17.67567532
Guerrero,Nuevas inversiones,2025,1,False,44.6117575,44.6117575
Guerrero,Nuevas inversiones,2025,2,False,57.78250598,13.17074848
Guerrero,Nuevas inversiones,2025,3,False,140.30210128,82.51959529999999
Guerrero,Nuevas inversiones,2025,4,False,149.07817219,8.776070910000016
Hidalgo,Nuevas inversiones,2006,1,False,1.342681,1.342681
Hidalgo,Nuevas inversiones,2006,2,False,25.977693,24.635012
Hidalgo,Nuevas inversiones,2006,3,False,33.940688,7.962995000000003
Hidalgo,Nuevas inversiones,2006,4,False,41.559496,7.618808000000001
Hidalgo,Nuevas inversiones,2007,1,False,8.366273,8.366273
Hidalgo,Nuevas inversiones,2007,2,False,10.888308,2.5220350000000007
Hidalgo,Nuevas inversiones,2007,3,False,31.226907,20.338599000000002
Hidalgo,Nuevas inversiones,2007,4,False,25.844887,-5.382020000000001
Hidalgo,Nuevas inversiones,2008,1,False,-0.597431,-0.597431
Hidalgo,Nuevas inversiones,2008,2,False,0.66921,1.266641
Hidalgo,Nuevas inversiones,2008,3,False,9.086231,8.417021
Hidalgo,Nuevas inversiones,2008,4,False,10.959151,1.8729200000000006
Hidalgo,Nuevas inversiones,2009,1,False,1.868389,1.868389
Hidalgo,Nuevas inversiones,2009,2,False,14.764623,12.896234
Hidalgo,Nuevas inversiones,2009,3,False,16.832581,2.067958000000001
Hidalgo,Nuevas inversiones,2009,4,False,112.930487,96.097906
Hidalgo,Nuevas inversiones,2010,1,False,22.868909,22.868909
Hidalgo,Nuevas inversiones,2010,2,False,263.179513,240.31060399999998
Hidalgo,Nuevas inversiones,2010,3,False,288.894053,25.71454
Hidalgo,Nuevas inversiones,2010,4,False,291.299641,2.405588000000023
Hidalgo,Nuevas inversiones,2011,1,False,34.161365,34.161365
Hidalgo,Nuevas inversiones,2011,2,False,42.28867454,8.127309539999999
Hidalgo,Nuevas inversiones,2011,3,False,49.64329354,7.354619
Hidalgo,Nuevas inversiones,2011,4,False,52.91927354,3.275979999999997
Hidalgo,Nuevas inversiones,2012,1,False,-3.452298,-3.452298
Hidalgo,Nuevas inversiones,2012,2,False,-0.993017,2.459281
Hidalgo,Nuevas inversiones,2012,3,False,21.736428,22.729445
Hidalgo,Nuevas inversiones,2012,4,False,24.245054,2.5086259999999996
Hidalgo,Nuevas inversiones,2013,1,False,-9.71224298,-9.71224298
Hidalgo,Nuevas inversiones,2013,2,False,265.27490197,274.98714494999996
Hidalgo,Nuevas inversiones,2013,3,False,251.39272997,-13.882171999999969
Hidalgo,Nuevas inversiones,2013,4,False,261.28701257,9.894282599999997
Hidalgo,Nuevas inversiones,2014,1,False,12.616153,12.616153
Hidalgo,Nuevas inversiones,2014,2,False,-221.437805,-234.053958
Hidalgo,Nuevas inversiones,2014,3,False,-283.43992396,-62.00211895999999
Hidalgo,Nuevas inversiones,2014,4,False,-264.45148812,18.988435839999966
Hidalgo,Nuevas inversiones,2015,1,False,143.970077,143.970077
Hidalgo,Nuevas inversiones,2015,2,False,125.41342417,-18.556652830000004
Hidalgo,Nuevas inversiones,2015,3,False,165.29218404,39.878759869999996
Hidalgo,Nuevas inversiones,2015,4,False,139.16930788,-26.122876160000004
Hidalgo,Nuevas inversiones,2016,1,False,21.906099,21.906099
Hidalgo,Nuevas inversiones,2016,2,False,43.08485147,21.178752469999996
Hidalgo,Nuevas inversiones,2016,3,False,59.41796946,16.333117990000005
Hidalgo,Nuevas inversiones,2016,4,False,109.93378461,50.51581515
Hidalgo,Nuevas inversiones,2017,1,False,5.1638274,5.1638274
Hidalgo,Nuevas inversiones,2017,2,False,55.16054204,49.99671464
Hidalgo,Nuevas inversiones,2017,3,False,46.17729691,-8.98324513
Hidalgo,Nuevas inversiones,2017,4,False,53.76933192,7.5920350099999965
Hidalgo,Nuevas inversiones,2018,1,False,8.69001162,8.69001162
Hidalgo,Nuevas inversiones,2018,2,False,7.85700661,-0.8330050099999999
Hidalgo,Nuevas inversiones,2018,3,False,26.35857148,18.50156487
Hidalgo,Nuevas inversiones,2018,4,False,57.64536269,31.28679121
Hidalgo,Nuevas inversiones,2019,1,False,69.36762984,69.36762984
Hidalgo,Nuevas inversiones,2019,2,False,115.99164052,46.62401068
Hidalgo,Nuevas inversiones,2019,3,False,149.182619,33.190978479999984
Hidalgo,Nuevas inversiones,2019,4,False,189.06528773,39.882668730000006
Hidalgo,Nuevas inversiones,2020,1,False,15.07707018,15.07707018
Hidalgo,Nuevas inversiones,2020,2,False,27.60399693,12.526926750000001
Hidalgo,Nuevas inversiones,2020,3,False,30.7696418,3.1656448699999977
Hidalgo,Nuevas inversiones,2020,4,False,36.53041788,5.760776080000003
Hidalgo,Nuevas inversiones,2021,1,False,0.03575222,0.03575222
Hidalgo,Nuevas inversiones,2021,2,False,6.00165672,5.9659045
Hidalgo,Nuevas inversiones,2021,3,False,12.57254286,6.570886140000001
Hidalgo,Nuevas inversiones,2021,4,False,21.02694765,8.45440479
Hidalgo,Nuevas inversiones,2022,1,False,0.0,0.0
Hidalgo,Nuevas inversiones,2022,2,False,36.32828379,36.32828379
Hidalgo,Nuevas inversiones,2022,3,False,97.22163737,60.893353579999996
Hidalgo,Nuevas inversiones,2022,4,False,109.38384357,12.1622062
Hidalgo,Nuevas inversiones,2023,1,False,0.0,0.0
Hidalgo,Nuevas inversiones,2023,2,False,14.22803477,14.22803477
Hidalgo,Nuevas inversiones,2023,3,False,14.22803477,0.0
Hidalgo,Nuevas inversiones,2023,4,False,14.22974084,0.0017060699999991158
Hidalgo,Nuevas inversiones,2024,1,False,0.0,0.0
Hidalgo,Nuevas inversiones,2024,2,False,0.0,0.0
Hidalgo,Nuevas inversiones,2024,3,False,0.0,0.0
Hidalgo,Nuevas inversiones,2024,4,False,0.0,0.0
Hidalgo,Nuevas inversiones,2025,1,False,0.0,0.0
Hidalgo,Nuevas inversiones,2025,2,False,0.0,0.0
Hidalgo,Nuevas inversiones,2025,3,False,1.17696334,1.17696334
Hidalgo,Nuevas inversiones,2025,4,False,1.17696334,0.0
Jalisco,Nuevas inversiones,2006,1,False,-61.95307253,-61.95307253
Jalisco,Nuevas inversiones,2006,2,False,21.81651572,83.76958825
Jalisco,Nuevas inversiones,2006,3,False,94.02093045,72.20441473
Jalisco,Nuevas inversiones,2006,4,False,202.11357291,108.09264246
Jalisco,Nuevas inversiones,2007,1,False,125.56430929,125.56430929
Jalisco,Nuevas inversiones,2007,2,False,184.51241287,58.948103579999994
Jalisco,Nuevas inversiones,2007,3,False,327.08948612,142.57707325
Jalisco,Nuevas inversiones,2007,4,False,1338.69510401,1011.6056178900001
Jalisco,Nuevas inversiones,2008,1,False,11.11953565,11.11953565
Jalisco,Nuevas inversiones,2008,2,False,76.33828162,65.21874597
Jalisco,Nuevas inversiones,2008,3,False,210.25028006,133.91199844
Jalisco,Nuevas inversiones,2008,4,False,279.14148549,68.89120542999999
Jalisco,Nuevas inversiones,2009,1,False,81.19633836,81.19633836
Jalisco,Nuevas inversiones,2009,2,False,131.01150096,49.81516260000001
Jalisco,Nuevas inversiones,2009,3,False,299.58390395,168.57240298999997
Jalisco,Nuevas inversiones,2009,4,False,428.07761892,128.49371497000004
Jalisco,Nuevas inversiones,2010,1,False,166.80176747,166.80176747
Jalisco,Nuevas inversiones,2010,2,False,752.50619215,585.70442468
Jalisco,Nuevas inversiones,2010,3,False,783.12789939,30.62170724000009
Jalisco,Nuevas inversiones,2010,4,False,1318.47630762,535.3484082299999
Jalisco,Nuevas inversiones,2011,1,False,81.99793082,81.99793082
Jalisco,Nuevas inversiones,2011,2,False,162.89128204,80.89335122
Jalisco,Nuevas inversiones,2011,3,False,300.9111029,138.01982086
Jalisco,Nuevas inversiones,2011,4,False,289.88269837,-11.028404529999989
Jalisco,Nuevas inversiones,2012,1,False,188.96697966,188.96697966
Jalisco,Nuevas inversiones,2012,2,False,320.4231942,131.45621454000002
Jalisco,Nuevas inversiones,2012,3,False,450.01569524,129.59250104
Jalisco,Nuevas inversiones,2012,4,False,485.51840618,35.502710939999986
Jalisco,Nuevas inversiones,2013,1,False,24.18393157,24.18393157
Jalisco,Nuevas inversiones,2013,2,False,1335.07056621,1310.88663464
Jalisco,Nuevas inversiones,2013,3,False,1442.48593228,107.41536607000012
Jalisco,Nuevas inversiones,2013,4,False,1690.13852063,247.65258834999986
Jalisco,Nuevas inversiones,2014,1,False,84.45285298,84.45285298
Jalisco,Nuevas inversiones,2014,2,False,50.82069011,-33.63216287
Jalisco,Nuevas inversiones,2014,3,False,94.56334997,43.74265986
Jalisco,Nuevas inversiones,2014,4,False,340.55024093,245.98689095999998
Jalisco,Nuevas inversiones,2015,1,False,789.93856054,789.93856054
Jalisco,Nuevas inversiones,2015,2,False,907.10631335,117.16775281000002
Jalisco,Nuevas inversiones,2015,3,False,1209.15977364,302.05346028999986
Jalisco,Nuevas inversiones,2015,4,False,1236.92621024,27.766436600000134
Jalisco,Nuevas inversiones,2016,1,False,728.65648692,728.65648692
Jalisco,Nuevas inversiones,2016,2,False,766.85348121,38.19699429000002
Jalisco,Nuevas inversiones,2016,3,False,708.0815121,-58.771969109999986
Jalisco,Nuevas inversiones,2016,4,False,942.09186679,234.01035468999999
Jalisco,Nuevas inversiones,2017,1,False,163.31248633,163.31248633
Jalisco,Nuevas inversiones,2017,2,False,240.26020565,76.94771931999998
Jalisco,Nuevas inversiones,2017,3,False,323.69120736,83.43100171000003
Jalisco,Nuevas inversiones,2017,4,False,532.05839545,208.36718809
Jalisco,Nuevas inversiones,2018,1,False,52.01359604,52.01359604
Jalisco,Nuevas inversiones,2018,2,False,88.74769703,36.734100989999995
Jalisco,Nuevas inversiones,2018,3,False,149.0271951,60.27949807
Jalisco,Nuevas inversiones,2018,4,False,166.82681845,17.79962334999999
Jalisco,Nuevas inversiones,2019,1,False,138.82221086,138.82221086
Jalisco,Nuevas inversiones,2019,2,False,221.99260412,83.17039326
Jalisco,Nuevas inversiones,2019,3,False,447.59034884,225.59774471999998
Jalisco,Nuevas inversiones,2019,4,False,515.24243458,67.65208574000002
Jalisco,Nuevas inversiones,2020,1,False,134.44210415,134.44210415
Jalisco,Nuevas inversiones,2020,2,False,276.74699655,142.3048924
Jalisco,Nuevas inversiones,2020,3,False,363.73097444,86.98397789
Jalisco,Nuevas inversiones,2020,4,False,394.4005853,30.669610859999977
Jalisco,Nuevas inversiones,2021,1,False,74.05775913,74.05775913
Jalisco,Nuevas inversiones,2021,2,False,143.72031234,69.66255321
Jalisco,Nuevas inversiones,2021,3,False,207.24816906,63.52785672000002
Jalisco,Nuevas inversiones,2021,4,False,489.48323577,282.23506671
Jalisco,Nuevas inversiones,2022,1,False,498.39505123,498.39505123
Jalisco,Nuevas inversiones,2022,2,False,637.37845701,138.98340578000006
Jalisco,Nuevas inversiones,2022,3,False,822.39471223,185.01625521999995
Jalisco,Nuevas inversiones,2022,4,False,825.60469382,3.209981589999984
Jalisco,Nuevas inversiones,2023,1,False,405.13494698,405.13494698
Jalisco,Nuevas inversiones,2023,2,False,481.15712954,76.02218256000003
Jalisco,Nuevas inversiones,2023,3,False,551.78647186,70.62934231999998
Jalisco,Nuevas inversiones,2023,4,False,693.06918527,141.28271341000004
Jalisco,Nuevas inversiones,2024,1,False,57.56345634,57.56345634
Jalisco,Nuevas inversiones,2024,2,False,100.18324289,42.61978655
Jalisco,Nuevas inversiones,2024,3,False,208.67118489,108.487942
Jalisco,Nuevas inversiones,2024,4,False,287.29970806,78.62852317
Jalisco,Nuevas inversiones,2025,1,False,157.92571621,157.92571621
Jalisco,Nuevas inversiones,2025,2,False,281.9939788,124.06826258999999
Jalisco,Nuevas inversiones,2025,3,False,420.88022193,138.88624313000003
Jalisco,Nuevas inversiones,2025,4,False,532.20641675,111.32619482000001
Michoacán,Nuevas inversiones,2006,1,False,-4.939239,-4.939239
Michoacán,Nuevas inversiones,2006,2,False,7.571023,12.510262
Michoacán,Nuevas inversiones,2006,3,False,10.68329958,3.1122765799999996
Michoacán,Nuevas inversiones,2006,4,False,-52.13579442,-62.81909400000001
Michoacán,Nuevas inversiones,2007,1,False,10.033493,10.033493
Michoacán,Nuevas inversiones,2007,2,False,1473.905306,1463.8718130000002
Michoacán,Nuevas inversiones,2007,3,False,1493.806804,19.901497999999947
Michoacán,Nuevas inversiones,2007,4,False,1627.961755,134.15495099999998
Michoacán,Nuevas inversiones,2008,1,False,8.243139,8.243139
Michoacán,Nuevas inversiones,2008,2,False,9.832796,1.5896570000000008
Michoacán,Nuevas inversiones,2008,3,False,24.607471,14.774675
Michoacán,Nuevas inversiones,2008,4,False,40.683287,16.075816
Michoacán,Nuevas inversiones,2009,1,False,7.710265,7.710265
Michoacán,Nuevas inversiones,2009,2,False,34.457956,26.747691000000003
Michoacán,Nuevas inversiones,2009,3,False,51.15536214,16.69740614
Michoacán,Nuevas inversiones,2009,4,False,99.86480214,48.709439999999994
Michoacán,Nuevas inversiones,2010,1,False,30.551272,30.551272
Michoacán,Nuevas inversiones,2010,2,False,30.984715,0.43344300000000047
Michoacán,Nuevas inversiones,2010,3,False,39.01305787,8.028342869999996
Michoacán,Nuevas inversiones,2010,4,False,39.76885187,0.7557940000000016
Michoacán,Nuevas inversiones,2011,1,False,20.39732777,20.39732777
Michoacán,Nuevas inversiones,2011,2,False,26.79974256,6.402414789999998
Michoacán,Nuevas inversiones,2011,3,False,32.36313756,5.563395
Michoacán,Nuevas inversiones,2011,4,False,25.78564208,-6.57749548
Michoacán,Nuevas inversiones,2012,1,False,17.44499162,17.44499162
Michoacán,Nuevas inversiones,2012,2,False,27.34545162,9.900459999999999
Michoacán,Nuevas inversiones,2012,3,False,106.70922362,79.36377200000001
Michoacán,Nuevas inversiones,2012,4,False,121.53064262,14.821418999999992
Michoacán,Nuevas inversiones,2013,1,False,-19.81838039,-19.81838039
Michoacán,Nuevas inversiones,2013,2,False,486.66085386,506.47923425
Michoacán,Nuevas inversiones,2013,3,False,506.67092686,20.010073000000034
Michoacán,Nuevas inversiones,2013,4,False,562.47101693,55.80009007000001
Michoacán,Nuevas inversiones,2014,1,False,11.087386,11.087386
Michoacán,Nuevas inversiones,2014,2,False,-155.193797,-166.281183
Michoacán,Nuevas inversiones,2014,3,False,-121.23027196,33.96352503999999
Michoacán,Nuevas inversiones,2014,4,False,-31.59161765,89.63865430999999
Michoacán,Nuevas inversiones,2015,1,False,45.452233,45.452233
Michoacán,Nuevas inversiones,2015,2,False,66.15655929,20.704326290000004
Michoacán,Nuevas inversiones,2015,3,False,86.71328073,20.55672143999999
Michoacán,Nuevas inversiones,2015,4,False,103.47547142,16.76219069000001
Michoacán,Nuevas inversiones,2016,1,False,2.57959966,2.57959966
Michoacán,Nuevas inversiones,2016,2,False,0.82687063,-1.7527290299999998
Michoacán,Nuevas inversiones,2016,3,False,0.81664087,-0.010229760000000088
Michoacán,Nuevas inversiones,2016,4,False,25.75846388,24.94182301
Michoacán,Nuevas inversiones,2017,1,False,15.96842948,15.96842948
Michoacán,Nuevas inversiones,2017,2,False,42.5740109,26.60558142
Michoacán,Nuevas inversiones,2017,3,False,51.78232651,9.20831561
Michoacán,Nuevas inversiones,2017,4,False,189.97662875,138.19430224
Michoacán,Nuevas inversiones,2018,1,False,17.58783544,17.58783544
Michoacán,Nuevas inversiones,2018,2,False,18.75336726,1.1655318200000018
Michoacán,Nuevas inversiones,2018,3,False,19.96285697,1.2094897099999997
Michoacán,Nuevas inversiones,2018,4,False,31.06806421,11.105207239999999
Michoacán,Nuevas inversiones,2019,1,False,8.66030129,8.66030129
Michoacán,Nuevas inversiones,2019,2,False,10.39489221,1.7345909200000005
Michoacán,Nuevas inversiones,2019,3,False,46.30600972,35.91111751
Michoacán,Nuevas inversiones,2019,4,False,198.76325652,152.4572468
Michoacán,Nuevas inversiones,2020,1,False,33.08663978,33.08663978
Michoacán,Nuevas inversiones,2020,2,False,8.72835224,-24.35828754
Michoacán,Nuevas inversiones,2020,3,False,9.22200342,0.4936511800000005
Michoacán,Nuevas inversiones,2020,4,False,12.86291764,3.640914219999999
Michoacán,Nuevas inversiones,2021,1,False,727.4457613,727.4457613
Michoacán,Nuevas inversiones,2021,2,False,734.1867236,6.740962300000092
Michoacán,Nuevas inversiones,2021,3,False,910.152541,175.9658174
Michoacán,Nuevas inversiones,2021,4,False,906.94778266,-3.204758340000012
Michoacán,Nuevas inversiones,2022,1,False,7.72908135,7.72908135
Michoacán,Nuevas inversiones,2022,2,False,8.2996985,0.5706171499999995
Michoacán,Nuevas inversiones,2022,3,False,8.3023723,0.0026738000000001705
Michoacán,Nuevas inversiones,2022,4,False,9.87664105,1.5742687499999999
Michoacán,Nuevas inversiones,2023,1,False,0.0,0.0
Michoacán,Nuevas inversiones,2023,2,False,0.0,0.0
Michoacán,Nuevas inversiones,2023,3,False,8.37162963,8.37162963
Michoacán,Nuevas inversiones,2023,4,False,13.86778758,5.496157950000001
Michoacán,Nuevas inversiones,2024,1,False,0.0,0.0
Michoacán,Nuevas inversiones,2024,2,False,20.56398899,20.56398899
Michoacán,Nuevas inversiones,2024,3,False,20.56398899,0.0
Michoacán,Nuevas inversiones,2024,4,False,20.84364487,0.27965587999999997
Michoacán,Nuevas inversiones,2025,1,False,0.0,0.0
Michoacán,Nuevas inversiones,2025,2,False,0.06289763,0.06289763
Michoacán,Nuevas inversiones,2025,3,False,11.68450494,11.62160731
Michoacán,Nuevas inversiones,2025,4,False,11.68450494,0.0
Morelos,Nuevas inversiones,2006,1,False,-17.76619,-17.76619
Morelos,Nuevas inversiones,2006,2,False,1.326024,19.092214000000002
Morelos,Nuevas inversiones,2006,3,False,1.174326,-0.1516980000000001
Morelos,Nuevas inversiones,2006,4,False,14.088846,12.91452
Morelos,Nuevas inversiones,2007,1,False,6.24718,6.24718
Morelos,Nuevas inversiones,2007,2,False,9.369187,3.122007
Morelos,Nuevas inversiones,2007,3,False,34.791572,25.422385000000002
Morelos,Nuevas inversiones,2007,4,False,41.706372,6.9148
Morelos,Nuevas inversiones,2008,1,False,-1.353446,-1.353446
Morelos,Nuevas inversiones,2008,2,False,0.721664,2.07511
Morelos,Nuevas inversiones,2008,3,False,9.280847,8.559182999999999
Morelos,Nuevas inversiones,2008,4,False,14.130822,4.849975000000001
Morelos,Nuevas inversiones,2009,1,False,158.862509,158.862509
Morelos,Nuevas inversiones,2009,2,False,181.60651436,22.744005360000017
Morelos,Nuevas inversiones,2009,3,False,181.87752636,0.2710119999999847
Morelos,Nuevas inversiones,2009,4,False,203.27173636,21.394210000000015
Morelos,Nuevas inversiones,2010,1,False,38.787762,38.787762
Morelos,Nuevas inversiones,2010,2,False,33.620828,-5.166933999999998
Morelos,Nuevas inversiones,2010,3,False,37.260269,3.639440999999998
Morelos,Nuevas inversiones,2010,4,False,56.419093,19.158823999999996
Morelos,Nuevas inversiones,2011,1,False,-0.2800319,-0.2800319
Morelos,Nuevas inversiones,2011,2,False,5.92650864,6.20654054
Morelos,Nuevas inversiones,2011,3,False,9.80362264,3.8771140000000006
Morelos,Nuevas inversiones,2011,4,False,10.69253364,0.8889110000000002
Morelos,Nuevas inversiones,2012,1,False,6.750934,6.750934
Morelos,Nuevas inversiones,2012,2,False,41.627382,34.876447999999996
Morelos,Nuevas inversiones,2012,3,False,41.25943,-0.3679519999999954
Morelos,Nuevas inversiones,2012,4,False,45.66763798,4.40820798
Morelos,Nuevas inversiones,2013,1,False,8.68784046,8.68784046
Morelos,Nuevas inversiones,2013,2,False,285.81090497,277.12306451
Morelos,Nuevas inversiones,2013,3,False,280.06936443,-5.741540540000017
Morelos,Nuevas inversiones,2013,4,False,291.77679856,11.707434129999967
Morelos,Nuevas inversiones,2014,1,False,4.50637777,4.50637777
Morelos,Nuevas inversiones,2014,2,False,-59.07683723,-63.583215
Morelos,Nuevas inversiones,2014,3,False,-72.30626519,-13.229427960000002
Morelos,Nuevas inversiones,2014,4,False,-67.88851542,4.41774977
Morelos,Nuevas inversiones,2015,1,False,10.267011,10.267011
Morelos,Nuevas inversiones,2015,2,False,25.91680948,15.649798480000001
Morelos,Nuevas inversiones,2015,3,False,29.45700844,3.540198959999998
Morelos,Nuevas inversiones,2015,4,False,17.69993254,-11.7570759
Morelos,Nuevas inversiones,2016,1,False,2.857504,2.857504
Morelos,Nuevas inversiones,2016,2,False,12.73730928,9.87980528
Morelos,Nuevas inversiones,2016,3,False,33.28637474,20.54906546
Morelos,Nuevas inversiones,2016,4,False,60.13866884,26.8522941
Morelos,Nuevas inversiones,2017,1,False,31.51543667,31.51543667
Morelos,Nuevas inversiones,2017,2,False,40.32862012,8.813183449999997
Morelos,Nuevas inversiones,2017,3,False,44.86642215,4.537802030000002
Morelos,Nuevas inversiones,2017,4,False,66.68959303,21.82317088
Morelos,Nuevas inversiones,2018,1,False,3.40472595,3.40472595
Morelos,Nuevas inversiones,2018,2,False,138.6751943,135.27046835
Morelos,Nuevas inversiones,2018,3,False,134.67137375,-4.00382055
Morelos,Nuevas inversiones,2018,4,False,145.47168757,10.800313820000014
Morelos,Nuevas inversiones,2019,1,False,80.70455207,80.70455207
Morelos,Nuevas inversiones,2019,2,False,215.87164632,135.16709425
Morelos,Nuevas inversiones,2019,3,False,237.46917661,21.59753029000001
Morelos,Nuevas inversiones,2019,4,False,280.16879476,42.69961815000002
Morelos,Nuevas inversiones,2020,1,False,19.1209845,19.1209845
Morelos,Nuevas inversiones,2020,2,False,5.22913614,-13.89184836
Morelos,Nuevas inversiones,2020,3,False,5.6341839,0.4050477600000004
Morelos,Nuevas inversiones,2020,4,False,7.09739075,1.4632068499999997
Morelos,Nuevas inversiones,2021,1,False,0.0,0.0
Morelos,Nuevas inversiones,2021,2,False,4.08988738,4.08988738
Morelos,Nuevas inversiones,2021,3,False,6.47899614,2.389108759999999
Morelos,Nuevas inversiones,2021,4,False,7.10713658,0.6281404400000001
Morelos,Nuevas inversiones,2022,1,False,10.76642057,10.76642057
Morelos,Nuevas inversiones,2022,2,False,10.76642057,0.0
Morelos,Nuevas inversiones,2022,3,False,100.47863301,89.71221244
Morelos,Nuevas inversiones,2022,4,False,100.21718086,-0.26145214999999666
Morelos,Nuevas inversiones,2023,1,False,0.0,0.0
Morelos,Nuevas inversiones,2023,2,False,0.0,0.0
Morelos,Nuevas inversiones,2023,3,False,0.0,0.0
Morelos,Nuevas inversiones,2023,4,False,0.27917252,0.27917252
Morelos,Nuevas inversiones,2024,1,False,0.0,0.0
Morelos,Nuevas inversiones,2024,2,False,0.0,0.0
Morelos,Nuevas inversiones,2024,3,False,0.0,0.0
Morelos,Nuevas inversiones,2024,4,False,0.0,0.0
Morelos,Nuevas inversiones,2025,1,False,0.0,0.0
Morelos,Nuevas inversiones,2025,2,False,0.00638544,0.00638544
Morelos,Nuevas inversiones,2025,3,False,0.00826243,0.0018769899999999994
Morelos,Nuevas inversiones,2025,4,False,0.00826243,0.0
Nayarit,Nuevas inversiones,2006,1,False,31.33350287,31.33350287
Nayarit,Nuevas inversiones,2006,2,False,60.39905887,29.065555999999997
Nayarit,Nuevas inversiones,2006,3,False,143.18834796,82.78928908999998
Nayarit,Nuevas inversiones,2006,4,False,221.13026558,77.94191762000003
Nayarit,Nuevas inversiones,2007,1,False,45.6113858,45.6113858
Nayarit,Nuevas inversiones,2007,2,False,78.96754549,33.356159690000005
Nayarit,Nuevas inversiones,2007,3,False,139.5406595,60.57311401
Nayarit,Nuevas inversiones,2007,4,False,198.17871451,58.63805500999999
Nayarit,Nuevas inversiones,2008,1,False,5.67610711,5.67610711
Nayarit,Nuevas inversiones,2008,2,False,12.71894283,7.042835719999999
Nayarit,Nuevas inversiones,2008,3,False,25.68627825,12.967335420000001
Nayarit,Nuevas inversiones,2008,4,False,57.67631279,31.990034539999996
Nayarit,Nuevas inversiones,2009,1,False,8.09578596,8.09578596
Nayarit,Nuevas inversiones,2009,2,False,41.15750774,33.06172178
Nayarit,Nuevas inversiones,2009,3,False,67.88252765,26.72501991
Nayarit,Nuevas inversiones,2009,4,False,109.04373947,41.161211820000005
Nayarit,Nuevas inversiones,2010,1,False,36.25813751,36.25813751
Nayarit,Nuevas inversiones,2010,2,False,58.21884428,21.96070677
Nayarit,Nuevas inversiones,2010,3,False,81.33631928,23.117475
Nayarit,Nuevas inversiones,2010,4,False,118.64347313,37.307153850000006
Nayarit,Nuevas inversiones,2011,1,False,56.35301853,56.35301853
Nayarit,Nuevas inversiones,2011,2,False,75.56413259,19.21111406
Nayarit,Nuevas inversiones,2011,3,False,99.44641865,23.88228606
Nayarit,Nuevas inversiones,2011,4,False,119.03382537,19.587406720000004
Nayarit,Nuevas inversiones,2012,1,False,14.53751911,14.53751911
Nayarit,Nuevas inversiones,2012,2,False,66.20321287,51.66569376
Nayarit,Nuevas inversiones,2012,3,False,80.11544787,13.912234999999995
Nayarit,Nuevas inversiones,2012,4,False,130.19218329,50.076735420000006
Nayarit,Nuevas inversiones,2013,1,False,20.9073135,20.9073135
Nayarit,Nuevas inversiones,2013,2,False,200.35666192,179.44934841999998
Nayarit,Nuevas inversiones,2013,3,False,454.46618528,254.10952336
Nayarit,Nuevas inversiones,2013,4,False,485.04136497,30.575179690000027
Nayarit,Nuevas inversiones,2014,1,False,28.908762,28.908762
Nayarit,Nuevas inversiones,2014,2,False,30.10241117,1.1936491700000005
Nayarit,Nuevas inversiones,2014,3,False,30.63150585,0.52909468
Nayarit,Nuevas inversiones,2014,4,False,51.59596523,20.964459379999997
Nayarit,Nuevas inversiones,2015,1,False,26.25900926,26.25900926
Nayarit,Nuevas inversiones,2015,2,False,35.22819244,8.969183180000002
Nayarit,Nuevas inversiones,2015,3,False,55.1449104,19.91671796
Nayarit,Nuevas inversiones,2015,4,False,66.95217152,11.807261119999993
Nayarit,Nuevas inversiones,2016,1,False,14.43446574,14.43446574
Nayarit,Nuevas inversiones,2016,2,False,20.70300686,6.268541119999998
Nayarit,Nuevas inversiones,2016,3,False,26.58369045,5.88068359
Nayarit,Nuevas inversiones,2016,4,False,54.69291003,28.10921958
Nayarit,Nuevas inversiones,2017,1,False,-1.54988826,-1.54988826
Nayarit,Nuevas inversiones,2017,2,False,16.78184179,18.33173005
Nayarit,Nuevas inversiones,2017,3,False,48.35356302,31.57172123
Nayarit,Nuevas inversiones,2017,4,False,68.19235745,19.83879443
Nayarit,Nuevas inversiones,2018,1,False,13.60526369,13.60526369
Nayarit,Nuevas inversiones,2018,2,False,27.48253698,13.87727329
Nayarit,Nuevas inversiones,2018,3,False,47.93005056,20.44751358
Nayarit,Nuevas inversiones,2018,4,False,68.35153171,20.421481150000005
Nayarit,Nuevas inversiones,2019,1,False,23.80855404,23.80855404
Nayarit,Nuevas inversiones,2019,2,False,31.08088335,7.27232931
Nayarit,Nuevas inversiones,2019,3,False,56.76283514,25.68195179
Nayarit,Nuevas inversiones,2019,4,False,140.00026126,83.23742612000001
Nayarit,Nuevas inversiones,2020,1,False,45.6962946,45.6962946
Nayarit,Nuevas inversiones,2020,2,False,170.08619343,124.38989883
Nayarit,Nuevas inversiones,2020,3,False,197.65031597,27.56412254
Nayarit,Nuevas inversiones,2020,4,False,190.57843964,-7.071876330000009
Nayarit,Nuevas inversiones,2021,1,False,14.04557028,14.04557028
Nayarit,Nuevas inversiones,2021,2,False,38.8664689,24.82089862
Nayarit,Nuevas inversiones,2021,3,False,50.23465506,11.36818616
Nayarit,Nuevas inversiones,2021,4,False,105.29033829,55.05568322999999
Nayarit,Nuevas inversiones,2022,1,False,47.81720278,47.81720278
Nayarit,Nuevas inversiones,2022,2,False,149.24587174,101.42866896000001
Nayarit,Nuevas inversiones,2022,3,False,180.3890571,31.14318535999999
Nayarit,Nuevas inversiones,2022,4,False,213.48043958,33.09138247999999
Nayarit,Nuevas inversiones,2023,1,False,31.46891137,31.46891137
Nayarit,Nuevas inversiones,2023,2,False,78.3239916,46.85508023
Nayarit,Nuevas inversiones,2023,3,False,154.80342599,76.47943439
Nayarit,Nuevas inversiones,2023,4,False,193.44025941,38.636833420000016
Nayarit,Nuevas inversiones,2024,1,False,56.51962341,56.51962341
Nayarit,Nuevas inversiones,2024,2,False,120.54387818,64.02425477
Nayarit,Nuevas inversiones,2024,3,False,156.14474374,35.60086556
Nayarit,Nuevas inversiones,2024,4,False,196.33763069,40.19288695
Nayarit,Nuevas inversiones,2025,1,False,94.78820256,94.78820256
Nayarit,Nuevas inversiones,2025,2,False,166.95466966,72.1664671
Nayarit,Nuevas inversiones,2025,3,False,254.30786917,87.35319951
Nayarit,Nuevas inversiones,2025,4,False,330.27617947,75.96831029999998
Nuevo León,Nuevas inversiones,2006,1,False,49.633177,49.633177
Nuevo León,Nuevas inversiones,2006,2,False,378.874884,329.241707
Nuevo León,Nuevas inversiones,2006,3,False,495.177751,116.30286699999999
Nuevo León,Nuevas inversiones,2006,4,False,817.08463541,321.90688441000003
Nuevo León,Nuevas inversiones,2007,1,False,-16.64651795,-16.64651795
Nuevo León,Nuevas inversiones,2007,2,False,167.14948605,183.796004
Nuevo León,Nuevas inversiones,2007,3,False,2099.90787305,1932.758387
Nuevo León,Nuevas inversiones,2007,4,False,2764.29733005,664.3894569999998
Nuevo León,Nuevas inversiones,2008,1,False,69.54120881,69.54120881
Nuevo León,Nuevas inversiones,2008,2,False,143.95304359,74.41183477999999
Nuevo León,Nuevas inversiones,2008,3,False,464.53347159,320.580428
Nuevo León,Nuevas inversiones,2008,4,False,815.71952659,351.186055
Nuevo León,Nuevas inversiones,2009,1,False,523.22228755,523.22228755
Nuevo León,Nuevas inversiones,2009,2,False,634.56638383,111.34409627999992
Nuevo León,Nuevas inversiones,2009,3,False,606.51856324,-28.0478205899999
Nuevo León,Nuevas inversiones,2009,4,False,760.99143826,154.47287501999995
Nuevo León,Nuevas inversiones,2010,1,False,172.70523299,172.70523299
Nuevo León,Nuevas inversiones,2010,2,False,3380.35487957,3207.64964658
Nuevo León,Nuevas inversiones,2010,3,False,3506.63161813,126.27673856000001
Nuevo León,Nuevas inversiones,2010,4,False,4220.74179327,714.1101751400001
Nuevo León,Nuevas inversiones,2011,1,False,77.578305,77.578305
Nuevo León,Nuevas inversiones,2011,2,False,45.68822869,-31.890076309999998
Nuevo León,Nuevas inversiones,2011,3,False,3.33668206,-42.35154663
Nuevo León,Nuevas inversiones,2011,4,False,258.53673154,255.20004948000002
Nuevo León,Nuevas inversiones,2012,1,False,-10.23159489,-10.23159489
Nuevo León,Nuevas inversiones,2012,2,False,27.24171361,37.4733085
Nuevo León,Nuevas inversiones,2012,3,False,256.84084373,229.59913012
Nuevo León,Nuevas inversiones,2012,4,False,-13.50517729,-270.34602102
Nuevo León,Nuevas inversiones,2013,1,False,22.4227391,22.4227391
Nuevo León,Nuevas inversiones,2013,2,False,252.47900002,230.05626092
Nuevo León,Nuevas inversiones,2013,3,False,2.6551874,-249.82381262
Nuevo León,Nuevas inversiones,2013,4,False,762.09948835,759.44430095
Nuevo León,Nuevas inversiones,2014,1,False,73.93572823,73.93572823
Nuevo León,Nuevas inversiones,2014,2,False,-127.59876693,-201.53449516
Nuevo León,Nuevas inversiones,2014,3,False,-238.23618874,-110.63742180999999
Nuevo León,Nuevas inversiones,2014,4,False,77.62367734,315.85986607999996
Nuevo León,Nuevas inversiones,2015,1,False,547.70464106,547.70464106
Nuevo León,Nuevas inversiones,2015,2,False,599.13963882,51.43499775999999
Nuevo León,Nuevas inversiones,2015,3,False,836.1070054,236.9673665800001
Nuevo León,Nuevas inversiones,2015,4,False,592.292006,-243.81499940000003
Nuevo León,Nuevas inversiones,2016,1,False,588.52653472,588.52653472
Nuevo León,Nuevas inversiones,2016,2,False,660.44562026,71.91908554000008
Nuevo León,Nuevas inversiones,2016,3,False,764.96209088,104.51647061999995
Nuevo León,Nuevas inversiones,2016,4,False,996.90309103,231.94100015000004
Nuevo León,Nuevas inversiones,2017,1,False,107.10659445,107.10659445
Nuevo León,Nuevas inversiones,2017,2,False,-322.49205946,-429.59865391
Nuevo León,Nuevas inversiones,2017,3,False,-79.70413881,242.78792065
Nuevo León,Nuevas inversiones,2017,4,False,124.96360388,204.66774269
Nuevo León,Nuevas inversiones,2018,1,False,230.41616344,230.41616344
Nuevo León,Nuevas inversiones,2018,2,False,205.11228304,-25.303880399999997
Nuevo León,Nuevas inversiones,2018,3,False,614.68974019,409.57745715
Nuevo León,Nuevas inversiones,2018,4,False,867.63756757,252.94782738000004
Nuevo León,Nuevas inversiones,2019,1,False,302.89302179,302.89302179
Nuevo León,Nuevas inversiones,2019,2,False,435.38761941,132.49459762000004
Nuevo León,Nuevas inversiones,2019,3,False,1083.90508758,648.51746817
Nuevo León,Nuevas inversiones,2019,4,False,1099.7653853,15.860297719999835
Nuevo León,Nuevas inversiones,2020,1,False,386.51512918,386.51512918
Nuevo León,Nuevas inversiones,2020,2,False,344.70092404,-41.814205139999956
Nuevo León,Nuevas inversiones,2020,3,False,500.41747933,155.71655528999997
Nuevo León,Nuevas inversiones,2020,4,False,582.5684302,82.15095086999997
Nuevo León,Nuevas inversiones,2021,1,False,132.33110786,132.33110786
Nuevo León,Nuevas inversiones,2021,2,False,186.26806589,53.93695803
Nuevo León,Nuevas inversiones,2021,3,False,1036.39057618,850.1225102899999
Nuevo León,Nuevas inversiones,2021,4,False,1853.0744711,816.6838949200001
Nuevo León,Nuevas inversiones,2022,1,False,204.90797773,204.90797773
Nuevo León,Nuevas inversiones,2022,2,False,376.50936023,171.60138250000003
Nuevo León,Nuevas inversiones,2022,3,False,464.23548365,87.72612341999996
Nuevo León,Nuevas inversiones,2022,4,False,1334.08956451,869.85408086
Nuevo León,Nuevas inversiones,2023,1,False,62.94186066,62.94186066
Nuevo León,Nuevas inversiones,2023,2,False,154.28723772,91.34537706
Nuevo León,Nuevas inversiones,2023,3,False,273.23617306,118.94893533999999
Nuevo León,Nuevas inversiones,2023,4,False,298.93530644,25.699133379999978
Nuevo León,Nuevas inversiones,2024,1,False,20.50533551,20.50533551
Nuevo León,Nuevas inversiones,2024,2,False,50.6440622,30.138726690000002
Nuevo León,Nuevas inversiones,2024,3,False,138.02540776,87.38134556
Nuevo León,Nuevas inversiones,2024,4,False,437.18120571,299.15579794999996
Nuevo León,Nuevas inversiones,2025,1,False,37.36118527,37.36118527
Nuevo León,Nuevas inversiones,2025,2,False,174.0084607,136.64727543
Nuevo León,Nuevas inversiones,2025,3,False,328.45792949,154.44946879000003
Nuevo León,Nuevas inversiones,2025,4,False,336.91401235,8.45608285999998
Oaxaca,Nuevas inversiones,2006,1,False,3.769359,3.769359
Oaxaca,Nuevas inversiones,2006,2,False,8.83386195,5.06450295
Oaxaca,Nuevas inversiones,2006,3,False,10.11155295,1.2776910000000008
Oaxaca,Nuevas inversiones,2006,4,False,29.85789895,19.746346
Oaxaca,Nuevas inversiones,2007,1,False,18.756651,18.756651
Oaxaca,Nuevas inversiones,2007,2,False,23.928636,5.171984999999999
Oaxaca,Nuevas inversiones,2007,3,False,43.2332216,19.3045856
Oaxaca,Nuevas inversiones,2007,4,False,71.1493536,27.916131999999998
Oaxaca,Nuevas inversiones,2008,1,False,6.434483,6.434483
Oaxaca,Nuevas inversiones,2008,2,False,14.50962076,8.07513776
Oaxaca,Nuevas inversiones,2008,3,False,44.9397398,30.430119039999997
Oaxaca,Nuevas inversiones,2008,4,False,44.7685458,-0.17119399999999985
Oaxaca,Nuevas inversiones,2009,1,False,24.43119706,24.43119706
Oaxaca,Nuevas inversiones,2009,2,False,40.84899441,16.417797350000004
Oaxaca,Nuevas inversiones,2009,3,False,47.14291735,6.2939229399999945
Oaxaca,Nuevas inversiones,2009,4,False,85.86137735,38.71846
Oaxaca,Nuevas inversiones,2010,1,False,14.643133,14.643133
Oaxaca,Nuevas inversiones,2010,2,False,18.29593639,3.6528033900000008
Oaxaca,Nuevas inversiones,2010,3,False,24.74547014,6.449533749999997
Oaxaca,Nuevas inversiones,2010,4,False,31.14439914,6.3989290000000025
Oaxaca,Nuevas inversiones,2011,1,False,1.63710336,1.63710336
Oaxaca,Nuevas inversiones,2011,2,False,3.72958336,2.09248
Oaxaca,Nuevas inversiones,2011,3,False,8.31237428,4.582790920000001
Oaxaca,Nuevas inversiones,2011,4,False,9.80291128,1.4905369999999998
Oaxaca,Nuevas inversiones,2012,1,False,-7.50593714,-7.50593714
Oaxaca,Nuevas inversiones,2012,2,False,8.81231986,16.318257000000003
Oaxaca,Nuevas inversiones,2012,3,False,15.82774183,7.01542197
Oaxaca,Nuevas inversiones,2012,4,False,85.72708283,69.89934099999999
Oaxaca,Nuevas inversiones,2013,1,False,149.08396457,149.08396457
Oaxaca,Nuevas inversiones,2013,2,False,1356.10390868,1207.0199441099999
Oaxaca,Nuevas inversiones,2013,3,False,1295.04597907,-61.057929609999974
Oaxaca,Nuevas inversiones,2013,4,False,1454.17805242,159.13207335000016
Oaxaca,Nuevas inversiones,2014,1,False,-25.81791585,-25.81791585
Oaxaca,Nuevas inversiones,2014,2,False,-94.21184285,-68.39392699999999
Oaxaca,Nuevas inversiones,2014,3,False,-146.72098781,-52.50914496
Oaxaca,Nuevas inversiones,2014,4,False,-40.94116081,105.779827
Oaxaca,Nuevas inversiones,2015,1,False,25.21714663,25.21714663
Oaxaca,Nuevas inversiones,2015,2,False,22.65340239,-2.5637442399999983
Oaxaca,Nuevas inversiones,2015,3,False,84.3657297,61.712327310000006
Oaxaca,Nuevas inversiones,2015,4,False,88.3445757,3.97884599999999
Oaxaca,Nuevas inversiones,2016,1,False,1.70396692,1.70396692
Oaxaca,Nuevas inversiones,2016,2,False,2.17952392,0.4755569999999998
Oaxaca,Nuevas inversiones,2016,3,False,2.40674496,0.22722104000000032
Oaxaca,Nuevas inversiones,2016,4,False,24.49684914,22.090104179999997
Oaxaca,Nuevas inversiones,2017,1,False,43.1786729,43.1786729
Oaxaca,Nuevas inversiones,2017,2,False,87.75674157,44.57806867
Oaxaca,Nuevas inversiones,2017,3,False,118.25422003,30.497478459999996
Oaxaca,Nuevas inversiones,2017,4,False,125.74408324,7.489863209999996
Oaxaca,Nuevas inversiones,2018,1,False,-68.24489429,-68.24489429
Oaxaca,Nuevas inversiones,2018,2,False,-53.56386538,14.681028910000002
Oaxaca,Nuevas inversiones,2018,3,False,-77.64653295,-24.08266756999999
Oaxaca,Nuevas inversiones,2018,4,False,-72.45434298,5.192189969999987
Oaxaca,Nuevas inversiones,2019,1,False,6.39744684,6.39744684
Oaxaca,Nuevas inversiones,2019,2,False,10.09485048,3.69740364
Oaxaca,Nuevas inversiones,2019,3,False,33.30361087,23.208760390000002
Oaxaca,Nuevas inversiones,2019,4,False,54.24847472,20.944863849999997
Oaxaca,Nuevas inversiones,2020,1,False,23.41820379,23.41820379
Oaxaca,Nuevas inversiones,2020,2,False,5.1737463,-18.24445749
Oaxaca,Nuevas inversiones,2020,3,False,-8.72707151,-13.90081781
Oaxaca,Nuevas inversiones,2020,4,False,-27.65338026,-18.926308749999997
Oaxaca,Nuevas inversiones,2021,1,False,56.32428625,56.32428625
Oaxaca,Nuevas inversiones,2021,2,False,124.84400582,68.51971957
Oaxaca,Nuevas inversiones,2021,3,False,125.8703885,1.0263826799999975
Oaxaca,Nuevas inversiones,2021,4,False,110.62300693,-15.247381570000002
Oaxaca,Nuevas inversiones,2022,1,False,56.00643098,56.00643098
Oaxaca,Nuevas inversiones,2022,2,False,68.68620811,12.679777129999998
Oaxaca,Nuevas inversiones,2022,3,False,75.220117,6.533908890000006
Oaxaca,Nuevas inversiones,2022,4,False,73.15832606,-2.0617909400000087
Oaxaca,Nuevas inversiones,2023,1,False,6.11218429,6.11218429
Oaxaca,Nuevas inversiones,2023,2,False,14.53200649,8.4198222
Oaxaca,Nuevas inversiones,2023,3,False,22.92638902,8.394382529999998
Oaxaca,Nuevas inversiones,2023,4,False,35.50171325,12.575324230000003
Oaxaca,Nuevas inversiones,2024,1,False,6.22103468,6.22103468
Oaxaca,Nuevas inversiones,2024,2,False,11.95745969,5.7364250100000005
Oaxaca,Nuevas inversiones,2024,3,False,19.40949329,7.4520336
Oaxaca,Nuevas inversiones,2024,4,False,22.43322848,3.02373519
Oaxaca,Nuevas inversiones,2025,1,False,-13.07739653,-13.07739653
Oaxaca,Nuevas inversiones,2025,2,False,12.48471006,25.56210659
Oaxaca,Nuevas inversiones,2025,3,False,21.36158209,8.87687203
Oaxaca,Nuevas inversiones,2025,4,False,28.98210417,7.620522080000001
Puebla,Nuevas inversiones,2006,1,False,59.193039,59.193039
Puebla,Nuevas inversiones,2006,2,False,172.689362,113.49632299999999
Puebla,Nuevas inversiones,2006,3,False,177.116805,4.427443000000011
Puebla,Nuevas inversiones,2006,4,False,277.89404,100.77723500000002
Puebla,Nuevas inversiones,2007,1,False,25.34673,25.34673
Puebla,Nuevas inversiones,2007,2,False,42.602368,17.255637999999998
Puebla,Nuevas inversiones,2007,3,False,206.001146,163.398778
Puebla,Nuevas inversiones,2007,4,False,409.51917,203.51802399999997
Puebla,Nuevas inversiones,2008,1,False,16.756728,16.756728
Puebla,Nuevas inversiones,2008,2,False,60.693651,43.93692300000001
Puebla,Nuevas inversiones,2008,3,False,114.46275856,53.769107559999995
Puebla,Nuevas inversiones,2008,4,False,214.48440756,100.021649
Puebla,Nuevas inversiones,2009,1,False,16.68356445,16.68356445
Puebla,Nuevas inversiones,2009,2,False,84.16013968,67.47657523000001
Puebla,Nuevas inversiones,2009,3,False,90.80446935,6.644329670000005
Puebla,Nuevas inversiones,2009,4,False,153.6411071,62.836637749999994
Puebla,Nuevas inversiones,2010,1,False,88.28899972,88.28899972
Puebla,Nuevas inversiones,2010,2,False,165.66935605,77.38035633
Puebla,Nuevas inversiones,2010,3,False,234.00775937,68.33840332
Puebla,Nuevas inversiones,2010,4,False,501.51353737,267.50577799999996
Puebla,Nuevas inversiones,2011,1,False,28.35269409,28.35269409
Puebla,Nuevas inversiones,2011,2,False,69.29823463,40.945540539999996
Puebla,Nuevas inversiones,2011,3,False,169.72542437,100.42718974000002
Puebla,Nuevas inversiones,2011,4,False,295.51573196,125.79030758999997
Puebla,Nuevas inversiones,2012,1,False,77.0700925,77.0700925
Puebla,Nuevas inversiones,2012,2,False,111.2894435,34.219351
Puebla,Nuevas inversiones,2012,3,False,151.32469577,40.03525227
Puebla,Nuevas inversiones,2012,4,False,195.46503788,44.140342110000006
Puebla,Nuevas inversiones,2013,1,False,-3.80246722,-3.80246722
Puebla,Nuevas inversiones,2013,2,False,101.6597359,105.46220312
Puebla,Nuevas inversiones,2013,3,False,88.51544148,-13.144294419999994
Puebla,Nuevas inversiones,2013,4,False,300.51167948,211.996238
Puebla,Nuevas inversiones,2014,1,False,118.47927961,118.47927961
Puebla,Nuevas inversiones,2014,2,False,8.6322201,-109.84705951000001
Puebla,Nuevas inversiones,2014,3,False,168.21066578,159.57844568
Puebla,Nuevas inversiones,2014,4,False,407.16710975,238.95644397
Puebla,Nuevas inversiones,2015,1,False,99.17304738,99.17304738
Puebla,Nuevas inversiones,2015,2,False,283.87913744,184.70609006
Puebla,Nuevas inversiones,2015,3,False,394.99676754,111.11763009999999
Puebla,Nuevas inversiones,2015,4,False,511.49464311,116.49787557000002
Puebla,Nuevas inversiones,2016,1,False,154.62256054,154.62256054
Puebla,Nuevas inversiones,2016,2,False,166.14667544,11.5241149
Puebla,Nuevas inversiones,2016,3,False,252.50766198,86.36098654
Puebla,Nuevas inversiones,2016,4,False,335.7927976,83.28513561999998
Puebla,Nuevas inversiones,2017,1,False,21.82322597,21.82322597
Puebla,Nuevas inversiones,2017,2,False,29.31372059,7.49049462
Puebla,Nuevas inversiones,2017,3,False,60.39965977,31.08593918
Puebla,Nuevas inversiones,2017,4,False,52.43060874,-7.969051030000003
Puebla,Nuevas inversiones,2018,1,False,10.52038715,10.52038715
Puebla,Nuevas inversiones,2018,2,False,50.59511542,40.07472827
Puebla,Nuevas inversiones,2018,3,False,87.20564661,36.61053119
Puebla,Nuevas inversiones,2018,4,False,116.85718063,29.65153402
Puebla,Nuevas inversiones,2019,1,False,-49.0686039,-49.0686039
Puebla,Nuevas inversiones,2019,2,False,-28.10750972,20.96109418
Puebla,Nuevas inversiones,2019,3,False,345.39881343,373.50632315
Puebla,Nuevas inversiones,2019,4,False,416.61347572,71.21466228999998
Puebla,Nuevas inversiones,2020,1,False,45.61171731,45.61171731
Puebla,Nuevas inversiones,2020,2,False,32.84043789,-12.771279420000006
Puebla,Nuevas inversiones,2020,3,False,38.17810887,5.337670980000006
Puebla,Nuevas inversiones,2020,4,False,81.53863413,43.36052526
Puebla,Nuevas inversiones,2021,1,False,7.7584257,7.7584257
Puebla,Nuevas inversiones,2021,2,False,39.24481128,31.48638558
Puebla,Nuevas inversiones,2021,3,False,168.86663979,129.62182851
Puebla,Nuevas inversiones,2021,4,False,237.94389488,69.07725509
Puebla,Nuevas inversiones,2022,1,False,83.24981793,83.24981793
Puebla,Nuevas inversiones,2022,2,False,138.89101735,55.64119941999999
Puebla,Nuevas inversiones,2022,3,False,161.81908201,22.92806465999999
Puebla,Nuevas inversiones,2022,4,False,278.72166206,116.90258005000004
Puebla,Nuevas inversiones,2023,1,False,4.30401893,4.30401893
Puebla,Nuevas inversiones,2023,2,False,8.17031813,3.8662992000000003
Puebla,Nuevas inversiones,2023,3,False,18.4525063,10.28218817
Puebla,Nuevas inversiones,2023,4,False,24.32366664,5.871160339999999
Puebla,Nuevas inversiones,2024,1,False,-5.22673859,-5.22673859
Puebla,Nuevas inversiones,2024,2,False,-5.22035128,0.006387310000000035
Puebla,Nuevas inversiones,2024,3,False,-5.18522611,0.035125169999999706
Puebla,Nuevas inversiones,2024,4,False,11.94601882,17.13124493
Puebla,Nuevas inversiones,2025,1,False,1.03231881,1.03231881
Puebla,Nuevas inversiones,2025,2,False,2.43638957,1.4040707599999998
Puebla,Nuevas inversiones,2025,3,False,3.49452751,1.0581379400000004
Puebla,Nuevas inversiones,2025,4,False,30.71683589,27.222308379999998
Querétaro,Nuevas inversiones,2006,1,False,8.928454,8.928454
Querétaro,Nuevas inversiones,2006,2,False,58.387008,49.458554
Querétaro,Nuevas inversiones,2006,3,False,170.239585,111.852577
Querétaro,Nuevas inversiones,2006,4,False,243.940633,73.70104799999999
Querétaro,Nuevas inversiones,2007,1,False,224.194972,224.194972
Querétaro,Nuevas inversiones,2007,2,False,221.59086645,-2.604105550000014
Querétaro,Nuevas inversiones,2007,3,False,313.38909045,91.79822400000003
Querétaro,Nuevas inversiones,2007,4,False,420.00430145,106.61521099999999
Querétaro,Nuevas inversiones,2008,1,False,51.290797,51.290797
Querétaro,Nuevas inversiones,2008,2,False,155.024839,103.73404199999999
Querétaro,Nuevas inversiones,2008,3,False,207.611247,52.586408000000006
Querétaro,Nuevas inversiones,2008,4,False,352.457874,144.846627
Querétaro,Nuevas inversiones,2009,1,False,48.8800048,48.8800048
Querétaro,Nuevas inversiones,2009,2,False,523.8445649,474.9645601
Querétaro,Nuevas inversiones,2009,3,False,534.93871462,11.094149720000019
Querétaro,Nuevas inversiones,2009,4,False,654.86170303,119.9229884099999
Querétaro,Nuevas inversiones,2010,1,False,49.133608,49.133608
Querétaro,Nuevas inversiones,2010,2,False,232.90494,183.771332
Querétaro,Nuevas inversiones,2010,3,False,311.756226,78.85128600000002
Querétaro,Nuevas inversiones,2010,4,False,353.41085032,41.65462431999998
Querétaro,Nuevas inversiones,2011,1,False,57.84842436,57.84842436
Querétaro,Nuevas inversiones,2011,2,False,248.64274231,190.79431795
Querétaro,Nuevas inversiones,2011,3,False,417.89883629,169.25609398000003
Querétaro,Nuevas inversiones,2011,4,False,504.0461353,86.14729900999998
Querétaro,Nuevas inversiones,2012,1,False,54.8167184,54.8167184
Querétaro,Nuevas inversiones,2012,2,False,136.9053028,82.08858439999999
Querétaro,Nuevas inversiones,2012,3,False,279.50127598,142.59597318000002
Querétaro,Nuevas inversiones,2012,4,False,-353.58628739,-633.08756337
Querétaro,Nuevas inversiones,2013,1,False,51.74401832,51.74401832
Querétaro,Nuevas inversiones,2013,2,False,135.83412033,84.09010200999998
Querétaro,Nuevas inversiones,2013,3,False,190.19305964,54.35893931000001
Querétaro,Nuevas inversiones,2013,4,False,280.35784753,90.16478789000001
Querétaro,Nuevas inversiones,2014,1,False,44.24392344,44.24392344
Querétaro,Nuevas inversiones,2014,2,False,-9.85753581,-54.101459250000005
Querétaro,Nuevas inversiones,2014,3,False,7.13072756,16.98826337
Querétaro,Nuevas inversiones,2014,4,False,192.0432068,184.91247924
Querétaro,Nuevas inversiones,2015,1,False,53.72890472,53.72890472
Querétaro,Nuevas inversiones,2015,2,False,123.7542425,70.02533778
Querétaro,Nuevas inversiones,2015,3,False,291.94933697,168.19509447
Querétaro,Nuevas inversiones,2015,4,False,498.30823733,206.35890036
Querétaro,Nuevas inversiones,2016,1,False,124.19728725,124.19728725
Querétaro,Nuevas inversiones,2016,2,False,137.90633799,13.709050739999995
Querétaro,Nuevas inversiones,2016,3,False,175.73271398,37.82637599
Querétaro,Nuevas inversiones,2016,4,False,289.2725435,113.53982951999998
Querétaro,Nuevas inversiones,2017,1,False,101.4662732,101.4662732
Querétaro,Nuevas inversiones,2017,2,False,132.21547156,30.749198359999994
Querétaro,Nuevas inversiones,2017,3,False,342.50341644,210.28794488000003
Querétaro,Nuevas inversiones,2017,4,False,337.28695914,-5.216457300000002
Querétaro,Nuevas inversiones,2018,1,False,50.63782103,50.63782103
Querétaro,Nuevas inversiones,2018,2,False,99.78615241,49.14833138
Querétaro,Nuevas inversiones,2018,3,False,161.73799008,61.95183767
Querétaro,Nuevas inversiones,2018,4,False,367.28341246,205.54542238000002
Querétaro,Nuevas inversiones,2019,1,False,15.20255691,15.20255691
Querétaro,Nuevas inversiones,2019,2,False,62.74438295,47.541826040000004
Querétaro,Nuevas inversiones,2019,3,False,432.43791476,369.69353181
Querétaro,Nuevas inversiones,2019,4,False,663.56477821,231.12686344999997
Querétaro,Nuevas inversiones,2020,1,False,35.14082636,35.14082636
Querétaro,Nuevas inversiones,2020,2,False,38.02176251,2.8809361500000037
Querétaro,Nuevas inversiones,2020,3,False,245.28368025,207.26191774
Querétaro,Nuevas inversiones,2020,4,False,355.9179347,110.63425444999999
Querétaro,Nuevas inversiones,2021,1,False,-0.81995109,-0.81995109
Querétaro,Nuevas inversiones,2021,2,False,38.80971297,39.629664059999996
Querétaro,Nuevas inversiones,2021,3,False,141.00421535,102.19450238000002
Querétaro,Nuevas inversiones,2021,4,False,315.98436763,174.98015228
Querétaro,Nuevas inversiones,2022,1,False,48.23148404,48.23148404
Querétaro,Nuevas inversiones,2022,2,False,71.1286151,22.897131060000007
Querétaro,Nuevas inversiones,2022,3,False,125.84832767,54.71971257
Querétaro,Nuevas inversiones,2022,4,False,107.48941137,-18.358916300000004
Querétaro,Nuevas inversiones,2023,1,False,1.44830565,1.44830565
Querétaro,Nuevas inversiones,2023,2,False,43.24255911,41.79425346
Querétaro,Nuevas inversiones,2023,3,False,99.37796127,56.13540216
Querétaro,Nuevas inversiones,2023,4,False,43.92006416,-55.45789711
Querétaro,Nuevas inversiones,2024,1,False,2.07688356,2.07688356
Querétaro,Nuevas inversiones,2024,2,False,24.28542484,22.208541280000002
Querétaro,Nuevas inversiones,2024,3,False,25.94589567,1.6604708299999977
Querétaro,Nuevas inversiones,2024,4,False,26.56066258,0.6147669100000002
Querétaro,Nuevas inversiones,2025,1,False,21.7511993,21.7511993
Querétaro,Nuevas inversiones,2025,2,False,159.0746068,137.3234075
Querétaro,Nuevas inversiones,2025,3,False,181.00300791,21.92840111000001
Querétaro,Nuevas inversiones,2025,4,False,270.58964246,89.58663454999999
Quintana Roo,Nuevas inversiones,2006,1,False,44.34543795,44.34543795
Quintana Roo,Nuevas inversiones,2006,2,False,141.1635458,96.81810785000002
Quintana Roo,Nuevas inversiones,2006,3,False,254.04662524,112.88307943999999
Quintana Roo,Nuevas inversiones,2006,4,False,374.10401626,120.05739101999998
Quintana Roo,Nuevas inversiones,2007,1,False,195.64464094,195.64464094
Quintana Roo,Nuevas inversiones,2007,2,False,431.86742489,236.22278395
Quintana Roo,Nuevas inversiones,2007,3,False,561.37990201,129.51247712000003
Quintana Roo,Nuevas inversiones,2007,4,False,937.66137567,376.28147365999996
Quintana Roo,Nuevas inversiones,2008,1,False,271.81343729,271.81343729
Quintana Roo,Nuevas inversiones,2008,2,False,352.20718854,80.39375124999998
Quintana Roo,Nuevas inversiones,2008,3,False,404.13867759,51.93148904999998
Quintana Roo,Nuevas inversiones,2008,4,False,469.6864075,65.54772990999999
Quintana Roo,Nuevas inversiones,2009,1,False,46.19925542,46.19925542
Quintana Roo,Nuevas inversiones,2009,2,False,132.93101366,86.73175823999999
Quintana Roo,Nuevas inversiones,2009,3,False,206.7918136,73.86079994000002
Quintana Roo,Nuevas inversiones,2009,4,False,277.84948995,71.05767635000001
Quintana Roo,Nuevas inversiones,2010,1,False,90.84832042,90.84832042
Quintana Roo,Nuevas inversiones,2010,2,False,104.22135316,13.373032740000014
Quintana Roo,Nuevas inversiones,2010,3,False,157.28872947,53.067376309999986
Quintana Roo,Nuevas inversiones,2010,4,False,217.18764971,59.898920239999995
Quintana Roo,Nuevas inversiones,2011,1,False,60.36271026,60.36271026
Quintana Roo,Nuevas inversiones,2011,2,False,162.14368502,101.78097475999999
Quintana Roo,Nuevas inversiones,2011,3,False,255.03577696,92.89209194
Quintana Roo,Nuevas inversiones,2011,4,False,386.17808908,131.14231212
Quintana Roo,Nuevas inversiones,2012,1,False,81.79998269,81.79998269
Quintana Roo,Nuevas inversiones,2012,2,False,178.47192922,96.67194653
Quintana Roo,Nuevas inversiones,2012,3,False,286.48075938,108.00883016
Quintana Roo,Nuevas inversiones,2012,4,False,449.12098841,162.64022903
Quintana Roo,Nuevas inversiones,2013,1,False,68.12135922,68.12135922
Quintana Roo,Nuevas inversiones,2013,2,False,170.75361889,102.63225967000001
Quintana Roo,Nuevas inversiones,2013,3,False,728.86432428,558.11070539
Quintana Roo,Nuevas inversiones,2013,4,False,785.42480125,56.56047696999997
Quintana Roo,Nuevas inversiones,2014,1,False,84.95653678,84.95653678
Quintana Roo,Nuevas inversiones,2014,2,False,53.49903689,-31.457499889999994
Quintana Roo,Nuevas inversiones,2014,3,False,46.4282737,-7.070763190000001
Quintana Roo,Nuevas inversiones,2014,4,False,95.72677955,49.298505850000005
Quintana Roo,Nuevas inversiones,2015,1,False,50.86134452,50.86134452
Quintana Roo,Nuevas inversiones,2015,2,False,77.6292892,26.76794468
Quintana Roo,Nuevas inversiones,2015,3,False,274.28208692,196.65279771999997
Quintana Roo,Nuevas inversiones,2015,4,False,322.88310785,48.601020930000004
Quintana Roo,Nuevas inversiones,2016,1,False,30.5267275,30.5267275
Quintana Roo,Nuevas inversiones,2016,2,False,49.05558473,18.52885723
Quintana Roo,Nuevas inversiones,2016,3,False,87.2071151,38.151530369999996
Quintana Roo,Nuevas inversiones,2016,4,False,138.28626816,51.079153059999996
Quintana Roo,Nuevas inversiones,2017,1,False,58.74989668,58.74989668
Quintana Roo,Nuevas inversiones,2017,2,False,92.64171585,33.89181917
Quintana Roo,Nuevas inversiones,2017,3,False,227.89605948,135.25434363
Quintana Roo,Nuevas inversiones,2017,4,False,323.05752699,95.16146751
Quintana Roo,Nuevas inversiones,2018,1,False,39.73201322,39.73201322
Quintana Roo,Nuevas inversiones,2018,2,False,162.9787937,123.24678048000001
Quintana Roo,Nuevas inversiones,2018,3,False,250.54253831,87.56374460999999
Quintana Roo,Nuevas inversiones,2018,4,False,366.11118699,115.56864868000002
Quintana Roo,Nuevas inversiones,2019,1,False,107.28104659,107.28104659
Quintana Roo,Nuevas inversiones,2019,2,False,194.4999423,87.21889570999998
Quintana Roo,Nuevas inversiones,2019,3,False,266.77828481,72.27834251000002
Quintana Roo,Nuevas inversiones,2019,4,False,408.18133098,141.40304616999998
Quintana Roo,Nuevas inversiones,2020,1,False,68.23703931,68.23703931
Quintana Roo,Nuevas inversiones,2020,2,False,69.54568508,1.3086457699999983
Quintana Roo,Nuevas inversiones,2020,3,False,86.09164537,16.545960289999996
Quintana Roo,Nuevas inversiones,2020,4,False,24.82371374,-61.26793162999999
Quintana Roo,Nuevas inversiones,2021,1,False,38.80747815,38.80747815
Quintana Roo,Nuevas inversiones,2021,2,False,150.91412277,112.10664462
Quintana Roo,Nuevas inversiones,2021,3,False,228.99741224,78.08328946999998
Quintana Roo,Nuevas inversiones,2021,4,False,286.4044688,57.40705656000003
Quintana Roo,Nuevas inversiones,2022,1,False,192.24121338,192.24121338
Quintana Roo,Nuevas inversiones,2022,2,False,267.3729416,75.13172821999999
Quintana Roo,Nuevas inversiones,2022,3,False,238.36391686,-29.00902474
Quintana Roo,Nuevas inversiones,2022,4,False,314.43044135,76.06652449000003
Quintana Roo,Nuevas inversiones,2023,1,False,102.20273116,102.20273116
Quintana Roo,Nuevas inversiones,2023,2,False,229.9399926,127.73726144000001
Quintana Roo,Nuevas inversiones,2023,3,False,386.72444688,156.78445428
Quintana Roo,Nuevas inversiones,2023,4,False,639.9223541,253.19790722
Quintana Roo,Nuevas inversiones,2024,1,False,153.70269881,153.70269881
Quintana Roo,Nuevas inversiones,2024,2,False,276.26433503,122.56163622
Quintana Roo,Nuevas inversiones,2024,3,False,409.43063683,133.16630180000004
Quintana Roo,Nuevas inversiones,2024,4,False,536.42478679,126.99414995999996
Quintana Roo,Nuevas inversiones,2025,1,False,352.93946714,352.93946714
Quintana Roo,Nuevas inversiones,2025,2,False,466.87306447,113.93359733
Quintana Roo,Nuevas inversiones,2025,3,False,706.13002004,239.25695557
Quintana Roo,Nuevas inversiones,2025,4,False,856.20179326,150.07177322000007
San Luis Potosí,Nuevas inversiones,2006,1,False,-10.92149,-10.92149
San Luis Potosí,Nuevas inversiones,2006,2,False,8.911446,19.832936
San Luis Potosí,Nuevas inversiones,2006,3,False,41.819986,32.90854
San Luis Potosí,Nuevas inversiones,2006,4,False,101.133421,59.313435
San Luis Potosí,Nuevas inversiones,2007,1,False,13.940435,13.940435
San Luis Potosí,Nuevas inversiones,2007,2,False,-10.987199,-24.927634
San Luis Potosí,Nuevas inversiones,2007,3,False,73.872799,84.859998
San Luis Potosí,Nuevas inversiones,2007,4,False,159.774365,85.90156599999999
San Luis Potosí,Nuevas inversiones,2008,1,False,115.704484,115.704484
San Luis Potosí,Nuevas inversiones,2008,2,False,126.409985,10.705501000000012
San Luis Potosí,Nuevas inversiones,2008,3,False,238.527962,112.117977
San Luis Potosí,Nuevas inversiones,2008,4,False,221.853151,-16.674811000000005
San Luis Potosí,Nuevas inversiones,2009,1,False,34.501479,34.501479
San Luis Potosí,Nuevas inversiones,2009,2,False,-44.809454,-79.310933
San Luis Potosí,Nuevas inversiones,2009,3,False,-46.071016,-1.2615619999999979
San Luis Potosí,Nuevas inversiones,2009,4,False,28.973753,75.044769
San Luis Potosí,Nuevas inversiones,2010,1,False,128.029658,128.029658
San Luis Potosí,Nuevas inversiones,2010,2,False,138.06292,10.03326199999998
San Luis Potosí,Nuevas inversiones,2010,3,False,147.268814,9.205894
San Luis Potosí,Nuevas inversiones,2010,4,False,173.737701,26.468886999999995
San Luis Potosí,Nuevas inversiones,2011,1,False,78.707353,78.707353
San Luis Potosí,Nuevas inversiones,2011,2,False,53.87937237,-24.82798063
San Luis Potosí,Nuevas inversiones,2011,3,False,67.26156937,13.382197000000005
San Luis Potosí,Nuevas inversiones,2011,4,False,82.24924277,14.987673399999991
San Luis Potosí,Nuevas inversiones,2012,1,False,3.31470115,3.31470115
San Luis Potosí,Nuevas inversiones,2012,2,False,54.18627415,50.871573000000005
San Luis Potosí,Nuevas inversiones,2012,3,False,85.25504215,31.06876799999999
San Luis Potosí,Nuevas inversiones,2012,4,False,168.28000115,83.02495900000001
San Luis Potosí,Nuevas inversiones,2013,1,False,85.98216371,85.98216371
San Luis Potosí,Nuevas inversiones,2013,2,False,910.43445221,824.4522885
San Luis Potosí,Nuevas inversiones,2013,3,False,958.3719782,47.937525989999926
San Luis Potosí,Nuevas inversiones,2013,4,False,1118.97026346,160.59828526000013
San Luis Potosí,Nuevas inversiones,2014,1,False,59.9492695,59.9492695
San Luis Potosí,Nuevas inversiones,2014,2,False,26.8502085,-33.099061
San Luis Potosí,Nuevas inversiones,2014,3,False,93.57558954,66.72538104
San Luis Potosí,Nuevas inversiones,2014,4,False,243.5373611,149.96177156
San Luis Potosí,Nuevas inversiones,2015,1,False,100.8876674,100.8876674
San Luis Potosí,Nuevas inversiones,2015,2,False,567.92872497,467.04105756999996
San Luis Potosí,Nuevas inversiones,2015,3,False,683.15701108,115.22828611
San Luis Potosí,Nuevas inversiones,2015,4,False,1136.07278987,452.91577879
San Luis Potosí,Nuevas inversiones,2016,1,False,30.03980672,30.03980672
San Luis Potosí,Nuevas inversiones,2016,2,False,180.94578587,150.90597915
San Luis Potosí,Nuevas inversiones,2016,3,False,235.33904835,54.393262480000004
San Luis Potosí,Nuevas inversiones,2016,4,False,441.60984749,206.27079913999998
San Luis Potosí,Nuevas inversiones,2017,1,False,150.93969841,150.93969841
San Luis Potosí,Nuevas inversiones,2017,2,False,307.17002044,156.23032202999997
San Luis Potosí,Nuevas inversiones,2017,3,False,339.00781846,31.837798020000037
San Luis Potosí,Nuevas inversiones,2017,4,False,459.59442563,120.58660716999998
San Luis Potosí,Nuevas inversiones,2018,1,False,11.47387839,11.47387839
San Luis Potosí,Nuevas inversiones,2018,2,False,95.42564806,83.95176967
San Luis Potosí,Nuevas inversiones,2018,3,False,305.05576173,209.63011366999996
San Luis Potosí,Nuevas inversiones,2018,4,False,474.63774789,169.58198616000004
San Luis Potosí,Nuevas inversiones,2019,1,False,142.77304016,142.77304016
San Luis Potosí,Nuevas inversiones,2019,2,False,190.86051847,48.087478309999995
San Luis Potosí,Nuevas inversiones,2019,3,False,216.94088513,26.08036666000001
San Luis Potosí,Nuevas inversiones,2019,4,False,372.10136338,155.16047825
San Luis Potosí,Nuevas inversiones,2020,1,False,30.51312568,30.51312568
San Luis Potosí,Nuevas inversiones,2020,2,False,14.49884932,-16.014276360000004
San Luis Potosí,Nuevas inversiones,2020,3,False,154.50015925,140.00130993
San Luis Potosí,Nuevas inversiones,2020,4,False,307.37701476,152.87685551
San Luis Potosí,Nuevas inversiones,2021,1,False,40.79056263,40.79056263
San Luis Potosí,Nuevas inversiones,2021,2,False,130.05501754,89.26445491
San Luis Potosí,Nuevas inversiones,2021,3,False,303.34919491,173.29417737
San Luis Potosí,Nuevas inversiones,2021,4,False,353.24952297,49.90032805999999
San Luis Potosí,Nuevas inversiones,2022,1,False,79.78771395,79.78771395
San Luis Potosí,Nuevas inversiones,2022,2,False,226.16418495,146.37647099999998
San Luis Potosí,Nuevas inversiones,2022,3,False,608.39405044,382.22986549
San Luis Potosí,Nuevas inversiones,2022,4,False,665.16485933,56.77080889000001
San Luis Potosí,Nuevas inversiones,2023,1,False,-0.47597693,-0.47597693
San Luis Potosí,Nuevas inversiones,2023,2,False,17.31252641,17.788503340000002
San Luis Potosí,Nuevas inversiones,2023,3,False,17.32867032,0.01614391000000026
San Luis Potosí,Nuevas inversiones,2023,4,False,99.69176037,82.36309005
San Luis Potosí,Nuevas inversiones,2024,1,False,0.32544195,0.32544195
San Luis Potosí,Nuevas inversiones,2024,2,False,0.38837876,0.06293681000000001
San Luis Potosí,Nuevas inversiones,2024,3,False,0.39173587,0.0033571099999999965
San Luis Potosí,Nuevas inversiones,2024,4,False,3.50436388,3.11262801
San Luis Potosí,Nuevas inversiones,2025,1,False,0.0,0.0
San Luis Potosí,Nuevas inversiones,2025,2,False,-138.56063177,-138.56063177
San Luis Potosí,Nuevas inversiones,2025,3,False,-139.88288036,-1.3222485900000152
San Luis Potosí,Nuevas inversiones,2025,4,False,-138.57497727,1.3079030899999964
Sinaloa,Nuevas inversiones,2006,1,False,11.11557132,11.11557132
Sinaloa,Nuevas inversiones,2006,2,False,36.50213532,25.386564
Sinaloa,Nuevas inversiones,2006,3,False,38.28825029,1.7861149699999999
Sinaloa,Nuevas inversiones,2006,4,False,65.72828747,27.440037179999997
Sinaloa,Nuevas inversiones,2007,1,False,8.265437,8.265437
Sinaloa,Nuevas inversiones,2007,2,False,24.48071886,16.215281859999997
Sinaloa,Nuevas inversiones,2007,3,False,102.73826633,78.25754747
Sinaloa,Nuevas inversiones,2007,4,False,160.45327126,57.715004930000006
Sinaloa,Nuevas inversiones,2008,1,False,7.35952323,7.35952323
Sinaloa,Nuevas inversiones,2008,2,False,11.97893638,4.619413150000001
Sinaloa,Nuevas inversiones,2008,3,False,31.75245752,19.77352114
Sinaloa,Nuevas inversiones,2008,4,False,49.52656518,17.77410766
Sinaloa,Nuevas inversiones,2009,1,False,3.0800032,3.0800032
Sinaloa,Nuevas inversiones,2009,2,False,17.84078406,14.76078086
Sinaloa,Nuevas inversiones,2009,3,False,32.5928279,14.752043840000002
Sinaloa,Nuevas inversiones,2009,4,False,97.89733874,65.30451083999999
Sinaloa,Nuevas inversiones,2010,1,False,62.1465983,62.1465983
Sinaloa,Nuevas inversiones,2010,2,False,93.41085224,31.264253939999996
Sinaloa,Nuevas inversiones,2010,3,False,107.9193177,14.508465459999996
Sinaloa,Nuevas inversiones,2010,4,False,123.36121587,15.441898170000002
Sinaloa,Nuevas inversiones,2011,1,False,37.97260337,37.97260337
Sinaloa,Nuevas inversiones,2011,2,False,50.35017933,12.377575960000001
Sinaloa,Nuevas inversiones,2011,3,False,64.66816168,14.317982349999994
Sinaloa,Nuevas inversiones,2011,4,False,73.06611964,8.39795796
Sinaloa,Nuevas inversiones,2012,1,False,21.3783484,21.3783484
Sinaloa,Nuevas inversiones,2012,2,False,125.7004534,104.322105
Sinaloa,Nuevas inversiones,2012,3,False,140.47447299,14.774019590000009
Sinaloa,Nuevas inversiones,2012,4,False,311.38766811,170.91319511999998
Sinaloa,Nuevas inversiones,2013,1,False,40.089509,40.089509
Sinaloa,Nuevas inversiones,2013,2,False,134.59878659,94.50927759000001
Sinaloa,Nuevas inversiones,2013,3,False,51.97301494,-82.62577165
Sinaloa,Nuevas inversiones,2013,4,False,52.98453407,1.0115191300000035
Sinaloa,Nuevas inversiones,2014,1,False,9.79567888,9.79567888
Sinaloa,Nuevas inversiones,2014,2,False,-77.82926694,-87.62494582
Sinaloa,Nuevas inversiones,2014,3,False,-82.85470965,-5.025442710000007
Sinaloa,Nuevas inversiones,2014,4,False,-44.77579948,38.07891017
Sinaloa,Nuevas inversiones,2015,1,False,21.340604,21.340604
Sinaloa,Nuevas inversiones,2015,2,False,54.80313874,33.46253474
Sinaloa,Nuevas inversiones,2015,3,False,79.80509556,25.001956819999997
Sinaloa,Nuevas inversiones,2015,4,False,74.41895532,-5.386140240000003
Sinaloa,Nuevas inversiones,2016,1,False,6.58794006,6.58794006
Sinaloa,Nuevas inversiones,2016,2,False,6.37658997,-0.21135008999999982
Sinaloa,Nuevas inversiones,2016,3,False,7.61381053,1.23722056
Sinaloa,Nuevas inversiones,2016,4,False,49.92923613,42.3154256
Sinaloa,Nuevas inversiones,2017,1,False,36.42130651,36.42130651
Sinaloa,Nuevas inversiones,2017,2,False,48.98976992,12.56846341
Sinaloa,Nuevas inversiones,2017,3,False,56.62834209,7.638572169999996
Sinaloa,Nuevas inversiones,2017,4,False,69.64704104,13.018698950000008
Sinaloa,Nuevas inversiones,2018,1,False,13.6172681,13.6172681
Sinaloa,Nuevas inversiones,2018,2,False,19.89053177,6.273263669999999
Sinaloa,Nuevas inversiones,2018,3,False,277.98396112,258.09342935
Sinaloa,Nuevas inversiones,2018,4,False,309.91503283,31.93107170999997
Sinaloa,Nuevas inversiones,2019,1,False,15.2599112,15.2599112
Sinaloa,Nuevas inversiones,2019,2,False,27.33022602,12.070314820000002
Sinaloa,Nuevas inversiones,2019,3,False,62.53703208,35.206806060000005
Sinaloa,Nuevas inversiones,2019,4,False,91.50048389,28.963451809999995
Sinaloa,Nuevas inversiones,2020,1,False,37.50221626,37.50221626
Sinaloa,Nuevas inversiones,2020,2,False,154.34047652,116.83826026000001
Sinaloa,Nuevas inversiones,2020,3,False,166.9700933,12.629616779999992
Sinaloa,Nuevas inversiones,2020,4,False,171.01735813,4.047264829999989
Sinaloa,Nuevas inversiones,2021,1,False,6.17553836,6.17553836
Sinaloa,Nuevas inversiones,2021,2,False,104.05538572,97.87984736
Sinaloa,Nuevas inversiones,2021,3,False,220.40667345,116.35128773
Sinaloa,Nuevas inversiones,2021,4,False,240.33369126,19.927017809999995
Sinaloa,Nuevas inversiones,2022,1,False,51.63539014,51.63539014
Sinaloa,Nuevas inversiones,2022,2,False,160.05250747,108.41711733
Sinaloa,Nuevas inversiones,2022,3,False,340.92231079,180.86980332
Sinaloa,Nuevas inversiones,2022,4,False,449.27943923,108.35712844
Sinaloa,Nuevas inversiones,2023,1,False,8.96208833,8.96208833
Sinaloa,Nuevas inversiones,2023,2,False,12.67177112,3.7096827900000005
Sinaloa,Nuevas inversiones,2023,3,False,23.97259019,11.300819069999998
Sinaloa,Nuevas inversiones,2023,4,False,27.4018291,3.4292389100000022
Sinaloa,Nuevas inversiones,2024,1,False,5.15936109,5.15936109
Sinaloa,Nuevas inversiones,2024,2,False,3.44512581,-1.71423528
Sinaloa,Nuevas inversiones,2024,3,False,26.97775373,23.53262792
Sinaloa,Nuevas inversiones,2024,4,False,35.98951777,9.01176404
Sinaloa,Nuevas inversiones,2025,1,False,4.81875544,4.81875544
Sinaloa,Nuevas inversiones,2025,2,False,12.51256584,7.6938104
Sinaloa,Nuevas inversiones,2025,3,False,14.24089906,1.7283332199999997
Sinaloa,Nuevas inversiones,2025,4,False,38.65748765,24.41658859
Sonora,Nuevas inversiones,2006,1,False,23.5774291,23.5774291
Sonora,Nuevas inversiones,2006,2,False,60.24110321,36.66367411
Sonora,Nuevas inversiones,2006,3,False,126.99642414,66.75532093000001
Sonora,Nuevas inversiones,2006,4,False,220.28309216,93.28666802
Sonora,Nuevas inversiones,2007,1,False,47.80281388,47.80281388
Sonora,Nuevas inversiones,2007,2,False,97.42121965,49.618405769999995
Sonora,Nuevas inversiones,2007,3,False,246.65053299,149.22931333999998
Sonora,Nuevas inversiones,2007,4,False,220.66817005,-25.98236294
Sonora,Nuevas inversiones,2008,1,False,135.02599157,135.02599157
Sonora,Nuevas inversiones,2008,2,False,209.47638834,74.45039677
Sonora,Nuevas inversiones,2008,3,False,268.95520408,59.47881573999999
Sonora,Nuevas inversiones,2008,4,False,279.22972881,10.274524729999996
Sonora,Nuevas inversiones,2009,1,False,64.25761695,64.25761695
Sonora,Nuevas inversiones,2009,2,False,230.46704691,166.20942996
Sonora,Nuevas inversiones,2009,3,False,236.25805963,5.791012719999998
Sonora,Nuevas inversiones,2009,4,False,333.58024784,97.32218821000004
Sonora,Nuevas inversiones,2010,1,False,61.83658534,61.83658534
Sonora,Nuevas inversiones,2010,2,False,289.44609834,227.609513
Sonora,Nuevas inversiones,2010,3,False,304.08077234,14.634674000000018
Sonora,Nuevas inversiones,2010,4,False,404.04816244,99.96739009999999
Sonora,Nuevas inversiones,2011,1,False,68.93829883,68.93829883
Sonora,Nuevas inversiones,2011,2,False,86.71509432,17.776795490000012
Sonora,Nuevas inversiones,2011,3,False,121.31745265,34.60235833
Sonora,Nuevas inversiones,2011,4,False,-12.86724763,-134.18470028000002
Sonora,Nuevas inversiones,2012,1,False,22.60526789,22.60526789
Sonora,Nuevas inversiones,2012,2,False,39.29090824,16.68564035
Sonora,Nuevas inversiones,2012,3,False,71.16084966,31.869941419999996
Sonora,Nuevas inversiones,2012,4,False,266.5772558,195.41640614
Sonora,Nuevas inversiones,2013,1,False,8.90134128,8.90134128
Sonora,Nuevas inversiones,2013,2,False,413.79003818,404.8886969
Sonora,Nuevas inversiones,2013,3,False,384.17729033,-29.612747850000005
Sonora,Nuevas inversiones,2013,4,False,587.64121126,203.46392092999997
Sonora,Nuevas inversiones,2014,1,False,500.31539855,500.31539855
Sonora,Nuevas inversiones,2014,2,False,503.71970465,3.4043060999999852
Sonora,Nuevas inversiones,2014,3,False,465.29973365,-38.419970999999975
Sonora,Nuevas inversiones,2014,4,False,535.69467274,70.39493908999998
Sonora,Nuevas inversiones,2015,1,False,40.18833018,40.18833018
Sonora,Nuevas inversiones,2015,2,False,10.49983009,-29.68850009
Sonora,Nuevas inversiones,2015,3,False,18.99493123,8.49510114
Sonora,Nuevas inversiones,2015,4,False,-16.97196669,-35.966897919999994
Sonora,Nuevas inversiones,2016,1,False,12.48437228,12.48437228
Sonora,Nuevas inversiones,2016,2,False,6.90411864,-5.5802536400000005
Sonora,Nuevas inversiones,2016,3,False,8.32636686,1.4222482200000002
Sonora,Nuevas inversiones,2016,4,False,25.56853998,17.24217312
Sonora,Nuevas inversiones,2017,1,False,39.31535532,39.31535532
Sonora,Nuevas inversiones,2017,2,False,128.24462743,88.92927211
Sonora,Nuevas inversiones,2017,3,False,-17.68127071,-145.92589814000002
Sonora,Nuevas inversiones,2017,4,False,-398.89745266,-381.21618195
Sonora,Nuevas inversiones,2018,1,False,24.83338189,24.83338189
Sonora,Nuevas inversiones,2018,2,False,125.17253492,100.33915303
Sonora,Nuevas inversiones,2018,3,False,196.00419926,70.83166434
Sonora,Nuevas inversiones,2018,4,False,186.60562612,-9.398573139999996
Sonora,Nuevas inversiones,2019,1,False,21.50762665,21.50762665
Sonora,Nuevas inversiones,2019,2,False,15.97304778,-5.534578869999999
Sonora,Nuevas inversiones,2019,3,False,65.96737423,49.99432645
Sonora,Nuevas inversiones,2019,4,False,125.20002846,59.232654229999994
Sonora,Nuevas inversiones,2020,1,False,66.57397267,66.57397267
Sonora,Nuevas inversiones,2020,2,False,42.11266779,-24.46130488
Sonora,Nuevas inversiones,2020,3,False,42.81499032,0.7023225299999964
Sonora,Nuevas inversiones,2020,4,False,45.42467801,2.6096876900000012
Sonora,Nuevas inversiones,2021,1,False,166.32520576,166.32520576
Sonora,Nuevas inversiones,2021,2,False,628.64610943,462.32090367
Sonora,Nuevas inversiones,2021,3,False,608.35227384,-20.29383559000007
Sonora,Nuevas inversiones,2021,4,False,630.99751048,22.645236640000007
Sonora,Nuevas inversiones,2022,1,False,65.1136996,65.1136996
Sonora,Nuevas inversiones,2022,2,False,141.5188179,76.40511829999998
Sonora,Nuevas inversiones,2022,3,False,153.45925584,11.94043794000001
Sonora,Nuevas inversiones,2022,4,False,201.21378198,47.754526139999996
Sonora,Nuevas inversiones,2023,1,False,15.32059465,15.32059465
Sonora,Nuevas inversiones,2023,2,False,46.71669816,31.39610351
Sonora,Nuevas inversiones,2023,3,False,82.40946679,35.692768629999996
Sonora,Nuevas inversiones,2023,4,False,123.4954156,41.085948810000005
Sonora,Nuevas inversiones,2024,1,False,10.36400647,10.36400647
Sonora,Nuevas inversiones,2024,2,False,24.12673446,13.762727990000002
Sonora,Nuevas inversiones,2024,3,False,39.84620626,15.7194718
Sonora,Nuevas inversiones,2024,4,False,50.54141381,10.69520755
Sonora,Nuevas inversiones,2025,1,False,15.89546396,15.89546396
Sonora,Nuevas inversiones,2025,2,False,27.51778406,11.6223201
Sonora,Nuevas inversiones,2025,3,False,-43.73255648,-71.25034054
Sonora,Nuevas inversiones,2025,4,False,-37.37062641,6.36193007
Tabasco,Nuevas inversiones,2006,1,False,-25.933401,-25.933401
Tabasco,Nuevas inversiones,2006,2,False,-19.937899,5.995501999999998
Tabasco,Nuevas inversiones,2006,3,False,10.85108,30.788979
Tabasco,Nuevas inversiones,2006,4,False,40.556979,29.705899
Tabasco,Nuevas inversiones,2007,1,False,18.384288,18.384288
Tabasco,Nuevas inversiones,2007,2,False,23.98291,5.598621999999999
Tabasco,Nuevas inversiones,2007,3,False,94.516387,70.53347699999999
Tabasco,Nuevas inversiones,2007,4,False,134.227746,39.711359
Tabasco,Nuevas inversiones,2008,1,False,0.725784,0.725784
Tabasco,Nuevas inversiones,2008,2,False,5.900646,5.174862
Tabasco,Nuevas inversiones,2008,3,False,32.95194488,27.051298879999997
Tabasco,Nuevas inversiones,2008,4,False,72.73257788,39.780632999999995
Tabasco,Nuevas inversiones,2009,1,False,4.82574408,4.82574408
Tabasco,Nuevas inversiones,2009,2,False,54.23803127,49.41228719
Tabasco,Nuevas inversiones,2009,3,False,59.38017127,5.142139999999998
Tabasco,Nuevas inversiones,2009,4,False,97.31889127,37.938719999999996
Tabasco,Nuevas inversiones,2010,1,False,25.411219,25.411219
Tabasco,Nuevas inversiones,2010,2,False,72.204156,46.792936999999995
Tabasco,Nuevas inversiones,2010,3,False,57.01645515,-15.187700849999999
Tabasco,Nuevas inversiones,2010,4,False,79.29926531,22.282810159999997
Tabasco,Nuevas inversiones,2011,1,False,25.8504334,25.8504334
Tabasco,Nuevas inversiones,2011,2,False,159.7545114,133.90407800000003
Tabasco,Nuevas inversiones,2011,3,False,182.86598022,23.11146882
Tabasco,Nuevas inversiones,2011,4,False,204.57992448,21.713944259999977
Tabasco,Nuevas inversiones,2012,1,False,10.09349372,10.09349372
Tabasco,Nuevas inversiones,2012,2,False,-17.3528683,-27.446362020000002
Tabasco,Nuevas inversiones,2012,3,False,13.41999208,30.77286038
Tabasco,Nuevas inversiones,2012,4,False,49.10371608,35.683724
Tabasco,Nuevas inversiones,2013,1,False,28.80158907,28.80158907
Tabasco,Nuevas inversiones,2013,2,False,122.53871232,93.73712325
Tabasco,Nuevas inversiones,2013,3,False,145.71250433,23.17379201
Tabasco,Nuevas inversiones,2013,4,False,139.67282229,-6.039682040000002
Tabasco,Nuevas inversiones,2014,1,False,46.66456436,46.66456436
Tabasco,Nuevas inversiones,2014,2,False,1.80810302,-44.85646134
Tabasco,Nuevas inversiones,2014,3,False,-11.89293832,-13.70104134
Tabasco,Nuevas inversiones,2014,4,False,-0.80663934,11.08629898
Tabasco,Nuevas inversiones,2015,1,False,25.4951962,25.4951962
Tabasco,Nuevas inversiones,2015,2,False,27.62757337,2.1323771700000016
Tabasco,Nuevas inversiones,2015,3,False,113.5745415,85.94696812999999
Tabasco,Nuevas inversiones,2015,4,False,179.13078058,65.55623908
Tabasco,Nuevas inversiones,2016,1,False,17.47128217,17.47128217
Tabasco,Nuevas inversiones,2016,2,False,41.84044988,24.369167710000003
Tabasco,Nuevas inversiones,2016,3,False,55.96524398,14.124794099999995
Tabasco,Nuevas inversiones,2016,4,False,98.29761466,42.33237068
Tabasco,Nuevas inversiones,2017,1,False,82.29368228,82.29368228
Tabasco,Nuevas inversiones,2017,2,False,138.25955157,55.965869290000015
Tabasco,Nuevas inversiones,2017,3,False,187.40675783,49.14720625999999
Tabasco,Nuevas inversiones,2017,4,False,248.68892265,61.28216481999999
Tabasco,Nuevas inversiones,2018,1,False,174.79928352,174.79928352
Tabasco,Nuevas inversiones,2018,2,False,189.34159811,14.542314590000018
Tabasco,Nuevas inversiones,2018,3,False,208.73752416,19.395926049999986
Tabasco,Nuevas inversiones,2018,4,False,479.63963372,270.90210956
Tabasco,Nuevas inversiones,2019,1,False,44.59035213,44.59035213
Tabasco,Nuevas inversiones,2019,2,False,51.0316531,6.44130097
Tabasco,Nuevas inversiones,2019,3,False,104.83781523,53.806162130000004
Tabasco,Nuevas inversiones,2019,4,False,207.14888483,102.31106959999998
Tabasco,Nuevas inversiones,2020,1,False,29.97832592,29.97832592
Tabasco,Nuevas inversiones,2020,2,False,216.53141014,186.55308422
Tabasco,Nuevas inversiones,2020,3,False,236.6633743,20.131964159999995
Tabasco,Nuevas inversiones,2020,4,False,324.71891491,88.05554061000004
Tabasco,Nuevas inversiones,2021,1,False,0.70638188,0.70638188
Tabasco,Nuevas inversiones,2021,2,False,37.88517969,37.17879781
Tabasco,Nuevas inversiones,2021,3,False,138.653541,100.76836130999999
Tabasco,Nuevas inversiones,2021,4,False,159.54634654,20.892805540000012
Tabasco,Nuevas inversiones,2022,1,False,96.33221064,96.33221064
Tabasco,Nuevas inversiones,2022,2,False,97.14837621,0.8161655699999955
Tabasco,Nuevas inversiones,2022,3,False,100.79784689,3.6494706800000074
Tabasco,Nuevas inversiones,2022,4,False,110.33155775,9.53371086
Tabasco,Nuevas inversiones,2023,1,False,0.0,0.0
Tabasco,Nuevas inversiones,2023,2,False,-0.38157053,-0.38157053
Tabasco,Nuevas inversiones,2023,3,False,-1.12022039,-0.73864986
Tabasco,Nuevas inversiones,2023,4,False,14.69890986,15.81913025
Tabasco,Nuevas inversiones,2024,1,False,0.33509394,0.33509394
Tabasco,Nuevas inversiones,2024,2,False,2.28038189,1.9452879500000002
Tabasco,Nuevas inversiones,2024,3,False,3.20371975,0.9233378599999997
Tabasco,Nuevas inversiones,2024,4,False,3.56032247,0.35660272000000015
Tabasco,Nuevas inversiones,2025,1,False,0.93402642,0.93402642
Tabasco,Nuevas inversiones,2025,2,False,1.06392979,0.12990336999999996
Tabasco,Nuevas inversiones,2025,3,False,2.10941163,1.0454818399999999
Tabasco,Nuevas inversiones,2025,4,False,2.62814605,0.5187344199999999
Tamaulipas,Nuevas inversiones,2006,1,False,9.729078,9.729078
Tamaulipas,Nuevas inversiones,2006,2,False,134.603045,124.87396700000001
Tamaulipas,Nuevas inversiones,2006,3,False,236.389787,101.786742
Tamaulipas,Nuevas inversiones,2006,4,False,317.757253,81.36746599999998
Tamaulipas,Nuevas inversiones,2007,1,False,75.13542101,75.13542101
Tamaulipas,Nuevas inversiones,2007,2,False,112.24924301,37.113822
Tamaulipas,Nuevas inversiones,2007,3,False,234.73923101,122.489988
Tamaulipas,Nuevas inversiones,2007,4,False,456.56421201,221.824981
Tamaulipas,Nuevas inversiones,2008,1,False,14.774125,14.774125
Tamaulipas,Nuevas inversiones,2008,2,False,34.2758459,19.501720900000002
Tamaulipas,Nuevas inversiones,2008,3,False,167.48560945,133.20976355
Tamaulipas,Nuevas inversiones,2008,4,False,281.61060045,114.124991
Tamaulipas,Nuevas inversiones,2009,1,False,132.29628744,132.29628744
Tamaulipas,Nuevas inversiones,2009,2,False,163.50361163,31.20732419000001
Tamaulipas,Nuevas inversiones,2009,3,False,103.70469423,-59.79891739999999
Tamaulipas,Nuevas inversiones,2009,4,False,192.24754323,88.54284899999999
Tamaulipas,Nuevas inversiones,2010,1,False,-24.070206,-24.070206
Tamaulipas,Nuevas inversiones,2010,2,False,23.404404,47.47461
Tamaulipas,Nuevas inversiones,2010,3,False,482.38153745,458.97713345
Tamaulipas,Nuevas inversiones,2010,4,False,540.46716456,58.08562711000002
Tamaulipas,Nuevas inversiones,2011,1,False,-20.88536557,-20.88536557
Tamaulipas,Nuevas inversiones,2011,2,False,193.85092661,214.73629218
Tamaulipas,Nuevas inversiones,2011,3,False,275.26525007,81.41432345999999
Tamaulipas,Nuevas inversiones,2011,4,False,265.72882941,-9.536420659999976
Tamaulipas,Nuevas inversiones,2012,1,False,-3.86995515,-3.86995515
Tamaulipas,Nuevas inversiones,2012,2,False,109.82711585,113.697071
Tamaulipas,Nuevas inversiones,2012,3,False,157.41186085,47.58474500000001
Tamaulipas,Nuevas inversiones,2012,4,False,227.26932685,69.85746599999999
Tamaulipas,Nuevas inversiones,2013,1,False,22.94815053,22.94815053
Tamaulipas,Nuevas inversiones,2013,2,False,457.56966836,434.62151782999996
Tamaulipas,Nuevas inversiones,2013,3,False,440.18497238,-17.384695980000004
Tamaulipas,Nuevas inversiones,2013,4,False,908.10563125,467.92065887
Tamaulipas,Nuevas inversiones,2014,1,False,-26.20377271,-26.20377271
Tamaulipas,Nuevas inversiones,2014,2,False,-167.18670499,-140.98293228
Tamaulipas,Nuevas inversiones,2014,3,False,-250.65261595,-83.46591096
Tamaulipas,Nuevas inversiones,2014,4,False,-240.55102396,10.101591990000003
Tamaulipas,Nuevas inversiones,2015,1,False,54.54258029,54.54258029
Tamaulipas,Nuevas inversiones,2015,2,False,87.00976857,32.46718828000001
Tamaulipas,Nuevas inversiones,2015,3,False,331.03071688,244.02094831
Tamaulipas,Nuevas inversiones,2015,4,False,387.48566884,56.45495196000002
Tamaulipas,Nuevas inversiones,2016,1,False,-40.97013518,-40.97013518
Tamaulipas,Nuevas inversiones,2016,2,False,-21.96953795,19.00059723
Tamaulipas,Nuevas inversiones,2016,3,False,-10.58266089,11.38687706
Tamaulipas,Nuevas inversiones,2016,4,False,154.63074309,165.21340398
Tamaulipas,Nuevas inversiones,2017,1,False,66.8022065,66.8022065
Tamaulipas,Nuevas inversiones,2017,2,False,214.58031644,147.77810993999998
Tamaulipas,Nuevas inversiones,2017,3,False,307.04581306,92.46549662000001
Tamaulipas,Nuevas inversiones,2017,4,False,520.91734521,213.87153215
Tamaulipas,Nuevas inversiones,2018,1,False,11.90109058,11.90109058
Tamaulipas,Nuevas inversiones,2018,2,False,82.91129041,71.01019983
Tamaulipas,Nuevas inversiones,2018,3,False,291.33591682,208.42462641000003
Tamaulipas,Nuevas inversiones,2018,4,False,363.96846596,72.63254913999998
Tamaulipas,Nuevas inversiones,2019,1,False,63.51656801,63.51656801
Tamaulipas,Nuevas inversiones,2019,2,False,94.98470909,31.468141079999995
Tamaulipas,Nuevas inversiones,2019,3,False,227.1286472,132.14393811
Tamaulipas,Nuevas inversiones,2019,4,False,314.89737476,87.76872756
Tamaulipas,Nuevas inversiones,2020,1,False,74.99685535,74.99685535
Tamaulipas,Nuevas inversiones,2020,2,False,1.46703617,-73.52981918
Tamaulipas,Nuevas inversiones,2020,3,False,177.3816564,175.91462023
Tamaulipas,Nuevas inversiones,2020,4,False,218.4278458,41.0461894
Tamaulipas,Nuevas inversiones,2021,1,False,70.08297229,70.08297229
Tamaulipas,Nuevas inversiones,2021,2,False,487.87070997,417.78773768
Tamaulipas,Nuevas inversiones,2021,3,False,806.12001997,318.24931000000004
Tamaulipas,Nuevas inversiones,2021,4,False,773.55246296,-32.56755701000009
Tamaulipas,Nuevas inversiones,2022,1,False,483.77079863,483.77079863
Tamaulipas,Nuevas inversiones,2022,2,False,514.38425786,30.613459230000046
Tamaulipas,Nuevas inversiones,2022,3,False,499.68998325,-14.694274610000036
Tamaulipas,Nuevas inversiones,2022,4,False,632.60799214,132.91800888999995
Tamaulipas,Nuevas inversiones,2023,1,False,0.57120297,0.57120297
Tamaulipas,Nuevas inversiones,2023,2,False,17.51909675,16.947893779999998
Tamaulipas,Nuevas inversiones,2023,3,False,17.58944435,0.07034760000000162
Tamaulipas,Nuevas inversiones,2023,4,False,16.27581691,-1.3136274400000012
Tamaulipas,Nuevas inversiones,2024,1,False,0.44406021,0.44406021
Tamaulipas,Nuevas inversiones,2024,2,False,-0.45969453,-0.90375474
Tamaulipas,Nuevas inversiones,2024,3,False,-0.16093803,0.2987565
Tamaulipas,Nuevas inversiones,2024,4,False,-0.13352936,0.027408669999999996
Tamaulipas,Nuevas inversiones,2025,1,False,0.02933063,0.02933063
Tamaulipas,Nuevas inversiones,2025,2,False,-2.1561628,-2.18549343
Tamaulipas,Nuevas inversiones,2025,3,False,-10.44342116,-8.28725836
Tamaulipas,Nuevas inversiones,2025,4,False,-9.95777655,0.4856446099999996
Tlaxcala,Nuevas inversiones,2006,1,False,5.661027,5.661027
Tlaxcala,Nuevas inversiones,2006,2,False,16.4055,10.744473
Tlaxcala,Nuevas inversiones,2006,3,False,57.858687,41.453187
Tlaxcala,Nuevas inversiones,2006,4,False,69.687886,11.829199000000003
Tlaxcala,Nuevas inversiones,2007,1,False,29.70099,29.70099
Tlaxcala,Nuevas inversiones,2007,2,False,30.674477,0.9734869999999987
Tlaxcala,Nuevas inversiones,2007,3,False,36.026794,5.352317000000003
Tlaxcala,Nuevas inversiones,2007,4,False,54.968376,18.941581999999997
Tlaxcala,Nuevas inversiones,2008,1,False,5.399811,5.399811
Tlaxcala,Nuevas inversiones,2008,2,False,-5.077713,-10.477523999999999
Tlaxcala,Nuevas inversiones,2008,3,False,32.510833,37.588546
Tlaxcala,Nuevas inversiones,2008,4,False,47.881566,15.370733000000001
Tlaxcala,Nuevas inversiones,2009,1,False,11.819145,11.819145
Tlaxcala,Nuevas inversiones,2009,2,False,21.455487,9.636342
Tlaxcala,Nuevas inversiones,2009,3,False,24.460775,3.005288
Tlaxcala,Nuevas inversiones,2009,4,False,63.855878,39.39510299999999
Tlaxcala,Nuevas inversiones,2010,1,False,6.818115,6.818115
Tlaxcala,Nuevas inversiones,2010,2,False,54.671597,47.853482
Tlaxcala,Nuevas inversiones,2010,3,False,65.556297,10.884700000000002
Tlaxcala,Nuevas inversiones,2010,4,False,78.017479,12.461181999999994
Tlaxcala,Nuevas inversiones,2011,1,False,60.815407,60.815407
Tlaxcala,Nuevas inversiones,2011,2,False,68.76437371,7.9489667100000005
Tlaxcala,Nuevas inversiones,2011,3,False,71.77033871,3.0059650000000033
Tlaxcala,Nuevas inversiones,2011,4,False,89.34188721,17.57154849999999
Tlaxcala,Nuevas inversiones,2012,1,False,1.60438179,1.60438179
Tlaxcala,Nuevas inversiones,2012,2,False,2.55019479,0.945813
Tlaxcala,Nuevas inversiones,2012,3,False,2.83531879,0.28512400000000016
Tlaxcala,Nuevas inversiones,2012,4,False,3.61117179,0.7758530000000001
Tlaxcala,Nuevas inversiones,2013,1,False,-5.995125,-5.995125
Tlaxcala,Nuevas inversiones,2013,2,False,47.82604049,53.82116549
Tlaxcala,Nuevas inversiones,2013,3,False,19.02525749,-28.800782999999996
Tlaxcala,Nuevas inversiones,2013,4,False,11.34734182,-7.677915670000001
Tlaxcala,Nuevas inversiones,2014,1,False,2.1525,2.1525
Tlaxcala,Nuevas inversiones,2014,2,False,-26.713522,-28.866022
Tlaxcala,Nuevas inversiones,2014,3,False,-32.136141,-5.422619000000001
Tlaxcala,Nuevas inversiones,2014,4,False,-33.496724,-1.3605829999999983
Tlaxcala,Nuevas inversiones,2015,1,False,11.44013647,11.44013647
Tlaxcala,Nuevas inversiones,2015,2,False,13.84122435,2.4010878799999986
Tlaxcala,Nuevas inversiones,2015,3,False,84.71301419,70.87178983999999
Tlaxcala,Nuevas inversiones,2015,4,False,107.65040019,22.937386000000004
Tlaxcala,Nuevas inversiones,2016,1,False,1.07569377,1.07569377
Tlaxcala,Nuevas inversiones,2016,2,False,5.0027983,3.9271045300000003
Tlaxcala,Nuevas inversiones,2016,3,False,13.06982801,8.06702971
Tlaxcala,Nuevas inversiones,2016,4,False,51.92730434,38.85747633
Tlaxcala,Nuevas inversiones,2017,1,False,9.22693415,9.22693415
Tlaxcala,Nuevas inversiones,2017,2,False,35.51854961,26.291615460000003
Tlaxcala,Nuevas inversiones,2017,3,False,164.9328777,129.41432809
Tlaxcala,Nuevas inversiones,2017,4,False,179.09712352,14.16424581999999
Tlaxcala,Nuevas inversiones,2018,1,False,1.05902,1.05902
Tlaxcala,Nuevas inversiones,2018,2,False,1.98873184,0.92971184
Tlaxcala,Nuevas inversiones,2018,3,False,1.9680072,-0.020724640000000072
Tlaxcala,Nuevas inversiones,2018,4,False,4.83402388,2.8660166800000004
Tlaxcala,Nuevas inversiones,2019,1,False,19.00551163,19.00551163
Tlaxcala,Nuevas inversiones,2019,2,False,19.7867291,0.7812174699999979
Tlaxcala,Nuevas inversiones,2019,3,False,74.92883081,55.14210170999999
Tlaxcala,Nuevas inversiones,2019,4,False,79.90602764,4.977196830000011
Tlaxcala,Nuevas inversiones,2020,1,False,7.22754497,7.22754497
Tlaxcala,Nuevas inversiones,2020,2,False,52.75913279,45.53158782
Tlaxcala,Nuevas inversiones,2020,3,False,53.17282407,0.4136912799999948
Tlaxcala,Nuevas inversiones,2020,4,False,70.4261274,17.25330333
Tlaxcala,Nuevas inversiones,2021,1,False,0.0,0.0
Tlaxcala,Nuevas inversiones,2021,2,False,-1.85370264,-1.85370264
Tlaxcala,Nuevas inversiones,2021,3,False,-1.24853546,0.60516718
Tlaxcala,Nuevas inversiones,2021,4,False,9.88316831,11.13170377
Tlaxcala,Nuevas inversiones,2022,1,False,0.0,0.0
Tlaxcala,Nuevas inversiones,2022,2,False,14.75072753,14.75072753
Tlaxcala,Nuevas inversiones,2022,3,False,14.78493382,0.03420628999999842
Tlaxcala,Nuevas inversiones,2022,4,False,14.8748597,0.0899258800000009
Tlaxcala,Nuevas inversiones,2023,1,False,0.0,0.0
Tlaxcala,Nuevas inversiones,2023,2,False,0.19199092,0.19199092
Tlaxcala,Nuevas inversiones,2023,3,False,5.24887526,5.05688434
Tlaxcala,Nuevas inversiones,2023,4,False,5.2773125,0.028437239999999697
Tlaxcala,Nuevas inversiones,2024,1,False,0.0,0.0
Tlaxcala,Nuevas inversiones,2024,2,False,0.0,0.0
Tlaxcala,Nuevas inversiones,2024,3,False,0.0,0.0
Tlaxcala,Nuevas inversiones,2024,4,False,0.0,0.0
Tlaxcala,Nuevas inversiones,2025,1,False,0.0,0.0
Tlaxcala,Nuevas inversiones,2025,2,False,0.0,0.0
Tlaxcala,Nuevas inversiones,2025,3,False,0.0,0.0
Tlaxcala,Nuevas inversiones,2025,4,False,0.0,0.0
Veracruz,Nuevas inversiones,2006,1,False,-83.633504,-83.633504
Veracruz,Nuevas inversiones,2006,2,False,-59.420709,24.212795
Veracruz,Nuevas inversiones,2006,3,False,-49.278268,10.142441000000005
Veracruz,Nuevas inversiones,2006,4,False,7.524786,56.803053999999996
Veracruz,Nuevas inversiones,2007,1,False,43.632176,43.632176
Veracruz,Nuevas inversiones,2007,2,False,29.269978,-14.362198000000003
Veracruz,Nuevas inversiones,2007,3,False,199.70202332,170.43204532
Veracruz,Nuevas inversiones,2007,4,False,354.57750632,154.875483
Veracruz,Nuevas inversiones,2008,1,False,13.5646464,13.5646464
Veracruz,Nuevas inversiones,2008,2,False,64.5911604,51.026514000000006
Veracruz,Nuevas inversiones,2008,3,False,139.54668326,74.95552286
Veracruz,Nuevas inversiones,2008,4,False,301.34996495,161.80328169
Veracruz,Nuevas inversiones,2009,1,False,115.95992605,115.95992605
Veracruz,Nuevas inversiones,2009,2,False,205.77525769,89.81533163999998
Veracruz,Nuevas inversiones,2009,3,False,225.47426153,19.699003840000017
Veracruz,Nuevas inversiones,2009,4,False,338.65818653,113.18392500000002
Veracruz,Nuevas inversiones,2010,1,False,57.84052124,57.84052124
Veracruz,Nuevas inversiones,2010,2,False,848.80232066,790.9617994199999
Veracruz,Nuevas inversiones,2010,3,False,913.08882966,64.28650900000002
Veracruz,Nuevas inversiones,2010,4,False,1005.21760297,92.12877331000004
Veracruz,Nuevas inversiones,2011,1,False,152.0962111,152.0962111
Veracruz,Nuevas inversiones,2011,2,False,391.09033683,238.99412573
Veracruz,Nuevas inversiones,2011,3,False,584.68295256,193.59261572999998
Veracruz,Nuevas inversiones,2011,4,False,722.81095698,138.12800442000002
Veracruz,Nuevas inversiones,2012,1,False,62.81730482,62.81730482
Veracruz,Nuevas inversiones,2012,2,False,50.50273051,-12.314574309999998
Veracruz,Nuevas inversiones,2012,3,False,117.46305857,66.96032806
Veracruz,Nuevas inversiones,2012,4,False,156.49262255,39.02956397999999
Veracruz,Nuevas inversiones,2013,1,False,6.08471018,6.08471018
Veracruz,Nuevas inversiones,2013,2,False,530.1902294,524.10551922
Veracruz,Nuevas inversiones,2013,3,False,587.01120571,56.82097630999999
Veracruz,Nuevas inversiones,2013,4,False,820.13124271,233.12003700000002
Veracruz,Nuevas inversiones,2014,1,False,30.35293594,30.35293594
Veracruz,Nuevas inversiones,2014,2,False,-187.41684841,-217.76978435
Veracruz,Nuevas inversiones,2014,3,False,-278.8883321,-91.47148369000001
Veracruz,Nuevas inversiones,2014,4,False,61.12592918,340.01426128
Veracruz,Nuevas inversiones,2015,1,False,273.54331753,273.54331753
Veracruz,Nuevas inversiones,2015,2,False,249.44261055,-24.100706980000012
Veracruz,Nuevas inversiones,2015,3,False,308.31226687,58.86965631999996
Veracruz,Nuevas inversiones,2015,4,False,393.33530105,85.02303418000002
Veracruz,Nuevas inversiones,2016,1,False,46.59502668,46.59502668
Veracruz,Nuevas inversiones,2016,2,False,75.78403564,29.189008960000002
Veracruz,Nuevas inversiones,2016,3,False,169.17103244,93.3869968
Veracruz,Nuevas inversiones,2016,4,False,261.82435893,92.65332649000001
Veracruz,Nuevas inversiones,2017,1,False,81.17473057,81.17473057
Veracruz,Nuevas inversiones,2017,2,False,154.44453832,73.26980775
Veracruz,Nuevas inversiones,2017,3,False,252.0103975,97.56585918000002
Veracruz,Nuevas inversiones,2017,4,False,379.54939421,127.53899670999999
Veracruz,Nuevas inversiones,2018,1,False,25.74803115,25.74803115
Veracruz,Nuevas inversiones,2018,2,False,51.91787882,26.16984767
Veracruz,Nuevas inversiones,2018,3,False,83.67392501,31.756046190000006
Veracruz,Nuevas inversiones,2018,4,False,156.36296844,72.68904343
Veracruz,Nuevas inversiones,2019,1,False,83.2427141,83.2427141
Veracruz,Nuevas inversiones,2019,2,False,200.51227259,117.26955849000001
Veracruz,Nuevas inversiones,2019,3,False,356.5357051,156.02343250999996
Veracruz,Nuevas inversiones,2019,4,False,617.21987222,260.68416712
Veracruz,Nuevas inversiones,2020,1,False,60.5788643,60.5788643
Veracruz,Nuevas inversiones,2020,2,False,91.23984992,30.660985619999998
Veracruz,Nuevas inversiones,2020,3,False,167.73454879,76.49469887
Veracruz,Nuevas inversiones,2020,4,False,214.17393015,46.43938136
Veracruz,Nuevas inversiones,2021,1,False,76.94841878,76.94841878
Veracruz,Nuevas inversiones,2021,2,False,132.61625312,55.66783434000001
Veracruz,Nuevas inversiones,2021,3,False,370.73541223,238.11915911
Veracruz,Nuevas inversiones,2021,4,False,890.24216576,519.50675353
Veracruz,Nuevas inversiones,2022,1,False,180.39378558,180.39378558
Veracruz,Nuevas inversiones,2022,2,False,214.89841516,34.50462958
Veracruz,Nuevas inversiones,2022,3,False,221.20922877,6.310813609999997
Veracruz,Nuevas inversiones,2022,4,False,147.04935607,-74.15987270000002
Veracruz,Nuevas inversiones,2023,1,False,0.57394352,0.57394352
Veracruz,Nuevas inversiones,2023,2,False,1.47002928,0.8960857600000001
Veracruz,Nuevas inversiones,2023,3,False,1.63038982,0.16036053999999988
Veracruz,Nuevas inversiones,2023,4,False,1.97527374,0.34488392
Veracruz,Nuevas inversiones,2024,1,False,5.64839508,5.64839508
Veracruz,Nuevas inversiones,2024,2,False,5.8140305,0.1656354200000001
Veracruz,Nuevas inversiones,2024,3,False,6.08468771,0.27065720999999954
Veracruz,Nuevas inversiones,2024,4,False,7.03727517,0.9525874600000002
Veracruz,Nuevas inversiones,2025,1,False,1.01359617,1.01359617
Veracruz,Nuevas inversiones,2025,2,False,2.36160022,1.3480040500000001
Veracruz,Nuevas inversiones,2025,3,False,2.62338823,0.26178801000000007
Veracruz,Nuevas inversiones,2025,4,False,3.68061952,1.0572312899999998
Yucatán,Nuevas inversiones,2006,1,False,-17.379205,-17.379205
Yucatán,Nuevas inversiones,2006,2,False,3.65028264,21.02948764
Yucatán,Nuevas inversiones,2006,3,False,9.04991651,5.399633869999999
Yucatán,Nuevas inversiones,2006,4,False,26.84567765,17.79576114
Yucatán,Nuevas inversiones,2007,1,False,9.302348,9.302348
Yucatán,Nuevas inversiones,2007,2,False,4.06805004,-5.23429796
Yucatán,Nuevas inversiones,2007,3,False,52.24763796,48.179587919999996
Yucatán,Nuevas inversiones,2007,4,False,73.70323615,21.455598189999996
Yucatán,Nuevas inversiones,2008,1,False,3.51546977,3.51546977
Yucatán,Nuevas inversiones,2008,2,False,5.08689077,1.571421
Yucatán,Nuevas inversiones,2008,3,False,22.15199643,17.06510566
Yucatán,Nuevas inversiones,2008,4,False,37.82382115,15.67182472
Yucatán,Nuevas inversiones,2009,1,False,-0.40764596,-0.40764596
Yucatán,Nuevas inversiones,2009,2,False,19.39275321,19.80039917
Yucatán,Nuevas inversiones,2009,3,False,21.51323121,2.120478000000002
Yucatán,Nuevas inversiones,2009,4,False,56.79590691,35.2826757
Yucatán,Nuevas inversiones,2010,1,False,23.252234,23.252234
Yucatán,Nuevas inversiones,2010,2,False,20.50857155,-2.743662450000002
Yucatán,Nuevas inversiones,2010,3,False,28.09723423,7.588662680000002
Yucatán,Nuevas inversiones,2010,4,False,36.80143069,8.704196459999995
Yucatán,Nuevas inversiones,2011,1,False,4.77760311,4.77760311
Yucatán,Nuevas inversiones,2011,2,False,10.60818542,5.83058231
Yucatán,Nuevas inversiones,2011,3,False,64.81591741,54.20773199
Yucatán,Nuevas inversiones,2011,4,False,71.1790286,6.363111189999998
Yucatán,Nuevas inversiones,2012,1,False,3.42279535,3.42279535
Yucatán,Nuevas inversiones,2012,2,False,20.52221615,17.099420799999997
Yucatán,Nuevas inversiones,2012,3,False,78.13512476,57.61290861
Yucatán,Nuevas inversiones,2012,4,False,84.22041931,6.08529455
Yucatán,Nuevas inversiones,2013,1,False,-8.94078271,-8.94078271
Yucatán,Nuevas inversiones,2013,2,False,403.7209992,412.66178191
Yucatán,Nuevas inversiones,2013,3,False,418.55755258,14.836553379999998
Yucatán,Nuevas inversiones,2013,4,False,434.52554735,15.967994770000018
Yucatán,Nuevas inversiones,2014,1,False,10.3482741,10.3482741
Yucatán,Nuevas inversiones,2014,2,False,-55.54415249,-65.89242659
Yucatán,Nuevas inversiones,2014,3,False,-38.55459706,16.989555430000003
Yucatán,Nuevas inversiones,2014,4,False,-41.11839206,-2.563794999999999
Yucatán,Nuevas inversiones,2015,1,False,42.37338231,42.37338231
Yucatán,Nuevas inversiones,2015,2,False,56.95183381,14.5784515
Yucatán,Nuevas inversiones,2015,3,False,76.72559053,19.77375672000001
Yucatán,Nuevas inversiones,2015,4,False,129.59991853,52.87432799999999
Yucatán,Nuevas inversiones,2016,1,False,6.98490963,6.98490963
Yucatán,Nuevas inversiones,2016,2,False,15.91412565,8.929216020000002
Yucatán,Nuevas inversiones,2016,3,False,27.29295874,11.378833089999999
Yucatán,Nuevas inversiones,2016,4,False,45.6831702,18.39021146
Yucatán,Nuevas inversiones,2017,1,False,41.2626394,41.2626394
Yucatán,Nuevas inversiones,2017,2,False,63.71717856,22.454539160000003
Yucatán,Nuevas inversiones,2017,3,False,67.1464247,3.4292461399999965
Yucatán,Nuevas inversiones,2017,4,False,78.93131474,11.784890040000008
Yucatán,Nuevas inversiones,2018,1,False,7.90128608,7.90128608
Yucatán,Nuevas inversiones,2018,2,False,16.52683267,8.62554659
Yucatán,Nuevas inversiones,2018,3,False,20.40984037,3.8830077000000003
Yucatán,Nuevas inversiones,2018,4,False,33.41268816,13.00284779
Yucatán,Nuevas inversiones,2019,1,False,16.64813403,16.64813403
Yucatán,Nuevas inversiones,2019,2,False,22.00336481,5.355230779999999
Yucatán,Nuevas inversiones,2019,3,False,55.78250897,33.77914416
Yucatán,Nuevas inversiones,2019,4,False,84.7614169,28.97890793
Yucatán,Nuevas inversiones,2020,1,False,24.52383544,24.52383544
Yucatán,Nuevas inversiones,2020,2,False,19.35081503,-5.1730204099999995
Yucatán,Nuevas inversiones,2020,3,False,25.57388501,6.223069980000002
Yucatán,Nuevas inversiones,2020,4,False,32.84884106,7.274956049999997
Yucatán,Nuevas inversiones,2021,1,False,7.66287903,7.66287903
Yucatán,Nuevas inversiones,2021,2,False,22.5514166,14.88853757
Yucatán,Nuevas inversiones,2021,3,False,37.85196503,15.300548430000003
Yucatán,Nuevas inversiones,2021,4,False,84.63925134,46.78728631
Yucatán,Nuevas inversiones,2022,1,False,79.73844233,79.73844233
Yucatán,Nuevas inversiones,2022,2,False,166.0339858,86.29554347000001
Yucatán,Nuevas inversiones,2022,3,False,209.52372995,43.48974414999998
Yucatán,Nuevas inversiones,2022,4,False,224.23727228,14.713542330000024
Yucatán,Nuevas inversiones,2023,1,False,15.67225319,15.67225319
Yucatán,Nuevas inversiones,2023,2,False,41.91180919,26.239556
Yucatán,Nuevas inversiones,2023,3,False,69.14035674,27.228547550000002
Yucatán,Nuevas inversiones,2023,4,False,105.86552733,36.725170590000005
Yucatán,Nuevas inversiones,2024,1,False,75.79788376,75.79788376
Yucatán,Nuevas inversiones,2024,2,False,93.12713142,17.329247659999993
Yucatán,Nuevas inversiones,2024,3,False,133.36218769,40.235056270000015
Yucatán,Nuevas inversiones,2024,4,False,150.53190684,17.16971914999999
Yucatán,Nuevas inversiones,2025,1,False,26.00748131,26.00748131
Yucatán,Nuevas inversiones,2025,2,False,38.81437474,12.806893429999999
Yucatán,Nuevas inversiones,2025,3,False,72.35460291,33.54022817
Yucatán,Nuevas inversiones,2025,4,False,91.5773468,19.222743890000004
Zacatecas,Nuevas inversiones,2006,1,False,1.019012,1.019012
Zacatecas,Nuevas inversiones,2006,2,False,3.936102,2.91709
Zacatecas,Nuevas inversiones,2006,3,False,13.715453,9.779351
Zacatecas,Nuevas inversiones,2006,4,False,14.445002,0.7295490000000004
Zacatecas,Nuevas inversiones,2007,1,False,112.21288,112.21288
Zacatecas,Nuevas inversiones,2007,2,False,143.673081,31.460200999999998
Zacatecas,Nuevas inversiones,2007,3,False,724.581739,580.908658
Zacatecas,Nuevas inversiones,2007,4,False,696.009332,-28.572407
Zacatecas,Nuevas inversiones,2008,1,False,0.801442,0.801442
Zacatecas,Nuevas inversiones,2008,2,False,169.18475,168.383308
Zacatecas,Nuevas inversiones,2008,3,False,1366.005019,1196.8202689999998
Zacatecas,Nuevas inversiones,2008,4,False,1449.2218,83.21678100000008
Zacatecas,Nuevas inversiones,2009,1,False,47.704388,47.704388
Zacatecas,Nuevas inversiones,2009,2,False,156.592283,108.88789500000001
Zacatecas,Nuevas inversiones,2009,3,False,269.031023,112.43874
Zacatecas,Nuevas inversiones,2009,4,False,346.334592,77.30356899999998
Zacatecas,Nuevas inversiones,2010,1,False,11.700761,11.700761
Zacatecas,Nuevas inversiones,2010,2,False,38.080836,26.380074999999998
Zacatecas,Nuevas inversiones,2010,3,False,92.056145,53.975309
Zacatecas,Nuevas inversiones,2010,4,False,261.653339,169.597194
Zacatecas,Nuevas inversiones,2011,1,False,16.65760768,16.65760768
Zacatecas,Nuevas inversiones,2011,2,False,333.35528522,316.69767754
Zacatecas,Nuevas inversiones,2011,3,False,374.07423616,40.71895094000001
Zacatecas,Nuevas inversiones,2011,4,False,376.08918161,2.0149454500000274
Zacatecas,Nuevas inversiones,2012,1,False,-11.343969,-11.343969
Zacatecas,Nuevas inversiones,2012,2,False,19.51275,30.856719
Zacatecas,Nuevas inversiones,2012,3,False,38.458627,18.945877
Zacatecas,Nuevas inversiones,2012,4,False,50.993722,12.535094999999998
Zacatecas,Nuevas inversiones,2013,1,False,9.92997,9.92997
Zacatecas,Nuevas inversiones,2013,2,False,1362.892054,1352.962084
Zacatecas,Nuevas inversiones,2013,3,False,1345.407733,-17.48432099999991
Zacatecas,Nuevas inversiones,2013,4,False,1350.81380172,5.406068719999894
Zacatecas,Nuevas inversiones,2014,1,False,24.055733,24.055733
Zacatecas,Nuevas inversiones,2014,2,False,-5.688465,-29.744198
Zacatecas,Nuevas inversiones,2014,3,False,150.178758,155.867223
Zacatecas,Nuevas inversiones,2014,4,False,168.03093823,17.852180230000016
Zacatecas,Nuevas inversiones,2015,1,False,18.018075,18.018075
Zacatecas,Nuevas inversiones,2015,2,False,34.51690627,16.49883127
Zacatecas,Nuevas inversiones,2015,3,False,43.17522191,8.658315639999998
Zacatecas,Nuevas inversiones,2015,4,False,27.12469411,-16.050527799999998
Zacatecas,Nuevas inversiones,2016,1,False,12.83167791,12.83167791
Zacatecas,Nuevas inversiones,2016,2,False,14.67891194,1.847234030000001
Zacatecas,Nuevas inversiones,2016,3,False,16.65271336,1.9738014199999991
Zacatecas,Nuevas inversiones,2016,4,False,29.96430727,13.31159391
Zacatecas,Nuevas inversiones,2017,1,False,103.13564585,103.13564585
Zacatecas,Nuevas inversiones,2017,2,False,115.66484707,12.52920121999999
Zacatecas,Nuevas inversiones,2017,3,False,114.23477836,-1.4300687099999863
Zacatecas,Nuevas inversiones,2017,4,False,120.57721128,6.342432919999993
Zacatecas,Nuevas inversiones,2018,1,False,9.31922409,9.31922409
Zacatecas,Nuevas inversiones,2018,2,False,56.88615836,47.566934270000004
Zacatecas,Nuevas inversiones,2018,3,False,77.40705906,20.52090069999999
Zacatecas,Nuevas inversiones,2018,4,False,94.32023897,16.91317991000001
Zacatecas,Nuevas inversiones,2019,1,False,8.76035122,8.76035122
Zacatecas,Nuevas inversiones,2019,2,False,84.6729874,75.91263617999999
Zacatecas,Nuevas inversiones,2019,3,False,150.39734546,65.72435806
Zacatecas,Nuevas inversiones,2019,4,False,194.88656384,44.48921838000001
Zacatecas,Nuevas inversiones,2020,1,False,21.75185488,21.75185488
Zacatecas,Nuevas inversiones,2020,2,False,23.15731015,1.405455270000001
Zacatecas,Nuevas inversiones,2020,3,False,26.30135868,3.144048529999999
Zacatecas,Nuevas inversiones,2020,4,False,24.6154222,-1.6859364799999987
Zacatecas,Nuevas inversiones,2021,1,False,0.0,0.0
Zacatecas,Nuevas inversiones,2021,2,False,34.37917774,34.37917774
Zacatecas,Nuevas inversiones,2021,3,False,34.05916038,-0.32001736000000136
Zacatecas,Nuevas inversiones,2021,4,False,34.05916038,0.0
Zacatecas,Nuevas inversiones,2022,1,False,0.0,0.0
Zacatecas,Nuevas inversiones,2022,2,False,3.04865211,3.04865211
Zacatecas,Nuevas inversiones,2022,3,False,3.04865211,0.0
Zacatecas,Nuevas inversiones,2022,4,False,23.72372961,20.6750775
Zacatecas,Nuevas inversiones,2023,1,False,0.0,0.0
Zacatecas,Nuevas inversiones,2023,2,False,0.0,0.0
Zacatecas,Nuevas inversiones,2023,3,False,0.0,0.0
Zacatecas,Nuevas inversiones,2023,4,False,0.0,0.0
Zacatecas,Nuevas inversiones,2024,1,False,0.0,0.0
Zacatecas,Nuevas inversiones,2024,2,False,0.0,0.0
Zacatecas,Nuevas inversiones,2024,3,False,0.0,0.0
Zacatecas,Nuevas inversiones,2024,4,False,0.0,0.0
Zacatecas,Nuevas inversiones,2025,1,False,0.0,0.0
Zacatecas,Nuevas inversiones,2025,2,False,0.0,0.0
Zacatecas,Nuevas inversiones,2025,3,False,0.0,0.0
Zacatecas,Nuevas inversiones,2025,4,False,0.0,0.0
Aguascalientes,Reinversión de utilidades,2006,1,False,24.35288579,24.35288579
Aguascalientes,Reinversión de utilidades,2006,2,False,36.98214179,12.629256000000002
Aguascalientes,Reinversión de utilidades,2006,3,False,43.90703079,6.924889
Aguascalientes,Reinversión de utilidades,2006,4,False,45.12188079,1.2148499999999984
Aguascalientes,Reinversión de utilidades,2007,1,False,29.234643,29.234643
Aguascalientes,Reinversión de utilidades,2007,2,False,38.20319,8.968547000000001
Aguascalientes,Reinversión de utilidades,2007,3,False,41.394892,3.1917019999999994
Aguascalientes,Reinversión de utilidades,2007,4,False,42.618379,1.2234869999999987
Aguascalientes,Reinversión de utilidades,2008,1,False,314.83971958,314.83971958
Aguascalientes,Reinversión de utilidades,2008,2,False,328.34178958,13.502070000000003
Aguascalientes,Reinversión de utilidades,2008,3,False,328.64971458,0.30792500000001155
Aguascalientes,Reinversión de utilidades,2008,4,False,330.01564958,1.365934999999979
Aguascalientes,Reinversión de utilidades,2009,1,False,-1.39233832,-1.39233832
Aguascalientes,Reinversión de utilidades,2009,2,False,18.74035868,20.132697
Aguascalientes,Reinversión de utilidades,2009,3,False,24.11797068,5.377611999999999
Aguascalientes,Reinversión de utilidades,2009,4,False,24.51471768,0.3967470000000013
Aguascalientes,Reinversión de utilidades,2010,1,False,77.95010766,77.95010766
Aguascalientes,Reinversión de utilidades,2010,2,False,94.59047166,16.640364000000005
Aguascalientes,Reinversión de utilidades,2010,3,False,100.18419666,5.593724999999992
Aguascalientes,Reinversión de utilidades,2010,4,False,102.39862266,2.214426000000003
Aguascalientes,Reinversión de utilidades,2011,1,False,195.80591392,195.80591392
Aguascalientes,Reinversión de utilidades,2011,2,False,232.60939464,36.80348072000001
Aguascalientes,Reinversión de utilidades,2011,3,False,243.54975164,10.940357000000006
Aguascalientes,Reinversión de utilidades,2011,4,False,235.26247264,-8.287279000000012
Aguascalientes,Reinversión de utilidades,2012,1,False,194.93783377,194.93783377
Aguascalientes,Reinversión de utilidades,2012,2,False,194.69648311,-0.24135065999999483
Aguascalientes,Reinversión de utilidades,2012,3,False,227.80291611,33.10643300000001
Aguascalientes,Reinversión de utilidades,2012,4,False,242.35031811,14.547401999999977
Aguascalientes,Reinversión de utilidades,2013,1,False,330.9962523,330.9962523
Aguascalientes,Reinversión de utilidades,2013,2,False,347.60900258,16.61275028
Aguascalientes,Reinversión de utilidades,2013,3,False,358.38311758,10.774114999999995
Aguascalientes,Reinversión de utilidades,2013,4,False,393.78123758,35.398120000000006
Aguascalientes,Reinversión de utilidades,2014,1,False,321.39739005,321.39739005
Aguascalientes,Reinversión de utilidades,2014,2,False,559.12414156,237.72675150999999
Aguascalientes,Reinversión de utilidades,2014,3,False,621.00012056,61.87597900000003
Aguascalientes,Reinversión de utilidades,2014,4,False,624.87915956,3.8790389999999206
Aguascalientes,Reinversión de utilidades,2015,1,False,420.89119365,420.89119365
Aguascalientes,Reinversión de utilidades,2015,2,False,468.23077204,47.339578389999986
Aguascalientes,Reinversión de utilidades,2015,3,False,485.33116483,17.10039279
Aguascalientes,Reinversión de utilidades,2015,4,False,488.50220677,3.171041940000009
Aguascalientes,Reinversión de utilidades,2016,1,False,234.04236862,234.04236862
Aguascalientes,Reinversión de utilidades,2016,2,False,284.75443698,50.71206835999999
Aguascalientes,Reinversión de utilidades,2016,3,False,288.55242053,3.7979835500000263
Aguascalientes,Reinversión de utilidades,2016,4,False,289.3004559,0.7480353699999682
Aguascalientes,Reinversión de utilidades,2017,1,False,494.59163926,494.59163926
Aguascalientes,Reinversión de utilidades,2017,2,False,513.17248535,18.580846089999966
Aguascalientes,Reinversión de utilidades,2017,3,False,515.00131282,1.8288274699999647
Aguascalientes,Reinversión de utilidades,2017,4,False,544.42997441,29.428661590000047
Aguascalientes,Reinversión de utilidades,2018,1,False,202.67207588,202.67207588
Aguascalientes,Reinversión de utilidades,2018,2,False,361.36831684,158.69624095999998
Aguascalientes,Reinversión de utilidades,2018,3,False,366.63228237,5.263965530000007
Aguascalientes,Reinversión de utilidades,2018,4,False,371.89969685,5.2674144800000136
Aguascalientes,Reinversión de utilidades,2019,1,False,156.72407044,156.72407044
Aguascalientes,Reinversión de utilidades,2019,2,False,259.94336415,103.21929370999999
Aguascalientes,Reinversión de utilidades,2019,3,False,307.95007879,48.00671464000004
Aguascalientes,Reinversión de utilidades,2019,4,False,360.00555242,52.055473629999995
Aguascalientes,Reinversión de utilidades,2020,1,False,248.30305706,248.30305706
Aguascalientes,Reinversión de utilidades,2020,2,False,262.91746826,14.614411200000035
Aguascalientes,Reinversión de utilidades,2020,3,False,299.44583184,36.52836357999996
Aguascalientes,Reinversión de utilidades,2020,4,False,309.88236279,10.43653095000002
Aguascalientes,Reinversión de utilidades,2021,1,False,97.97599632,97.97599632
Aguascalientes,Reinversión de utilidades,2021,2,False,109.73258192,11.756585600000008
Aguascalientes,Reinversión de utilidades,2021,3,False,120.95485182,11.2222699
Aguascalientes,Reinversión de utilidades,2021,4,False,-55.23186964,-176.18672146
Aguascalientes,Reinversión de utilidades,2022,1,False,135.75194815,135.75194815
Aguascalientes,Reinversión de utilidades,2022,2,False,221.0142898,85.26234165
Aguascalientes,Reinversión de utilidades,2022,3,False,271.98456467,50.97027487
Aguascalientes,Reinversión de utilidades,2022,4,False,324.13503555,52.15047088
Aguascalientes,Reinversión de utilidades,2023,1,False,391.77918635,391.77918635
Aguascalientes,Reinversión de utilidades,2023,2,False,353.20234705,-38.57683929999996
Aguascalientes,Reinversión de utilidades,2023,3,False,502.83038134,149.62803428999996
Aguascalientes,Reinversión de utilidades,2023,4,False,362.96325916,-139.86712217999997
Aguascalientes,Reinversión de utilidades,2024,1,False,482.41503371,482.41503371
Aguascalientes,Reinversión de utilidades,2024,2,False,576.99604276,94.58100905000003
Aguascalientes,Reinversión de utilidades,2024,3,False,946.19204232,369.19599956
Aguascalientes,Reinversión de utilidades,2024,4,False,925.61715848,-20.574883840000098
Aguascalientes,Reinversión de utilidades,2025,1,False,203.20668869,203.20668869
Aguascalientes,Reinversión de utilidades,2025,2,False,645.67151289,442.46482420000007
Aguascalientes,Reinversión de utilidades,2025,3,False,614.96252141,-30.70899148000001
Aguascalientes,Reinversión de utilidades,2025,4,False,621.05528132,6.092759909999927
Baja California,Reinversión de utilidades,2006,1,False,56.816618,56.816618
Baja California,Reinversión de utilidades,2006,2,False,93.905077,37.08845900000001
Baja California,Reinversión de utilidades,2006,3,False,97.724541,3.8194639999999964
Baja California,Reinversión de utilidades,2006,4,False,106.390961,8.666420000000002
Baja California,Reinversión de utilidades,2007,1,False,94.402171,94.402171
Baja California,Reinversión de utilidades,2007,2,False,134.480282,40.07811099999999
Baja California,Reinversión de utilidades,2007,3,False,140.937037,6.456755000000015
Baja California,Reinversión de utilidades,2007,4,False,150.371371,9.434334000000007
Baja California,Reinversión de utilidades,2008,1,False,78.576811,78.576811
Baja California,Reinversión de utilidades,2008,2,False,143.202477,64.62566599999998
Baja California,Reinversión de utilidades,2008,3,False,156.557584,13.355107000000004
Baja California,Reinversión de utilidades,2008,4,False,172.63049,16.072906000000017
Baja California,Reinversión de utilidades,2009,1,False,15.467605,15.467605
Baja California,Reinversión de utilidades,2009,2,False,68.606197,53.138591999999996
Baja California,Reinversión de utilidades,2009,3,False,88.308622,19.702425000000005
Baja California,Reinversión de utilidades,2009,4,False,98.432315,10.123693000000003
Baja California,Reinversión de utilidades,2010,1,False,29.60364,29.60364
Baja California,Reinversión de utilidades,2010,2,False,89.945051,60.34141100000001
Baja California,Reinversión de utilidades,2010,3,False,102.788739,12.843688
Baja California,Reinversión de utilidades,2010,4,False,219.334203,116.545464
Baja California,Reinversión de utilidades,2011,1,False,19.78964362,19.78964362
Baja California,Reinversión de utilidades,2011,2,False,131.61909182,111.8294482
Baja California,Reinversión de utilidades,2011,3,False,158.21592382,26.596832000000006
Baja California,Reinversión de utilidades,2011,4,False,184.56253682,26.34661299999999
Baja California,Reinversión de utilidades,2012,1,False,135.03743026,135.03743026
Baja California,Reinversión de utilidades,2012,2,False,174.96844454,39.93101428
Baja California,Reinversión de utilidades,2012,3,False,195.68105754,20.712613000000005
Baja California,Reinversión de utilidades,2012,4,False,270.08900354,74.40794600000001
Baja California,Reinversión de utilidades,2013,1,False,81.99351619,81.99351619
Baja California,Reinversión de utilidades,2013,2,False,159.24751126,77.25399507000002
Baja California,Reinversión de utilidades,2013,3,False,187.32678926,28.079277999999988
Baja California,Reinversión de utilidades,2013,4,False,346.65630826,159.329519
Baja California,Reinversión de utilidades,2014,1,False,187.66523787,187.66523787
Baja California,Reinversión de utilidades,2014,2,False,338.43652465,150.77128678000003
Baja California,Reinversión de utilidades,2014,3,False,320.15728265,-18.27924200000001
Baja California,Reinversión de utilidades,2014,4,False,358.05905265,37.90177
Baja California,Reinversión de utilidades,2015,1,False,123.09967059,123.09967059
Baja California,Reinversión de utilidades,2015,2,False,228.01920752,104.91953693
Baja California,Reinversión de utilidades,2015,3,False,238.25145552,10.232247999999998
Baja California,Reinversión de utilidades,2015,4,False,307.33614652,69.08469099999999
Baja California,Reinversión de utilidades,2016,1,False,335.40633548,335.40633548
Baja California,Reinversión de utilidades,2016,2,False,368.48486282,33.078527339999994
Baja California,Reinversión de utilidades,2016,3,False,386.56677351,18.08191069000003
Baja California,Reinversión de utilidades,2016,4,False,424.99070273,38.42392921999999
Baja California,Reinversión de utilidades,2017,1,False,260.34958042,260.34958042
Baja California,Reinversión de utilidades,2017,2,False,375.7386958,115.38911538000002
Baja California,Reinversión de utilidades,2017,3,False,452.44747691,76.70878110999996
Baja California,Reinversión de utilidades,2017,4,False,468.92120063,16.47372372000001
Baja California,Reinversión de utilidades,2018,1,False,456.57225062,456.57225062
Baja California,Reinversión de utilidades,2018,2,False,474.14089102,17.56864040000005
Baja California,Reinversión de utilidades,2018,3,False,468.38743633,-5.753454690000012
Baja California,Reinversión de utilidades,2018,4,False,464.90059856,-3.4868377700000224
Baja California,Reinversión de utilidades,2019,1,False,567.6043587,567.6043587
Baja California,Reinversión de utilidades,2019,2,False,556.87050923,-10.733849469999996
Baja California,Reinversión de utilidades,2019,3,False,571.4685198,14.598010569999929
Baja California,Reinversión de utilidades,2019,4,False,570.23332527,-1.2351945299999443
Baja California,Reinversión de utilidades,2020,1,False,415.6514332,415.6514332
Baja California,Reinversión de utilidades,2020,2,False,393.00663646,-22.644796740000004
Baja California,Reinversión de utilidades,2020,3,False,395.62534553,2.6187090700000226
Baja California,Reinversión de utilidades,2020,4,False,396.80141898,1.1760734499999899
Baja California,Reinversión de utilidades,2021,1,False,385.51117927,385.51117927
Baja California,Reinversión de utilidades,2021,2,False,395.67118743,10.160008159999961
Baja California,Reinversión de utilidades,2021,3,False,420.95495714,25.28376971
Baja California,Reinversión de utilidades,2021,4,False,445.11316117,24.158204030000036
Baja California,Reinversión de utilidades,2022,1,False,372.28033584,372.28033584
Baja California,Reinversión de utilidades,2022,2,False,411.64616204,39.36582619999996
Baja California,Reinversión de utilidades,2022,3,False,436.12314049,24.476978450000047
Baja California,Reinversión de utilidades,2022,4,False,453.53641477,17.413274279999996
Baja California,Reinversión de utilidades,2023,1,False,657.80143758,657.80143758
Baja California,Reinversión de utilidades,2023,2,False,688.27014507,30.468707490000043
Baja California,Reinversión de utilidades,2023,3,False,498.71354568,-189.55659939000003
Baja California,Reinversión de utilidades,2023,4,False,395.67296115,-103.04058452999999
Baja California,Reinversión de utilidades,2024,1,False,558.92311727,558.92311727
Baja California,Reinversión de utilidades,2024,2,False,1017.96356459,459.04044732
Baja California,Reinversión de utilidades,2024,3,False,1016.89738922,-1.0661753699999963
Baja California,Reinversión de utilidades,2024,4,False,1008.5603923,-8.336996920000047
Baja California,Reinversión de utilidades,2025,1,False,885.18891718,885.18891718
Baja California,Reinversión de utilidades,2025,2,False,1059.55056573,174.36164855000004
Baja California,Reinversión de utilidades,2025,3,False,880.24221163,-179.30835409999997
Baja California,Reinversión de utilidades,2025,4,False,817.32661612,-62.91559551
Baja California Sur,Reinversión de utilidades,2006,1,False,11.58333,11.58333
Baja California Sur,Reinversión de utilidades,2006,2,False,17.271077,5.687746999999998
Baja California Sur,Reinversión de utilidades,2006,3,False,17.872711,0.6016340000000007
Baja California Sur,Reinversión de utilidades,2006,4,False,18.447717,0.5750060000000019
Baja California Sur,Reinversión de utilidades,2007,1,False,15.461494,15.461494
Baja California Sur,Reinversión de utilidades,2007,2,False,20.276121,4.814627
Baja California Sur,Reinversión de utilidades,2007,3,False,20.318431,0.042310000000000514
Baja California Sur,Reinversión de utilidades,2007,4,False,21.202693,0.8842619999999997
Baja California Sur,Reinversión de utilidades,2008,1,False,16.476077,16.476077
Baja California Sur,Reinversión de utilidades,2008,2,False,28.269557,11.793479999999999
Baja California Sur,Reinversión de utilidades,2008,3,False,28.08683,-0.18272699999999986
Baja California Sur,Reinversión de utilidades,2008,4,False,28.927835,0.8410050000000027
Baja California Sur,Reinversión de utilidades,2009,1,False,1.50287,1.50287
Baja California Sur,Reinversión de utilidades,2009,2,False,12.773496,11.270626
Baja California Sur,Reinversión de utilidades,2009,3,False,17.196854,4.423357999999999
Baja California Sur,Reinversión de utilidades,2009,4,False,17.988279,0.7914250000000003
Baja California Sur,Reinversión de utilidades,2010,1,False,2.996017,2.996017
Baja California Sur,Reinversión de utilidades,2010,2,False,16.735048,13.739030999999999
Baja California Sur,Reinversión de utilidades,2010,3,False,16.633148,-0.10190000000000055
Baja California Sur,Reinversión de utilidades,2010,4,False,18.3922,1.7590520000000005
Baja California Sur,Reinversión de utilidades,2011,1,False,6.52660569,6.52660569
Baja California Sur,Reinversión de utilidades,2011,2,False,32.91036777,26.38376208
Baja California Sur,Reinversión de utilidades,2011,3,False,39.28596177,6.3755939999999995
Baja California Sur,Reinversión de utilidades,2011,4,False,32.34165277,-6.944308999999997
Baja California Sur,Reinversión de utilidades,2012,1,False,14.07610939,14.07610939
Baja California Sur,Reinversión de utilidades,2012,2,False,18.52888619,4.452776800000002
Baja California Sur,Reinversión de utilidades,2012,3,False,18.68125119,0.15236499999999964
Baja California Sur,Reinversión de utilidades,2012,4,False,24.05437619,5.373124999999998
Baja California Sur,Reinversión de utilidades,2013,1,False,17.55268072,17.55268072
Baja California Sur,Reinversión de utilidades,2013,2,False,26.49097318,8.93829246
Baja California Sur,Reinversión de utilidades,2013,3,False,25.78122118,-0.7097520000000017
Baja California Sur,Reinversión de utilidades,2013,4,False,32.21214618,6.4309249999999984
Baja California Sur,Reinversión de utilidades,2014,1,False,27.37307766,27.37307766
Baja California Sur,Reinversión de utilidades,2014,2,False,31.32664095,3.9535632900000017
Baja California Sur,Reinversión de utilidades,2014,3,False,25.68335688,-5.64328407
Baja California Sur,Reinversión de utilidades,2014,4,False,20.87022643,-4.813130450000003
Baja California Sur,Reinversión de utilidades,2015,1,False,13.30918602,13.30918602
Baja California Sur,Reinversión de utilidades,2015,2,False,9.49992169,-3.8092643299999995
Baja California Sur,Reinversión de utilidades,2015,3,False,-1.15231882,-10.65224051
Baja California Sur,Reinversión de utilidades,2015,4,False,-11.33918012,-10.1868613
Baja California Sur,Reinversión de utilidades,2016,1,False,47.40271823,47.40271823
Baja California Sur,Reinversión de utilidades,2016,2,False,54.8532776,7.450559370000001
Baja California Sur,Reinversión de utilidades,2016,3,False,58.44874495,3.59546735
Baja California Sur,Reinversión de utilidades,2016,4,False,62.14961336,3.700868409999998
Baja California Sur,Reinversión de utilidades,2017,1,False,85.8571033,85.8571033
Baja California Sur,Reinversión de utilidades,2017,2,False,93.28948807,7.432384769999999
Baja California Sur,Reinversión de utilidades,2017,3,False,96.42058376,3.131095689999995
Baja California Sur,Reinversión de utilidades,2017,4,False,102.65146856,6.230884799999998
Baja California Sur,Reinversión de utilidades,2018,1,False,34.98661035,34.98661035
Baja California Sur,Reinversión de utilidades,2018,2,False,52.63099428,17.644383930000004
Baja California Sur,Reinversión de utilidades,2018,3,False,62.505169,9.87417472
Baja California Sur,Reinversión de utilidades,2018,4,False,66.75933367,4.2541646700000015
Baja California Sur,Reinversión de utilidades,2019,1,False,48.37655277,48.37655277
Baja California Sur,Reinversión de utilidades,2019,2,False,62.42038774,14.043834969999999
Baja California Sur,Reinversión de utilidades,2019,3,False,74.7405541,12.320166359999995
Baja California Sur,Reinversión de utilidades,2019,4,False,90.85841438,16.117860280000002
Baja California Sur,Reinversión de utilidades,2020,1,False,59.42671048,59.42671048
Baja California Sur,Reinversión de utilidades,2020,2,False,67.24114779,7.814437310000002
Baja California Sur,Reinversión de utilidades,2020,3,False,91.74858479,24.507436999999996
Baja California Sur,Reinversión de utilidades,2020,4,False,91.64496579,-0.1036189999999948
Baja California Sur,Reinversión de utilidades,2021,1,False,37.74382424,37.74382424
Baja California Sur,Reinversión de utilidades,2021,2,False,38.01404347,0.27021922999999504
Baja California Sur,Reinversión de utilidades,2021,3,False,37.33620567,-0.6778377999999989
Baja California Sur,Reinversión de utilidades,2021,4,False,35.71852756,-1.61767811
Baja California Sur,Reinversión de utilidades,2022,1,False,152.19292763,152.19292763
Baja California Sur,Reinversión de utilidades,2022,2,False,157.81510797,5.62218034
Baja California Sur,Reinversión de utilidades,2022,3,False,149.33455624,-8.480551730000002
Baja California Sur,Reinversión de utilidades,2022,4,False,116.19734099,-33.13721525000001
Baja California Sur,Reinversión de utilidades,2023,1,False,58.6000427,58.6000427
Baja California Sur,Reinversión de utilidades,2023,2,False,179.86378821,121.26374550999999
Baja California Sur,Reinversión de utilidades,2023,3,False,183.96370356,4.099915350000003
Baja California Sur,Reinversión de utilidades,2023,4,False,183.95839504,-0.005308519999999817
Baja California Sur,Reinversión de utilidades,2024,1,False,29.55154656,29.55154656
Baja California Sur,Reinversión de utilidades,2024,2,False,98.10857033,68.55702377
Baja California Sur,Reinversión de utilidades,2024,3,False,371.38705443,273.27848409999996
Baja California Sur,Reinversión de utilidades,2024,4,False,371.30860769,-0.07844674000000396
Baja California Sur,Reinversión de utilidades,2025,1,False,45.41353316,45.41353316
Baja California Sur,Reinversión de utilidades,2025,2,False,172.80531505,127.39178188999999
Baja California Sur,Reinversión de utilidades,2025,3,False,170.54079815,-2.2645168999999896
Baja California Sur,Reinversión de utilidades,2025,4,False,167.68441681,-2.856381340000013
Campeche,Reinversión de utilidades,2006,1,False,7.628959,7.628959
Campeche,Reinversión de utilidades,2006,2,False,14.358323,6.729364
Campeche,Reinversión de utilidades,2006,3,False,15.151648,0.7933249999999994
Campeche,Reinversión de utilidades,2006,4,False,15.113123,-0.03852499999999992
Campeche,Reinversión de utilidades,2007,1,False,13.304564,13.304564
Campeche,Reinversión de utilidades,2007,2,False,19.87756,6.572996
Campeche,Reinversión de utilidades,2007,3,False,104.080586,84.203026
Campeche,Reinversión de utilidades,2007,4,False,104.101292,0.02070600000000411
Campeche,Reinversión de utilidades,2008,1,False,14.659846,14.659846
Campeche,Reinversión de utilidades,2008,2,False,28.140238,13.480392
Campeche,Reinversión de utilidades,2008,3,False,28.338494,0.19825600000000065
Campeche,Reinversión de utilidades,2008,4,False,28.663348,0.3248539999999984
Campeche,Reinversión de utilidades,2009,1,False,1.119702,1.119702
Campeche,Reinversión de utilidades,2009,2,False,12.324282,11.20458
Campeche,Reinversión de utilidades,2009,3,False,15.76638,3.4420979999999997
Campeche,Reinversión de utilidades,2009,4,False,15.962455,0.19607500000000044
Campeche,Reinversión de utilidades,2010,1,False,0.52477,0.52477
Campeche,Reinversión de utilidades,2010,2,False,15.626351,15.101581
Campeche,Reinversión de utilidades,2010,3,False,15.667249,0.04089800000000032
Campeche,Reinversión de utilidades,2010,4,False,16.030586,0.3633369999999996
Campeche,Reinversión de utilidades,2011,1,False,2.137025,2.137025
Campeche,Reinversión de utilidades,2011,2,False,24.86522,22.728195
Campeche,Reinversión de utilidades,2011,3,False,27.259475,2.3942549999999976
Campeche,Reinversión de utilidades,2011,4,False,22.054416,-5.2050589999999985
Campeche,Reinversión de utilidades,2012,1,False,6.2522673,6.2522673
Campeche,Reinversión de utilidades,2012,2,False,8.3293803,2.0771130000000007
Campeche,Reinversión de utilidades,2012,3,False,8.3284913,-0.0008890000000008058
Campeche,Reinversión de utilidades,2012,4,False,13.6700693,5.341578
Campeche,Reinversión de utilidades,2013,1,False,12.0493176,12.0493176
Campeche,Reinversión de utilidades,2013,2,False,37.01828071,24.968963109999997
Campeche,Reinversión de utilidades,2013,3,False,37.42897371,0.410693000000002
Campeche,Reinversión de utilidades,2013,4,False,45.49345171,8.064478000000001
Campeche,Reinversión de utilidades,2014,1,False,23.32873568,23.32873568
Campeche,Reinversión de utilidades,2014,2,False,35.08510087,11.756365189999997
Campeche,Reinversión de utilidades,2014,3,False,34.85674687,-0.22835399999999595
Campeche,Reinversión de utilidades,2014,4,False,34.83743887,-0.019308000000002323
Campeche,Reinversión de utilidades,2015,1,False,28.08362031,28.08362031
Campeche,Reinversión de utilidades,2015,2,False,43.85526707,15.771646759999996
Campeche,Reinversión de utilidades,2015,3,False,45.98805042,2.132783350000004
Campeche,Reinversión de utilidades,2015,4,False,48.06982177,2.081771349999997
Campeche,Reinversión de utilidades,2016,1,False,37.06134148,37.06134148
Campeche,Reinversión de utilidades,2016,2,False,54.90103407,17.83969259
Campeche,Reinversión de utilidades,2016,3,False,55.31899491,0.4179608399999992
Campeche,Reinversión de utilidades,2016,4,False,55.21479598,-0.10419893000000258
Campeche,Reinversión de utilidades,2017,1,False,30.06752409,30.06752409
Campeche,Reinversión de utilidades,2017,2,False,31.43923783,1.3717137400000006
Campeche,Reinversión de utilidades,2017,3,False,40.6012498,9.162011969999998
Campeche,Reinversión de utilidades,2017,4,False,42.01140024,1.4101504400000024
Campeche,Reinversión de utilidades,2018,1,False,34.29333215,34.29333215
Campeche,Reinversión de utilidades,2018,2,False,44.36626157,10.072929420000001
Campeche,Reinversión de utilidades,2018,3,False,53.00089127,8.634629699999998
Campeche,Reinversión de utilidades,2018,4,False,60.0859534,7.085062130000004
Campeche,Reinversión de utilidades,2019,1,False,26.44050006,26.44050006
Campeche,Reinversión de utilidades,2019,2,False,34.17752755,7.737027489999999
Campeche,Reinversión de utilidades,2019,3,False,38.45209494,4.274567390000001
Campeche,Reinversión de utilidades,2019,4,False,42.68297294,4.230877999999997
Campeche,Reinversión de utilidades,2020,1,False,46.14469458,46.14469458
Campeche,Reinversión de utilidades,2020,2,False,48.42036399,2.275669409999999
Campeche,Reinversión de utilidades,2020,3,False,49.687145,1.2667810100000025
Campeche,Reinversión de utilidades,2020,4,False,48.57546498,-1.1116800200000014
Campeche,Reinversión de utilidades,2021,1,False,42.30994456,42.30994456
Campeche,Reinversión de utilidades,2021,2,False,100.2876752,57.97773064
Campeche,Reinversión de utilidades,2021,3,False,101.42996992,1.1422947200000095
Campeche,Reinversión de utilidades,2021,4,False,100.78730608,-0.6426638400000115
Campeche,Reinversión de utilidades,2022,1,False,70.55469607,70.55469607
Campeche,Reinversión de utilidades,2022,2,False,73.76860474,3.213908669999995
Campeche,Reinversión de utilidades,2022,3,False,74.05695007,0.2883453299999985
Campeche,Reinversión de utilidades,2022,4,False,73.12630321,-0.930646859999996
Campeche,Reinversión de utilidades,2023,1,False,30.66622103,30.66622103
Campeche,Reinversión de utilidades,2023,2,False,26.55896425,-4.10725678
Campeche,Reinversión de utilidades,2023,3,False,28.06225299,1.5032887400000021
Campeche,Reinversión de utilidades,2023,4,False,28.06225299,0.0
Campeche,Reinversión de utilidades,2024,1,False,60.2865059,60.2865059
Campeche,Reinversión de utilidades,2024,2,False,61.17590976,0.8894038600000016
Campeche,Reinversión de utilidades,2024,3,False,60.41932366,-0.7565860999999998
Campeche,Reinversión de utilidades,2024,4,False,427.0452072,366.62588354
Campeche,Reinversión de utilidades,2025,1,False,1.39430612,1.39430612
Campeche,Reinversión de utilidades,2025,2,False,26.40103335,25.00672723
Campeche,Reinversión de utilidades,2025,3,False,26.08384196,-0.31719138999999785
Campeche,Reinversión de utilidades,2025,4,False,24.21154311,-1.87229885
Chiapas,Reinversión de utilidades,2006,1,False,26.984038,26.984038
Chiapas,Reinversión de utilidades,2006,2,False,47.283718,20.29968
Chiapas,Reinversión de utilidades,2006,3,False,48.471648,1.1879300000000015
Chiapas,Reinversión de utilidades,2006,4,False,48.338047,-0.13360099999999875
Chiapas,Reinversión de utilidades,2007,1,False,37.245578,37.245578
Chiapas,Reinversión de utilidades,2007,2,False,53.854577,16.608998999999997
Chiapas,Reinversión de utilidades,2007,3,False,54.090518,0.23594100000000395
Chiapas,Reinversión de utilidades,2007,4,False,54.320859,0.2303409999999957
Chiapas,Reinversión de utilidades,2008,1,False,51.413097,51.413097
Chiapas,Reinversión de utilidades,2008,2,False,80.797672,29.384575000000005
Chiapas,Reinversión de utilidades,2008,3,False,73.136447,-7.661225000000002
Chiapas,Reinversión de utilidades,2008,4,False,68.274203,-4.862244000000004
Chiapas,Reinversión de utilidades,2009,1,False,12.763288,12.763288
Chiapas,Reinversión de utilidades,2009,2,False,30.835976,18.072688
Chiapas,Reinversión de utilidades,2009,3,False,40.354309,9.518333000000002
Chiapas,Reinversión de utilidades,2009,4,False,40.262105,-0.0922040000000024
Chiapas,Reinversión de utilidades,2010,1,False,20.144555,20.144555
Chiapas,Reinversión de utilidades,2010,2,False,57.18979,37.045235000000005
Chiapas,Reinversión de utilidades,2010,3,False,56.935914,-0.2538760000000053
Chiapas,Reinversión de utilidades,2010,4,False,57.91032,0.9744060000000019
Chiapas,Reinversión de utilidades,2011,1,False,29.08574325,29.08574325
Chiapas,Reinversión de utilidades,2011,2,False,85.00120425,55.915461
Chiapas,Reinversión de utilidades,2011,3,False,91.35065325,6.349448999999993
Chiapas,Reinversión de utilidades,2011,4,False,76.70556025,-14.645092999999989
Chiapas,Reinversión de utilidades,2012,1,False,31.87577306,31.87577306
Chiapas,Reinversión de utilidades,2012,2,False,34.2892519,2.4134788399999962
Chiapas,Reinversión de utilidades,2012,3,False,35.0170949,0.727843
Chiapas,Reinversión de utilidades,2012,4,False,52.8753609,17.858266
Chiapas,Reinversión de utilidades,2013,1,False,50.06507273,50.06507273
Chiapas,Reinversión de utilidades,2013,2,False,73.20259827,23.13752554
Chiapas,Reinversión de utilidades,2013,3,False,72.00235627,-1.2002419999999887
Chiapas,Reinversión de utilidades,2013,4,False,83.94947327,11.947116999999992
Chiapas,Reinversión de utilidades,2014,1,False,82.08249845,82.08249845
Chiapas,Reinversión de utilidades,2014,2,False,97.3271052,15.244606750000003
Chiapas,Reinversión de utilidades,2014,3,False,91.3317072,-5.995398000000009
Chiapas,Reinversión de utilidades,2014,4,False,90.6892372,-0.642470000000003
Chiapas,Reinversión de utilidades,2015,1,False,57.51036695,57.51036695
Chiapas,Reinversión de utilidades,2015,2,False,88.76349849,31.253131540000005
Chiapas,Reinversión de utilidades,2015,3,False,94.05377944,5.290280949999996
Chiapas,Reinversión de utilidades,2015,4,False,92.92718607,-1.1265933699999948
Chiapas,Reinversión de utilidades,2016,1,False,62.02800307,62.02800307
Chiapas,Reinversión de utilidades,2016,2,False,65.81208038,3.7840773100000007
Chiapas,Reinversión de utilidades,2016,3,False,70.60057358,4.788493200000005
Chiapas,Reinversión de utilidades,2016,4,False,69.17224534,-1.428328239999999
Chiapas,Reinversión de utilidades,2017,1,False,78.69450833,78.69450833
Chiapas,Reinversión de utilidades,2017,2,False,84.69394233,5.999433999999994
Chiapas,Reinversión de utilidades,2017,3,False,79.80587169,-4.888070639999995
Chiapas,Reinversión de utilidades,2017,4,False,62.13102853,-17.67484316
Chiapas,Reinversión de utilidades,2018,1,False,63.32619617,63.32619617
Chiapas,Reinversión de utilidades,2018,2,False,64.02781054,0.7016143700000015
Chiapas,Reinversión de utilidades,2018,3,False,62.3130686,-1.7147419400000032
Chiapas,Reinversión de utilidades,2018,4,False,58.53815592,-3.77491268
Chiapas,Reinversión de utilidades,2019,1,False,109.9222759,109.9222759
Chiapas,Reinversión de utilidades,2019,2,False,118.4272033,8.5049274
Chiapas,Reinversión de utilidades,2019,3,False,119.15867416,0.7314708600000017
Chiapas,Reinversión de utilidades,2019,4,False,131.34252181,12.18384764999999
Chiapas,Reinversión de utilidades,2020,1,False,103.66604877,103.66604877
Chiapas,Reinversión de utilidades,2020,2,False,106.67227751,3.0062287399999974
Chiapas,Reinversión de utilidades,2020,3,False,106.02528933,-0.6469881799999939
Chiapas,Reinversión de utilidades,2020,4,False,105.38530462,-0.6399847100000073
Chiapas,Reinversión de utilidades,2021,1,False,87.69802319,87.69802319
Chiapas,Reinversión de utilidades,2021,2,False,133.84012343,46.142100240000005
Chiapas,Reinversión de utilidades,2021,3,False,133.13035657,-0.709766860000002
Chiapas,Reinversión de utilidades,2021,4,False,127.81584413,-5.3145124400000014
Chiapas,Reinversión de utilidades,2022,1,False,95.03230585,95.03230585
Chiapas,Reinversión de utilidades,2022,2,False,97.74330074,2.710994889999995
Chiapas,Reinversión de utilidades,2022,3,False,98.27828182,0.5349810800000085
Chiapas,Reinversión de utilidades,2022,4,False,97.12253272,-1.1557491000000084
Chiapas,Reinversión de utilidades,2023,1,False,55.93869058,55.93869058
Chiapas,Reinversión de utilidades,2023,2,False,46.8750515,-9.063639080000002
Chiapas,Reinversión de utilidades,2023,3,False,50.60593756,3.730886060000003
Chiapas,Reinversión de utilidades,2023,4,False,52.77502636,2.1690887999999973
Chiapas,Reinversión de utilidades,2024,1,False,77.44335838,77.44335838
Chiapas,Reinversión de utilidades,2024,2,False,83.51550421,6.072145829999997
Chiapas,Reinversión de utilidades,2024,3,False,82.54763275,-0.9678714599999978
Chiapas,Reinversión de utilidades,2024,4,False,81.5972962,-0.9503365500000029
Chiapas,Reinversión de utilidades,2025,1,False,1.92259636,1.92259636
Chiapas,Reinversión de utilidades,2025,2,False,7.63167522,5.70907886
Chiapas,Reinversión de utilidades,2025,3,False,6.23835253,-1.3933226899999998
Chiapas,Reinversión de utilidades,2025,4,False,-0.36927303,-6.607625560000001
Chihuahua,Reinversión de utilidades,2006,1,False,71.95468607,71.95468607
Chihuahua,Reinversión de utilidades,2006,2,False,122.61561007,50.66092400000001
Chihuahua,Reinversión de utilidades,2006,3,False,125.32028307,2.7046729999999997
Chihuahua,Reinversión de utilidades,2006,4,False,125.82623607,0.505952999999991
Chihuahua,Reinversión de utilidades,2007,1,False,197.076229,197.076229
Chihuahua,Reinversión de utilidades,2007,2,False,251.263676,54.18744699999999
Chihuahua,Reinversión de utilidades,2007,3,False,322.45565,71.19197399999999
Chihuahua,Reinversión de utilidades,2007,4,False,328.856094,6.400443999999993
Chihuahua,Reinversión de utilidades,2008,1,False,161.82472233,161.82472233
Chihuahua,Reinversión de utilidades,2008,2,False,219.56260133,57.73787900000002
Chihuahua,Reinversión de utilidades,2008,3,False,226.48035433,6.917753000000005
Chihuahua,Reinversión de utilidades,2008,4,False,228.14369733,1.6633429999999976
Chihuahua,Reinversión de utilidades,2009,1,False,-25.68054723,-25.68054723
Chihuahua,Reinversión de utilidades,2009,2,False,25.26653077,50.947078
Chihuahua,Reinversión de utilidades,2009,3,False,31.70344177,6.436911000000002
Chihuahua,Reinversión de utilidades,2009,4,False,30.57365777,-1.1297840000000008
Chihuahua,Reinversión de utilidades,2010,1,False,173.56455143,173.56455143
Chihuahua,Reinversión de utilidades,2010,2,False,233.68109343,60.11654200000001
Chihuahua,Reinversión de utilidades,2010,3,False,231.78175043,-1.899343000000016
Chihuahua,Reinversión de utilidades,2010,4,False,261.61581943,29.834069
Chihuahua,Reinversión de utilidades,2011,1,False,241.41570069,241.41570069
Chihuahua,Reinversión de utilidades,2011,2,False,351.79287349,110.37717279999998
Chihuahua,Reinversión de utilidades,2011,3,False,342.67443849,-9.118434999999977
Chihuahua,Reinversión de utilidades,2011,4,False,326.91304449,-15.761393999999996
Chihuahua,Reinversión de utilidades,2012,1,False,352.03137956,352.03137956
Chihuahua,Reinversión de utilidades,2012,2,False,369.52722339,17.495843830000013
Chihuahua,Reinversión de utilidades,2012,3,False,381.47737039,11.950146999999959
Chihuahua,Reinversión de utilidades,2012,4,False,417.16431939,35.68694900000003
Chihuahua,Reinversión de utilidades,2013,1,False,527.50277757,527.50277757
Chihuahua,Reinversión de utilidades,2013,2,False,644.01509367,116.51231610000002
Chihuahua,Reinversión de utilidades,2013,3,False,658.62709067,14.611996999999974
Chihuahua,Reinversión de utilidades,2013,4,False,855.72371967,197.096629
Chihuahua,Reinversión de utilidades,2014,1,False,408.71639452,408.71639452
Chihuahua,Reinversión de utilidades,2014,2,False,795.12400855,386.40761403
Chihuahua,Reinversión de utilidades,2014,3,False,900.98121455,105.85720600000002
Chihuahua,Reinversión de utilidades,2014,4,False,983.89426055,82.91304600000001
Chihuahua,Reinversión de utilidades,2015,1,False,211.23068738,211.23068738
Chihuahua,Reinversión de utilidades,2015,2,False,284.42064302,73.18995564
Chihuahua,Reinversión de utilidades,2015,3,False,314.26901502,29.848371999999983
Chihuahua,Reinversión de utilidades,2015,4,False,356.50040882,42.231393800000035
Chihuahua,Reinversión de utilidades,2016,1,False,195.32691103,195.32691103
Chihuahua,Reinversión de utilidades,2016,2,False,294.38706528,99.06015425000001
Chihuahua,Reinversión de utilidades,2016,3,False,365.90550544,71.51844016000001
Chihuahua,Reinversión de utilidades,2016,4,False,502.94619787,137.04069242999998
Chihuahua,Reinversión de utilidades,2017,1,False,336.49565168,336.49565168
Chihuahua,Reinversión de utilidades,2017,2,False,380.9560683,44.460416620000046
Chihuahua,Reinversión de utilidades,2017,3,False,419.82839702,38.872328719999985
Chihuahua,Reinversión de utilidades,2017,4,False,468.58479221,48.75639518999998
Chihuahua,Reinversión de utilidades,2018,1,False,387.05026704,387.05026704
Chihuahua,Reinversión de utilidades,2018,2,False,494.58298264,107.53271560000002
Chihuahua,Reinversión de utilidades,2018,3,False,556.48808929,61.90510664999994
Chihuahua,Reinversión de utilidades,2018,4,False,568.82224385,12.334154560000002
Chihuahua,Reinversión de utilidades,2019,1,False,460.55298695,460.55298695
Chihuahua,Reinversión de utilidades,2019,2,False,509.86884064,49.31585368999998
Chihuahua,Reinversión de utilidades,2019,3,False,524.93042546,15.061584820000064
Chihuahua,Reinversión de utilidades,2019,4,False,501.90393089,-23.02649457000001
Chihuahua,Reinversión de utilidades,2020,1,False,302.40158841,302.40158841
Chihuahua,Reinversión de utilidades,2020,2,False,364.26483673,61.863248320000025
Chihuahua,Reinversión de utilidades,2020,3,False,357.91071748,-6.3541192499999966
Chihuahua,Reinversión de utilidades,2020,4,False,276.45799865,-81.45271883000004
Chihuahua,Reinversión de utilidades,2021,1,False,518.55693857,518.55693857
Chihuahua,Reinversión de utilidades,2021,2,False,589.44592569,70.88898711999991
Chihuahua,Reinversión de utilidades,2021,3,False,604.23956461,14.793638920000035
Chihuahua,Reinversión de utilidades,2021,4,False,612.57547569,8.33591107999996
Chihuahua,Reinversión de utilidades,2022,1,False,470.35650031,470.35650031
Chihuahua,Reinversión de utilidades,2022,2,False,492.84659468,22.49009437000001
Chihuahua,Reinversión de utilidades,2022,3,False,491.05302446,-1.7935702199999923
Chihuahua,Reinversión de utilidades,2022,4,False,494.44798046,3.394955999999979
Chihuahua,Reinversión de utilidades,2023,1,False,654.00918633,654.00918633
Chihuahua,Reinversión de utilidades,2023,2,False,731.62933873,77.62015239999994
Chihuahua,Reinversión de utilidades,2023,3,False,806.83409051,75.20475178000004
Chihuahua,Reinversión de utilidades,2023,4,False,744.87256635,-61.961524159999954
Chihuahua,Reinversión de utilidades,2024,1,False,482.57744453,482.57744453
Chihuahua,Reinversión de utilidades,2024,2,False,581.50151184,98.92406731000005
Chihuahua,Reinversión de utilidades,2024,3,False,544.1064537,-37.39505814000006
Chihuahua,Reinversión de utilidades,2024,4,False,435.40179086,-108.70466283999997
Chihuahua,Reinversión de utilidades,2025,1,False,423.21116801,423.21116801
Chihuahua,Reinversión de utilidades,2025,2,False,673.4976867,250.28651869000004
Chihuahua,Reinversión de utilidades,2025,3,False,614.67745614,-58.82023056000003
Chihuahua,Reinversión de utilidades,2025,4,False,533.70506977,-80.97238636999998
Ciudad de México,Reinversión de utilidades,2006,1,False,2425.1554421,2425.1554421
Ciudad de México,Reinversión de utilidades,2006,2,False,2987.9128181,562.757376
Ciudad de México,Reinversión de utilidades,2006,3,False,3032.9419081,45.02909
Ciudad de México,Reinversión de utilidades,2006,4,False,3215.4702841,182.52837599999975
Ciudad de México,Reinversión de utilidades,2007,1,False,2011.426827,2011.426827
Ciudad de México,Reinversión de utilidades,2007,2,False,2499.70814,488.2813130000002
Ciudad de México,Reinversión de utilidades,2007,3,False,2582.624076,82.91593599999987
Ciudad de México,Reinversión de utilidades,2007,4,False,2606.525483,23.901406999999836
Ciudad de México,Reinversión de utilidades,2008,1,False,1613.48653346,1613.48653346
Ciudad de México,Reinversión de utilidades,2008,2,False,3171.03724846,1557.5507149999999
Ciudad de México,Reinversión de utilidades,2008,3,False,3179.54805546,8.510807000000113
Ciudad de México,Reinversión de utilidades,2008,4,False,3196.01643946,16.468384000000242
Ciudad de México,Reinversión de utilidades,2009,1,False,610.11863838,610.11863838
Ciudad de México,Reinversión de utilidades,2009,2,False,1887.35768738,1277.239049
Ciudad de México,Reinversión de utilidades,2009,3,False,2145.25268938,257.895002
Ciudad de México,Reinversión de utilidades,2009,4,False,2267.81866938,122.56597999999985
Ciudad de México,Reinversión de utilidades,2010,1,False,996.24768678,996.24768678
Ciudad de México,Reinversión de utilidades,2010,2,False,1527.23434378,530.986657
Ciudad de México,Reinversión de utilidades,2010,3,False,1560.71215278,33.47780899999998
Ciudad de México,Reinversión de utilidades,2010,4,False,1619.38831678,58.67616399999997
Ciudad de México,Reinversión de utilidades,2011,1,False,1128.87767133,1128.87767133
Ciudad de México,Reinversión de utilidades,2011,2,False,2488.60911227,1359.7314409399999
Ciudad de México,Reinversión de utilidades,2011,3,False,2846.55756827,357.9484560000001
Ciudad de México,Reinversión de utilidades,2011,4,False,3102.29490727,255.7373389999998
Ciudad de México,Reinversión de utilidades,2012,1,False,1039.9771501,1039.9771501
Ciudad de México,Reinversión de utilidades,2012,2,False,1454.58032136,414.60317125999995
Ciudad de México,Reinversión de utilidades,2012,3,False,1546.2029433,91.62262194000004
Ciudad de México,Reinversión de utilidades,2012,4,False,1941.5176657,395.31472239999994
Ciudad de México,Reinversión de utilidades,2013,1,False,1290.48939018,1290.48939018
Ciudad de México,Reinversión de utilidades,2013,2,False,1937.42411661,646.93472643
Ciudad de México,Reinversión de utilidades,2013,3,False,2536.54561761,599.1215010000001
Ciudad de México,Reinversión de utilidades,2013,4,False,2864.15145961,327.60584199999994
Ciudad de México,Reinversión de utilidades,2014,1,False,3077.84392979,3077.84392979
Ciudad de México,Reinversión de utilidades,2014,2,False,3747.40975853,669.5658287400001
Ciudad de México,Reinversión de utilidades,2014,3,False,3976.38537271,228.97561417999987
Ciudad de México,Reinversión de utilidades,2014,4,False,4320.51466747,344.12929476
Ciudad de México,Reinversión de utilidades,2015,1,False,1803.95005579,1803.95005579
Ciudad de México,Reinversión de utilidades,2015,2,False,2426.63162547,622.6815696799999
Ciudad de México,Reinversión de utilidades,2015,3,False,2591.48105764,164.84943217
Ciudad de México,Reinversión de utilidades,2015,4,False,2752.73301601,161.25195837
Ciudad de México,Reinversión de utilidades,2016,1,False,1604.38455641,1604.38455641
Ciudad de México,Reinversión de utilidades,2016,2,False,2115.99382279,511.60926638000024
Ciudad de México,Reinversión de utilidades,2016,3,False,2245.67972123,129.68589843999962
Ciudad de México,Reinversión de utilidades,2016,4,False,2210.31248235,-35.367238879999604
Ciudad de México,Reinversión de utilidades,2017,1,False,2145.43257114,2145.43257114
Ciudad de México,Reinversión de utilidades,2017,2,False,2420.03016695,274.5975958099998
Ciudad de México,Reinversión de utilidades,2017,3,False,2296.71891726,-123.31124968999984
Ciudad de México,Reinversión de utilidades,2017,4,False,1795.16078744,-501.5581298200002
Ciudad de México,Reinversión de utilidades,2018,1,False,2383.09009071,2383.09009071
Ciudad de México,Reinversión de utilidades,2018,2,False,2578.05453419,194.96444348000023
Ciudad de México,Reinversión de utilidades,2018,3,False,2609.79297558,31.738441389999934
Ciudad de México,Reinversión de utilidades,2018,4,False,2523.4609277,-86.33204788000012
Ciudad de México,Reinversión de utilidades,2019,1,False,3165.29015569,3165.29015569
Ciudad de México,Reinversión de utilidades,2019,2,False,3443.83006709,278.5399113999997
Ciudad de México,Reinversión de utilidades,2019,3,False,3514.51981351,70.68974642000012
Ciudad de México,Reinversión de utilidades,2019,4,False,3581.26237287,66.74255936000009
Ciudad de México,Reinversión de utilidades,2020,1,False,3695.7129253,3695.7129253
Ciudad de México,Reinversión de utilidades,2020,2,False,4072.85746536,377.14454006000005
Ciudad de México,Reinversión de utilidades,2020,3,False,4248.96902827,176.11156291000043
Ciudad de México,Reinversión de utilidades,2020,4,False,4436.2207949,187.25176663000002
Ciudad de México,Reinversión de utilidades,2021,1,False,2436.6660143,2436.6660143
Ciudad de México,Reinversión de utilidades,2021,2,False,2586.36171081,149.6956965100003
Ciudad de México,Reinversión de utilidades,2021,3,False,2713.68739104,127.32568022999976
Ciudad de México,Reinversión de utilidades,2021,4,False,2753.51161294,39.824221899999884
Ciudad de México,Reinversión de utilidades,2022,1,False,3018.45908694,3018.45908694
Ciudad de México,Reinversión de utilidades,2022,2,False,3144.44968092,125.99059398000009
Ciudad de México,Reinversión de utilidades,2022,3,False,3181.84837616,37.39869524000005
Ciudad de México,Reinversión de utilidades,2022,4,False,3158.01843815,-23.829938010000205
Ciudad de México,Reinversión de utilidades,2023,1,False,9201.0404975,9201.0404975
Ciudad de México,Reinversión de utilidades,2023,2,False,10348.17846724,1147.1379697400007
Ciudad de México,Reinversión de utilidades,2023,3,False,11421.51598647,1073.337519229999
Ciudad de México,Reinversión de utilidades,2023,4,False,11424.79679264,3.280806169999778
Ciudad de México,Reinversión de utilidades,2024,1,False,14765.87091188,14765.87091188
Ciudad de México,Reinversión de utilidades,2024,2,False,15677.06163052,911.1907186400003
Ciudad de México,Reinversión de utilidades,2024,3,False,14246.44746307,-1430.6141674499995
Ciudad de México,Reinversión de utilidades,2024,4,False,13139.9029891,-1106.5444739700015
Ciudad de México,Reinversión de utilidades,2025,1,False,10570.09929144,10570.09929144
Ciudad de México,Reinversión de utilidades,2025,2,False,19454.94201241,8884.84272097
Ciudad de México,Reinversión de utilidades,2025,3,False,18720.51747082,-734.4245415900004
Ciudad de México,Reinversión de utilidades,2025,4,False,15860.19915362,-2860.318317199999
Coahuila,Reinversión de utilidades,2006,1,False,54.042044,54.042044
Coahuila,Reinversión de utilidades,2006,2,False,134.276836,80.234792
Coahuila,Reinversión de utilidades,2006,3,False,137.256303,2.9794669999999996
Coahuila,Reinversión de utilidades,2006,4,False,140.617317,3.3610140000000115
Coahuila,Reinversión de utilidades,2007,1,False,170.305439,170.305439
Coahuila,Reinversión de utilidades,2007,2,False,231.442059,61.13661999999999
Coahuila,Reinversión de utilidades,2007,3,False,235.826619,4.384559999999993
Coahuila,Reinversión de utilidades,2007,4,False,238.3409,2.514281000000011
Coahuila,Reinversión de utilidades,2008,1,False,65.395506,65.395506
Coahuila,Reinversión de utilidades,2008,2,False,129.950784,64.555278
Coahuila,Reinversión de utilidades,2008,3,False,131.873329,1.9225450000000137
Coahuila,Reinversión de utilidades,2008,4,False,134.587399,2.7140699999999924
Coahuila,Reinversión de utilidades,2009,1,False,19.335783,19.335783
Coahuila,Reinversión de utilidades,2009,2,False,63.749714,44.413931
Coahuila,Reinversión de utilidades,2009,3,False,69.571966,5.822252000000006
Coahuila,Reinversión de utilidades,2009,4,False,104.756707,35.184741
Coahuila,Reinversión de utilidades,2010,1,False,34.81701,34.81701
Coahuila,Reinversión de utilidades,2010,2,False,84.104972,49.287962
Coahuila,Reinversión de utilidades,2010,3,False,65.707705,-18.397267
Coahuila,Reinversión de utilidades,2010,4,False,84.774099,19.066394000000003
Coahuila,Reinversión de utilidades,2011,1,False,85.181492,85.181492
Coahuila,Reinversión de utilidades,2011,2,False,197.9353318,112.7538398
Coahuila,Reinversión de utilidades,2011,3,False,207.0085838,9.073251999999997
Coahuila,Reinversión de utilidades,2011,4,False,268.0312448,61.02266100000003
Coahuila,Reinversión de utilidades,2012,1,False,102.77899428,102.77899428
Coahuila,Reinversión de utilidades,2012,2,False,269.16152713,166.38253285000002
Coahuila,Reinversión de utilidades,2012,3,False,290.03831413,20.87678699999998
Coahuila,Reinversión de utilidades,2012,4,False,321.87240413,31.834090000000003
Coahuila,Reinversión de utilidades,2013,1,False,173.66040351,173.66040351
Coahuila,Reinversión de utilidades,2013,2,False,379.81902847,206.15862495999997
Coahuila,Reinversión de utilidades,2013,3,False,421.16326847,41.34424000000001
Coahuila,Reinversión de utilidades,2013,4,False,478.07949147,56.916223
Coahuila,Reinversión de utilidades,2014,1,False,197.10515449,197.10515449
Coahuila,Reinversión de utilidades,2014,2,False,611.91108837,414.80593388
Coahuila,Reinversión de utilidades,2014,3,False,643.00360337,31.092514999999935
Coahuila,Reinversión de utilidades,2014,4,False,646.11829137,3.114688000000001
Coahuila,Reinversión de utilidades,2015,1,False,294.93936886,294.93936886
Coahuila,Reinversión de utilidades,2015,2,False,359.68119203,64.74182316999998
Coahuila,Reinversión de utilidades,2015,3,False,385.81357182,26.132379790000016
Coahuila,Reinversión de utilidades,2015,4,False,401.67148822,15.857916400000022
Coahuila,Reinversión de utilidades,2016,1,False,157.47418056,157.47418056
Coahuila,Reinversión de utilidades,2016,2,False,298.28846541,140.81428485
Coahuila,Reinversión de utilidades,2016,3,False,314.16615989,15.877694480000002
Coahuila,Reinversión de utilidades,2016,4,False,222.94284086,-91.22331903000003
Coahuila,Reinversión de utilidades,2017,1,False,334.81161025,334.81161025
Coahuila,Reinversión de utilidades,2017,2,False,529.55571577,194.74410552
Coahuila,Reinversión de utilidades,2017,3,False,563.66219709,34.10648131999994
Coahuila,Reinversión de utilidades,2017,4,False,576.59741075,12.935213660000045
Coahuila,Reinversión de utilidades,2018,1,False,346.36004575,346.36004575
Coahuila,Reinversión de utilidades,2018,2,False,491.36207911,145.00203336000004
Coahuila,Reinversión de utilidades,2018,3,False,580.8839812,89.52190208999997
Coahuila,Reinversión de utilidades,2018,4,False,671.41555796,90.53157676000001
Coahuila,Reinversión de utilidades,2019,1,False,555.01653719,555.01653719
Coahuila,Reinversión de utilidades,2019,2,False,811.24798411,256.23144691999994
Coahuila,Reinversión de utilidades,2019,3,False,893.58701819,82.33903408000003
Coahuila,Reinversión de utilidades,2019,4,False,990.57921456,96.99219636999999
Coahuila,Reinversión de utilidades,2020,1,False,449.45093291,449.45093291
Coahuila,Reinversión de utilidades,2020,2,False,482.21494204,32.76400912999998
Coahuila,Reinversión de utilidades,2020,3,False,545.59841375,63.38347170999998
Coahuila,Reinversión de utilidades,2020,4,False,594.35766566,48.75925190999999
Coahuila,Reinversión de utilidades,2021,1,False,345.35051441,345.35051441
Coahuila,Reinversión de utilidades,2021,2,False,375.2781708,29.92765638999998
Coahuila,Reinversión de utilidades,2021,3,False,380.78690324,5.508732440000017
Coahuila,Reinversión de utilidades,2021,4,False,346.42251662,-34.364386620000005
Coahuila,Reinversión de utilidades,2022,1,False,324.98673194,324.98673194
Coahuila,Reinversión de utilidades,2022,2,False,416.16504221,91.17831027
Coahuila,Reinversión de utilidades,2022,3,False,447.38842122,31.223379009999974
Coahuila,Reinversión de utilidades,2022,4,False,498.4009585,51.012537280000004
Coahuila,Reinversión de utilidades,2023,1,False,425.73374658,425.73374658
Coahuila,Reinversión de utilidades,2023,2,False,652.23304032,226.49929373999998
Coahuila,Reinversión de utilidades,2023,3,False,313.55155792,-338.6814824
Coahuila,Reinversión de utilidades,2023,4,False,488.40424958,174.85269166
Coahuila,Reinversión de utilidades,2024,1,False,349.28792191,349.28792191
Coahuila,Reinversión de utilidades,2024,2,False,817.61332164,468.32539972999996
Coahuila,Reinversión de utilidades,2024,3,False,817.88907016,0.2757485199999792
Coahuila,Reinversión de utilidades,2024,4,False,759.71786285,-58.17120731
Coahuila,Reinversión de utilidades,2025,1,False,202.6314049,202.6314049
Coahuila,Reinversión de utilidades,2025,2,False,524.10400384,321.47259894
Coahuila,Reinversión de utilidades,2025,3,False,498.30020419,-25.80379965000003
Coahuila,Reinversión de utilidades,2025,4,False,468.21615529,-30.08404889999997
Colima,Reinversión de utilidades,2006,1,False,8.908798,8.908798
Colima,Reinversión de utilidades,2006,2,False,15.252291,6.343492999999999
Colima,Reinversión de utilidades,2006,3,False,15.69816,0.44586900000000007
Colima,Reinversión de utilidades,2006,4,False,15.647315,-0.05084499999999892
Colima,Reinversión de utilidades,2007,1,False,15.880098,15.880098
Colima,Reinversión de utilidades,2007,2,False,21.001272,5.121174
Colima,Reinversión de utilidades,2007,3,False,21.197266,0.1959939999999989
Colima,Reinversión de utilidades,2007,4,False,21.42644,0.22917400000000043
Colima,Reinversión de utilidades,2008,1,False,18.813196,18.813196
Colima,Reinversión de utilidades,2008,2,False,29.213549,10.400352999999999
Colima,Reinversión de utilidades,2008,3,False,29.132306,-0.08124300000000062
Colima,Reinversión de utilidades,2008,4,False,30.069358,0.9370520000000013
Colima,Reinversión de utilidades,2009,1,False,0.931296,0.931296
Colima,Reinversión de utilidades,2009,2,False,12.409808,11.478512
Colima,Reinversión de utilidades,2009,3,False,14.416364,2.006556
Colima,Reinversión de utilidades,2009,4,False,14.365276,-0.05108800000000002
Colima,Reinversión de utilidades,2010,1,False,6.35066,6.35066
Colima,Reinversión de utilidades,2010,2,False,19.975592,13.624931999999998
Colima,Reinversión de utilidades,2010,3,False,19.872263,-0.10332899999999867
Colima,Reinversión de utilidades,2010,4,False,13.767612,-6.1046510000000005
Colima,Reinversión de utilidades,2011,1,False,9.10069204,9.10069204
Colima,Reinversión de utilidades,2011,2,False,37.72878504,28.628093
Colima,Reinversión de utilidades,2011,3,False,44.27105604,6.5422709999999995
Colima,Reinversión de utilidades,2011,4,False,38.50080404,-5.770251999999999
Colima,Reinversión de utilidades,2012,1,False,11.87161708,11.87161708
Colima,Reinversión de utilidades,2012,2,False,15.07918299,3.2075659099999996
Colima,Reinversión de utilidades,2012,3,False,18.51642099,3.4372380000000007
Colima,Reinversión de utilidades,2012,4,False,26.46880499,7.952383999999999
Colima,Reinversión de utilidades,2013,1,False,12.82244368,12.82244368
Colima,Reinversión de utilidades,2013,2,False,22.80640923,9.98396555
Colima,Reinversión de utilidades,2013,3,False,46.11609523,23.309686
Colima,Reinversión de utilidades,2013,4,False,57.25935423,11.143259
Colima,Reinversión de utilidades,2014,1,False,28.72612126,28.72612126
Colima,Reinversión de utilidades,2014,2,False,47.03519402,18.30907276
Colima,Reinversión de utilidades,2014,3,False,60.26426802,13.229074000000004
Colima,Reinversión de utilidades,2014,4,False,60.74937902,0.4851109999999963
Colima,Reinversión de utilidades,2015,1,False,23.52088029,23.52088029
Colima,Reinversión de utilidades,2015,2,False,39.84225598,16.321375689999996
Colima,Reinversión de utilidades,2015,3,False,61.29063096,21.448374980000004
Colima,Reinversión de utilidades,2015,4,False,77.33304504,16.04241408
Colima,Reinversión de utilidades,2016,1,False,27.48345068,27.48345068
Colima,Reinversión de utilidades,2016,2,False,31.11654278,3.633092099999999
Colima,Reinversión de utilidades,2016,3,False,34.4198345,3.3032917200000007
Colima,Reinversión de utilidades,2016,4,False,36.92848392,2.5086494199999976
Colima,Reinversión de utilidades,2017,1,False,36.70405683,36.70405683
Colima,Reinversión de utilidades,2017,2,False,45.0885145,8.384457670000003
Colima,Reinversión de utilidades,2017,3,False,52.04757903,6.959064529999999
Colima,Reinversión de utilidades,2017,4,False,54.47539315,2.4278141200000007
Colima,Reinversión de utilidades,2018,1,False,42.85615104,42.85615104
Colima,Reinversión de utilidades,2018,2,False,55.80029572,12.94414468
Colima,Reinversión de utilidades,2018,3,False,60.93985481,5.139559089999999
Colima,Reinversión de utilidades,2018,4,False,59.60691136,-1.332943450000002
Colima,Reinversión de utilidades,2019,1,False,34.0781438,34.0781438
Colima,Reinversión de utilidades,2019,2,False,35.95731776,1.8791739600000028
Colima,Reinversión de utilidades,2019,3,False,36.90508229,0.9477645300000006
Colima,Reinversión de utilidades,2019,4,False,26.45424276,-10.450839530000003
Colima,Reinversión de utilidades,2020,1,False,21.47932626,21.47932626
Colima,Reinversión de utilidades,2020,2,False,25.30871725,3.8293909900000003
Colima,Reinversión de utilidades,2020,3,False,33.64664603,8.337928779999999
Colima,Reinversión de utilidades,2020,4,False,34.08108582,0.434439789999999
Colima,Reinversión de utilidades,2021,1,False,76.01818095,76.01818095
Colima,Reinversión de utilidades,2021,2,False,80.7782105,4.760029549999999
Colima,Reinversión de utilidades,2021,3,False,82.48021052,1.7020000199999998
Colima,Reinversión de utilidades,2021,4,False,82.4461814,-0.03402911999999958
Colima,Reinversión de utilidades,2022,1,False,43.84019947,43.84019947
Colima,Reinversión de utilidades,2022,2,False,46.44499038,2.6047909099999984
Colima,Reinversión de utilidades,2022,3,False,48.94307335,2.4980829699999987
Colima,Reinversión de utilidades,2022,4,False,50.59397531,1.6509019599999988
Colima,Reinversión de utilidades,2023,1,False,43.23091704,43.23091704
Colima,Reinversión de utilidades,2023,2,False,37.13274595,-6.098171090000001
Colima,Reinversión de utilidades,2023,3,False,40.23141954,3.098673589999997
Colima,Reinversión de utilidades,2023,4,False,37.50429442,-2.7271251199999966
Colima,Reinversión de utilidades,2024,1,False,225.94326772,225.94326772
Colima,Reinversión de utilidades,2024,2,False,232.08215612,6.138888400000013
Colima,Reinversión de utilidades,2024,3,False,228.9931844,-3.0889717200000177
Colima,Reinversión de utilidades,2024,4,False,226.20597554,-2.7872088599999927
Colima,Reinversión de utilidades,2025,1,False,38.62278766,38.62278766
Colima,Reinversión de utilidades,2025,2,False,276.07818999,237.45540233
Colima,Reinversión de utilidades,2025,3,False,264.19579643,-11.882393560000025
Colima,Reinversión de utilidades,2025,4,False,258.70046807,-5.495328359999974
Durango,Reinversión de utilidades,2006,1,False,14.877577,14.877577
Durango,Reinversión de utilidades,2006,2,False,23.475836,8.598259
Durango,Reinversión de utilidades,2006,3,False,24.508551,1.0327149999999996
Durango,Reinversión de utilidades,2006,4,False,24.239533,-0.2690179999999991
Durango,Reinversión de utilidades,2007,1,False,24.24253,24.24253
Durango,Reinversión de utilidades,2007,2,False,31.211593,6.969063000000002
Durango,Reinversión de utilidades,2007,3,False,32.04084,0.8292470000000023
Durango,Reinversión de utilidades,2007,4,False,32.323252,0.28241199999999367
Durango,Reinversión de utilidades,2008,1,False,28.531257,28.531257
Durango,Reinversión de utilidades,2008,2,False,43.307314,14.776056999999998
Durango,Reinversión de utilidades,2008,3,False,43.657355,0.3500410000000045
Durango,Reinversión de utilidades,2008,4,False,43.720306,0.0629509999999982
Durango,Reinversión de utilidades,2009,1,False,3.830293,3.830293
Durango,Reinversión de utilidades,2009,2,False,17.080415,13.250121999999998
Durango,Reinversión de utilidades,2009,3,False,21.51581,4.435395
Durango,Reinversión de utilidades,2009,4,False,21.310444,-0.20536599999999794
Durango,Reinversión de utilidades,2010,1,False,8.282264,8.282264
Durango,Reinversión de utilidades,2010,2,False,28.145156,19.862892000000002
Durango,Reinversión de utilidades,2010,3,False,29.396402,1.2512459999999983
Durango,Reinversión de utilidades,2010,4,False,61.449715,32.053313
Durango,Reinversión de utilidades,2011,1,False,29.27165686,29.27165686
Durango,Reinversión de utilidades,2011,2,False,70.33127986,41.059622999999995
Durango,Reinversión de utilidades,2011,3,False,82.42970686,12.098427000000001
Durango,Reinversión de utilidades,2011,4,False,91.11204886,8.682342000000006
Durango,Reinversión de utilidades,2012,1,False,38.05144957,38.05144957
Durango,Reinversión de utilidades,2012,2,False,48.47800569,10.42655612
Durango,Reinversión de utilidades,2012,3,False,52.65782169,4.179815999999995
Durango,Reinversión de utilidades,2012,4,False,91.54812169,38.8903
Durango,Reinversión de utilidades,2013,1,False,32.44746215,32.44746215
Durango,Reinversión de utilidades,2013,2,False,89.13460654,56.68714438999999
Durango,Reinversión de utilidades,2013,3,False,126.60000654,37.4654
Durango,Reinversión de utilidades,2013,4,False,104.00570154,-22.59430499999999
Durango,Reinversión de utilidades,2014,1,False,141.96254873,141.96254873
Durango,Reinversión de utilidades,2014,2,False,181.97213966,40.00959093
Durango,Reinversión de utilidades,2014,3,False,221.64907166,39.676931999999994
Durango,Reinversión de utilidades,2014,4,False,237.37167266,15.722600999999997
Durango,Reinversión de utilidades,2015,1,False,59.21221277,59.21221277
Durango,Reinversión de utilidades,2015,2,False,80.87254064,21.660327869999996
Durango,Reinversión de utilidades,2015,3,False,100.93908962,20.066548980000007
Durango,Reinversión de utilidades,2015,4,False,92.70772002,-8.231369600000008
Durango,Reinversión de utilidades,2016,1,False,58.32708974,58.32708974
Durango,Reinversión de utilidades,2016,2,False,65.90802796,7.58093822
Durango,Reinversión de utilidades,2016,3,False,75.36384493,9.45581697
Durango,Reinversión de utilidades,2016,4,False,89.25404505,13.890200120000003
Durango,Reinversión de utilidades,2017,1,False,68.41548969,68.41548969
Durango,Reinversión de utilidades,2017,2,False,74.14986116,5.734371469999999
Durango,Reinversión de utilidades,2017,3,False,82.29729298,8.147431819999994
Durango,Reinversión de utilidades,2017,4,False,96.79744576,14.500152780000008
Durango,Reinversión de utilidades,2018,1,False,102.69917841,102.69917841
Durango,Reinversión de utilidades,2018,2,False,123.05305555,20.353877139999994
Durango,Reinversión de utilidades,2018,3,False,122.38173296,-0.6713225900000026
Durango,Reinversión de utilidades,2018,4,False,135.71498822,13.333255260000016
Durango,Reinversión de utilidades,2019,1,False,75.18627508,75.18627508
Durango,Reinversión de utilidades,2019,2,False,128.35367297,53.16739788999999
Durango,Reinversión de utilidades,2019,3,False,142.40127313,14.047600160000002
Durango,Reinversión de utilidades,2019,4,False,133.87758823,-8.523684900000006
Durango,Reinversión de utilidades,2020,1,False,150.20396366,150.20396366
Durango,Reinversión de utilidades,2020,2,False,158.07507212,7.871108459999988
Durango,Reinversión de utilidades,2020,3,False,180.23577335,22.16070123
Durango,Reinversión de utilidades,2020,4,False,163.14589948,-17.08987386999999
Durango,Reinversión de utilidades,2021,1,False,280.15971896,280.15971896
Durango,Reinversión de utilidades,2021,2,False,304.10898006,23.9492611
Durango,Reinversión de utilidades,2021,3,False,315.64585751,11.536877449999963
Durango,Reinversión de utilidades,2021,4,False,318.15436939,2.5085118800000146
Durango,Reinversión de utilidades,2022,1,False,222.19702012,222.19702012
Durango,Reinversión de utilidades,2022,2,False,226.96051155,4.763491430000016
Durango,Reinversión de utilidades,2022,3,False,258.7194202,31.758908649999995
Durango,Reinversión de utilidades,2022,4,False,243.53952083,-15.179899370000015
Durango,Reinversión de utilidades,2023,1,False,326.33182458,326.33182458
Durango,Reinversión de utilidades,2023,2,False,322.23853936,-4.093285219999984
Durango,Reinversión de utilidades,2023,3,False,324.34966421,2.11112485000001
Durango,Reinversión de utilidades,2023,4,False,322.85201856,-1.4976456500000381
Durango,Reinversión de utilidades,2024,1,False,106.46160376,106.46160376
Durango,Reinversión de utilidades,2024,2,False,125.94939968,19.487795919999996
Durango,Reinversión de utilidades,2024,3,False,124.24338485,-1.7060148300000009
Durango,Reinversión de utilidades,2024,4,False,118.18500142,-6.058383429999992
Durango,Reinversión de utilidades,2025,1,False,3.65176389,3.65176389
Durango,Reinversión de utilidades,2025,2,False,65.4786351,61.82687121000001
Durango,Reinversión de utilidades,2025,3,False,62.92284249,-2.5557926100000046
Durango,Reinversión de utilidades,2025,4,False,58.45865507,-4.464187420000002
Estado de México,Reinversión de utilidades,2006,1,False,675.81807907,675.81807907
Estado de México,Reinversión de utilidades,2006,2,False,1049.76164007,373.94356100000016
Estado de México,Reinversión de utilidades,2006,3,False,1092.41497007,42.65332999999987
Estado de México,Reinversión de utilidades,2006,4,False,1272.25302407,179.83805400000006
Estado de México,Reinversión de utilidades,2007,1,False,422.434196,422.434196
Estado de México,Reinversión de utilidades,2007,2,False,784.180611,361.746415
Estado de México,Reinversión de utilidades,2007,3,False,811.033015,26.85240399999998
Estado de México,Reinversión de utilidades,2007,4,False,864.278216,53.245201000000066
Estado de México,Reinversión de utilidades,2008,1,False,846.33895933,846.33895933
Estado de México,Reinversión de utilidades,2008,2,False,1319.59712533,473.25816599999996
Estado de México,Reinversión de utilidades,2008,3,False,1323.56219033,3.965065000000095
Estado de México,Reinversión de utilidades,2008,4,False,1384.45799133,60.89580099999989
Estado de México,Reinversión de utilidades,2009,1,False,237.44727077,237.44727077
Estado de México,Reinversión de utilidades,2009,2,False,588.00346077,350.55618999999996
Estado de México,Reinversión de utilidades,2009,3,False,665.39114277,77.38768200000004
Estado de México,Reinversión de utilidades,2009,4,False,771.39356777,106.00242500000002
Estado de México,Reinversión de utilidades,2010,1,False,162.47395454,162.47395454
Estado de México,Reinversión de utilidades,2010,2,False,506.15553954,343.68158500000004
Estado de México,Reinversión de utilidades,2010,3,False,525.96232854,19.806789000000038
Estado de México,Reinversión de utilidades,2010,4,False,576.50833754,50.54600899999991
Estado de México,Reinversión de utilidades,2011,1,False,998.34645078,998.34645078
Estado de México,Reinversión de utilidades,2011,2,False,1590.86517665,592.5187258699999
Estado de México,Reinversión de utilidades,2011,3,False,1747.48592865,156.62075200000004
Estado de México,Reinversión de utilidades,2011,4,False,1773.51862765,26.032699000000093
Estado de México,Reinversión de utilidades,2012,1,False,776.46679346,776.46679346
Estado de México,Reinversión de utilidades,2012,2,False,1596.64602138,820.1792279200001
Estado de México,Reinversión de utilidades,2012,3,False,1616.65698738,20.010965999999826
Estado de México,Reinversión de utilidades,2012,4,False,1851.40358438,234.74659700000007
Estado de México,Reinversión de utilidades,2013,1,False,1064.47769794,1064.47769794
Estado de México,Reinversión de utilidades,2013,2,False,1544.6331931,480.1554951599999
Estado de México,Reinversión de utilidades,2013,3,False,1726.2090591,181.57586600000013
Estado de México,Reinversión de utilidades,2013,4,False,1971.6196341,245.41057499999988
Estado de México,Reinversión de utilidades,2014,1,False,1126.64660866,1126.64660866
Estado de México,Reinversión de utilidades,2014,2,False,1842.87849371,716.2318850499998
Estado de México,Reinversión de utilidades,2014,3,False,1875.81578371,32.937290000000075
Estado de México,Reinversión de utilidades,2014,4,False,1950.22072863,74.40494491999993
Estado de México,Reinversión de utilidades,2015,1,False,970.8622452,970.8622452
Estado de México,Reinversión de utilidades,2015,2,False,1429.70032174,458.83807654
Estado de México,Reinversión de utilidades,2015,3,False,1536.42561931,106.72529757000007
Estado de México,Reinversión de utilidades,2015,4,False,1523.56977942,-12.85583988999997
Estado de México,Reinversión de utilidades,2016,1,False,898.35672319,898.35672319
Estado de México,Reinversión de utilidades,2016,2,False,1093.65338899,195.29666579999991
Estado de México,Reinversión de utilidades,2016,3,False,1146.04033244,52.38694344999999
Estado de México,Reinversión de utilidades,2016,4,False,929.84008189,-216.20025054999996
Estado de México,Reinversión de utilidades,2017,1,False,1104.15186428,1104.15186428
Estado de México,Reinversión de utilidades,2017,2,False,1190.13852462,85.98666034000007
Estado de México,Reinversión de utilidades,2017,3,False,1233.02562527,42.88710065000009
Estado de México,Reinversión de utilidades,2017,4,False,1186.86250155,-46.16312372000016
Estado de México,Reinversión de utilidades,2018,1,False,1209.77596116,1209.77596116
Estado de México,Reinversión de utilidades,2018,2,False,1254.18910763,44.41314647000013
Estado de México,Reinversión de utilidades,2018,3,False,1253.26963087,-0.9194767600001796
Estado de México,Reinversión de utilidades,2018,4,False,1335.23282348,81.96319261000008
Estado de México,Reinversión de utilidades,2019,1,False,1637.08146953,1637.08146953
Estado de México,Reinversión de utilidades,2019,2,False,1742.7938159,105.71234636999998
Estado de México,Reinversión de utilidades,2019,3,False,1777.82830887,35.034492969999974
Estado de México,Reinversión de utilidades,2019,4,False,1929.53749476,151.70918589000007
Estado de México,Reinversión de utilidades,2020,1,False,1737.34137698,1737.34137698
Estado de México,Reinversión de utilidades,2020,2,False,1783.75509529,46.41371831000015
Estado de México,Reinversión de utilidades,2020,3,False,1856.72372481,72.96862951999992
Estado de México,Reinversión de utilidades,2020,4,False,1785.25594278,-71.46778203000008
Estado de México,Reinversión de utilidades,2021,1,False,1180.04780437,1180.04780437
Estado de México,Reinversión de utilidades,2021,2,False,1158.0411606,-22.006643769999982
Estado de México,Reinversión de utilidades,2021,3,False,1168.54693508,10.5057744799999
Estado de México,Reinversión de utilidades,2021,4,False,849.24669656,-319.3002385199999
Estado de México,Reinversión de utilidades,2022,1,False,1126.29125575,1126.29125575
Estado de México,Reinversión de utilidades,2022,2,False,1184.43308631,58.14183056000002
Estado de México,Reinversión de utilidades,2022,3,False,1243.1205964,58.68751009000016
Estado de México,Reinversión de utilidades,2022,4,False,1276.69658092,33.57598452000002
Estado de México,Reinversión de utilidades,2023,1,False,1270.77109821,1270.77109821
Estado de México,Reinversión de utilidades,2023,2,False,1295.62558809,24.854489880000074
Estado de México,Reinversión de utilidades,2023,3,False,1542.31348023,246.68789214000003
Estado de México,Reinversión de utilidades,2023,4,False,1603.9683085,61.654828269999825
Estado de México,Reinversión de utilidades,2024,1,False,1263.57765142,1263.57765142
Estado de México,Reinversión de utilidades,2024,2,False,1409.62783143,146.05018001000008
Estado de México,Reinversión de utilidades,2024,3,False,1289.28284003,-120.34499140000003
Estado de México,Reinversión de utilidades,2024,4,False,1161.49654273,-127.78629729999989
Estado de México,Reinversión de utilidades,2025,1,False,1589.37661736,1589.37661736
Estado de México,Reinversión de utilidades,2025,2,False,2169.76229587,580.3856785099999
Estado de México,Reinversión de utilidades,2025,3,False,2139.52964671,-30.23264915999971
Estado de México,Reinversión de utilidades,2025,4,False,1896.08109178,-243.44855493000023
Guanajuato,Reinversión de utilidades,2006,1,False,248.402276,248.402276
Guanajuato,Reinversión de utilidades,2006,2,False,391.162911,142.760635
Guanajuato,Reinversión de utilidades,2006,3,False,404.80021,13.637298999999985
Guanajuato,Reinversión de utilidades,2006,4,False,490.453643,85.653433
Guanajuato,Reinversión de utilidades,2007,1,False,203.134719,203.134719
Guanajuato,Reinversión de utilidades,2007,2,False,344.575612,141.440893
Guanajuato,Reinversión de utilidades,2007,3,False,415.839145,71.263533
Guanajuato,Reinversión de utilidades,2007,4,False,441.330714,25.491569000000027
Guanajuato,Reinversión de utilidades,2008,1,False,198.78812,198.78812
Guanajuato,Reinversión de utilidades,2008,2,False,348.260404,149.472284
Guanajuato,Reinversión de utilidades,2008,3,False,348.834825,0.5744210000000294
Guanajuato,Reinversión de utilidades,2008,4,False,320.527642,-28.30718300000001
Guanajuato,Reinversión de utilidades,2009,1,False,81.251216,81.251216
Guanajuato,Reinversión de utilidades,2009,2,False,195.670274,114.419058
Guanajuato,Reinversión de utilidades,2009,3,False,231.114997,35.44472299999998
Guanajuato,Reinversión de utilidades,2009,4,False,223.399078,-7.715918999999985
Guanajuato,Reinversión de utilidades,2010,1,False,17.458018,17.458018
Guanajuato,Reinversión de utilidades,2010,2,False,96.767033,79.309015
Guanajuato,Reinversión de utilidades,2010,3,False,82.723809,-14.043223999999995
Guanajuato,Reinversión de utilidades,2010,4,False,93.393675,10.669865999999999
Guanajuato,Reinversión de utilidades,2011,1,False,508.4920048,508.4920048
Guanajuato,Reinversión de utilidades,2011,2,False,658.9959678,150.503963
Guanajuato,Reinversión de utilidades,2011,3,False,674.9892788,15.993310999999949
Guanajuato,Reinversión de utilidades,2011,4,False,636.1109058,-38.87837300000001
Guanajuato,Reinversión de utilidades,2012,1,False,112.60526211,112.60526211
Guanajuato,Reinversión de utilidades,2012,2,False,268.59001904,155.98475693
Guanajuato,Reinversión de utilidades,2012,3,False,258.20185004,-10.388169000000005
Guanajuato,Reinversión de utilidades,2012,4,False,286.13041904,27.92856899999998
Guanajuato,Reinversión de utilidades,2013,1,False,232.3186402,232.3186402
Guanajuato,Reinversión de utilidades,2013,2,False,383.51694513,151.19830493
Guanajuato,Reinversión de utilidades,2013,3,False,394.69559813,11.178652999999997
Guanajuato,Reinversión de utilidades,2013,4,False,452.11470213,57.419104000000004
Guanajuato,Reinversión de utilidades,2014,1,False,254.54559199,254.54559199
Guanajuato,Reinversión de utilidades,2014,2,False,568.9975051,314.45191311
Guanajuato,Reinversión de utilidades,2014,3,False,598.7587091,29.76120400000002
Guanajuato,Reinversión de utilidades,2014,4,False,598.1515311,-0.6071779999999762
Guanajuato,Reinversión de utilidades,2015,1,False,444.74668037,444.74668037
Guanajuato,Reinversión de utilidades,2015,2,False,528.60932015,83.86263978000005
Guanajuato,Reinversión de utilidades,2015,3,False,550.84787739,22.238557239999977
Guanajuato,Reinversión de utilidades,2015,4,False,598.1023005,47.25442310999995
Guanajuato,Reinversión de utilidades,2016,1,False,397.49512294,397.49512294
Guanajuato,Reinversión de utilidades,2016,2,False,466.54945783,69.05433489
Guanajuato,Reinversión de utilidades,2016,3,False,520.3971682,53.847710370000016
Guanajuato,Reinversión de utilidades,2016,4,False,524.04349428,3.6463260799999944
Guanajuato,Reinversión de utilidades,2017,1,False,489.43257298,489.43257298
Guanajuato,Reinversión de utilidades,2017,2,False,510.09831575,20.66574277000001
Guanajuato,Reinversión de utilidades,2017,3,False,489.62561419,-20.47270155999996
Guanajuato,Reinversión de utilidades,2017,4,False,459.38828916,-30.237325030000022
Guanajuato,Reinversión de utilidades,2018,1,False,496.8867899,496.8867899
Guanajuato,Reinversión de utilidades,2018,2,False,525.11675841,28.229968509999992
Guanajuato,Reinversión de utilidades,2018,3,False,614.96191508,89.84515667000005
Guanajuato,Reinversión de utilidades,2018,4,False,648.50743083,33.545515749999936
Guanajuato,Reinversión de utilidades,2019,1,False,594.10265602,594.10265602
Guanajuato,Reinversión de utilidades,2019,2,False,730.99209509,136.88943906999998
Guanajuato,Reinversión de utilidades,2019,3,False,777.82947273,46.83737764
Guanajuato,Reinversión de utilidades,2019,4,False,854.85911478,77.02964205
Guanajuato,Reinversión de utilidades,2020,1,False,681.92563426,681.92563426
Guanajuato,Reinversión de utilidades,2020,2,False,682.88126785,0.955633589999934
Guanajuato,Reinversión de utilidades,2020,3,False,700.32263955,17.44137169999999
Guanajuato,Reinversión de utilidades,2020,4,False,685.15613082,-15.166508729999919
Guanajuato,Reinversión de utilidades,2021,1,False,479.52810586,479.52810586
Guanajuato,Reinversión de utilidades,2021,2,False,473.1200201,-6.408085760000006
Guanajuato,Reinversión de utilidades,2021,3,False,479.65342491,6.533404810000036
Guanajuato,Reinversión de utilidades,2021,4,False,477.99946513,-1.6539597800000365
Guanajuato,Reinversión de utilidades,2022,1,False,622.60679391,622.60679391
Guanajuato,Reinversión de utilidades,2022,2,False,679.26709047,56.660296560000006
Guanajuato,Reinversión de utilidades,2022,3,False,704.0496909,24.782600430000002
Guanajuato,Reinversión de utilidades,2022,4,False,687.93996394,-16.10972695999999
Guanajuato,Reinversión de utilidades,2023,1,False,645.02907597,645.02907597
Guanajuato,Reinversión de utilidades,2023,2,False,673.89181413,28.862738159999935
Guanajuato,Reinversión de utilidades,2023,3,False,720.66545655,46.7736424200001
Guanajuato,Reinversión de utilidades,2023,4,False,727.29937551,6.63391895999996
Guanajuato,Reinversión de utilidades,2024,1,False,910.04332963,910.04332963
Guanajuato,Reinversión de utilidades,2024,2,False,726.25766783,-183.78566180000007
Guanajuato,Reinversión de utilidades,2024,3,False,738.08570749,11.828039660000059
Guanajuato,Reinversión de utilidades,2024,4,False,673.90906602,-64.17664147000005
Guanajuato,Reinversión de utilidades,2025,1,False,322.72309861,322.72309861
Guanajuato,Reinversión de utilidades,2025,2,False,565.20284394,242.47974532999996
Guanajuato,Reinversión de utilidades,2025,3,False,813.46398617,248.26114223000002
Guanajuato,Reinversión de utilidades,2025,4,False,790.85598688,-22.607999289999952
Guerrero,Reinversión de utilidades,2006,1,False,22.28893997,22.28893997
Guerrero,Reinversión de utilidades,2006,2,False,52.33730297,30.048363000000002
Guerrero,Reinversión de utilidades,2006,3,False,53.04998597,0.7126829999999984
Guerrero,Reinversión de utilidades,2006,4,False,53.58819497,0.5382090000000019
Guerrero,Reinversión de utilidades,2007,1,False,54.675794,54.675794
Guerrero,Reinversión de utilidades,2007,2,False,85.616891,30.941096999999992
Guerrero,Reinversión de utilidades,2007,3,False,85.848889,0.23199800000000437
Guerrero,Reinversión de utilidades,2007,4,False,86.977719,1.1288299999999936
Guerrero,Reinversión de utilidades,2008,1,False,42.73947591,42.73947591
Guerrero,Reinversión de utilidades,2008,2,False,86.89669991,44.15722399999999
Guerrero,Reinversión de utilidades,2008,3,False,86.64448791,-0.2522120000000001
Guerrero,Reinversión de utilidades,2008,4,False,88.53088691,1.8863990000000115
Guerrero,Reinversión de utilidades,2009,1,False,-4.96965958,-4.96965958
Guerrero,Reinversión de utilidades,2009,2,False,47.61371942,52.583379
Guerrero,Reinversión de utilidades,2009,3,False,52.88570042,5.271980999999997
Guerrero,Reinversión de utilidades,2009,4,False,53.65329942,0.7675990000000041
Guerrero,Reinversión de utilidades,2010,1,False,26.87039228,26.87039228
Guerrero,Reinversión de utilidades,2010,2,False,68.43952128,41.56912899999999
Guerrero,Reinversión de utilidades,2010,3,False,68.16769128,-0.27182999999999424
Guerrero,Reinversión de utilidades,2010,4,False,81.18795228,13.020261000000005
Guerrero,Reinversión de utilidades,2011,1,False,35.63651985,35.63651985
Guerrero,Reinversión de utilidades,2011,2,False,101.58377685,65.94725700000001
Guerrero,Reinversión de utilidades,2011,3,False,110.72403785,9.140260999999995
Guerrero,Reinversión de utilidades,2011,4,False,97.90773085,-12.816307000000009
Guerrero,Reinversión de utilidades,2012,1,False,52.85752076,52.85752076
Guerrero,Reinversión de utilidades,2012,2,False,58.87088774,6.013366980000001
Guerrero,Reinversión de utilidades,2012,3,False,59.29706174,0.42617399999999606
Guerrero,Reinversión de utilidades,2012,4,False,79.81975874,20.522697
Guerrero,Reinversión de utilidades,2013,1,False,71.51123627,71.51123627
Guerrero,Reinversión de utilidades,2013,2,False,101.47037091,29.959134640000002
Guerrero,Reinversión de utilidades,2013,3,False,98.79191091,-2.678460000000001
Guerrero,Reinversión de utilidades,2013,4,False,300.30243391,201.51052299999998
Guerrero,Reinversión de utilidades,2014,1,False,73.25827121,73.25827121
Guerrero,Reinversión de utilidades,2014,2,False,156.89042764,83.63215643000001
Guerrero,Reinversión de utilidades,2014,3,False,285.74594764,128.85551999999998
Guerrero,Reinversión de utilidades,2014,4,False,285.35339364,-0.3925540000000183
Guerrero,Reinversión de utilidades,2015,1,False,35.6597198,35.6597198
Guerrero,Reinversión de utilidades,2015,2,False,84.63113811,48.97141831
Guerrero,Reinversión de utilidades,2015,3,False,90.80706511,6.1759270000000015
Guerrero,Reinversión de utilidades,2015,4,False,94.99951291,4.192447800000011
Guerrero,Reinversión de utilidades,2016,1,False,55.98580282,55.98580282
Guerrero,Reinversión de utilidades,2016,2,False,65.78966525,9.803862429999995
Guerrero,Reinversión de utilidades,2016,3,False,66.00682321,0.21715795999999443
Guerrero,Reinversión de utilidades,2016,4,False,70.76676339,4.759940180000001
Guerrero,Reinversión de utilidades,2017,1,False,67.03300548,67.03300548
Guerrero,Reinversión de utilidades,2017,2,False,89.41260725,22.379601769999994
Guerrero,Reinversión de utilidades,2017,3,False,97.06669525,7.654088000000002
Guerrero,Reinversión de utilidades,2017,4,False,120.6205598,23.55386455
Guerrero,Reinversión de utilidades,2018,1,False,55.50390786,55.50390786
Guerrero,Reinversión de utilidades,2018,2,False,70.6816845,15.177776640000005
Guerrero,Reinversión de utilidades,2018,3,False,80.45013784,9.768453339999994
Guerrero,Reinversión de utilidades,2018,4,False,89.00141072,8.551272879999999
Guerrero,Reinversión de utilidades,2019,1,False,174.16282619,174.16282619
Guerrero,Reinversión de utilidades,2019,2,False,174.27896525,0.11613905999999474
Guerrero,Reinversión de utilidades,2019,3,False,180.03956814,5.760602890000001
Guerrero,Reinversión de utilidades,2019,4,False,200.73564075,20.696072609999987
Guerrero,Reinversión de utilidades,2020,1,False,210.92576912,210.92576912
Guerrero,Reinversión de utilidades,2020,2,False,211.11280605,0.18703692999997656
Guerrero,Reinversión de utilidades,2020,3,False,218.63137533,7.518569280000008
Guerrero,Reinversión de utilidades,2020,4,False,217.70309804,-0.9282772900000111
Guerrero,Reinversión de utilidades,2021,1,False,74.43844723,74.43844723
Guerrero,Reinversión de utilidades,2021,2,False,201.4942741,127.05582687000002
Guerrero,Reinversión de utilidades,2021,3,False,268.03711471,66.54284061000001
Guerrero,Reinversión de utilidades,2021,4,False,339.05112238,71.01400766999996
Guerrero,Reinversión de utilidades,2022,1,False,83.32077374,83.32077374
Guerrero,Reinversión de utilidades,2022,2,False,123.97449123,40.65371748999999
Guerrero,Reinversión de utilidades,2022,3,False,163.56751617,39.59302494000001
Guerrero,Reinversión de utilidades,2022,4,False,202.2808958,38.71337962999999
Guerrero,Reinversión de utilidades,2023,1,False,43.55537738,43.55537738
Guerrero,Reinversión de utilidades,2023,2,False,34.50576635,-9.049611030000001
Guerrero,Reinversión de utilidades,2023,3,False,46.94206413,12.436297779999997
Guerrero,Reinversión de utilidades,2023,4,False,44.05523661,-2.886827519999997
Guerrero,Reinversión de utilidades,2024,1,False,9.2351812,9.2351812
Guerrero,Reinversión de utilidades,2024,2,False,19.39398394,10.158802739999999
Guerrero,Reinversión de utilidades,2024,3,False,15.83806347,-3.5559204699999984
Guerrero,Reinversión de utilidades,2024,4,False,6.76596783,-9.07209564
Guerrero,Reinversión de utilidades,2025,1,False,0.25520839,0.25520839
Guerrero,Reinversión de utilidades,2025,2,False,3.2391091,2.98390071
Guerrero,Reinversión de utilidades,2025,3,False,0.90970329,-2.32940581
Guerrero,Reinversión de utilidades,2025,4,False,-7.28305621,-8.1927595
Hidalgo,Reinversión de utilidades,2006,1,False,107.169535,107.169535
Hidalgo,Reinversión de utilidades,2006,2,False,136.542313,29.37277800000001
Hidalgo,Reinversión de utilidades,2006,3,False,142.686093,6.1437799999999925
Hidalgo,Reinversión de utilidades,2006,4,False,167.758948,25.072855000000004
Hidalgo,Reinversión de utilidades,2007,1,False,34.265433,34.265433
Hidalgo,Reinversión de utilidades,2007,2,False,52.641521,18.376087999999996
Hidalgo,Reinversión de utilidades,2007,3,False,53.513123,0.8716020000000029
Hidalgo,Reinversión de utilidades,2007,4,False,54.64361,1.1304870000000022
Hidalgo,Reinversión de utilidades,2008,1,False,64.211691,64.211691
Hidalgo,Reinversión de utilidades,2008,2,False,93.247525,29.035833999999994
Hidalgo,Reinversión de utilidades,2008,3,False,93.088572,-0.1589529999999968
Hidalgo,Reinversión de utilidades,2008,4,False,94.683909,1.5953370000000007
Hidalgo,Reinversión de utilidades,2009,1,False,20.232515,20.232515
Hidalgo,Reinversión de utilidades,2009,2,False,52.523669,32.291154
Hidalgo,Reinversión de utilidades,2009,3,False,64.415838,11.892168999999996
Hidalgo,Reinversión de utilidades,2009,4,False,62.455929,-1.9599089999999961
Hidalgo,Reinversión de utilidades,2010,1,False,17.565608,17.565608
Hidalgo,Reinversión de utilidades,2010,2,False,48.979417,31.413808999999997
Hidalgo,Reinversión de utilidades,2010,3,False,48.76623,-0.2131869999999978
Hidalgo,Reinversión de utilidades,2010,4,False,50.968628,2.2023980000000023
Hidalgo,Reinversión de utilidades,2011,1,False,108.9120983,108.9120983
Hidalgo,Reinversión de utilidades,2011,2,False,157.6364963,48.72439800000001
Hidalgo,Reinversión de utilidades,2011,3,False,163.6818953,6.045399000000003
Hidalgo,Reinversión de utilidades,2011,4,False,157.7342183,-5.947676999999999
Hidalgo,Reinversión de utilidades,2012,1,False,41.27378511,41.27378511
Hidalgo,Reinversión de utilidades,2012,2,False,63.89745778,22.623672670000005
Hidalgo,Reinversión de utilidades,2012,3,False,66.65690678,2.7594489999999965
Hidalgo,Reinversión de utilidades,2012,4,False,92.72431678,26.067409999999995
Hidalgo,Reinversión de utilidades,2013,1,False,57.16839424,57.16839424
Hidalgo,Reinversión de utilidades,2013,2,False,98.7782716,41.60987736
Hidalgo,Reinversión de utilidades,2013,3,False,97.6717956,-1.1064760000000007
Hidalgo,Reinversión de utilidades,2013,4,False,132.5376736,34.86587800000001
Hidalgo,Reinversión de utilidades,2014,1,False,88.78858691,88.78858691
Hidalgo,Reinversión de utilidades,2014,2,False,161.16002936,72.37144245
Hidalgo,Reinversión de utilidades,2014,3,False,162.77048936,1.6104599999999891
Hidalgo,Reinversión de utilidades,2014,4,False,164.04805329,1.2775639300000137
Hidalgo,Reinversión de utilidades,2015,1,False,95.12172907,95.12172907
Hidalgo,Reinversión de utilidades,2015,2,False,149.92864822,54.80691915000001
Hidalgo,Reinversión de utilidades,2015,3,False,161.35563763,11.426989409999976
Hidalgo,Reinversión de utilidades,2015,4,False,186.90730699,25.551669360000005
Hidalgo,Reinversión de utilidades,2016,1,False,113.93709295,113.93709295
Hidalgo,Reinversión de utilidades,2016,2,False,128.86635411,14.92926116000001
Hidalgo,Reinversión de utilidades,2016,3,False,151.57198695,22.705632839999993
Hidalgo,Reinversión de utilidades,2016,4,False,157.02519106,5.4532041100000015
Hidalgo,Reinversión de utilidades,2017,1,False,101.80801071,101.80801071
Hidalgo,Reinversión de utilidades,2017,2,False,136.3921369,34.58412618999999
Hidalgo,Reinversión de utilidades,2017,3,False,151.0083325,14.616195599999998
Hidalgo,Reinversión de utilidades,2017,4,False,177.03046671,26.02213421000002
Hidalgo,Reinversión de utilidades,2018,1,False,118.616867,118.616867
Hidalgo,Reinversión de utilidades,2018,2,False,85.30915664,-33.30771036
Hidalgo,Reinversión de utilidades,2018,3,False,63.22459735,-22.084559289999994
Hidalgo,Reinversión de utilidades,2018,4,False,41.43524266,-21.789354690000003
Hidalgo,Reinversión de utilidades,2019,1,False,103.50592453,103.50592453
Hidalgo,Reinversión de utilidades,2019,2,False,122.79637902,19.290454490000002
Hidalgo,Reinversión de utilidades,2019,3,False,135.56149422,12.765115199999983
Hidalgo,Reinversión de utilidades,2019,4,False,150.63256581,15.071071590000003
Hidalgo,Reinversión de utilidades,2020,1,False,117.821393,117.821393
Hidalgo,Reinversión de utilidades,2020,2,False,128.92424986,11.102856860000003
Hidalgo,Reinversión de utilidades,2020,3,False,145.93659536,17.01234550000001
Hidalgo,Reinversión de utilidades,2020,4,False,154.85505841,8.918463049999986
Hidalgo,Reinversión de utilidades,2021,1,False,115.45489762,115.45489762
Hidalgo,Reinversión de utilidades,2021,2,False,120.04596621,4.591068590000006
Hidalgo,Reinversión de utilidades,2021,3,False,125.22468446,5.178718250000003
Hidalgo,Reinversión de utilidades,2021,4,False,120.13676088,-5.087923580000009
Hidalgo,Reinversión de utilidades,2022,1,False,117.48416609,117.48416609
Hidalgo,Reinversión de utilidades,2022,2,False,172.22917606,54.745009969999984
Hidalgo,Reinversión de utilidades,2022,3,False,223.12323379,50.894057730000014
Hidalgo,Reinversión de utilidades,2022,4,False,222.27865033,-0.8445834599999955
Hidalgo,Reinversión de utilidades,2023,1,False,160.9686519,160.9686519
Hidalgo,Reinversión de utilidades,2023,2,False,165.85974099,4.891089090000008
Hidalgo,Reinversión de utilidades,2023,3,False,181.41184277,15.552101779999987
Hidalgo,Reinversión de utilidades,2023,4,False,180.34259613,-1.0692466399999887
Hidalgo,Reinversión de utilidades,2024,1,False,186.25527081,186.25527081
Hidalgo,Reinversión de utilidades,2024,2,False,191.00602405,4.7507532399999945
Hidalgo,Reinversión de utilidades,2024,3,False,184.68114782,-6.324876230000001
Hidalgo,Reinversión de utilidades,2024,4,False,167.94978261,-16.731365210000007
Hidalgo,Reinversión de utilidades,2025,1,False,101.01457345,101.01457345
Hidalgo,Reinversión de utilidades,2025,2,False,113.82193516,12.807361709999995
Hidalgo,Reinversión de utilidades,2025,3,False,123.37718152,9.555246359999998
Hidalgo,Reinversión de utilidades,2025,4,False,105.12960717,-18.247574349999994
Jalisco,Reinversión de utilidades,2006,1,False,116.49767488,116.49767488
Jalisco,Reinversión de utilidades,2006,2,False,344.41761488,227.91993999999997
Jalisco,Reinversión de utilidades,2006,3,False,348.08843788,3.6708230000000412
Jalisco,Reinversión de utilidades,2006,4,False,350.18612688,2.0976890000000026
Jalisco,Reinversión de utilidades,2007,1,False,178.872972,178.872972
Jalisco,Reinversión de utilidades,2007,2,False,397.123057,218.250085
Jalisco,Reinversión de utilidades,2007,3,False,425.843539,28.720482000000004
Jalisco,Reinversión de utilidades,2007,4,False,429.815171,3.9716319999999996
Jalisco,Reinversión de utilidades,2008,1,False,219.30374906,219.30374906
Jalisco,Reinversión de utilidades,2008,2,False,474.07813006,254.77438099999998
Jalisco,Reinversión de utilidades,2008,3,False,506.80863706,32.730507000000046
Jalisco,Reinversión de utilidades,2008,4,False,511.91072706,5.102089999999976
Jalisco,Reinversión de utilidades,2009,1,False,82.31626267,82.31626267
Jalisco,Reinversión de utilidades,2009,2,False,243.59191667,161.27565399999997
Jalisco,Reinversión de utilidades,2009,3,False,318.74539667,75.15348
Jalisco,Reinversión de utilidades,2009,4,False,312.69498667,-6.050409999999999
Jalisco,Reinversión de utilidades,2010,1,False,-39.96320882,-39.96320882
Jalisco,Reinversión de utilidades,2010,2,False,76.45179618,116.41500500000001
Jalisco,Reinversión de utilidades,2010,3,False,81.73176318,5.279966999999999
Jalisco,Reinversión de utilidades,2010,4,False,67.02498318,-14.706779999999995
Jalisco,Reinversión de utilidades,2011,1,False,76.28950771,76.28950771
Jalisco,Reinversión de utilidades,2011,2,False,330.05457254,253.76506482999997
Jalisco,Reinversión de utilidades,2011,3,False,373.08027754,43.025705000000016
Jalisco,Reinversión de utilidades,2011,4,False,328.43367854,-44.64659899999998
Jalisco,Reinversión de utilidades,2012,1,False,206.38269001,206.38269001
Jalisco,Reinversión de utilidades,2012,2,False,202.32680568,-4.055884329999998
Jalisco,Reinversión de utilidades,2012,3,False,141.97780486,-60.349000820000015
Jalisco,Reinversión de utilidades,2012,4,False,236.33297786,94.35517300000001
Jalisco,Reinversión de utilidades,2013,1,False,189.89658906,189.89658906
Jalisco,Reinversión de utilidades,2013,2,False,437.281627,247.38503794000002
Jalisco,Reinversión de utilidades,2013,3,False,436.908881,-0.37274600000000646
Jalisco,Reinversión de utilidades,2013,4,False,545.650812,108.74193099999997
Jalisco,Reinversión de utilidades,2014,1,False,400.30966015,400.30966015
Jalisco,Reinversión de utilidades,2014,2,False,736.25972875,335.9500686
Jalisco,Reinversión de utilidades,2014,3,False,789.53756059,53.277831839999976
Jalisco,Reinversión de utilidades,2014,4,False,798.52019482,8.98263423000003
Jalisco,Reinversión de utilidades,2015,1,False,365.10393331,365.10393331
Jalisco,Reinversión de utilidades,2015,2,False,507.0650912,141.96115788999998
Jalisco,Reinversión de utilidades,2015,3,False,628.23391335,121.16882214999998
Jalisco,Reinversión de utilidades,2015,4,False,671.43937966,43.20546631000002
Jalisco,Reinversión de utilidades,2016,1,False,379.39267085,379.39267085
Jalisco,Reinversión de utilidades,2016,2,False,511.83071677,132.43804591999998
Jalisco,Reinversión de utilidades,2016,3,False,623.8935035,112.06278672999997
Jalisco,Reinversión de utilidades,2016,4,False,604.08598757,-19.80751592999991
Jalisco,Reinversión de utilidades,2017,1,False,565.03648158,565.03648158
Jalisco,Reinversión de utilidades,2017,2,False,631.58359137,66.54710979000004
Jalisco,Reinversión de utilidades,2017,3,False,604.64282755,-26.94076382000003
Jalisco,Reinversión de utilidades,2017,4,False,667.10247317,62.45964562000006
Jalisco,Reinversión de utilidades,2018,1,False,567.36551196,567.36551196
Jalisco,Reinversión de utilidades,2018,2,False,537.72024724,-29.64526472
Jalisco,Reinversión de utilidades,2018,3,False,581.43330786,43.713060619999965
Jalisco,Reinversión de utilidades,2018,4,False,604.4562453,23.022937439999964
Jalisco,Reinversión de utilidades,2019,1,False,778.47036792,778.47036792
Jalisco,Reinversión de utilidades,2019,2,False,1030.618421,252.14805307999995
Jalisco,Reinversión de utilidades,2019,3,False,1059.42417207,28.805751070000042
Jalisco,Reinversión de utilidades,2019,4,False,1109.35813432,49.93396225000015
Jalisco,Reinversión de utilidades,2020,1,False,1133.63303633,1133.63303633
Jalisco,Reinversión de utilidades,2020,2,False,1154.49086759,20.85783126000001
Jalisco,Reinversión de utilidades,2020,3,False,1180.1119434,25.621075809999866
Jalisco,Reinversión de utilidades,2020,4,False,1169.21264969,-10.899293709999938
Jalisco,Reinversión de utilidades,2021,1,False,798.11427275,798.11427275
Jalisco,Reinversión de utilidades,2021,2,False,821.02654679,22.912274039999943
Jalisco,Reinversión de utilidades,2021,3,False,816.6107519,-4.415794890000029
Jalisco,Reinversión de utilidades,2021,4,False,703.09918721,-113.51156469
Jalisco,Reinversión de utilidades,2022,1,False,1013.87642987,1013.87642987
Jalisco,Reinversión de utilidades,2022,2,False,1093.85708516,79.98065528999996
Jalisco,Reinversión de utilidades,2022,3,False,1103.1671296,9.310044439999956
Jalisco,Reinversión de utilidades,2022,4,False,1025.73399498,-77.43313461999992
Jalisco,Reinversión de utilidades,2023,1,False,1007.45539137,1007.45539137
Jalisco,Reinversión de utilidades,2023,2,False,1009.15364594,1.6982545700000173
Jalisco,Reinversión de utilidades,2023,3,False,1106.83889677,97.68525082999997
Jalisco,Reinversión de utilidades,2023,4,False,1152.95985179,46.12095501999988
Jalisco,Reinversión de utilidades,2024,1,False,699.99006435,699.99006435
Jalisco,Reinversión de utilidades,2024,2,False,715.77044327,15.780378919999976
Jalisco,Reinversión de utilidades,2024,3,False,665.12859906,-50.64184420999993
Jalisco,Reinversión de utilidades,2024,4,False,587.18030685,-77.94829221000009
Jalisco,Reinversión de utilidades,2025,1,False,546.59601889,546.59601889
Jalisco,Reinversión de utilidades,2025,2,False,763.84166409,217.2456452
Jalisco,Reinversión de utilidades,2025,3,False,860.7814998,96.93983571000001
Jalisco,Reinversión de utilidades,2025,4,False,849.692094,-11.089405800000009
Michoacán,Reinversión de utilidades,2006,1,False,35.170211,35.170211
Michoacán,Reinversión de utilidades,2006,2,False,72.38328,37.213069
Michoacán,Reinversión de utilidades,2006,3,False,76.570859,4.1875789999999995
Michoacán,Reinversión de utilidades,2006,4,False,78.319292,1.7484330000000057
Michoacán,Reinversión de utilidades,2007,1,False,61.611715,61.611715
Michoacán,Reinversión de utilidades,2007,2,False,96.031836,34.420121
Michoacán,Reinversión de utilidades,2007,3,False,97.407259,1.3754229999999978
Michoacán,Reinversión de utilidades,2007,4,False,100.997216,3.5899569999999983
Michoacán,Reinversión de utilidades,2008,1,False,64.04713,64.04713
Michoacán,Reinversión de utilidades,2008,2,False,114.385254,50.33812400000001
Michoacán,Reinversión de utilidades,2008,3,False,112.85619,-1.5290640000000053
Michoacán,Reinversión de utilidades,2008,4,False,114.969185,2.112994999999998
Michoacán,Reinversión de utilidades,2009,1,False,6.12543,6.12543
Michoacán,Reinversión de utilidades,2009,2,False,59.43647,53.31104
Michoacán,Reinversión de utilidades,2009,3,False,77.227331,17.790861000000007
Michoacán,Reinversión de utilidades,2009,4,False,79.003777,1.7764459999999929
Michoacán,Reinversión de utilidades,2010,1,False,15.855086,15.855086
Michoacán,Reinversión de utilidades,2010,2,False,68.629536,52.77445
Michoacán,Reinversión de utilidades,2010,3,False,68.243777,-0.3857590000000073
Michoacán,Reinversión de utilidades,2010,4,False,73.886537,5.64276000000001
Michoacán,Reinversión de utilidades,2011,1,False,22.95993858,22.95993858
Michoacán,Reinversión de utilidades,2011,2,False,126.47300028,103.5130617
Michoacán,Reinversión de utilidades,2011,3,False,139.01187728,12.538877
Michoacán,Reinversión de utilidades,2011,4,False,115.61348128,-23.39839599999999
Michoacán,Reinversión de utilidades,2012,1,False,40.45736603,40.45736603
Michoacán,Reinversión de utilidades,2012,2,False,50.15751634,9.700150309999998
Michoacán,Reinversión de utilidades,2012,3,False,50.19655434,0.03903799999999791
Michoacán,Reinversión de utilidades,2012,4,False,73.26842534,23.071870999999994
Michoacán,Reinversión de utilidades,2013,1,False,61.72049226,61.72049226
Michoacán,Reinversión de utilidades,2013,2,False,97.52090625,35.800413989999996
Michoacán,Reinversión de utilidades,2013,3,False,94.14683325,-3.3740729999999957
Michoacán,Reinversión de utilidades,2013,4,False,1418.63685125,1324.490018
Michoacán,Reinversión de utilidades,2014,1,False,113.06064453,113.06064453
Michoacán,Reinversión de utilidades,2014,2,False,203.65736119,90.59671665999998
Michoacán,Reinversión de utilidades,2014,3,False,202.34780619,-1.309554999999989
Michoacán,Reinversión de utilidades,2014,4,False,201.09258719,-1.255219000000011
Michoacán,Reinversión de utilidades,2015,1,False,73.55722191,73.55722191
Michoacán,Reinversión de utilidades,2015,2,False,105.87688323,32.31966132000001
Michoacán,Reinversión de utilidades,2015,3,False,114.75280523,8.875922000000003
Michoacán,Reinversión de utilidades,2015,4,False,124.28273925,9.529934019999999
Michoacán,Reinversión de utilidades,2016,1,False,100.94949503,100.94949503
Michoacán,Reinversión de utilidades,2016,2,False,116.4080567,15.458561670000009
Michoacán,Reinversión de utilidades,2016,3,False,120.88558538,4.477528679999992
Michoacán,Reinversión de utilidades,2016,4,False,120.3383084,-0.5472769799999924
Michoacán,Reinversión de utilidades,2017,1,False,116.90701377,116.90701377
Michoacán,Reinversión de utilidades,2017,2,False,142.21842791,25.311414139999997
Michoacán,Reinversión de utilidades,2017,3,False,129.9180029,-12.300425009999998
Michoacán,Reinversión de utilidades,2017,4,False,138.17762533,8.259622430000007
Michoacán,Reinversión de utilidades,2018,1,False,189.2970263,189.2970263
Michoacán,Reinversión de utilidades,2018,2,False,259.64121035,70.34418405
Michoacán,Reinversión de utilidades,2018,3,False,331.54830882,71.90709847
Michoacán,Reinversión de utilidades,2018,4,False,394.92497763,63.37666881000001
Michoacán,Reinversión de utilidades,2019,1,False,138.30125743,138.30125743
Michoacán,Reinversión de utilidades,2019,2,False,147.56380313,9.262545700000004
Michoacán,Reinversión de utilidades,2019,3,False,150.21137951,2.647576380000004
Michoacán,Reinversión de utilidades,2019,4,False,170.95897329,20.74759377999999
Michoacán,Reinversión de utilidades,2020,1,False,192.94816518,192.94816518
Michoacán,Reinversión de utilidades,2020,2,False,200.0281628,7.07999762
Michoacán,Reinversión de utilidades,2020,3,False,212.05586801,12.027705210000022
Michoacán,Reinversión de utilidades,2020,4,False,217.67191649,5.616048479999989
Michoacán,Reinversión de utilidades,2021,1,False,193.79711543,193.79711543
Michoacán,Reinversión de utilidades,2021,2,False,203.49188509,9.69476966000002
Michoacán,Reinversión de utilidades,2021,3,False,207.80455134,4.312666249999978
Michoacán,Reinversión de utilidades,2021,4,False,211.43550213,3.630950790000014
Michoacán,Reinversión de utilidades,2022,1,False,128.40673233,128.40673233
Michoacán,Reinversión de utilidades,2022,2,False,152.8001517,24.393419369999975
Michoacán,Reinversión de utilidades,2022,3,False,165.06236199,12.262210290000013
Michoacán,Reinversión de utilidades,2022,4,False,176.02323415,10.960872160000008
Michoacán,Reinversión de utilidades,2023,1,False,221.42377201,221.42377201
Michoacán,Reinversión de utilidades,2023,2,False,196.84871242,-24.575059589999995
Michoacán,Reinversión de utilidades,2023,3,False,221.30076148,24.452049060000007
Michoacán,Reinversión de utilidades,2023,4,False,220.79327325,-0.507488230000007
Michoacán,Reinversión de utilidades,2024,1,False,173.16829138,173.16829138
Michoacán,Reinversión de utilidades,2024,2,False,193.44752435,20.27923297000001
Michoacán,Reinversión de utilidades,2024,3,False,186.25131368,-7.196210669999999
Michoacán,Reinversión de utilidades,2024,4,False,177.2368895,-9.01442418000002
Michoacán,Reinversión de utilidades,2025,1,False,111.39976163,111.39976163
Michoacán,Reinversión de utilidades,2025,2,False,133.76391033,22.364148699999987
Michoacán,Reinversión de utilidades,2025,3,False,147.84218211,14.078271780000023
Michoacán,Reinversión de utilidades,2025,4,False,127.57977903,-20.262403080000013
Morelos,Reinversión de utilidades,2006,1,False,11.860633,11.860633
Morelos,Reinversión de utilidades,2006,2,False,32.463485,20.602852
Morelos,Reinversión de utilidades,2006,3,False,33.162481,0.6989960000000011
Morelos,Reinversión de utilidades,2006,4,False,33.764879,0.6023980000000009
Morelos,Reinversión de utilidades,2007,1,False,221.353189,221.353189
Morelos,Reinversión de utilidades,2007,2,False,240.684445,19.331256000000025
Morelos,Reinversión de utilidades,2007,3,False,241.170454,0.4860089999999957
Morelos,Reinversión de utilidades,2007,4,False,243.722779,2.552324999999996
Morelos,Reinversión de utilidades,2008,1,False,269.903264,269.903264
Morelos,Reinversión de utilidades,2008,2,False,299.608217,29.704953000000046
Morelos,Reinversión de utilidades,2008,3,False,299.369016,-0.23920100000003686
Morelos,Reinversión de utilidades,2008,4,False,301.721513,2.352497000000028
Morelos,Reinversión de utilidades,2009,1,False,7.048292,7.048292
Morelos,Reinversión de utilidades,2009,2,False,40.366384,33.31809199999999
Morelos,Reinversión de utilidades,2009,3,False,47.331032,6.964648000000004
Morelos,Reinversión de utilidades,2009,4,False,48.219302,0.8882699999999986
Morelos,Reinversión de utilidades,2010,1,False,26.324499,26.324499
Morelos,Reinversión de utilidades,2010,2,False,56.170446,29.845947
Morelos,Reinversión de utilidades,2010,3,False,57.022685,0.8522390000000044
Morelos,Reinversión de utilidades,2010,4,False,69.897458,12.874772999999998
Morelos,Reinversión de utilidades,2011,1,False,83.05606442,83.05606442
Morelos,Reinversión de utilidades,2011,2,False,127.90493942,44.84887500000001
Morelos,Reinversión de utilidades,2011,3,False,141.73373842,13.828799000000004
Morelos,Reinversión de utilidades,2011,4,False,128.89381742,-12.839921000000004
Morelos,Reinversión de utilidades,2012,1,False,125.2848721,125.2848721
Morelos,Reinversión de utilidades,2012,2,False,131.2215421,5.936669999999992
Morelos,Reinversión de utilidades,2012,3,False,138.0424211,6.820879000000019
Morelos,Reinversión de utilidades,2012,4,False,184.3762051,46.33378399999998
Morelos,Reinversión de utilidades,2013,1,False,188.5148972,188.5148972
Morelos,Reinversión de utilidades,2013,2,False,210.10786221,21.59296501
Morelos,Reinversión de utilidades,2013,3,False,216.08055321,5.9726909999999975
Morelos,Reinversión de utilidades,2013,4,False,338.31403521,122.23348199999998
Morelos,Reinversión de utilidades,2014,1,False,178.50775786,178.50775786
Morelos,Reinversión de utilidades,2014,2,False,311.09986186,132.59210399999998
Morelos,Reinversión de utilidades,2014,3,False,318.41128886,7.311427000000037
Morelos,Reinversión de utilidades,2014,4,False,317.19647686,-1.214811999999995
Morelos,Reinversión de utilidades,2015,1,False,212.2771397,212.2771397
Morelos,Reinversión de utilidades,2015,2,False,255.5032622,43.2261225
Morelos,Reinversión de utilidades,2015,3,False,265.9828172,10.479555000000005
Morelos,Reinversión de utilidades,2015,4,False,274.69080593,8.707988730000011
Morelos,Reinversión de utilidades,2016,1,False,182.69639821,182.69639821
Morelos,Reinversión de utilidades,2016,2,False,190.52107192,7.824673709999985
Morelos,Reinversión de utilidades,2016,3,False,200.07652789,9.555455969999997
Morelos,Reinversión de utilidades,2016,4,False,200.15439379,0.07786590000000615
Morelos,Reinversión de utilidades,2017,1,False,245.97545076,245.97545076
Morelos,Reinversión de utilidades,2017,2,False,288.15499658,42.17954581999999
Morelos,Reinversión de utilidades,2017,3,False,286.56266579,-1.5923307900000054
Morelos,Reinversión de utilidades,2017,4,False,288.39128482,1.8286190300000271
Morelos,Reinversión de utilidades,2018,1,False,166.94257553,166.94257553
Morelos,Reinversión de utilidades,2018,2,False,207.00967763,40.0671021
Morelos,Reinversión de utilidades,2018,3,False,198.97866638,-8.031011250000006
Morelos,Reinversión de utilidades,2018,4,False,207.31212819,8.333461810000017
Morelos,Reinversión de utilidades,2019,1,False,127.73211977,127.73211977
Morelos,Reinversión de utilidades,2019,2,False,163.41494227,35.682822500000015
Morelos,Reinversión de utilidades,2019,3,False,177.27774303,13.862800759999999
Morelos,Reinversión de utilidades,2019,4,False,204.36874547,27.091002439999983
Morelos,Reinversión de utilidades,2020,1,False,149.72058124,149.72058124
Morelos,Reinversión de utilidades,2020,2,False,158.9004804,9.17989915999999
Morelos,Reinversión de utilidades,2020,3,False,164.73393932,5.833458919999998
Morelos,Reinversión de utilidades,2020,4,False,171.16491931,6.430979989999997
Morelos,Reinversión de utilidades,2021,1,False,64.09254097,64.09254097
Morelos,Reinversión de utilidades,2021,2,False,67.32537655,3.2328355799999997
Morelos,Reinversión de utilidades,2021,3,False,67.15296962,-0.17240693000000817
Morelos,Reinversión de utilidades,2021,4,False,-34.1875361,-101.34050572
Morelos,Reinversión de utilidades,2022,1,False,33.72923147,33.72923147
Morelos,Reinversión de utilidades,2022,2,False,60.88243301,27.153201539999998
Morelos,Reinversión de utilidades,2022,3,False,85.05199958,24.16956657
Morelos,Reinversión de utilidades,2022,4,False,113.34935679,28.29735721
Morelos,Reinversión de utilidades,2023,1,False,140.14443903,140.14443903
Morelos,Reinversión de utilidades,2023,2,False,133.6740843,-6.470354729999997
Morelos,Reinversión de utilidades,2023,3,False,138.42478821,4.750703909999999
Morelos,Reinversión de utilidades,2023,4,False,154.96750122,16.54271301
Morelos,Reinversión de utilidades,2024,1,False,155.78537355,155.78537355
Morelos,Reinversión de utilidades,2024,2,False,172.62817475,16.842801199999997
Morelos,Reinversión de utilidades,2024,3,False,227.40729303,54.779118280000006
Morelos,Reinversión de utilidades,2024,4,False,226.559512,-0.847781029999993
Morelos,Reinversión de utilidades,2025,1,False,13.35525867,13.35525867
Morelos,Reinversión de utilidades,2025,2,False,115.97767552,102.62241685000001
Morelos,Reinversión de utilidades,2025,3,False,91.80131697,-24.176358550000003
Morelos,Reinversión de utilidades,2025,4,False,83.58006766,-8.221249310000005
Nayarit,Reinversión de utilidades,2006,1,False,6.936002,6.936002
Nayarit,Reinversión de utilidades,2006,2,False,15.900778,8.964776
Nayarit,Reinversión de utilidades,2006,3,False,16.702105,0.8013269999999988
Nayarit,Reinversión de utilidades,2006,4,False,16.71557,0.01346500000000006
Nayarit,Reinversión de utilidades,2007,1,False,12.04019,12.04019
Nayarit,Reinversión de utilidades,2007,2,False,21.223819,9.183628999999998
Nayarit,Reinversión de utilidades,2007,3,False,21.197436,-0.026382999999999157
Nayarit,Reinversión de utilidades,2007,4,False,21.19922,0.001784000000000674
Nayarit,Reinversión de utilidades,2008,1,False,12.185184,12.185184
Nayarit,Reinversión de utilidades,2008,2,False,30.927418,18.742234
Nayarit,Reinversión de utilidades,2008,3,False,33.270461,2.343042999999998
Nayarit,Reinversión de utilidades,2008,4,False,33.313606,0.04314500000000265
Nayarit,Reinversión de utilidades,2009,1,False,0.951001,0.951001
Nayarit,Reinversión de utilidades,2009,2,False,13.377128,12.426127000000001
Nayarit,Reinversión de utilidades,2009,3,False,17.54425,4.167122000000001
Nayarit,Reinversión de utilidades,2009,4,False,17.490422,-0.053828000000002874
Nayarit,Reinversión de utilidades,2010,1,False,2.854118,2.854118
Nayarit,Reinversión de utilidades,2010,2,False,19.7275,16.873382
Nayarit,Reinversión de utilidades,2010,3,False,19.636824,-0.09067599999999842
Nayarit,Reinversión de utilidades,2010,4,False,19.896238,0.2594139999999996
Nayarit,Reinversión de utilidades,2011,1,False,4.46135713,4.46135713
Nayarit,Reinversión de utilidades,2011,2,False,29.62532313,25.163966000000002
Nayarit,Reinversión de utilidades,2011,3,False,31.64264413,2.017320999999999
Nayarit,Reinversión de utilidades,2011,4,False,27.08748013,-4.555164000000001
Nayarit,Reinversión de utilidades,2012,1,False,8.61856593,8.61856593
Nayarit,Reinversión de utilidades,2012,2,False,9.89885185,1.280285919999999
Nayarit,Reinversión de utilidades,2012,3,False,9.98053485,0.08168299999999995
Nayarit,Reinversión de utilidades,2012,4,False,17.89619585,7.915661000000002
Nayarit,Reinversión de utilidades,2013,1,False,12.22934532,12.22934532
Nayarit,Reinversión de utilidades,2013,2,False,21.12227959,8.892934270000001
Nayarit,Reinversión de utilidades,2013,3,False,20.24630459,-0.8759750000000004
Nayarit,Reinversión de utilidades,2013,4,False,26.16587259,5.919567999999998
Nayarit,Reinversión de utilidades,2014,1,False,22.95631872,22.95631872
Nayarit,Reinversión de utilidades,2014,2,False,42.36482938,19.408510660000005
Nayarit,Reinversión de utilidades,2014,3,False,42.80475938,0.4399299999999968
Nayarit,Reinversión de utilidades,2014,4,False,43.63323038,0.8284710000000004
Nayarit,Reinversión de utilidades,2015,1,False,14.71583367,14.71583367
Nayarit,Reinversión de utilidades,2015,2,False,28.30632779,13.59049412
Nayarit,Reinversión de utilidades,2015,3,False,32.16144548,3.8551176899999966
Nayarit,Reinversión de utilidades,2015,4,False,34.82498804,2.6635425600000033
Nayarit,Reinversión de utilidades,2016,1,False,28.5441806,28.5441806
Nayarit,Reinversión de utilidades,2016,2,False,30.09023116,1.5460505599999976
Nayarit,Reinversión de utilidades,2016,3,False,30.98880447,0.8985733100000033
Nayarit,Reinversión de utilidades,2016,4,False,31.40803534,0.4192308699999998
Nayarit,Reinversión de utilidades,2017,1,False,30.18319923,30.18319923
Nayarit,Reinversión de utilidades,2017,2,False,31.84399636,1.6607971299999988
Nayarit,Reinversión de utilidades,2017,3,False,31.34780437,-0.4961919899999998
Nayarit,Reinversión de utilidades,2017,4,False,34.58611277,3.238308400000001
Nayarit,Reinversión de utilidades,2018,1,False,20.90168023,20.90168023
Nayarit,Reinversión de utilidades,2018,2,False,29.50388318,8.602202949999999
Nayarit,Reinversión de utilidades,2018,3,False,30.07737217,0.5734889900000013
Nayarit,Reinversión de utilidades,2018,4,False,29.53866159,-0.53871058
Nayarit,Reinversión de utilidades,2019,1,False,30.28383933,30.28383933
Nayarit,Reinversión de utilidades,2019,2,False,39.74808215,9.464242820000003
Nayarit,Reinversión de utilidades,2019,3,False,40.45433701,0.7062548600000014
Nayarit,Reinversión de utilidades,2019,4,False,46.11815757,5.663820559999998
Nayarit,Reinversión de utilidades,2020,1,False,44.02760936,44.02760936
Nayarit,Reinversión de utilidades,2020,2,False,45.06413094,1.0365215799999987
Nayarit,Reinversión de utilidades,2020,3,False,51.5922756,6.528144660000002
Nayarit,Reinversión de utilidades,2020,4,False,51.61924318,0.026967579999997326
Nayarit,Reinversión de utilidades,2021,1,False,122.61905296,122.61905296
Nayarit,Reinversión de utilidades,2021,2,False,123.09033359,0.4712806299999954
Nayarit,Reinversión de utilidades,2021,3,False,123.00641152,-0.08392206999999985
Nayarit,Reinversión de utilidades,2021,4,False,121.97051027,-1.0359012499999949
Nayarit,Reinversión de utilidades,2022,1,False,133.86946156,133.86946156
Nayarit,Reinversión de utilidades,2022,2,False,136.10749208,2.2380305199999952
Nayarit,Reinversión de utilidades,2022,3,False,136.38230637,0.2748142900000232
Nayarit,Reinversión de utilidades,2022,4,False,136.03831674,-0.34398963000001004
Nayarit,Reinversión de utilidades,2023,1,False,56.12511935,56.12511935
Nayarit,Reinversión de utilidades,2023,2,False,128.65361692,72.52849756999998
Nayarit,Reinversión de utilidades,2023,3,False,133.46842299,4.814806070000003
Nayarit,Reinversión de utilidades,2023,4,False,165.30058934,31.832166349999994
Nayarit,Reinversión de utilidades,2024,1,False,33.28469633,33.28469633
Nayarit,Reinversión de utilidades,2024,2,False,169.83968143,136.5549851
Nayarit,Reinversión de utilidades,2024,3,False,166.7555666,-3.0841148300000043
Nayarit,Reinversión de utilidades,2024,4,False,164.69415095,-2.061415650000015
Nayarit,Reinversión de utilidades,2025,1,False,20.45442337,20.45442337
Nayarit,Reinversión de utilidades,2025,2,False,26.3192713,5.86484793
Nayarit,Reinversión de utilidades,2025,3,False,24.43419364,-1.8850776600000003
Nayarit,Reinversión de utilidades,2025,4,False,22.05099178,-2.38320186
Nuevo León,Reinversión de utilidades,2006,1,False,183.10193722,183.10193722
Nuevo León,Reinversión de utilidades,2006,2,False,525.81861122,342.716674
Nuevo León,Reinversión de utilidades,2006,3,False,532.87267122,7.0540600000000495
Nuevo León,Reinversión de utilidades,2006,4,False,545.72803022,12.855359000000021
Nuevo León,Reinversión de utilidades,2007,1,False,601.79836392,601.79836392
Nuevo León,Reinversión de utilidades,2007,2,False,718.24818692,116.44982299999992
Nuevo León,Reinversión de utilidades,2007,3,False,755.96397092,37.715783999999985
Nuevo León,Reinversión de utilidades,2007,4,False,788.63384792,32.66987700000004
Nuevo León,Reinversión de utilidades,2008,1,False,252.26494524,252.26494524
Nuevo León,Reinversión de utilidades,2008,2,False,367.80949024,115.544545
Nuevo León,Reinversión de utilidades,2008,3,False,374.00793224,6.198442
Nuevo León,Reinversión de utilidades,2008,4,False,378.22485824,4.216926000000001
Nuevo León,Reinversión de utilidades,2009,1,False,65.96622607,65.96622607
Nuevo León,Reinversión de utilidades,2009,2,False,177.77463307,111.80840699999999
Nuevo León,Reinversión de utilidades,2009,3,False,239.13393007,61.359297
Nuevo León,Reinversión de utilidades,2009,4,False,243.90776107,4.773831000000001
Nuevo León,Reinversión de utilidades,2010,1,False,165.96663341,165.96663341
Nuevo León,Reinversión de utilidades,2010,2,False,272.58826741,106.62163400000003
Nuevo León,Reinversión de utilidades,2010,3,False,274.70952341,2.12125599999996
Nuevo León,Reinversión de utilidades,2010,4,False,332.99462541,58.28510200000005
Nuevo León,Reinversión de utilidades,2011,1,False,376.69263687,376.69263687
Nuevo León,Reinversión de utilidades,2011,2,False,664.3943213,287.70168443
Nuevo León,Reinversión de utilidades,2011,3,False,713.8931893,49.498868000000016
Nuevo León,Reinversión de utilidades,2011,4,False,776.5431623,62.64997299999993
Nuevo León,Reinversión de utilidades,2012,1,False,330.98321354,330.98321354
Nuevo León,Reinversión de utilidades,2012,2,False,551.85716114,220.8739476
Nuevo León,Reinversión de utilidades,2012,3,False,601.4880332,49.63087206
Nuevo León,Reinversión de utilidades,2012,4,False,1001.8339982,400.345965
Nuevo León,Reinversión de utilidades,2013,1,False,499.79303793,499.79303793
Nuevo León,Reinversión de utilidades,2013,2,False,862.45534289,362.66230496
Nuevo León,Reinversión de utilidades,2013,3,False,918.95115989,56.49581699999999
Nuevo León,Reinversión de utilidades,2013,4,False,1168.75246389,249.80130399999996
Nuevo León,Reinversión de utilidades,2014,1,False,687.51923736,687.51923736
Nuevo León,Reinversión de utilidades,2014,2,False,1302.9263598,615.40712244
Nuevo León,Reinversión de utilidades,2014,3,False,1324.8797438,21.953383999999915
Nuevo León,Reinversión de utilidades,2014,4,False,1385.63828386,60.75854006000009
Nuevo León,Reinversión de utilidades,2015,1,False,461.49571502,461.49571502
Nuevo León,Reinversión de utilidades,2015,2,False,826.60873675,365.11302173000007
Nuevo León,Reinversión de utilidades,2015,3,False,926.36882916,99.76009240999997
Nuevo León,Reinversión de utilidades,2015,4,False,978.70723159,52.338402429999974
Nuevo León,Reinversión de utilidades,2016,1,False,781.22451002,781.22451002
Nuevo León,Reinversión de utilidades,2016,2,False,1097.07472579,315.85021577
Nuevo León,Reinversión de utilidades,2016,3,False,1363.93821237,266.86348658
Nuevo León,Reinversión de utilidades,2016,4,False,1428.90351439,64.96530202000008
Nuevo León,Reinversión de utilidades,2017,1,False,1329.12776245,1329.12776245
Nuevo León,Reinversión de utilidades,2017,2,False,1270.42367854,-58.70408391000001
Nuevo León,Reinversión de utilidades,2017,3,False,1287.95631896,17.532640420000007
Nuevo León,Reinversión de utilidades,2017,4,False,1349.47893635,61.52261738999982
Nuevo León,Reinversión de utilidades,2018,1,False,1412.34213324,1412.34213324
Nuevo León,Reinversión de utilidades,2018,2,False,1574.57338939,162.23125615000004
Nuevo León,Reinversión de utilidades,2018,3,False,1555.38655535,-19.18683404000012
Nuevo León,Reinversión de utilidades,2018,4,False,1498.80320376,-56.58335158999989
Nuevo León,Reinversión de utilidades,2019,1,False,1448.88291617,1448.88291617
Nuevo León,Reinversión de utilidades,2019,2,False,1978.93933455,530.05641838
Nuevo León,Reinversión de utilidades,2019,3,False,2237.49360652,258.55427196999995
Nuevo León,Reinversión de utilidades,2019,4,False,2411.31745805,173.82385152999996
Nuevo León,Reinversión de utilidades,2020,1,False,1688.09164622,1688.09164622
Nuevo León,Reinversión de utilidades,2020,2,False,1870.44811444,182.3564682199999
Nuevo León,Reinversión de utilidades,2020,3,False,1984.57673155,114.12861711000005
Nuevo León,Reinversión de utilidades,2020,4,False,1985.56229758,0.9855660299999727
Nuevo León,Reinversión de utilidades,2021,1,False,1643.10325852,1643.10325852
Nuevo León,Reinversión de utilidades,2021,2,False,1760.46711738,117.36385885999994
Nuevo León,Reinversión de utilidades,2021,3,False,1832.24890988,71.78179249999994
Nuevo León,Reinversión de utilidades,2021,4,False,1714.88411676,-117.36479311999983
Nuevo León,Reinversión de utilidades,2022,1,False,1628.70178684,1628.70178684
Nuevo León,Reinversión de utilidades,2022,2,False,2185.34969712,556.6479102800001
Nuevo León,Reinversión de utilidades,2022,3,False,2619.70836164,434.3586645199998
Nuevo León,Reinversión de utilidades,2022,4,False,3015.31403784,395.60567619999983
Nuevo León,Reinversión de utilidades,2023,1,False,2193.8074062,2193.8074062
Nuevo León,Reinversión de utilidades,2023,2,False,2129.70285527,-64.10455093000019
Nuevo León,Reinversión de utilidades,2023,3,False,2173.97716109,44.274305820000336
Nuevo León,Reinversión de utilidades,2023,4,False,2182.99105522,9.013894129999699
Nuevo León,Reinversión de utilidades,2024,1,False,3664.0430881,3664.0430881
Nuevo León,Reinversión de utilidades,2024,2,False,4075.53362703,411.49053892999973
Nuevo León,Reinversión de utilidades,2024,3,False,3896.90631325,-178.6273137799999
Nuevo León,Reinversión de utilidades,2024,4,False,3845.75231889,-51.15399436000007
Nuevo León,Reinversión de utilidades,2025,1,False,2509.49200557,2509.49200557
Nuevo León,Reinversión de utilidades,2025,2,False,2659.31622894,149.82422337000025
Nuevo León,Reinversión de utilidades,2025,3,False,2677.39434222,18.078113279999798
Nuevo León,Reinversión de utilidades,2025,4,False,2275.27438173,-402.1199604899998
Oaxaca,Reinversión de utilidades,2006,1,False,21.01119,21.01119
Oaxaca,Reinversión de utilidades,2006,2,False,72.764026,51.752836
Oaxaca,Reinversión de utilidades,2006,3,False,73.543074,0.7790480000000031
Oaxaca,Reinversión de utilidades,2006,4,False,73.41492,-0.1281540000000092
Oaxaca,Reinversión de utilidades,2007,1,False,29.215845,29.215845
Oaxaca,Reinversión de utilidades,2007,2,False,87.231473,58.01562799999999
Oaxaca,Reinversión de utilidades,2007,3,False,87.204209,-0.027263999999988187
Oaxaca,Reinversión de utilidades,2007,4,False,87.03159,-0.17261900000001162
Oaxaca,Reinversión de utilidades,2008,1,False,37.101065,37.101065
Oaxaca,Reinversión de utilidades,2008,2,False,110.736899,73.63583399999999
Oaxaca,Reinversión de utilidades,2008,3,False,105.631111,-5.10578799999999
Oaxaca,Reinversión de utilidades,2008,4,False,103.30858,-2.322530999999998
Oaxaca,Reinversión de utilidades,2009,1,False,8.997131,8.997131
Oaxaca,Reinversión de utilidades,2009,2,False,64.405763,55.408632
Oaxaca,Reinversión de utilidades,2009,3,False,70.34373,5.937967
Oaxaca,Reinversión de utilidades,2009,4,False,69.125292,-1.218437999999992
Oaxaca,Reinversión de utilidades,2010,1,False,14.514333,14.514333
Oaxaca,Reinversión de utilidades,2010,2,False,46.178301,31.663967999999997
Oaxaca,Reinversión de utilidades,2010,3,False,45.947288,-0.23101299999999725
Oaxaca,Reinversión de utilidades,2010,4,False,47.843033,1.895744999999998
Oaxaca,Reinversión de utilidades,2011,1,False,21.11790945,21.11790945
Oaxaca,Reinversión de utilidades,2011,2,False,85.30262245,64.184713
Oaxaca,Reinversión de utilidades,2011,3,False,91.32684045,6.024218000000005
Oaxaca,Reinversión de utilidades,2011,4,False,77.06329145,-14.263549000000012
Oaxaca,Reinversión de utilidades,2012,1,False,45.12813166,45.12813166
Oaxaca,Reinversión de utilidades,2012,2,False,47.95810866,2.8299769999999995
Oaxaca,Reinversión de utilidades,2012,3,False,50.26870166,2.3105929999999972
Oaxaca,Reinversión de utilidades,2012,4,False,73.44894466,23.180242999999997
Oaxaca,Reinversión de utilidades,2013,1,False,47.64078458,47.64078458
Oaxaca,Reinversión de utilidades,2013,2,False,106.78043458,59.13965
Oaxaca,Reinversión de utilidades,2013,3,False,106.14187258,-0.6385620000000074
Oaxaca,Reinversión de utilidades,2013,4,False,104.31810958,-1.8237629999999996
Oaxaca,Reinversión de utilidades,2014,1,False,60.48511296,60.48511296
Oaxaca,Reinversión de utilidades,2014,2,False,178.97875517,118.49364220999999
Oaxaca,Reinversión de utilidades,2014,3,False,176.99637717,-1.9823780000000113
Oaxaca,Reinversión de utilidades,2014,4,False,184.71126617,7.714888999999999
Oaxaca,Reinversión de utilidades,2015,1,False,71.53560525,71.53560525
Oaxaca,Reinversión de utilidades,2015,2,False,161.00449466,89.46888941
Oaxaca,Reinversión de utilidades,2015,3,False,167.88190122,6.877406559999997
Oaxaca,Reinversión de utilidades,2015,4,False,165.91358172,-1.9683195000000069
Oaxaca,Reinversión de utilidades,2016,1,False,102.39439739,102.39439739
Oaxaca,Reinversión de utilidades,2016,2,False,118.32755082,15.933153430000004
Oaxaca,Reinversión de utilidades,2016,3,False,125.32956409,7.002013270000006
Oaxaca,Reinversión de utilidades,2016,4,False,128.25053894,2.9209748500000075
Oaxaca,Reinversión de utilidades,2017,1,False,94.94266261,94.94266261
Oaxaca,Reinversión de utilidades,2017,2,False,114.15262173,19.209959120000008
Oaxaca,Reinversión de utilidades,2017,3,False,111.11966102,-3.0329607100000118
Oaxaca,Reinversión de utilidades,2017,4,False,155.7162349,44.596573879999994
Oaxaca,Reinversión de utilidades,2018,1,False,65.34246424,65.34246424
Oaxaca,Reinversión de utilidades,2018,2,False,75.12667907,9.784214829999996
Oaxaca,Reinversión de utilidades,2018,3,False,92.00634008,16.879661010000007
Oaxaca,Reinversión de utilidades,2018,4,False,76.07639148,-15.929948600000003
Oaxaca,Reinversión de utilidades,2019,1,False,124.61591518,124.61591518
Oaxaca,Reinversión de utilidades,2019,2,False,139.51016467,14.894249489999993
Oaxaca,Reinversión de utilidades,2019,3,False,157.02922933,17.519064659999998
Oaxaca,Reinversión de utilidades,2019,4,False,207.64214421,50.612914880000005
Oaxaca,Reinversión de utilidades,2020,1,False,65.21894702,65.21894702
Oaxaca,Reinversión de utilidades,2020,2,False,40.50559499,-24.713352030000003
Oaxaca,Reinversión de utilidades,2020,3,False,43.92408711,3.4184921200000034
Oaxaca,Reinversión de utilidades,2020,4,False,37.01329215,-6.910794960000004
Oaxaca,Reinversión de utilidades,2021,1,False,113.17321514,113.17321514
Oaxaca,Reinversión de utilidades,2021,2,False,115.96613561,2.7929204699999985
Oaxaca,Reinversión de utilidades,2021,3,False,129.88555903,13.919423420000001
Oaxaca,Reinversión de utilidades,2021,4,False,51.1781574,-78.70740162999999
Oaxaca,Reinversión de utilidades,2022,1,False,74.23764408,74.23764408
Oaxaca,Reinversión de utilidades,2022,2,False,71.68780195,-2.549842130000002
Oaxaca,Reinversión de utilidades,2022,3,False,72.1212919,0.4334899500000091
Oaxaca,Reinversión de utilidades,2022,4,False,62.09660224,-10.02468966
Oaxaca,Reinversión de utilidades,2023,1,False,51.73482667,51.73482667
Oaxaca,Reinversión de utilidades,2023,2,False,51.85100467,0.116178000000005
Oaxaca,Reinversión de utilidades,2023,3,False,63.33595306,11.48494839
Oaxaca,Reinversión de utilidades,2023,4,False,57.87938213,-5.456570929999998
Oaxaca,Reinversión de utilidades,2024,1,False,21.19737348,21.19737348
Oaxaca,Reinversión de utilidades,2024,2,False,29.76050124,8.56312776
Oaxaca,Reinversión de utilidades,2024,3,False,25.02675964,-4.733741599999998
Oaxaca,Reinversión de utilidades,2024,4,False,15.95462873,-9.072130910000002
Oaxaca,Reinversión de utilidades,2025,1,False,8.2599151,8.2599151
Oaxaca,Reinversión de utilidades,2025,2,False,9.76029436,1.500379259999999
Oaxaca,Reinversión de utilidades,2025,3,False,6.75247452,-3.00781984
Oaxaca,Reinversión de utilidades,2025,4,False,-3.06009068,-9.8125652
Puebla,Reinversión de utilidades,2006,1,False,61.80641538,61.80641538
Puebla,Reinversión de utilidades,2006,2,False,121.37115638,59.564741000000005
Puebla,Reinversión de utilidades,2006,3,False,124.20978538,2.8386289999999974
Puebla,Reinversión de utilidades,2006,4,False,129.40485238,5.1950669999999946
Puebla,Reinversión de utilidades,2007,1,False,121.779381,121.779381
Puebla,Reinversión de utilidades,2007,2,False,149.427692,27.648311000000007
Puebla,Reinversión de utilidades,2007,3,False,149.456973,0.029280999999997448
Puebla,Reinversión de utilidades,2007,4,False,151.102695,1.6457220000000063
Puebla,Reinversión de utilidades,2008,1,False,98.32709575,98.32709575
Puebla,Reinversión de utilidades,2008,2,False,151.03730875,52.710212999999996
Puebla,Reinversión de utilidades,2008,3,False,149.30420275,-1.7331059999999923
Puebla,Reinversión de utilidades,2008,4,False,148.03847275,-1.2657299999999907
Puebla,Reinversión de utilidades,2009,1,False,27.72003705,27.72003705
Puebla,Reinversión de utilidades,2009,2,False,90.04985805,62.329820999999995
Puebla,Reinversión de utilidades,2009,3,False,128.45625405,38.406396000000015
Puebla,Reinversión de utilidades,2009,4,False,127.89769505,-0.5585590000000167
Puebla,Reinversión de utilidades,2010,1,False,47.35787697,47.35787697
Puebla,Reinversión de utilidades,2010,2,False,121.96950597,74.611629
Puebla,Reinversión de utilidades,2010,3,False,140.17300497,18.203498999999994
Puebla,Reinversión de utilidades,2010,4,False,160.82049197,20.647487000000012
Puebla,Reinversión de utilidades,2011,1,False,54.8775973,54.8775973
Puebla,Reinversión de utilidades,2011,2,False,223.88101762,169.00342032
Puebla,Reinversión de utilidades,2011,3,False,258.79603662,34.915019
Puebla,Reinversión de utilidades,2011,4,False,234.77527162,-24.020764999999983
Puebla,Reinversión de utilidades,2012,1,False,270.14972044,270.14972044
Puebla,Reinversión de utilidades,2012,2,False,306.0458251,35.89610465999999
Puebla,Reinversión de utilidades,2012,3,False,324.4721991,18.42637400000001
Puebla,Reinversión de utilidades,2012,4,False,380.0636331,55.59143399999999
Puebla,Reinversión de utilidades,2013,1,False,648.68683845,648.68683845
Puebla,Reinversión de utilidades,2013,2,False,717.31252408,68.62568563000002
Puebla,Reinversión de utilidades,2013,3,False,715.02437708,-2.288146999999981
Puebla,Reinversión de utilidades,2013,4,False,752.53545208,37.511075000000005
Puebla,Reinversión de utilidades,2014,1,False,530.68540433,530.68540433
Puebla,Reinversión de utilidades,2014,2,False,650.6387516,119.95334727
Puebla,Reinversión de utilidades,2014,3,False,651.0781756,0.4394240000000309
Puebla,Reinversión de utilidades,2014,4,False,661.17779501,10.099619409999946
Puebla,Reinversión de utilidades,2015,1,False,235.36977257,235.36977257
Puebla,Reinversión de utilidades,2015,2,False,288.41088991,53.04111733999997
Puebla,Reinversión de utilidades,2015,3,False,301.5456908,13.134800890000008
Puebla,Reinversión de utilidades,2015,4,False,309.83411616,8.28842536000002
Puebla,Reinversión de utilidades,2016,1,False,281.60551563,281.60551563
Puebla,Reinversión de utilidades,2016,2,False,314.41972371,32.814208080000014
Puebla,Reinversión de utilidades,2016,3,False,332.63358793,18.213864219999948
Puebla,Reinversión de utilidades,2016,4,False,340.94601418,8.312426250000044
Puebla,Reinversión de utilidades,2017,1,False,297.57431564,297.57431564
Puebla,Reinversión de utilidades,2017,2,False,342.23085902,44.656543380000016
Puebla,Reinversión de utilidades,2017,3,False,356.42814298,14.197283959999993
Puebla,Reinversión de utilidades,2017,4,False,361.79056278,5.362419799999998
Puebla,Reinversión de utilidades,2018,1,False,330.37135573,330.37135573
Puebla,Reinversión de utilidades,2018,2,False,364.42827242,34.05691668999998
Puebla,Reinversión de utilidades,2018,3,False,385.45458653,21.026314109999987
Puebla,Reinversión de utilidades,2018,4,False,399.26588583,13.81129930000003
Puebla,Reinversión de utilidades,2019,1,False,573.71747675,573.71747675
Puebla,Reinversión de utilidades,2019,2,False,659.24469291,85.52721616000008
Puebla,Reinversión de utilidades,2019,3,False,691.90819665,32.66350374000001
Puebla,Reinversión de utilidades,2019,4,False,745.01719124,53.10899458999995
Puebla,Reinversión de utilidades,2020,1,False,513.27567259,513.27567259
Puebla,Reinversión de utilidades,2020,2,False,526.64217289,13.366500299999984
Puebla,Reinversión de utilidades,2020,3,False,569.30488101,42.66270812000005
Puebla,Reinversión de utilidades,2020,4,False,581.53173106,12.226850049999939
Puebla,Reinversión de utilidades,2021,1,False,240.12994526,240.12994526
Puebla,Reinversión de utilidades,2021,2,False,266.39202586,26.26208059999999
Puebla,Reinversión de utilidades,2021,3,False,285.93836936,19.546343500000035
Puebla,Reinversión de utilidades,2021,4,False,280.24828187,-5.690087489999996
Puebla,Reinversión de utilidades,2022,1,False,519.83400912,519.83400912
Puebla,Reinversión de utilidades,2022,2,False,638.90409431,119.07008518999999
Puebla,Reinversión de utilidades,2022,3,False,746.39545635,107.49136204000001
Puebla,Reinversión de utilidades,2022,4,False,825.78677973,79.39132338000002
Puebla,Reinversión de utilidades,2023,1,False,891.24416016,891.24416016
Puebla,Reinversión de utilidades,2023,2,False,879.05924146,-12.184918700000026
Puebla,Reinversión de utilidades,2023,3,False,935.12442103,56.065179570000055
Puebla,Reinversión de utilidades,2023,4,False,735.27979251,-199.84462852000001
Puebla,Reinversión de utilidades,2024,1,False,1073.44826658,1073.44826658
Puebla,Reinversión de utilidades,2024,2,False,1102.20788323,28.759616649999998
Puebla,Reinversión de utilidades,2024,3,False,1108.07995068,5.872067449999804
Puebla,Reinversión de utilidades,2024,4,False,1001.22516625,-106.85478442999988
Puebla,Reinversión de utilidades,2025,1,False,394.47800473,394.47800473
Puebla,Reinversión de utilidades,2025,2,False,208.63510032,-185.84290441000002
Puebla,Reinversión de utilidades,2025,3,False,301.6141638,92.97906347999998
Puebla,Reinversión de utilidades,2025,4,False,367.70337786,66.08921406000002
Querétaro,Reinversión de utilidades,2006,1,False,247.727555,247.727555
Querétaro,Reinversión de utilidades,2006,2,False,312.006091,64.27853600000003
Querétaro,Reinversión de utilidades,2006,3,False,316.678841,4.672749999999951
Querétaro,Reinversión de utilidades,2006,4,False,319.571663,2.8928220000000238
Querétaro,Reinversión de utilidades,2007,1,False,223.530708,223.530708
Querétaro,Reinversión de utilidades,2007,2,False,294.326728,70.79602
Querétaro,Reinversión de utilidades,2007,3,False,300.834367,6.507638999999983
Querétaro,Reinversión de utilidades,2007,4,False,306.114848,5.280481000000009
Querétaro,Reinversión de utilidades,2008,1,False,92.76006,92.76006
Querétaro,Reinversión de utilidades,2008,2,False,373.418669,280.658609
Querétaro,Reinversión de utilidades,2008,3,False,365.556352,-7.862317000000019
Querétaro,Reinversión de utilidades,2008,4,False,361.244265,-4.3120870000000195
Querétaro,Reinversión de utilidades,2009,1,False,39.747146,39.747146
Querétaro,Reinversión de utilidades,2009,2,False,184.076686,144.32954
Querétaro,Reinversión de utilidades,2009,3,False,190.560693,6.484006999999991
Querétaro,Reinversión de utilidades,2009,4,False,188.862925,-1.6977679999999964
Querétaro,Reinversión de utilidades,2010,1,False,188.85749918,188.85749918
Querétaro,Reinversión de utilidades,2010,2,False,218.93531018,30.077810999999997
Querétaro,Reinversión de utilidades,2010,3,False,217.67933718,-1.2559729999999831
Querétaro,Reinversión de utilidades,2010,4,False,233.35532818,15.675990999999982
Querétaro,Reinversión de utilidades,2011,1,False,195.03080015,195.03080015
Querétaro,Reinversión de utilidades,2011,2,False,245.39776213,50.366961979999985
Querétaro,Reinversión de utilidades,2011,3,False,250.27124213,4.873480000000001
Querétaro,Reinversión de utilidades,2011,4,False,426.87927813,176.608036
Querétaro,Reinversión de utilidades,2012,1,False,170.29523348,170.29523348
Querétaro,Reinversión de utilidades,2012,2,False,200.67628702,30.381053539999982
Querétaro,Reinversión de utilidades,2012,3,False,214.10499769,13.428710670000015
Querétaro,Reinversión de utilidades,2012,4,False,239.27100469,25.166007000000008
Querétaro,Reinversión de utilidades,2013,1,False,281.8824655,281.8824655
Querétaro,Reinversión de utilidades,2013,2,False,342.08765765,60.20519214999996
Querétaro,Reinversión de utilidades,2013,3,False,396.32357265,54.235915000000034
Querétaro,Reinversión de utilidades,2013,4,False,402.15295965,5.829386999999997
Querétaro,Reinversión de utilidades,2014,1,False,485.95856062,485.95856062
Querétaro,Reinversión de utilidades,2014,2,False,583.36748977,97.40892915
Querétaro,Reinversión de utilidades,2014,3,False,587.02706577,3.6595760000000155
Querétaro,Reinversión de utilidades,2014,4,False,598.53920738,11.512141609999958
Querétaro,Reinversión de utilidades,2015,1,False,350.68516776,350.68516776
Querétaro,Reinversión de utilidades,2015,2,False,428.45007097,77.76490321
Querétaro,Reinversión de utilidades,2015,3,False,442.98949548,14.539424510000003
Querétaro,Reinversión de utilidades,2015,4,False,480.19888087,37.209385389999966
Querétaro,Reinversión de utilidades,2016,1,False,164.55083343,164.55083343
Querétaro,Reinversión de utilidades,2016,2,False,376.2722385,211.72140507
Querétaro,Reinversión de utilidades,2016,3,False,411.48849856,35.21626005999997
Querétaro,Reinversión de utilidades,2016,4,False,374.00763334,-37.48086522
Querétaro,Reinversión de utilidades,2017,1,False,576.48594761,576.48594761
Querétaro,Reinversión de utilidades,2017,2,False,572.33465046,-4.151297150000005
Querétaro,Reinversión de utilidades,2017,3,False,531.21466208,-41.119988379999995
Querétaro,Reinversión de utilidades,2017,4,False,498.84753851,-32.36712357000005
Querétaro,Reinversión de utilidades,2018,1,False,490.6345301,490.6345301
Querétaro,Reinversión de utilidades,2018,2,False,534.3455969,43.711066800000026
Querétaro,Reinversión de utilidades,2018,3,False,550.73209388,16.386496979999947
Querétaro,Reinversión de utilidades,2018,4,False,568.08373963,17.35164574999999
Querétaro,Reinversión de utilidades,2019,1,False,489.17627926,489.17627926
Querétaro,Reinversión de utilidades,2019,2,False,591.12568925,101.94940999000005
Querétaro,Reinversión de utilidades,2019,3,False,603.22596046,12.10027120999996
Querétaro,Reinversión de utilidades,2019,4,False,625.86719677,22.641236309999954
Querétaro,Reinversión de utilidades,2020,1,False,563.65242075,563.65242075
Querétaro,Reinversión de utilidades,2020,2,False,597.04401808,33.39159732999997
Querétaro,Reinversión de utilidades,2020,3,False,641.29374422,44.24972614000001
Querétaro,Reinversión de utilidades,2020,4,False,672.68194647,31.38820224999995
Querétaro,Reinversión de utilidades,2021,1,False,417.76474073,417.76474073
Querétaro,Reinversión de utilidades,2021,2,False,392.36932038,-25.39542035000005
Querétaro,Reinversión de utilidades,2021,3,False,399.52275774,7.153437359999998
Querétaro,Reinversión de utilidades,2021,4,False,323.18423352,-76.33852421999995
Querétaro,Reinversión de utilidades,2022,1,False,307.51181094,307.51181094
Querétaro,Reinversión de utilidades,2022,2,False,353.72564966,46.21383872000001
Querétaro,Reinversión de utilidades,2022,3,False,378.38113496,24.65548530000001
Querétaro,Reinversión de utilidades,2022,4,False,375.55736335,-2.8237716099999943
Querétaro,Reinversión de utilidades,2023,1,False,521.05927588,521.05927588
Querétaro,Reinversión de utilidades,2023,2,False,542.08192463,21.02264875000003
Querétaro,Reinversión de utilidades,2023,3,False,561.56868245,19.48675781999998
Querétaro,Reinversión de utilidades,2023,4,False,505.59495931,-55.973723140000004
Querétaro,Reinversión de utilidades,2024,1,False,625.28330482,625.28330482
Querétaro,Reinversión de utilidades,2024,2,False,977.43743462,352.15412979999996
Querétaro,Reinversión de utilidades,2024,3,False,906.55910021,-70.87833440999998
Querétaro,Reinversión de utilidades,2024,4,False,861.392413,-45.166687209999964
Querétaro,Reinversión de utilidades,2025,1,False,379.41639645,379.41639645
Querétaro,Reinversión de utilidades,2025,2,False,668.57603508,289.15963863
Querétaro,Reinversión de utilidades,2025,3,False,751.19178679,82.61575171000004
Querétaro,Reinversión de utilidades,2025,4,False,519.03436286,-232.15742393000005
Quintana Roo,Reinversión de utilidades,2006,1,False,22.12799945,22.12799945
Quintana Roo,Reinversión de utilidades,2006,2,False,37.44494145,15.316942000000001
Quintana Roo,Reinversión de utilidades,2006,3,False,38.58504145,1.1400999999999968
Quintana Roo,Reinversión de utilidades,2006,4,False,38.16622045,-0.4188210000000012
Quintana Roo,Reinversión de utilidades,2007,1,False,33.550277,33.550277
Quintana Roo,Reinversión de utilidades,2007,2,False,46.43062,12.880342999999996
Quintana Roo,Reinversión de utilidades,2007,3,False,47.194358,0.7637380000000036
Quintana Roo,Reinversión de utilidades,2007,4,False,48.652473,1.4581149999999994
Quintana Roo,Reinversión de utilidades,2008,1,False,37.40157508,37.40157508
Quintana Roo,Reinversión de utilidades,2008,2,False,65.39804608,27.996471
Quintana Roo,Reinversión de utilidades,2008,3,False,65.79366108,0.3956150000000065
Quintana Roo,Reinversión de utilidades,2008,4,False,67.93025308,2.136591999999993
Quintana Roo,Reinversión de utilidades,2009,1,False,5.98647083,5.98647083
Quintana Roo,Reinversión de utilidades,2009,2,False,35.76317183,29.776700999999996
Quintana Roo,Reinversión de utilidades,2009,3,False,42.12432483,6.361153000000002
Quintana Roo,Reinversión de utilidades,2009,4,False,43.50808483,1.3837600000000023
Quintana Roo,Reinversión de utilidades,2010,1,False,13.8532054,13.8532054
Quintana Roo,Reinversión de utilidades,2010,2,False,46.3784754,32.52527
Quintana Roo,Reinversión de utilidades,2010,3,False,46.3396654,-0.03880999999999801
Quintana Roo,Reinversión de utilidades,2010,4,False,47.4843964,1.1447310000000002
Quintana Roo,Reinversión de utilidades,2011,1,False,28.75270946,28.75270946
Quintana Roo,Reinversión de utilidades,2011,2,False,83.7369273,54.98421784000001
Quintana Roo,Reinversión de utilidades,2011,3,False,90.7151763,6.978248999999991
Quintana Roo,Reinversión de utilidades,2011,4,False,80.7958473,-9.91932899999999
Quintana Roo,Reinversión de utilidades,2012,1,False,30.79849687,30.79849687
Quintana Roo,Reinversión de utilidades,2012,2,False,35.61635378,4.817856909999996
Quintana Roo,Reinversión de utilidades,2012,3,False,45.10837678,9.492023000000003
Quintana Roo,Reinversión de utilidades,2012,4,False,61.22798578,16.119608999999997
Quintana Roo,Reinversión de utilidades,2013,1,False,30.31711775,30.31711775
Quintana Roo,Reinversión de utilidades,2013,2,False,55.35841309,25.041295339999998
Quintana Roo,Reinversión de utilidades,2013,3,False,61.05007309,5.691659999999999
Quintana Roo,Reinversión de utilidades,2013,4,False,75.40272509,14.352652000000006
Quintana Roo,Reinversión de utilidades,2014,1,False,64.25172543,64.25172543
Quintana Roo,Reinversión de utilidades,2014,2,False,98.82027542,34.56854999000001
Quintana Roo,Reinversión de utilidades,2014,3,False,99.27345949,0.45318406999999183
Quintana Roo,Reinversión de utilidades,2014,4,False,106.51630806,7.242848570000007
Quintana Roo,Reinversión de utilidades,2015,1,False,53.28314432,53.28314432
Quintana Roo,Reinversión de utilidades,2015,2,False,62.47540127,9.19225695
Quintana Roo,Reinversión de utilidades,2015,3,False,56.66887794,-5.806523329999997
Quintana Roo,Reinversión de utilidades,2015,4,False,49.60705899,-7.061818950000003
Quintana Roo,Reinversión de utilidades,2016,1,False,102.33277198,102.33277198
Quintana Roo,Reinversión de utilidades,2016,2,False,134.83518019,32.502408209999984
Quintana Roo,Reinversión de utilidades,2016,3,False,147.47279045,12.637610260000002
Quintana Roo,Reinversión de utilidades,2016,4,False,152.15084466,4.678054209999999
Quintana Roo,Reinversión de utilidades,2017,1,False,126.28041577,126.28041577
Quintana Roo,Reinversión de utilidades,2017,2,False,143.06060488,16.780189109999995
Quintana Roo,Reinversión de utilidades,2017,3,False,165.59166446,22.531059580000004
Quintana Roo,Reinversión de utilidades,2017,4,False,175.94780659,10.356142129999995
Quintana Roo,Reinversión de utilidades,2018,1,False,134.21240942,134.21240942
Quintana Roo,Reinversión de utilidades,2018,2,False,171.92837273,37.71596331000001
Quintana Roo,Reinversión de utilidades,2018,3,False,195.13255621,23.204183479999983
Quintana Roo,Reinversión de utilidades,2018,4,False,238.81326272,43.68070651000002
Quintana Roo,Reinversión de utilidades,2019,1,False,171.71750216,171.71750216
Quintana Roo,Reinversión de utilidades,2019,2,False,202.38145962,30.663957459999978
Quintana Roo,Reinversión de utilidades,2019,3,False,223.3782437,20.996784080000026
Quintana Roo,Reinversión de utilidades,2019,4,False,242.99613906,19.617895359999977
Quintana Roo,Reinversión de utilidades,2020,1,False,135.19710874,135.19710874
Quintana Roo,Reinversión de utilidades,2020,2,False,140.55924814,5.36213939999999
Quintana Roo,Reinversión de utilidades,2020,3,False,151.22525749,10.666009349999996
Quintana Roo,Reinversión de utilidades,2020,4,False,150.46451226,-0.7607452299999977
Quintana Roo,Reinversión de utilidades,2021,1,False,244.35288819,244.35288819
Quintana Roo,Reinversión de utilidades,2021,2,False,241.51004275,-2.8428454399999907
Quintana Roo,Reinversión de utilidades,2021,3,False,231.14634255,-10.363700199999982
Quintana Roo,Reinversión de utilidades,2021,4,False,231.94010167,0.7937591199999758
Quintana Roo,Reinversión de utilidades,2022,1,False,105.23667639,105.23667639
Quintana Roo,Reinversión de utilidades,2022,2,False,85.55783126,-19.67884513
Quintana Roo,Reinversión de utilidades,2022,3,False,85.83798021,0.2801489499999974
Quintana Roo,Reinversión de utilidades,2022,4,False,40.01935757,-45.81862264
Quintana Roo,Reinversión de utilidades,2023,1,False,254.80384267,254.80384267
Quintana Roo,Reinversión de utilidades,2023,2,False,392.73589394,137.93205127
Quintana Roo,Reinversión de utilidades,2023,3,False,416.22140339,23.485509449999995
Quintana Roo,Reinversión de utilidades,2023,4,False,413.65700632,-2.564397069999984
Quintana Roo,Reinversión de utilidades,2024,1,False,82.08913769,82.08913769
Quintana Roo,Reinversión de utilidades,2024,2,False,475.06774659,392.97860890000004
Quintana Roo,Reinversión de utilidades,2024,3,False,461.68305598,-13.384690610000007
Quintana Roo,Reinversión de utilidades,2024,4,False,435.77946482,-25.90359116000002
Quintana Roo,Reinversión de utilidades,2025,1,False,73.03449841,73.03449841
Quintana Roo,Reinversión de utilidades,2025,2,False,160.14103111,87.1065327
Quintana Roo,Reinversión de utilidades,2025,3,False,175.23653013,15.095499020000005
Quintana Roo,Reinversión de utilidades,2025,4,False,169.9475562,-5.288973929999997
San Luis Potosí,Reinversión de utilidades,2006,1,False,19.280077,19.280077
San Luis Potosí,Reinversión de utilidades,2006,2,False,74.271467,54.99139
San Luis Potosí,Reinversión de utilidades,2006,3,False,75.412953,1.1414860000000004
San Luis Potosí,Reinversión de utilidades,2006,4,False,76.074762,0.6618090000000052
San Luis Potosí,Reinversión de utilidades,2007,1,False,231.349988,231.349988
San Luis Potosí,Reinversión de utilidades,2007,2,False,290.655274,59.305286000000024
San Luis Potosí,Reinversión de utilidades,2007,3,False,291.132933,0.4776589999999601
San Luis Potosí,Reinversión de utilidades,2007,4,False,291.959434,0.8265010000000075
San Luis Potosí,Reinversión de utilidades,2008,1,False,45.504429,45.504429
San Luis Potosí,Reinversión de utilidades,2008,2,False,104.416045,58.911615999999995
San Luis Potosí,Reinversión de utilidades,2008,3,False,103.889015,-0.5270299999999963
San Luis Potosí,Reinversión de utilidades,2008,4,False,104.048325,0.15931000000000495
San Luis Potosí,Reinversión de utilidades,2009,1,False,-40.293132,-40.293132
San Luis Potosí,Reinversión de utilidades,2009,2,False,9.439261,49.732393
San Luis Potosí,Reinversión de utilidades,2009,3,False,6.756534,-2.682727
San Luis Potosí,Reinversión de utilidades,2009,4,False,4.130794,-2.6257400000000004
San Luis Potosí,Reinversión de utilidades,2010,1,False,63.939959,63.939959
San Luis Potosí,Reinversión de utilidades,2010,2,False,102.060305,38.120346
San Luis Potosí,Reinversión de utilidades,2010,3,False,105.539442,3.4791369999999944
San Luis Potosí,Reinversión de utilidades,2010,4,False,106.608931,1.0694890000000044
San Luis Potosí,Reinversión de utilidades,2011,1,False,168.29125508,168.29125508
San Luis Potosí,Reinversión de utilidades,2011,2,False,164.29446308,-3.9967919999999992
San Luis Potosí,Reinversión de utilidades,2011,3,False,180.64545908,16.35099599999998
San Luis Potosí,Reinversión de utilidades,2011,4,False,175.96944308,-4.676016000000004
San Luis Potosí,Reinversión de utilidades,2012,1,False,407.72187657,407.72187657
San Luis Potosí,Reinversión de utilidades,2012,2,False,456.46455248,48.74267591
San Luis Potosí,Reinversión de utilidades,2012,3,False,478.59096248,22.126409999999964
San Luis Potosí,Reinversión de utilidades,2012,4,False,603.21748348,124.62652100000008
San Luis Potosí,Reinversión de utilidades,2013,1,False,471.58201556,471.58201556
San Luis Potosí,Reinversión de utilidades,2013,2,False,595.2764065,123.69439094
San Luis Potosí,Reinversión de utilidades,2013,3,False,600.5656875,5.28928099999996
San Luis Potosí,Reinversión de utilidades,2013,4,False,485.3395735,-115.226114
San Luis Potosí,Reinversión de utilidades,2014,1,False,310.7505482,310.7505482
San Luis Potosí,Reinversión de utilidades,2014,2,False,492.34389524,181.59334703999997
San Luis Potosí,Reinversión de utilidades,2014,3,False,517.26942824,24.92553300000003
San Luis Potosí,Reinversión de utilidades,2014,4,False,568.90666424,51.63723600000003
San Luis Potosí,Reinversión de utilidades,2015,1,False,190.50850587,190.50850587
San Luis Potosí,Reinversión de utilidades,2015,2,False,265.75342649,75.24492061999999
San Luis Potosí,Reinversión de utilidades,2015,3,False,283.21244351,17.459017020000033
San Luis Potosí,Reinversión de utilidades,2015,4,False,261.38554058,-21.826902930000017
San Luis Potosí,Reinversión de utilidades,2016,1,False,130.82441402,130.82441402
San Luis Potosí,Reinversión de utilidades,2016,2,False,185.02344994,54.19903592
San Luis Potosí,Reinversión de utilidades,2016,3,False,212.7426512,27.719201260000006
San Luis Potosí,Reinversión de utilidades,2016,4,False,274.87674043,62.13408922999997
San Luis Potosí,Reinversión de utilidades,2017,1,False,263.60026996,263.60026996
San Luis Potosí,Reinversión de utilidades,2017,2,False,378.86066535,115.26039538999999
San Luis Potosí,Reinversión de utilidades,2017,3,False,373.95363572,-4.907029629999954
San Luis Potosí,Reinversión de utilidades,2017,4,False,417.76752102,43.81388529999998
San Luis Potosí,Reinversión de utilidades,2018,1,False,290.18964973,290.18964973
San Luis Potosí,Reinversión de utilidades,2018,2,False,340.89444248,50.704792750000024
San Luis Potosí,Reinversión de utilidades,2018,3,False,397.97032412,57.07588163999998
San Luis Potosí,Reinversión de utilidades,2018,4,False,510.34121121,112.37088709
San Luis Potosí,Reinversión de utilidades,2019,1,False,247.48370385,247.48370385
San Luis Potosí,Reinversión de utilidades,2019,2,False,351.40130754,103.91760368999999
San Luis Potosí,Reinversión de utilidades,2019,3,False,417.08557721,65.68426966999999
San Luis Potosí,Reinversión de utilidades,2019,4,False,480.63951582,63.55393860999999
San Luis Potosí,Reinversión de utilidades,2020,1,False,321.16467958,321.16467958
San Luis Potosí,Reinversión de utilidades,2020,2,False,316.3747926,-4.789886980000006
San Luis Potosí,Reinversión de utilidades,2020,3,False,335.44811604,19.073323440000024
San Luis Potosí,Reinversión de utilidades,2020,4,False,357.79990712,22.351791079999998
San Luis Potosí,Reinversión de utilidades,2021,1,False,279.57447349,279.57447349
San Luis Potosí,Reinversión de utilidades,2021,2,False,318.13891174,38.56443825000002
San Luis Potosí,Reinversión de utilidades,2021,3,False,354.86821,36.72929825999995
San Luis Potosí,Reinversión de utilidades,2021,4,False,390.66638007,35.798170070000026
San Luis Potosí,Reinversión de utilidades,2022,1,False,291.82844805,291.82844805
San Luis Potosí,Reinversión de utilidades,2022,2,False,358.73380237,66.90535431999996
San Luis Potosí,Reinversión de utilidades,2022,3,False,407.59422966,48.86042729000002
San Luis Potosí,Reinversión de utilidades,2022,4,False,460.02094093,52.42671127
San Luis Potosí,Reinversión de utilidades,2023,1,False,523.32114314,523.32114314
San Luis Potosí,Reinversión de utilidades,2023,2,False,510.67800523,-12.643137910000007
San Luis Potosí,Reinversión de utilidades,2023,3,False,518.8780864,8.200081170000033
San Luis Potosí,Reinversión de utilidades,2023,4,False,476.56643749,-42.31164891000003
San Luis Potosí,Reinversión de utilidades,2024,1,False,459.83640096,459.83640096
San Luis Potosí,Reinversión de utilidades,2024,2,False,544.07174255,84.23534158999996
San Luis Potosí,Reinversión de utilidades,2024,3,False,546.487472,2.4157294500000717
San Luis Potosí,Reinversión de utilidades,2024,4,False,525.55430829,-20.93316371000003
San Luis Potosí,Reinversión de utilidades,2025,1,False,544.35107978,544.35107978
San Luis Potosí,Reinversión de utilidades,2025,2,False,553.80770478,9.456625000000031
San Luis Potosí,Reinversión de utilidades,2025,3,False,466.74790596,-87.05979881999997
San Luis Potosí,Reinversión de utilidades,2025,4,False,421.06109796,-45.68680800000004
Sinaloa,Reinversión de utilidades,2006,1,False,40.94846879,40.94846879
Sinaloa,Reinversión de utilidades,2006,2,False,62.21278679,21.264318000000003
Sinaloa,Reinversión de utilidades,2006,3,False,62.67909079,0.46630399999999383
Sinaloa,Reinversión de utilidades,2006,4,False,62.40744479,-0.27164599999999695
Sinaloa,Reinversión de utilidades,2007,1,False,62.504488,62.504488
Sinaloa,Reinversión de utilidades,2007,2,False,77.295982,14.791493999999993
Sinaloa,Reinversión de utilidades,2007,3,False,78.158579,0.862597000000008
Sinaloa,Reinversión de utilidades,2007,4,False,79.051674,0.8930950000000024
Sinaloa,Reinversión de utilidades,2008,1,False,63.51426158,63.51426158
Sinaloa,Reinversión de utilidades,2008,2,False,86.02430058,22.510039
Sinaloa,Reinversión de utilidades,2008,3,False,86.45616658,0.4318659999999994
Sinaloa,Reinversión de utilidades,2008,4,False,86.95552358,0.4993570000000034
Sinaloa,Reinversión de utilidades,2009,1,False,5.86890968,5.86890968
Sinaloa,Reinversión de utilidades,2009,2,False,51.42014668,45.551237
Sinaloa,Reinversión de utilidades,2009,3,False,60.68321268,9.263065999999995
Sinaloa,Reinversión de utilidades,2009,4,False,50.66663168,-10.016580999999995
Sinaloa,Reinversión de utilidades,2010,1,False,14.53613966,14.53613966
Sinaloa,Reinversión de utilidades,2010,2,False,51.67775366,37.141614000000004
Sinaloa,Reinversión de utilidades,2010,3,False,49.06509566,-2.6126580000000033
Sinaloa,Reinversión de utilidades,2010,4,False,62.67994066,13.614845000000003
Sinaloa,Reinversión de utilidades,2011,1,False,39.91449664,39.91449664
Sinaloa,Reinversión de utilidades,2011,2,False,105.51016264,65.595666
Sinaloa,Reinversión de utilidades,2011,3,False,119.76034864,14.250186
Sinaloa,Reinversión de utilidades,2011,4,False,93.91605264,-25.844296
Sinaloa,Reinversión de utilidades,2012,1,False,27.87723566,27.87723566
Sinaloa,Reinversión de utilidades,2012,2,False,50.7158891,22.838653439999998
Sinaloa,Reinversión de utilidades,2012,3,False,51.3846841,0.6687950000000029
Sinaloa,Reinversión de utilidades,2012,4,False,72.0574291,20.672744999999992
Sinaloa,Reinversión de utilidades,2013,1,False,41.98212117,41.98212117
Sinaloa,Reinversión de utilidades,2013,2,False,111.24664155,69.26452038000001
Sinaloa,Reinversión de utilidades,2013,3,False,114.35321155,3.1065699999999907
Sinaloa,Reinversión de utilidades,2013,4,False,130.67653655,16.32332500000001
Sinaloa,Reinversión de utilidades,2014,1,False,85.78454229,85.78454229
Sinaloa,Reinversión de utilidades,2014,2,False,177.37914232,91.59460003
Sinaloa,Reinversión de utilidades,2014,3,False,180.18614061,2.8069982899999957
Sinaloa,Reinversión de utilidades,2014,4,False,178.66457047,-1.5215701399999944
Sinaloa,Reinversión de utilidades,2015,1,False,56.79194215,56.79194215
Sinaloa,Reinversión de utilidades,2015,2,False,118.00769627,61.21575412
Sinaloa,Reinversión de utilidades,2015,3,False,146.84435807,28.8366618
Sinaloa,Reinversión de utilidades,2015,4,False,170.15839129,23.31403322
Sinaloa,Reinversión de utilidades,2016,1,False,84.63770308,84.63770308
Sinaloa,Reinversión de utilidades,2016,2,False,135.65218493,51.01448185000001
Sinaloa,Reinversión de utilidades,2016,3,False,158.31379023,22.66160529999999
Sinaloa,Reinversión de utilidades,2016,4,False,75.09017305,-83.22361717999999
Sinaloa,Reinversión de utilidades,2017,1,False,112.47501441,112.47501441
Sinaloa,Reinversión de utilidades,2017,2,False,133.6566151,21.18160069000001
Sinaloa,Reinversión de utilidades,2017,3,False,183.40492951,49.74831440999998
Sinaloa,Reinversión de utilidades,2017,4,False,280.642347,97.23741748999998
Sinaloa,Reinversión de utilidades,2018,1,False,91.44450497,91.44450497
Sinaloa,Reinversión de utilidades,2018,2,False,90.12336727,-1.3211376999999942
Sinaloa,Reinversión de utilidades,2018,3,False,87.5316859,-2.5916813700000034
Sinaloa,Reinversión de utilidades,2018,4,False,79.14399142,-8.387694479999993
Sinaloa,Reinversión de utilidades,2019,1,False,130.50411704,130.50411704
Sinaloa,Reinversión de utilidades,2019,2,False,149.68343958,19.179322539999987
Sinaloa,Reinversión de utilidades,2019,3,False,164.87597338,15.192533800000007
Sinaloa,Reinversión de utilidades,2019,4,False,183.46238825,18.58641487
Sinaloa,Reinversión de utilidades,2020,1,False,135.40087248,135.40087248
Sinaloa,Reinversión de utilidades,2020,2,False,133.41103684,-1.9898356399999955
Sinaloa,Reinversión de utilidades,2020,3,False,140.17236346,6.7613266200000055
Sinaloa,Reinversión de utilidades,2020,4,False,130.48958051,-9.682782950000018
Sinaloa,Reinversión de utilidades,2021,1,False,266.00643143,266.00643143
Sinaloa,Reinversión de utilidades,2021,2,False,278.04222276,12.035791329999995
Sinaloa,Reinversión de utilidades,2021,3,False,277.32729529,-0.7149274700000205
Sinaloa,Reinversión de utilidades,2021,4,False,271.67489271,-5.65240258
Sinaloa,Reinversión de utilidades,2022,1,False,185.25938067,185.25938067
Sinaloa,Reinversión de utilidades,2022,2,False,207.66566749,22.40628681999999
Sinaloa,Reinversión de utilidades,2022,3,False,229.2475067,21.58183921
Sinaloa,Reinversión de utilidades,2022,4,False,237.77052741,8.523020709999997
Sinaloa,Reinversión de utilidades,2023,1,False,145.23358224,145.23358224
Sinaloa,Reinversión de utilidades,2023,2,False,132.1311536,-13.10242864
Sinaloa,Reinversión de utilidades,2023,3,False,141.22538855,9.094234949999986
Sinaloa,Reinversión de utilidades,2023,4,False,138.50444758,-2.7209409699999867
Sinaloa,Reinversión de utilidades,2024,1,False,119.59080264,119.59080264
Sinaloa,Reinversión de utilidades,2024,2,False,211.43744596,91.84664331999998
Sinaloa,Reinversión de utilidades,2024,3,False,199.3489927,-12.088453259999994
Sinaloa,Reinversión de utilidades,2024,4,False,195.4551779,-3.8938148000000012
Sinaloa,Reinversión de utilidades,2025,1,False,24.81768458,24.81768458
Sinaloa,Reinversión de utilidades,2025,2,False,28.05629422,3.23860964
Sinaloa,Reinversión de utilidades,2025,3,False,24.78776047,-3.268533750000003
Sinaloa,Reinversión de utilidades,2025,4,False,9.28551099,-15.502249479999998
Sonora,Reinversión de utilidades,2006,1,False,38.182584,38.182584
Sonora,Reinversión de utilidades,2006,2,False,76.260106,38.077521999999995
Sonora,Reinversión de utilidades,2006,3,False,78.279257,2.019151000000008
Sonora,Reinversión de utilidades,2006,4,False,79.405852,1.1265949999999947
Sonora,Reinversión de utilidades,2007,1,False,303.359159,303.359159
Sonora,Reinversión de utilidades,2007,2,False,376.268901,72.90974200000005
Sonora,Reinversión de utilidades,2007,3,False,376.914033,0.6451319999999896
Sonora,Reinversión de utilidades,2007,4,False,378.959504,2.0454709999999636
Sonora,Reinversión de utilidades,2008,1,False,88.705225,88.705225
Sonora,Reinversión de utilidades,2008,2,False,145.425337,56.720112000000015
Sonora,Reinversión de utilidades,2008,3,False,145.107112,-0.3182250000000124
Sonora,Reinversión de utilidades,2008,4,False,156.656138,11.549025999999998
Sonora,Reinversión de utilidades,2009,1,False,-105.33285,-105.33285
Sonora,Reinversión de utilidades,2009,2,False,-51.422612,53.91023799999999
Sonora,Reinversión de utilidades,2009,3,False,-57.77322,-6.350608000000001
Sonora,Reinversión de utilidades,2009,4,False,-2.178438,55.594782
Sonora,Reinversión de utilidades,2010,1,False,86.628923,86.628923
Sonora,Reinversión de utilidades,2010,2,False,135.137568,48.50864499999999
Sonora,Reinversión de utilidades,2010,3,False,137.535388,2.3978200000000243
Sonora,Reinversión de utilidades,2010,4,False,362.295392,224.76000399999998
Sonora,Reinversión de utilidades,2011,1,False,237.9426215,237.9426215
Sonora,Reinversión de utilidades,2011,2,False,183.7273075,-54.215314000000006
Sonora,Reinversión de utilidades,2011,3,False,196.8202735,13.092966000000018
Sonora,Reinversión de utilidades,2011,4,False,350.2933715,153.47309799999996
Sonora,Reinversión de utilidades,2012,1,False,645.90190715,645.90190715
Sonora,Reinversión de utilidades,2012,2,False,645.2765424,-0.625364750000017
Sonora,Reinversión de utilidades,2012,3,False,648.1965214,2.919979000000012
Sonora,Reinversión de utilidades,2012,4,False,875.1723964,226.97587499999997
Sonora,Reinversión de utilidades,2013,1,False,811.66868268,811.66868268
Sonora,Reinversión de utilidades,2013,2,False,879.51621053,67.84752785
Sonora,Reinversión de utilidades,2013,3,False,1227.51994453,348.003734
Sonora,Reinversión de utilidades,2013,4,False,1291.35489453,63.834949999999935
Sonora,Reinversión de utilidades,2014,1,False,544.46388414,544.46388414
Sonora,Reinversión de utilidades,2014,2,False,662.78845283,118.32456868999998
Sonora,Reinversión de utilidades,2014,3,False,650.93668368,-11.851769149999996
Sonora,Reinversión de utilidades,2014,4,False,676.54188903,25.605205350000006
Sonora,Reinversión de utilidades,2015,1,False,323.47239833,323.47239833
Sonora,Reinversión de utilidades,2015,2,False,392.44001596,68.96761763
Sonora,Reinversión de utilidades,2015,3,False,404.96114721,12.521131249999996
Sonora,Reinversión de utilidades,2015,4,False,431.6556422,26.69449499000001
Sonora,Reinversión de utilidades,2016,1,False,154.15290527,154.15290527
Sonora,Reinversión de utilidades,2016,2,False,221.1970509,67.04414563
Sonora,Reinversión de utilidades,2016,3,False,232.61917621,11.422125310000013
Sonora,Reinversión de utilidades,2016,4,False,333.38720788,100.76803167
Sonora,Reinversión de utilidades,2017,1,False,353.27169943,353.27169943
Sonora,Reinversión de utilidades,2017,2,False,393.50488805,40.233188619999964
Sonora,Reinversión de utilidades,2017,3,False,328.05070696,-65.45418108999996
Sonora,Reinversión de utilidades,2017,4,False,331.13168572,3.0809787599999936
Sonora,Reinversión de utilidades,2018,1,False,562.71158041,562.71158041
Sonora,Reinversión de utilidades,2018,2,False,556.43413465,-6.277445759999978
Sonora,Reinversión de utilidades,2018,3,False,257.50354486,-298.93058979000006
Sonora,Reinversión de utilidades,2018,4,False,-37.13536064,-294.63890549999996
Sonora,Reinversión de utilidades,2019,1,False,396.18510354,396.18510354
Sonora,Reinversión de utilidades,2019,2,False,438.21175133,42.02664779000003
Sonora,Reinversión de utilidades,2019,3,False,444.50000544,6.2882541099999685
Sonora,Reinversión de utilidades,2019,4,False,440.28127952,-4.218725919999997
Sonora,Reinversión de utilidades,2020,1,False,257.71324964,257.71324964
Sonora,Reinversión de utilidades,2020,2,False,265.63414146,7.9208918200000085
Sonora,Reinversión de utilidades,2020,3,False,272.1695337,6.535392239999965
Sonora,Reinversión de utilidades,2020,4,False,266.59249531,-5.577038389999984
Sonora,Reinversión de utilidades,2021,1,False,55.40742893,55.40742893
Sonora,Reinversión de utilidades,2021,2,False,54.52158669,-0.8858422400000023
Sonora,Reinversión de utilidades,2021,3,False,41.55286129,-12.968725399999997
Sonora,Reinversión de utilidades,2021,4,False,91.94059118,50.387729889999996
Sonora,Reinversión de utilidades,2022,1,False,156.5577941,156.5577941
Sonora,Reinversión de utilidades,2022,2,False,178.04353241,21.485738310000016
Sonora,Reinversión de utilidades,2022,3,False,242.9071793,64.86364688999998
Sonora,Reinversión de utilidades,2022,4,False,215.23059875,-27.676580549999983
Sonora,Reinversión de utilidades,2023,1,False,290.2107992,290.2107992
Sonora,Reinversión de utilidades,2023,2,False,2247.77886502,1957.56806582
Sonora,Reinversión de utilidades,2023,3,False,2250.30154448,2.5226794599998357
Sonora,Reinversión de utilidades,2023,4,False,2235.19602428,-15.105520199999773
Sonora,Reinversión de utilidades,2024,1,False,78.14012527,78.14012527
Sonora,Reinversión de utilidades,2024,2,False,79.3189006,1.1787753300000077
Sonora,Reinversión de utilidades,2024,3,False,178.14870131,98.82980071
Sonora,Reinversión de utilidades,2024,4,False,169.80195636,-8.346744950000016
Sonora,Reinversión de utilidades,2025,1,False,58.84587787,58.84587787
Sonora,Reinversión de utilidades,2025,2,False,325.01875937,266.1728815
Sonora,Reinversión de utilidades,2025,3,False,334.38003028,9.36127091000003
Sonora,Reinversión de utilidades,2025,4,False,318.23131678,-16.148713500000042
Tabasco,Reinversión de utilidades,2006,1,False,22.351002,22.351002
Tabasco,Reinversión de utilidades,2006,2,False,35.895903,13.544900999999996
Tabasco,Reinversión de utilidades,2006,3,False,36.972846,1.076943
Tabasco,Reinversión de utilidades,2006,4,False,36.852311,-0.12053499999999673
Tabasco,Reinversión de utilidades,2007,1,False,37.733867,37.733867
Tabasco,Reinversión de utilidades,2007,2,False,49.790687,12.056820000000002
Tabasco,Reinversión de utilidades,2007,3,False,49.746208,-0.044478999999995494
Tabasco,Reinversión de utilidades,2007,4,False,49.602722,-0.1434860000000029
Tabasco,Reinversión de utilidades,2008,1,False,57.386229,57.386229
Tabasco,Reinversión de utilidades,2008,2,False,81.667163,24.280934000000002
Tabasco,Reinversión de utilidades,2008,3,False,73.145265,-8.521898000000007
Tabasco,Reinversión de utilidades,2008,4,False,67.484709,-5.660556
Tabasco,Reinversión de utilidades,2009,1,False,15.867022,15.867022
Tabasco,Reinversión de utilidades,2009,2,False,35.921502,20.054479999999998
Tabasco,Reinversión de utilidades,2009,3,False,43.097542,7.17604
Tabasco,Reinversión de utilidades,2009,4,False,44.444688,1.3471460000000022
Tabasco,Reinversión de utilidades,2010,1,False,21.532557,21.532557
Tabasco,Reinversión de utilidades,2010,2,False,57.706001,36.173444
Tabasco,Reinversión de utilidades,2010,3,False,57.173505,-0.5324960000000019
Tabasco,Reinversión de utilidades,2010,4,False,58.159266,0.9857610000000037
Tabasco,Reinversión de utilidades,2011,1,False,29.94055963,29.94055963
Tabasco,Reinversión de utilidades,2011,2,False,87.64385983,57.7033002
Tabasco,Reinversión de utilidades,2011,3,False,97.74454083,10.100681000000009
Tabasco,Reinversión de utilidades,2011,4,False,82.89417683,-14.850363999999999
Tabasco,Reinversión de utilidades,2012,1,False,43.3541148,43.3541148
Tabasco,Reinversión de utilidades,2012,2,False,47.16669267,3.8125778700000055
Tabasco,Reinversión de utilidades,2012,3,False,51.61004267,4.443349999999995
Tabasco,Reinversión de utilidades,2012,4,False,73.11469367,21.504650999999996
Tabasco,Reinversión de utilidades,2013,1,False,48.27648108,48.27648108
Tabasco,Reinversión de utilidades,2013,2,False,88.15502018,39.87853909999999
Tabasco,Reinversión de utilidades,2013,3,False,101.82559818,13.670578000000006
Tabasco,Reinversión de utilidades,2013,4,False,113.58114018,11.755542000000005
Tabasco,Reinversión de utilidades,2014,1,False,80.2163112,80.2163112
Tabasco,Reinversión de utilidades,2014,2,False,97.91799311,17.70168190999999
Tabasco,Reinversión de utilidades,2014,3,False,96.38607311,-1.5319199999999995
Tabasco,Reinversión de utilidades,2014,4,False,97.06304411,0.6769710000000089
Tabasco,Reinversión de utilidades,2015,1,False,63.86466187,63.86466187
Tabasco,Reinversión de utilidades,2015,2,False,91.55146707,27.686805200000002
Tabasco,Reinversión de utilidades,2015,3,False,103.43651794,11.88505087
Tabasco,Reinversión de utilidades,2015,4,False,110.62302887,7.186510929999997
Tabasco,Reinversión de utilidades,2016,1,False,65.60345915,65.60345915
Tabasco,Reinversión de utilidades,2016,2,False,83.46418,17.860720849999993
Tabasco,Reinversión de utilidades,2016,3,False,94.7268533,11.262673300000003
Tabasco,Reinversión de utilidades,2016,4,False,94.41460567,-0.31224763000000166
Tabasco,Reinversión de utilidades,2017,1,False,72.05859687,72.05859687
Tabasco,Reinversión de utilidades,2017,2,False,80.61892056,8.560323690000004
Tabasco,Reinversión de utilidades,2017,3,False,88.92142939,8.302508829999994
Tabasco,Reinversión de utilidades,2017,4,False,63.52295665,-25.398472740000003
Tabasco,Reinversión de utilidades,2018,1,False,63.51092967,63.51092967
Tabasco,Reinversión de utilidades,2018,2,False,63.04293091,-0.4679987600000004
Tabasco,Reinversión de utilidades,2018,3,False,61.17228229,-1.8706486200000043
Tabasco,Reinversión de utilidades,2018,4,False,52.31016754,-8.862114749999996
Tabasco,Reinversión de utilidades,2019,1,False,101.26881095,101.26881095
Tabasco,Reinversión de utilidades,2019,2,False,108.2541138,6.9853028499999965
Tabasco,Reinversión de utilidades,2019,3,False,114.33363432,6.079520520000003
Tabasco,Reinversión de utilidades,2019,4,False,117.42635627,3.092721949999998
Tabasco,Reinversión de utilidades,2020,1,False,102.13955481,102.13955481
Tabasco,Reinversión de utilidades,2020,2,False,105.31431273,3.1747579199999905
Tabasco,Reinversión de utilidades,2020,3,False,98.29547339,-7.0188393399999995
Tabasco,Reinversión de utilidades,2020,4,False,88.93512738,-9.36034601
Tabasco,Reinversión de utilidades,2021,1,False,93.19679851,93.19679851
Tabasco,Reinversión de utilidades,2021,2,False,150.05527336,56.85847485000001
Tabasco,Reinversión de utilidades,2021,3,False,149.22536655,-0.8299068100000113
Tabasco,Reinversión de utilidades,2021,4,False,142.04637286,-7.178993689999999
Tabasco,Reinversión de utilidades,2022,1,False,105.9633567,105.9633567
Tabasco,Reinversión de utilidades,2022,2,False,141.13402054,35.17066383999999
Tabasco,Reinversión de utilidades,2022,3,False,142.32519139,1.1911708499999918
Tabasco,Reinversión de utilidades,2022,4,False,128.4670014,-13.85818999
Tabasco,Reinversión de utilidades,2023,1,False,118.37932156,118.37932156
Tabasco,Reinversión de utilidades,2023,2,False,149.01501468,30.635693120000013
Tabasco,Reinversión de utilidades,2023,3,False,336.08930151,187.07428682999998
Tabasco,Reinversión de utilidades,2023,4,False,314.12640254,-21.96289896999997
Tabasco,Reinversión de utilidades,2024,1,False,236.53952621,236.53952621
Tabasco,Reinversión de utilidades,2024,2,False,295.55690428,59.017378070000035
Tabasco,Reinversión de utilidades,2024,3,False,290.84929887,-4.707605410000042
Tabasco,Reinversión de utilidades,2024,4,False,290.75156579,-0.0977330800000118
Tabasco,Reinversión de utilidades,2025,1,False,18.57942355,18.57942355
Tabasco,Reinversión de utilidades,2025,2,False,31.28833526,12.708911709999999
Tabasco,Reinversión de utilidades,2025,3,False,142.72571701,111.43738175000001
Tabasco,Reinversión de utilidades,2025,4,False,137.01547525,-5.710241760000002
Tamaulipas,Reinversión de utilidades,2006,1,False,37.087435,37.087435
Tamaulipas,Reinversión de utilidades,2006,2,False,81.94755,44.86011500000001
Tamaulipas,Reinversión de utilidades,2006,3,False,86.154123,4.206572999999992
Tamaulipas,Reinversión de utilidades,2006,4,False,88.541236,2.3871129999999994
Tamaulipas,Reinversión de utilidades,2007,1,False,56.741019,56.741019
Tamaulipas,Reinversión de utilidades,2007,2,False,100.970989,44.22997
Tamaulipas,Reinversión de utilidades,2007,3,False,104.421923,3.4509340000000037
Tamaulipas,Reinversión de utilidades,2007,4,False,104.483713,0.0617899999999878
Tamaulipas,Reinversión de utilidades,2008,1,False,107.70903,107.70903
Tamaulipas,Reinversión de utilidades,2008,2,False,179.795345,72.086315
Tamaulipas,Reinversión de utilidades,2008,3,False,174.227025,-5.56832
Tamaulipas,Reinversión de utilidades,2008,4,False,175.574905,1.3478800000000035
Tamaulipas,Reinversión de utilidades,2009,1,False,36.945147,36.945147
Tamaulipas,Reinversión de utilidades,2009,2,False,83.613558,46.668411
Tamaulipas,Reinversión de utilidades,2009,3,False,94.377882,10.764324000000002
Tamaulipas,Reinversión de utilidades,2009,4,False,97.180039,2.802156999999994
Tamaulipas,Reinversión de utilidades,2010,1,False,45.029233,45.029233
Tamaulipas,Reinversión de utilidades,2010,2,False,116.434562,71.405329
Tamaulipas,Reinversión de utilidades,2010,3,False,116.432073,-0.002488999999997077
Tamaulipas,Reinversión de utilidades,2010,4,False,126.054161,9.62208799999999
Tamaulipas,Reinversión de utilidades,2011,1,False,76.04117376,76.04117376
Tamaulipas,Reinversión de utilidades,2011,2,False,160.28050476,84.239331
Tamaulipas,Reinversión de utilidades,2011,3,False,169.94546376,9.664958999999982
Tamaulipas,Reinversión de utilidades,2011,4,False,199.74098176,29.795518000000015
Tamaulipas,Reinversión de utilidades,2012,1,False,141.61860509,141.61860509
Tamaulipas,Reinversión de utilidades,2012,2,False,176.52262291,34.90401782000001
Tamaulipas,Reinversión de utilidades,2012,3,False,184.27765691,7.755033999999995
Tamaulipas,Reinversión de utilidades,2012,4,False,332.69214991,148.41449300000002
Tamaulipas,Reinversión de utilidades,2013,1,False,151.84996701,151.84996701
Tamaulipas,Reinversión de utilidades,2013,2,False,441.79075891,289.9407919
Tamaulipas,Reinversión de utilidades,2013,3,False,445.21564691,3.424887999999953
Tamaulipas,Reinversión de utilidades,2013,4,False,214.69612791,-230.51951899999997
Tamaulipas,Reinversión de utilidades,2014,1,False,106.02941725,106.02941725
Tamaulipas,Reinversión de utilidades,2014,2,False,328.13633318,222.10691593
Tamaulipas,Reinversión de utilidades,2014,3,False,330.80933918,2.6730059999999867
Tamaulipas,Reinversión de utilidades,2014,4,False,399.56132618,68.75198699999999
Tamaulipas,Reinversión de utilidades,2015,1,False,119.5584289,119.5584289
Tamaulipas,Reinversión de utilidades,2015,2,False,186.26757896,66.70915006000001
Tamaulipas,Reinversión de utilidades,2015,3,False,216.72709944,30.45952047999998
Tamaulipas,Reinversión de utilidades,2015,4,False,176.4049183,-40.32218114
Tamaulipas,Reinversión de utilidades,2016,1,False,112.01316643,112.01316643
Tamaulipas,Reinversión de utilidades,2016,2,False,235.25567892,123.24251249000001
Tamaulipas,Reinversión de utilidades,2016,3,False,263.18551783,27.929838909999972
Tamaulipas,Reinversión de utilidades,2016,4,False,292.28885193,29.10333410000004
Tamaulipas,Reinversión de utilidades,2017,1,False,258.03882311,258.03882311
Tamaulipas,Reinversión de utilidades,2017,2,False,284.56946151,26.530638399999987
Tamaulipas,Reinversión de utilidades,2017,3,False,313.3541945,28.78473299000001
Tamaulipas,Reinversión de utilidades,2017,4,False,143.81132155,-169.54287295
Tamaulipas,Reinversión de utilidades,2018,1,False,229.91346295,229.91346295
Tamaulipas,Reinversión de utilidades,2018,2,False,300.90155943,70.98809648000002
Tamaulipas,Reinversión de utilidades,2018,3,False,370.93959243,70.03803299999998
Tamaulipas,Reinversión de utilidades,2018,4,False,421.81789947,50.87830703999998
Tamaulipas,Reinversión de utilidades,2019,1,False,335.20532989,335.20532989
Tamaulipas,Reinversión de utilidades,2019,2,False,369.46261323,34.257283340000015
Tamaulipas,Reinversión de utilidades,2019,3,False,372.41766443,2.955051200000014
Tamaulipas,Reinversión de utilidades,2019,4,False,397.20353499,24.785870559999978
Tamaulipas,Reinversión de utilidades,2020,1,False,166.16653933,166.16653933
Tamaulipas,Reinversión de utilidades,2020,2,False,158.1454704,-8.021068930000013
Tamaulipas,Reinversión de utilidades,2020,3,False,164.1013569,5.95588650000002
Tamaulipas,Reinversión de utilidades,2020,4,False,180.61149338,16.51013648
Tamaulipas,Reinversión de utilidades,2021,1,False,289.82976903,289.82976903
Tamaulipas,Reinversión de utilidades,2021,2,False,342.82076299,52.99099395999997
Tamaulipas,Reinversión de utilidades,2021,3,False,429.29498406,86.47422107
Tamaulipas,Reinversión de utilidades,2021,4,False,466.2335727,36.938588640000035
Tamaulipas,Reinversión de utilidades,2022,1,False,434.97376245,434.97376245
Tamaulipas,Reinversión de utilidades,2022,2,False,517.38585495,82.41209249999997
Tamaulipas,Reinversión de utilidades,2022,3,False,541.57925437,24.19339941999999
Tamaulipas,Reinversión de utilidades,2022,4,False,583.5331814,41.953927030000045
Tamaulipas,Reinversión de utilidades,2023,1,False,180.49885143,180.49885143
Tamaulipas,Reinversión de utilidades,2023,2,False,198.26480658,17.765955149999996
Tamaulipas,Reinversión de utilidades,2023,3,False,206.50707126,8.242264680000005
Tamaulipas,Reinversión de utilidades,2023,4,False,179.83881795,-26.66825331000001
Tamaulipas,Reinversión de utilidades,2024,1,False,156.49256296,156.49256296
Tamaulipas,Reinversión de utilidades,2024,2,False,187.25167966,30.75911670000002
Tamaulipas,Reinversión de utilidades,2024,3,False,182.17728457,-5.074395089999996
Tamaulipas,Reinversión de utilidades,2024,4,False,158.52502837,-23.65225620000001
Tamaulipas,Reinversión de utilidades,2025,1,False,197.01748797,197.01748797
Tamaulipas,Reinversión de utilidades,2025,2,False,334.75598843,137.73850046
Tamaulipas,Reinversión de utilidades,2025,3,False,357.08632614,22.33033770999998
Tamaulipas,Reinversión de utilidades,2025,4,False,350.37996316,-6.706362979999994
Tlaxcala,Reinversión de utilidades,2006,1,False,98.543095,98.543095
Tlaxcala,Reinversión de utilidades,2006,2,False,105.458787,6.915692000000007
Tlaxcala,Reinversión de utilidades,2006,3,False,111.470341,6.011554000000004
Tlaxcala,Reinversión de utilidades,2006,4,False,138.685907,27.21556599999998
Tlaxcala,Reinversión de utilidades,2007,1,False,8.557216,8.557216
Tlaxcala,Reinversión de utilidades,2007,2,False,15.106849,6.549633
Tlaxcala,Reinversión de utilidades,2007,3,False,17.760626,2.653776999999998
Tlaxcala,Reinversión de utilidades,2007,4,False,17.793925,0.033299000000003076
Tlaxcala,Reinversión de utilidades,2008,1,False,48.526747,48.526747
Tlaxcala,Reinversión de utilidades,2008,2,False,63.859158,15.332411
Tlaxcala,Reinversión de utilidades,2008,3,False,62.725852,-1.1333059999999975
Tlaxcala,Reinversión de utilidades,2008,4,False,62.621117,-0.10473500000000513
Tlaxcala,Reinversión de utilidades,2009,1,False,27.106896,27.106896
Tlaxcala,Reinversión de utilidades,2009,2,False,33.823104,6.716208000000002
Tlaxcala,Reinversión de utilidades,2009,3,False,39.059123,5.236018999999999
Tlaxcala,Reinversión de utilidades,2009,4,False,40.036749,0.9776260000000008
Tlaxcala,Reinversión de utilidades,2010,1,False,15.6826074,15.6826074
Tlaxcala,Reinversión de utilidades,2010,2,False,25.0984734,9.415866
Tlaxcala,Reinversión de utilidades,2010,3,False,24.4322984,-0.6661749999999991
Tlaxcala,Reinversión de utilidades,2010,4,False,22.6733324,-1.758966000000001
Tlaxcala,Reinversión de utilidades,2011,1,False,103.48406,103.48406
Tlaxcala,Reinversión de utilidades,2011,2,False,141.666064,38.182004000000006
Tlaxcala,Reinversión de utilidades,2011,3,False,155.042431,13.376366999999988
Tlaxcala,Reinversión de utilidades,2011,4,False,152.975297,-2.0671339999999816
Tlaxcala,Reinversión de utilidades,2012,1,False,36.03237078,36.03237078
Tlaxcala,Reinversión de utilidades,2012,2,False,65.30041178,29.268041000000004
Tlaxcala,Reinversión de utilidades,2012,3,False,65.31695978,0.01654800000000023
Tlaxcala,Reinversión de utilidades,2012,4,False,69.71273778,4.395777999999993
Tlaxcala,Reinversión de utilidades,2013,1,False,46.45377659,46.45377659
Tlaxcala,Reinversión de utilidades,2013,2,False,67.59653059,21.142754000000004
Tlaxcala,Reinversión de utilidades,2013,3,False,66.92341159,-0.6731189999999998
Tlaxcala,Reinversión de utilidades,2013,4,False,74.98683259,8.063421000000005
Tlaxcala,Reinversión de utilidades,2014,1,False,44.07231511,44.07231511
Tlaxcala,Reinversión de utilidades,2014,2,False,125.33739611,81.26508100000001
Tlaxcala,Reinversión de utilidades,2014,3,False,126.60836411,1.2709679999999963
Tlaxcala,Reinversión de utilidades,2014,4,False,128.55951111,1.9511469999999917
Tlaxcala,Reinversión de utilidades,2015,1,False,54.34025032,54.34025032
Tlaxcala,Reinversión de utilidades,2015,2,False,71.26190032,16.921649999999993
Tlaxcala,Reinversión de utilidades,2015,3,False,76.50392032,5.242020000000011
Tlaxcala,Reinversión de utilidades,2015,4,False,79.15167932,2.6477589999999935
Tlaxcala,Reinversión de utilidades,2016,1,False,41.78586612,41.78586612
Tlaxcala,Reinversión de utilidades,2016,2,False,69.38443112,27.598565
Tlaxcala,Reinversión de utilidades,2016,3,False,72.17031812,2.7858870000000024
Tlaxcala,Reinversión de utilidades,2016,4,False,71.95055881,-0.2197593100000006
Tlaxcala,Reinversión de utilidades,2017,1,False,65.71216888,65.71216888
Tlaxcala,Reinversión de utilidades,2017,2,False,73.15593396,7.443765080000006
Tlaxcala,Reinversión de utilidades,2017,3,False,73.30661063,0.15067666999999574
Tlaxcala,Reinversión de utilidades,2017,4,False,67.49804916,-5.808561470000001
Tlaxcala,Reinversión de utilidades,2018,1,False,104.18330663,104.18330663
Tlaxcala,Reinversión de utilidades,2018,2,False,122.6143346,18.431027970000002
Tlaxcala,Reinversión de utilidades,2018,3,False,131.81509244,9.200757839999994
Tlaxcala,Reinversión de utilidades,2018,4,False,133.97994323,2.1648507900000027
Tlaxcala,Reinversión de utilidades,2019,1,False,93.34262691,93.34262691
Tlaxcala,Reinversión de utilidades,2019,2,False,113.0432936,19.70066668999999
Tlaxcala,Reinversión de utilidades,2019,3,False,121.63338213,8.590088530000003
Tlaxcala,Reinversión de utilidades,2019,4,False,135.03354666,13.400164530000012
Tlaxcala,Reinversión de utilidades,2020,1,False,91.67755852,91.67755852
Tlaxcala,Reinversión de utilidades,2020,2,False,99.60653639,7.928977869999997
Tlaxcala,Reinversión de utilidades,2020,3,False,106.25152468,6.644988290000001
Tlaxcala,Reinversión de utilidades,2020,4,False,112.43956164,6.188036959999991
Tlaxcala,Reinversión de utilidades,2021,1,False,37.96967359,37.96967359
Tlaxcala,Reinversión de utilidades,2021,2,False,36.69742891,-1.27224468
Tlaxcala,Reinversión de utilidades,2021,3,False,36.20333819,-0.49409072000000265
Tlaxcala,Reinversión de utilidades,2021,4,False,33.46048946,-2.7428487299999986
Tlaxcala,Reinversión de utilidades,2022,1,False,62.67450411,62.67450411
Tlaxcala,Reinversión de utilidades,2022,2,False,114.29846864,51.623964529999995
Tlaxcala,Reinversión de utilidades,2022,3,False,158.93199513,44.633526489999994
Tlaxcala,Reinversión de utilidades,2022,4,False,205.98304718,47.05105205000001
Tlaxcala,Reinversión de utilidades,2023,1,False,230.73969223,230.73969223
Tlaxcala,Reinversión de utilidades,2023,2,False,233.05842549,2.3187332599999877
Tlaxcala,Reinversión de utilidades,2023,3,False,276.19994813,43.141522640000005
Tlaxcala,Reinversión de utilidades,2023,4,False,303.68866695,27.48871882000003
Tlaxcala,Reinversión de utilidades,2024,1,False,48.91552657,48.91552657
Tlaxcala,Reinversión de utilidades,2024,2,False,69.30165272,20.38612615000001
Tlaxcala,Reinversión de utilidades,2024,3,False,69.24068191,-0.0609708100000006
Tlaxcala,Reinversión de utilidades,2024,4,False,67.90820735,-1.3324745600000085
Tlaxcala,Reinversión de utilidades,2025,1,False,9.64415312,9.64415312
Tlaxcala,Reinversión de utilidades,2025,2,False,42.03476472,32.3906116
Tlaxcala,Reinversión de utilidades,2025,3,False,43.50548862,1.470723900000003
Tlaxcala,Reinversión de utilidades,2025,4,False,41.3560483,-2.1494403200000036
Veracruz,Reinversión de utilidades,2006,1,False,79.611357,79.611357
Veracruz,Reinversión de utilidades,2006,2,False,151.806668,72.195311
Veracruz,Reinversión de utilidades,2006,3,False,154.159919,2.353251
Veracruz,Reinversión de utilidades,2006,4,False,168.022331,13.862412000000006
Veracruz,Reinversión de utilidades,2007,1,False,116.421444,116.421444
Veracruz,Reinversión de utilidades,2007,2,False,184.387366,67.96592199999999
Veracruz,Reinversión de utilidades,2007,3,False,186.182702,1.7953360000000202
Veracruz,Reinversión de utilidades,2007,4,False,201.174048,14.991345999999993
Veracruz,Reinversión de utilidades,2008,1,False,138.277881,138.277881
Veracruz,Reinversión de utilidades,2008,2,False,242.099385,103.821504
Veracruz,Reinversión de utilidades,2008,3,False,233.049594,-9.049790999999999
Veracruz,Reinversión de utilidades,2008,4,False,230.95516322,-2.0944307800000104
Veracruz,Reinversión de utilidades,2009,1,False,55.54346254,55.54346254
Veracruz,Reinversión de utilidades,2009,2,False,131.03943154,75.495969
Veracruz,Reinversión de utilidades,2009,3,False,151.38025754,20.340825999999993
Veracruz,Reinversión de utilidades,2009,4,False,155.57322054,4.192962999999992
Veracruz,Reinversión de utilidades,2010,1,False,85.777945,85.777945
Veracruz,Reinversión de utilidades,2010,2,False,165.30484,79.52689500000001
Veracruz,Reinversión de utilidades,2010,3,False,176.864757,11.559916999999984
Veracruz,Reinversión de utilidades,2010,4,False,136.046711,-40.81804600000001
Veracruz,Reinversión de utilidades,2011,1,False,90.8872858,90.8872858
Veracruz,Reinversión de utilidades,2011,2,False,243.23039456,152.34310876
Veracruz,Reinversión de utilidades,2011,3,False,281.14741956,37.917024999999995
Veracruz,Reinversión de utilidades,2011,4,False,319.29340105,38.14598149
Veracruz,Reinversión de utilidades,2012,1,False,119.57896562,119.57896562
Veracruz,Reinversión de utilidades,2012,2,False,153.64250552,34.06353989999998
Veracruz,Reinversión de utilidades,2012,3,False,165.51690052,11.874395000000021
Veracruz,Reinversión de utilidades,2012,4,False,244.83246298,79.31556246
Veracruz,Reinversión de utilidades,2013,1,False,197.5657545,197.5657545
Veracruz,Reinversión de utilidades,2013,2,False,511.99292953,314.42717503000006
Veracruz,Reinversión de utilidades,2013,3,False,525.76361353,13.770684000000017
Veracruz,Reinversión de utilidades,2013,4,False,736.57423089,210.81061735999992
Veracruz,Reinversión de utilidades,2014,1,False,270.84161885,270.84161885
Veracruz,Reinversión de utilidades,2014,2,False,479.91221258,209.07059373000004
Veracruz,Reinversión de utilidades,2014,3,False,490.19052758,10.278314999999964
Veracruz,Reinversión de utilidades,2014,4,False,479.68233698,-10.508190599999978
Veracruz,Reinversión de utilidades,2015,1,False,259.98070944,259.98070944
Veracruz,Reinversión de utilidades,2015,2,False,383.87493884,123.89422940000003
Veracruz,Reinversión de utilidades,2015,3,False,412.20863209,28.333693249999953
Veracruz,Reinversión de utilidades,2015,4,False,442.1907395,29.982107410000026
Veracruz,Reinversión de utilidades,2016,1,False,251.11366483,251.11366483
Veracruz,Reinversión de utilidades,2016,2,False,306.82135481,55.70768998
Veracruz,Reinversión de utilidades,2016,3,False,344.85218366,38.03082884999998
Veracruz,Reinversión de utilidades,2016,4,False,341.65318814,-3.1989955199999827
Veracruz,Reinversión de utilidades,2017,1,False,369.98401595,369.98401595
Veracruz,Reinversión de utilidades,2017,2,False,414.98437713,45.00036117999997
Veracruz,Reinversión de utilidades,2017,3,False,433.58581123,18.601434100000006
Veracruz,Reinversión de utilidades,2017,4,False,366.88162585,-66.70418538000001
Veracruz,Reinversión de utilidades,2018,1,False,477.47214729,477.47214729
Veracruz,Reinversión de utilidades,2018,2,False,526.22052357,48.748376279999945
Veracruz,Reinversión de utilidades,2018,3,False,580.76317113,54.54264756000009
Veracruz,Reinversión de utilidades,2018,4,False,580.11440467,-0.6487664600000471
Veracruz,Reinversión de utilidades,2019,1,False,583.34617337,583.34617337
Veracruz,Reinversión de utilidades,2019,2,False,714.34306082,130.99688745000003
Veracruz,Reinversión de utilidades,2019,3,False,738.66226748,24.319206659999963
Veracruz,Reinversión de utilidades,2019,4,False,721.79187247,-16.870395009999925
Veracruz,Reinversión de utilidades,2020,1,False,425.59216703,425.59216703
Veracruz,Reinversión de utilidades,2020,2,False,415.8668212,-9.72534582999998
Veracruz,Reinversión de utilidades,2020,3,False,423.38712867,7.5203074699999775
Veracruz,Reinversión de utilidades,2020,4,False,406.53666787,-16.850460800000008
Veracruz,Reinversión de utilidades,2021,1,False,306.65691069,306.65691069
Veracruz,Reinversión de utilidades,2021,2,False,337.00395982,30.34704912999996
Veracruz,Reinversión de utilidades,2021,3,False,363.66618948,26.662229660000037
Veracruz,Reinversión de utilidades,2021,4,False,352.24865016,-11.417539320000003
Veracruz,Reinversión de utilidades,2022,1,False,379.6222718,379.6222718
Veracruz,Reinversión de utilidades,2022,2,False,460.01478492,80.39251311999999
Veracruz,Reinversión de utilidades,2022,3,False,535.47240612,75.45762119999995
Veracruz,Reinversión de utilidades,2022,4,False,498.24392236,-37.22848375999996
Veracruz,Reinversión de utilidades,2023,1,False,834.1215693,834.1215693
Veracruz,Reinversión de utilidades,2023,2,False,856.09534777,21.973778469999957
Veracruz,Reinversión de utilidades,2023,3,False,583.39002438,-272.70532339
Veracruz,Reinversión de utilidades,2023,4,False,580.92326681,-2.466757570000027
Veracruz,Reinversión de utilidades,2024,1,False,658.25578247,658.25578247
Veracruz,Reinversión de utilidades,2024,2,False,358.2591566,-299.99662587
Veracruz,Reinversión de utilidades,2024,3,False,400.19497781,41.93582121000003
Veracruz,Reinversión de utilidades,2024,4,False,312.45156297,-87.74341484000001
Veracruz,Reinversión de utilidades,2025,1,False,46.63820305,46.63820305
Veracruz,Reinversión de utilidades,2025,2,False,-165.95824743,-212.59645048
Veracruz,Reinversión de utilidades,2025,3,False,-175.87463377,-9.916386340000003
Veracruz,Reinversión de utilidades,2025,4,False,-206.02937418,-30.154740409999988
Yucatán,Reinversión de utilidades,2006,1,False,35.19448575,35.19448575
Yucatán,Reinversión de utilidades,2006,2,False,67.81055475,32.616068999999996
Yucatán,Reinversión de utilidades,2006,3,False,68.94399275,1.1334380000000124
Yucatán,Reinversión de utilidades,2006,4,False,69.75509175,0.8110989999999987
Yucatán,Reinversión de utilidades,2007,1,False,34.117962,34.117962
Yucatán,Reinversión de utilidades,2007,2,False,66.493897,32.375935000000005
Yucatán,Reinversión de utilidades,2007,3,False,67.586365,1.0924679999999967
Yucatán,Reinversión de utilidades,2007,4,False,69.268945,1.6825800000000015
Yucatán,Reinversión de utilidades,2008,1,False,41.44963392,41.44963392
Yucatán,Reinversión de utilidades,2008,2,False,83.75800492,42.30837100000001
Yucatán,Reinversión de utilidades,2008,3,False,83.58265292,-0.17535200000000373
Yucatán,Reinversión de utilidades,2008,4,False,85.54794992,1.9652969999999925
Yucatán,Reinversión de utilidades,2009,1,False,4.2581265,4.2581265
Yucatán,Reinversión de utilidades,2009,2,False,42.1943535,37.936226999999995
Yucatán,Reinversión de utilidades,2009,3,False,49.5735915,7.379238000000001
Yucatán,Reinversión de utilidades,2009,4,False,48.7349635,-0.8386279999999999
Yucatán,Reinversión de utilidades,2010,1,False,10.82656789,10.82656789
Yucatán,Reinversión de utilidades,2010,2,False,45.07041089,34.243843
Yucatán,Reinversión de utilidades,2010,3,False,45.12184989,0.05143900000000201
Yucatán,Reinversión de utilidades,2010,4,False,47.50048189,2.378632000000003
Yucatán,Reinversión de utilidades,2011,1,False,15.74438929,15.74438929
Yucatán,Reinversión de utilidades,2011,2,False,71.56305024,55.818660949999995
Yucatán,Reinversión de utilidades,2011,3,False,77.55293524,5.989885000000001
Yucatán,Reinversión de utilidades,2011,4,False,64.32450324,-13.228431999999998
Yucatán,Reinversión de utilidades,2012,1,False,21.88122342,21.88122342
Yucatán,Reinversión de utilidades,2012,2,False,23.84961664,1.9683932199999994
Yucatán,Reinversión de utilidades,2012,3,False,25.23435864,1.3847419999999993
Yucatán,Reinversión de utilidades,2012,4,False,37.77842464,12.544065999999997
Yucatán,Reinversión de utilidades,2013,1,False,32.08685517,32.08685517
Yucatán,Reinversión de utilidades,2013,2,False,62.92897108,30.842115909999997
Yucatán,Reinversión de utilidades,2013,3,False,65.23954408,2.310573000000005
Yucatán,Reinversión de utilidades,2013,4,False,76.91471008,11.675166000000004
Yucatán,Reinversión de utilidades,2014,1,False,59.48520977,59.48520977
Yucatán,Reinversión de utilidades,2014,2,False,118.02015024,58.53494047000001
Yucatán,Reinversión de utilidades,2014,3,False,117.16211424,-0.8580360000000127
Yucatán,Reinversión de utilidades,2014,4,False,115.70958524,-1.4525289999999984
Yucatán,Reinversión de utilidades,2015,1,False,45.702878,45.702878
Yucatán,Reinversión de utilidades,2015,2,False,69.40813233,23.705254330000002
Yucatán,Reinversión de utilidades,2015,3,False,75.40774433,5.999611999999999
Yucatán,Reinversión de utilidades,2015,4,False,80.62564221,5.217897879999995
Yucatán,Reinversión de utilidades,2016,1,False,53.26667374,53.26667374
Yucatán,Reinversión de utilidades,2016,2,False,63.35870768,10.09203394
Yucatán,Reinversión de utilidades,2016,3,False,64.82658996,1.4678822800000049
Yucatán,Reinversión de utilidades,2016,4,False,65.3370693,0.5104793399999892
Yucatán,Reinversión de utilidades,2017,1,False,61.14806879,61.14806879
Yucatán,Reinversión de utilidades,2017,2,False,65.27169436,4.123625569999994
Yucatán,Reinversión de utilidades,2017,3,False,63.09174167,-2.1799526900000004
Yucatán,Reinversión de utilidades,2017,4,False,45.07430765,-18.017434019999996
Yucatán,Reinversión de utilidades,2018,1,False,56.30779782,56.30779782
Yucatán,Reinversión de utilidades,2018,2,False,51.41900636,-4.88879146
Yucatán,Reinversión de utilidades,2018,3,False,48.34129181,-3.077714549999996
Yucatán,Reinversión de utilidades,2018,4,False,43.32041101,-5.0208808000000005
Yucatán,Reinversión de utilidades,2019,1,False,61.69556705,61.69556705
Yucatán,Reinversión de utilidades,2019,2,False,67.28896766,5.593400609999996
Yucatán,Reinversión de utilidades,2019,3,False,66.26112533,-1.0278423299999986
Yucatán,Reinversión de utilidades,2019,4,False,66.97372085,0.7125955200000078
Yucatán,Reinversión de utilidades,2020,1,False,84.54020794,84.54020794
Yucatán,Reinversión de utilidades,2020,2,False,83.61928121,-0.920926730000005
Yucatán,Reinversión de utilidades,2020,3,False,82.92588081,-0.6934004000000016
Yucatán,Reinversión de utilidades,2020,4,False,80.05777157,-2.8681092399999955
Yucatán,Reinversión de utilidades,2021,1,False,66.74878516,66.74878516
Yucatán,Reinversión de utilidades,2021,2,False,66.72805588,-0.02072927999999763
Yucatán,Reinversión de utilidades,2021,3,False,61.12859836,-5.599457520000001
Yucatán,Reinversión de utilidades,2021,4,False,57.67276902,-3.455829340000001
Yucatán,Reinversión de utilidades,2022,1,False,52.01290125,52.01290125
Yucatán,Reinversión de utilidades,2022,2,False,53.1651374,1.1522361500000002
Yucatán,Reinversión de utilidades,2022,3,False,53.53943092,0.37429352000000193
Yucatán,Reinversión de utilidades,2022,4,False,50.38562443,-3.153806490000001
Yucatán,Reinversión de utilidades,2023,1,False,82.69925639,82.69925639
Yucatán,Reinversión de utilidades,2023,2,False,70.15640951,-12.542846879999999
Yucatán,Reinversión de utilidades,2023,3,False,73.76382135,3.6074118399999975
Yucatán,Reinversión de utilidades,2023,4,False,72.18678395,-1.5770373999999947
Yucatán,Reinversión de utilidades,2024,1,False,57.83039937,57.83039937
Yucatán,Reinversión de utilidades,2024,2,False,63.83044047,6.000041099999997
Yucatán,Reinversión de utilidades,2024,3,False,55.99860243,-7.831838040000001
Yucatán,Reinversión de utilidades,2024,4,False,54.70036839,-1.298234039999997
Yucatán,Reinversión de utilidades,2025,1,False,5.72708687,5.72708687
Yucatán,Reinversión de utilidades,2025,2,False,73.27374272,67.54665585000001
Yucatán,Reinversión de utilidades,2025,3,False,62.71739644,-10.55634628
Yucatán,Reinversión de utilidades,2025,4,False,50.49272741,-12.224669030000001
Zacatecas,Reinversión de utilidades,2006,1,False,6.032544,6.032544
Zacatecas,Reinversión de utilidades,2006,2,False,58.262016,52.229472
Zacatecas,Reinversión de utilidades,2006,3,False,58.746267,0.48425100000000043
Zacatecas,Reinversión de utilidades,2006,4,False,58.636025,-0.11024200000000661
Zacatecas,Reinversión de utilidades,2007,1,False,31.834225,31.834225
Zacatecas,Reinversión de utilidades,2007,2,False,93.334047,61.499821999999995
Zacatecas,Reinversión de utilidades,2007,3,False,93.324293,-0.009754000000000929
Zacatecas,Reinversión de utilidades,2007,4,False,93.097139,-0.22715399999999875
Zacatecas,Reinversión de utilidades,2008,1,False,118.878084,118.878084
Zacatecas,Reinversión de utilidades,2008,2,False,194.0071,75.12901600000001
Zacatecas,Reinversión de utilidades,2008,3,False,193.937748,-0.06935200000000918
Zacatecas,Reinversión de utilidades,2008,4,False,189.134584,-4.8031640000000095
Zacatecas,Reinversión de utilidades,2009,1,False,-10.166283,-10.166283
Zacatecas,Reinversión de utilidades,2009,2,False,45.750657,55.91694
Zacatecas,Reinversión de utilidades,2009,3,False,49.048218,3.2975610000000017
Zacatecas,Reinversión de utilidades,2009,4,False,49.035724,-0.012493999999996674
Zacatecas,Reinversión de utilidades,2010,1,False,50.33872,50.33872
Zacatecas,Reinversión de utilidades,2010,2,False,77.365265,27.02654499999999
Zacatecas,Reinversión de utilidades,2010,3,False,77.272562,-0.0927030000000002
Zacatecas,Reinversión de utilidades,2010,4,False,73.473771,-3.7987909999999943
Zacatecas,Reinversión de utilidades,2011,1,False,50.11854694,50.11854694
Zacatecas,Reinversión de utilidades,2011,2,False,78.54732994,28.428782999999996
Zacatecas,Reinversión de utilidades,2011,3,False,81.08859994,2.5412699999999973
Zacatecas,Reinversión de utilidades,2011,4,False,77.80359794,-3.2850019999999915
Zacatecas,Reinversión de utilidades,2012,1,False,70.02399775,70.02399775
Zacatecas,Reinversión de utilidades,2012,2,False,71.09760684,1.0736090899999908
Zacatecas,Reinversión de utilidades,2012,3,False,368.59029284,297.49268600000005
Zacatecas,Reinversión de utilidades,2012,4,False,376.14472884,7.55443600000001
Zacatecas,Reinversión de utilidades,2013,1,False,77.89613004,77.89613004
Zacatecas,Reinversión de utilidades,2013,2,False,88.13206749,10.235937449999994
Zacatecas,Reinversión de utilidades,2013,3,False,633.44586349,545.3137959999999
Zacatecas,Reinversión de utilidades,2013,4,False,2422.65867349,1789.2128100000002
Zacatecas,Reinversión de utilidades,2014,1,False,113.34718984,113.34718984
Zacatecas,Reinversión de utilidades,2014,2,False,248.69987529,135.35268545
Zacatecas,Reinversión de utilidades,2014,3,False,720.07486929,471.374994
Zacatecas,Reinversión de utilidades,2014,4,False,719.25814529,-0.816724000000022
Zacatecas,Reinversión de utilidades,2015,1,False,14.83578727,14.83578727
Zacatecas,Reinversión de utilidades,2015,2,False,98.17452762,83.33874035000001
Zacatecas,Reinversión de utilidades,2015,3,False,100.83181362,2.657285999999999
Zacatecas,Reinversión de utilidades,2015,4,False,103.72716862,2.895354999999995
Zacatecas,Reinversión de utilidades,2016,1,False,93.42716974,93.42716974
Zacatecas,Reinversión de utilidades,2016,2,False,98.87106274,5.443893000000003
Zacatecas,Reinversión de utilidades,2016,3,False,98.89322974,0.02216699999999605
Zacatecas,Reinversión de utilidades,2016,4,False,108.38516748,9.491937740000012
Zacatecas,Reinversión de utilidades,2017,1,False,259.38440359,259.38440359
Zacatecas,Reinversión de utilidades,2017,2,False,328.07826788,68.69386429000002
Zacatecas,Reinversión de utilidades,2017,3,False,360.86848971,32.79022183000001
Zacatecas,Reinversión de utilidades,2017,4,False,439.16345435,78.29496463999999
Zacatecas,Reinversión de utilidades,2018,1,False,266.07697034,266.07697034
Zacatecas,Reinversión de utilidades,2018,2,False,311.72024177,45.64327142999997
Zacatecas,Reinversión de utilidades,2018,3,False,359.38355956,47.66331779000001
Zacatecas,Reinversión de utilidades,2018,4,False,416.41030022,57.02674066000003
Zacatecas,Reinversión de utilidades,2019,1,False,203.43282862,203.43282862
Zacatecas,Reinversión de utilidades,2019,2,False,222.99591801,19.563089389999988
Zacatecas,Reinversión de utilidades,2019,3,False,252.40734511,29.411427099999997
Zacatecas,Reinversión de utilidades,2019,4,False,307.5718428,55.16449769000002
Zacatecas,Reinversión de utilidades,2020,1,False,168.53353652,168.53353652
Zacatecas,Reinversión de utilidades,2020,2,False,173.05933708,4.525800559999993
Zacatecas,Reinversión de utilidades,2020,3,False,198.44644432,25.387107240000006
Zacatecas,Reinversión de utilidades,2020,4,False,175.50399564,-22.942448680000012
Zacatecas,Reinversión de utilidades,2021,1,False,300.45598238,300.45598238
Zacatecas,Reinversión de utilidades,2021,2,False,620.34447362,319.88849124
Zacatecas,Reinversión de utilidades,2021,3,False,673.47597132,53.131497699999954
Zacatecas,Reinversión de utilidades,2021,4,False,949.69494479,276.21897347000004
Zacatecas,Reinversión de utilidades,2022,1,False,112.69841958,112.69841958
Zacatecas,Reinversión de utilidades,2022,2,False,135.32114016,22.622720579999992
Zacatecas,Reinversión de utilidades,2022,3,False,149.53081284,14.209672680000011
Zacatecas,Reinversión de utilidades,2022,4,False,154.43243148,4.901618639999981
Zacatecas,Reinversión de utilidades,2023,1,False,92.89201795,92.89201795
Zacatecas,Reinversión de utilidades,2023,2,False,90.73378118,-2.158236770000002
Zacatecas,Reinversión de utilidades,2023,3,False,166.39864168,75.6648605
Zacatecas,Reinversión de utilidades,2023,4,False,151.26771555,-15.130926130000006
Zacatecas,Reinversión de utilidades,2024,1,False,-13.77435718,-13.77435718
Zacatecas,Reinversión de utilidades,2024,2,False,119.4731195,133.24747668
Zacatecas,Reinversión de utilidades,2024,3,False,116.90896894,-2.5641505600000016
Zacatecas,Reinversión de utilidades,2024,4,False,115.72819929,-1.1807696499999878
Zacatecas,Reinversión de utilidades,2025,1,False,81.44983911,81.44983911
Zacatecas,Reinversión de utilidades,2025,2,False,550.59880726,469.14896815
Zacatecas,Reinversión de utilidades,2025,3,False,523.51511161,-27.08369564999998
Zacatecas,Reinversión de utilidades,2025,4,False,521.77290637,-1.7422052399999757
Aguascalientes,Total general,2006,1,False,49.93765879,49.93765879
Aguascalientes,Total general,2006,2,False,90.21150579,40.273847
Aguascalientes,Total general,2006,3,False,114.05534079,23.843835
Aguascalientes,Total general,2006,4,False,140.59391379,26.538572999999985
Aguascalientes,Total general,2007,1,False,51.873918,51.873918
Aguascalientes,Total general,2007,2,False,142.457447,90.583529
Aguascalientes,Total general,2007,3,False,210.601066,68.143619
Aguascalientes,Total general,2007,4,False,410.573807,199.97274099999998
Aguascalientes,Total general,2008,1,False,312.55232058,312.55232058
Aguascalientes,Total general,2008,2,False,234.34600558,-78.20631500000002
Aguascalientes,Total general,2008,3,False,283.16575158,48.81974600000001
Aguascalientes,Total general,2008,4,False,337.48520458,54.31945300000001
Aguascalientes,Total general,2009,1,False,256.24969468,256.24969468
Aguascalientes,Total general,2009,2,False,397.8766046,141.62690992
Aguascalientes,Total general,2009,3,False,434.85574136,36.97913676000002
Aguascalientes,Total general,2009,4,False,342.20605736,-92.64968400000004
Aguascalientes,Total general,2010,1,False,276.59696066,276.59696066
Aguascalientes,Total general,2010,2,False,246.58461204,-30.012348619999983
Aguascalientes,Total general,2010,3,False,301.73820704,55.153595000000024
Aguascalientes,Total general,2010,4,False,333.1545323,31.416325260000008
Aguascalientes,Total general,2011,1,False,262.37066492,262.37066492
Aguascalientes,Total general,2011,2,False,259.48565434,-2.885010580000028
Aguascalientes,Total general,2011,3,False,259.44208534,-0.043568999999990865
Aguascalientes,Total general,2011,4,False,236.80517733,-22.636908010000013
Aguascalientes,Total general,2012,1,False,211.02718225,211.02718225
Aguascalientes,Total general,2012,2,False,180.32385059,-30.703331660000003
Aguascalientes,Total general,2012,3,False,283.70977659,103.38592599999998
Aguascalientes,Total general,2012,4,False,355.20950295,71.49972636000001
Aguascalientes,Total general,2013,1,False,84.47367336,84.47367336
Aguascalientes,Total general,2013,2,False,56.9578554,-27.515817960000007
Aguascalientes,Total general,2013,3,False,131.9513104,74.99345500000001
Aguascalientes,Total general,2013,4,False,69.13988341,-62.811426990000015
Aguascalientes,Total general,2014,1,False,501.74141679,501.74141679
Aguascalientes,Total general,2014,2,False,731.90154441,230.16012762000003
Aguascalientes,Total general,2014,3,False,886.55234315,154.6507987399999
Aguascalientes,Total general,2014,4,False,978.79884592,92.24650277
Aguascalientes,Total general,2015,1,False,480.76910045,480.76910045
Aguascalientes,Total general,2015,2,False,602.10523352,121.33613306999996
Aguascalientes,Total general,2015,3,False,661.63113151,59.52589799000009
Aguascalientes,Total general,2015,4,False,812.58414243,150.95301092
Aguascalientes,Total general,2016,1,False,202.04959741,202.04959741
Aguascalientes,Total general,2016,2,False,284.31590963,82.26631222000003
Aguascalientes,Total general,2016,3,False,416.91123401,132.59532437999997
Aguascalientes,Total general,2016,4,False,594.87973161,177.96849760000003
Aguascalientes,Total general,2017,1,False,636.25353322,636.25353322
Aguascalientes,Total general,2017,2,False,886.07148637,249.81795315
Aguascalientes,Total general,2017,3,False,995.42617003,109.35468365999998
Aguascalientes,Total general,2017,4,False,1576.33727363,580.9111036
Aguascalientes,Total general,2018,1,False,216.78055361,216.78055361
Aguascalientes,Total general,2018,2,False,858.1390785,641.35852489
Aguascalientes,Total general,2018,3,False,936.28032378,78.14124528000002
Aguascalientes,Total general,2018,4,False,1196.98019832,260.69987454
Aguascalientes,Total general,2019,1,False,167.88986855,167.88986855
Aguascalientes,Total general,2019,2,False,270.46687449,102.57700594000002
Aguascalientes,Total general,2019,3,False,365.76253556,95.29566107
Aguascalientes,Total general,2019,4,False,452.12337921,86.36084364999999
Aguascalientes,Total general,2020,1,False,245.89852928,245.89852928
Aguascalientes,Total general,2020,2,False,243.8947234,-2.0038058799999874
Aguascalientes,Total general,2020,3,False,363.51042848,119.61570507999997
Aguascalientes,Total general,2020,4,False,743.65967018,380.14924170000006
Aguascalientes,Total general,2021,1,False,141.41895966,141.41895966
Aguascalientes,Total general,2021,2,False,210.83448376,69.4155241
Aguascalientes,Total general,2021,3,False,159.63490185,-51.199581910000006
Aguascalientes,Total general,2021,4,False,67.18339343,-92.45150842000001
Aguascalientes,Total general,2022,1,False,309.1446209,309.1446209
Aguascalientes,Total general,2022,2,False,504.43746721,195.29284631000002
Aguascalientes,Total general,2022,3,False,566.63549848,62.19803127
Aguascalientes,Total general,2022,4,False,598.31792418,31.682425699999953
Aguascalientes,Total general,2023,1,False,170.67240294,170.67240294
Aguascalientes,Total general,2023,2,False,1199.71321065,1029.04080771
Aguascalientes,Total general,2023,3,False,1630.28095555,430.5677449
Aguascalientes,Total general,2023,4,False,1080.2566352,-550.0243203500002
Aguascalientes,Total general,2024,1,False,194.37284925,194.37284925
Aguascalientes,Total general,2024,2,False,564.28759632,369.91474707000003
Aguascalientes,Total general,2024,3,False,886.0617443,321.77414797999995
Aguascalientes,Total general,2024,4,False,1007.04572966,120.98398536000002
Aguascalientes,Total general,2025,1,False,155.62574294,155.62574294
Aguascalientes,Total general,2025,2,False,430.54682455,274.92108161
Aguascalientes,Total general,2025,3,False,210.46488581,-220.08193874
Aguascalientes,Total general,2025,4,False,-334.79748259,-545.2623684
Baja California,Total general,2006,1,False,305.07298174,305.07298174
Baja California,Total general,2006,2,False,619.49357457,314.42059283
Baja California,Total general,2006,3,False,947.56110331,328.06752874000006
Baja California,Total general,2006,4,False,1340.71793404,393.15683073
Baja California,Total general,2007,1,False,488.41970497,488.41970497
Baja California,Total general,2007,2,False,749.43916289,261.01945792000004
Baja California,Total general,2007,3,False,1616.75250403,867.3133411399999
Baja California,Total general,2007,4,False,1790.82922619,174.07672216000014
Baja California,Total general,2008,1,False,324.30172264,324.30172264
Baja California,Total general,2008,2,False,890.9337578,566.63203516
Baja California,Total general,2008,3,False,1206.96778812,316.03403032000006
Baja California,Total general,2008,4,False,1454.14067282,247.17288469999994
Baja California,Total general,2009,1,False,325.82534968,325.82534968
Baja California,Total general,2009,2,False,490.90946726,165.08411758
Baja California,Total general,2009,3,False,664.94383026,174.03436300000004
Baja California,Total general,2009,4,False,829.52318955,164.57935928999996
Baja California,Total general,2010,1,False,358.07662768,358.07662768
Baja California,Total general,2010,2,False,875.68905868,517.612431
Baja California,Total general,2010,3,False,1126.14498056,250.45592188
Baja California,Total general,2010,4,False,1414.8229497,288.67796913999996
Baja California,Total general,2011,1,False,60.90473403,60.90473403
Baja California,Total general,2011,2,False,292.57916438,231.67443035000002
Baja California,Total general,2011,3,False,587.66468167,295.08551729000004
Baja California,Total general,2011,4,False,766.32257547,178.6578937999999
Baja California,Total general,2012,1,False,327.04048134,327.04048134
Baja California,Total general,2012,2,False,403.65397329,76.61349195000003
Baja California,Total general,2012,3,False,690.07321338,286.41924008999996
Baja California,Total general,2012,4,False,1018.51895053,328.44573715
Baja California,Total general,2013,1,False,244.36099429,244.36099429
Baja California,Total general,2013,2,False,678.25379865,433.89280436
Baja California,Total general,2013,3,False,870.46538706,192.21158841
Baja California,Total general,2013,4,False,1290.83031849,420.36493143000007
Baja California,Total general,2014,1,False,357.12943674,357.12943674
Baja California,Total general,2014,2,False,652.21360652,295.08416977999997
Baja California,Total general,2014,3,False,832.81548171,180.60187519
Baja California,Total general,2014,4,False,1223.34512296,390.52964125000005
Baja California,Total general,2015,1,False,304.36989021,304.36989021
Baja California,Total general,2015,2,False,514.75934876,210.38945854999997
Baja California,Total general,2015,3,False,811.69020743,296.93085867
Baja California,Total general,2015,4,False,1167.28454234,355.59433490999993
Baja California,Total general,2016,1,False,614.74943125,614.74943125
Baja California,Total general,2016,2,False,924.46920802,309.71977676999995
Baja California,Total general,2016,3,False,1143.21988368,218.75067566000007
Baja California,Total general,2016,4,False,1567.13298454,423.91310086
Baja California,Total general,2017,1,False,580.36985935,580.36985935
Baja California,Total general,2017,2,False,1267.64945591,687.27959656
Baja California,Total general,2017,3,False,1438.11012803,170.46067212000003
Baja California,Total general,2017,4,False,1679.27094219,241.16081415999997
Baja California,Total general,2018,1,False,742.53905325,742.53905325
Baja California,Total general,2018,2,False,990.98048936,248.44143610999993
Baja California,Total general,2018,3,False,1217.16547,226.18498063999994
Baja California,Total general,2018,4,False,1631.16054127,413.99507127000015
Baja California,Total general,2019,1,False,605.74489713,605.74489713
Baja California,Total general,2019,2,False,823.93572089,218.19082375999994
Baja California,Total general,2019,3,False,1045.36650098,221.43078008999998
Baja California,Total general,2019,4,False,1183.7322051,138.36570412000015
Baja California,Total general,2020,1,False,751.89229884,751.89229884
Baja California,Total general,2020,2,False,966.81267587,214.92037703000005
Baja California,Total general,2020,3,False,961.38864756,-5.42402831000004
Baja California,Total general,2020,4,False,1195.39233949,234.00369193000006
Baja California,Total general,2021,1,False,467.63812461,467.63812461
Baja California,Total general,2021,2,False,1790.79424412,1323.15611951
Baja California,Total general,2021,3,False,2054.43614286,263.64189874
Baja California,Total general,2021,4,False,2222.15993679,167.72379392999983
Baja California,Total general,2022,1,False,970.99449065,970.99449065
Baja California,Total general,2022,2,False,1257.75165077,286.75716012
Baja California,Total general,2022,3,False,1525.03835837,267.2867076
Baja California,Total general,2022,4,False,1877.02431991,351.98596154000006
Baja California,Total general,2023,1,False,953.46694424,953.46694424
Baja California,Total general,2023,2,False,1493.91007687,540.44313263
Baja California,Total general,2023,3,False,1149.67805595,-344.23202091999997
Baja California,Total general,2023,4,False,1414.05993405,264.3818781
Baja California,Total general,2024,1,False,1319.54004407,1319.54004407
Baja California,Total general,2024,2,False,2115.73973932,796.1996952499999
Baja California,Total general,2024,3,False,2252.82879493,137.0890556100003
Baja California,Total general,2024,4,False,2469.04558944,216.21679451
Baja California,Total general,2025,1,False,922.05237686,922.05237686
Baja California,Total general,2025,2,False,1612.98967722,690.93730036
Baja California,Total general,2025,3,False,1884.17696179,271.18728457
Baja California,Total general,2025,4,False,1892.64634401,8.469382219999943
Baja California Sur,Total general,2006,1,False,266.40190286,266.40190286
Baja California Sur,Total general,2006,2,False,411.86663211,145.46472925
Baja California Sur,Total general,2006,3,False,534.57112249,122.70449037999998
Baja California Sur,Total general,2006,4,False,592.17863602,57.607513530000006
Baja California Sur,Total general,2007,1,False,213.26362919,213.26362919
Baja California Sur,Total general,2007,2,False,408.18687818,194.92324899000002
Baja California Sur,Total general,2007,3,False,543.84796295,135.66108477
Baja California Sur,Total general,2007,4,False,819.29107183,275.44310887999995
Baja California Sur,Total general,2008,1,False,224.48451776,224.48451776
Baja California Sur,Total general,2008,2,False,443.90604572,219.42152796000002
Baja California Sur,Total general,2008,3,False,687.08693441,243.18088869000002
Baja California Sur,Total general,2008,4,False,810.58165725,123.49472284000001
Baja California Sur,Total general,2009,1,False,119.48638655,119.48638655
Baja California Sur,Total general,2009,2,False,242.77900853,123.29262197999999
Baja California Sur,Total general,2009,3,False,313.97066476,71.19165622999998
Baja California Sur,Total general,2009,4,False,449.52626037,135.55559561
Baja California Sur,Total general,2010,1,False,124.58980398,124.58980398
Baja California Sur,Total general,2010,2,False,170.74461603,46.154812050000004
Baja California Sur,Total general,2010,3,False,342.25300959,171.50839355999997
Baja California Sur,Total general,2010,4,False,517.75012398,175.49711439000004
Baja California Sur,Total general,2011,1,False,178.32856187,178.32856187
Baja California Sur,Total general,2011,2,False,347.17691006,168.84834819000002
Baja California Sur,Total general,2011,3,False,556.45774108,209.28083102
Baja California Sur,Total general,2011,4,False,711.27897818,154.82123709999996
Baja California Sur,Total general,2012,1,False,122.83704792,122.83704792
Baja California Sur,Total general,2012,2,False,258.38962711,135.55257919
Baja California Sur,Total general,2012,3,False,315.73104455,57.34141743999999
Baja California Sur,Total general,2012,4,False,721.12509367,405.39404912
Baja California Sur,Total general,2013,1,False,56.11420458,56.11420458
Baja California Sur,Total general,2013,2,False,168.1140987,111.99989412
Baja California Sur,Total general,2013,3,False,343.21494473,175.10084603
Baja California Sur,Total general,2013,4,False,421.33674914,78.12180440999998
Baja California Sur,Total general,2014,1,False,117.35365688,117.35365688
Baja California Sur,Total general,2014,2,False,165.65122006,48.29756318000001
Baja California Sur,Total general,2014,3,False,168.90416042,3.2529403599999966
Baja California Sur,Total general,2014,4,False,228.70082005,59.79665962999999
Baja California Sur,Total general,2015,1,False,50.9388936,50.9388936
Baja California Sur,Total general,2015,2,False,129.49194322,78.55304962
Baja California Sur,Total general,2015,3,False,293.96708809,164.47514487
Baja California Sur,Total general,2015,4,False,352.01428802,58.04719992999998
Baja California Sur,Total general,2016,1,False,260.5686094,260.5686094
Baja California Sur,Total general,2016,2,False,355.6520076,95.08339819999998
Baja California Sur,Total general,2016,3,False,438.40463872,82.75263111999999
Baja California Sur,Total general,2016,4,False,510.78549871,72.38085999000003
Baja California Sur,Total general,2017,1,False,164.96474141,164.96474141
Baja California Sur,Total general,2017,2,False,314.49789875,149.53315734
Baja California Sur,Total general,2017,3,False,457.28425008,142.78635133
Baja California Sur,Total general,2017,4,False,568.93950325,111.65525317000004
Baja California Sur,Total general,2018,1,False,119.98485494,119.98485494
Baja California Sur,Total general,2018,2,False,228.62193485,108.63707991
Baja California Sur,Total general,2018,3,False,345.2230138,116.60107894999999
Baja California Sur,Total general,2018,4,False,443.06433248,97.84131868000003
Baja California Sur,Total general,2019,1,False,149.77406478,149.77406478
Baja California Sur,Total general,2019,2,False,244.1236814,94.34961662
Baja California Sur,Total general,2019,3,False,351.50220038,107.37851897999997
Baja California Sur,Total general,2019,4,False,464.97370672,113.47150634000002
Baja California Sur,Total general,2020,1,False,288.39800169,288.39800169
Baja California Sur,Total general,2020,2,False,406.60026921,118.20226752000002
Baja California Sur,Total general,2020,3,False,540.07571033,133.47544111999997
Baja California Sur,Total general,2020,4,False,617.40914033,77.33343000000002
Baja California Sur,Total general,2021,1,False,230.32198183,230.32198183
Baja California Sur,Total general,2021,2,False,376.84929113,146.52730929999998
Baja California Sur,Total general,2021,3,False,685.86901538,309.01972424999997
Baja California Sur,Total general,2021,4,False,1089.49682297,403.6278075900001
Baja California Sur,Total general,2022,1,False,338.98379065,338.98379065
Baja California Sur,Total general,2022,2,False,495.17806102,156.19427036999997
Baja California Sur,Total general,2022,3,False,655.82438662,160.64632560000007
Baja California Sur,Total general,2022,4,False,834.29067621,178.46628958999997
Baja California Sur,Total general,2023,1,False,206.7812591,206.7812591
Baja California Sur,Total general,2023,2,False,677.1400154,470.35875630000004
Baja California Sur,Total general,2023,3,False,943.87670175,266.73668635
Baja California Sur,Total general,2023,4,False,1162.0947595,218.21805774999996
Baja California Sur,Total general,2024,1,False,229.18912888,229.18912888
Baja California Sur,Total general,2024,2,False,624.25231889,395.06319000999997
Baja California Sur,Total general,2024,3,False,1200.3050799,576.05276101
Baja California Sur,Total general,2024,4,False,1418.16683097,217.86175107000008
Baja California Sur,Total general,2025,1,False,398.70356107,398.70356107
Baja California Sur,Total general,2025,2,False,899.54455343,500.84099236
Baja California Sur,Total general,2025,3,False,1334.01790705,434.4733536200001
Baja California Sur,Total general,2025,4,False,1662.93525474,328.9173476899998
Campeche,Total general,2006,1,False,15.215796,15.215796
Campeche,Total general,2006,2,False,25.14384907,9.928053070000002
Campeche,Total general,2006,3,False,34.30570607,9.161856999999998
Campeche,Total general,2006,4,False,30.41914107,-3.886565000000001
Campeche,Total general,2007,1,False,12.388787,12.388787
Campeche,Total general,2007,2,False,73.090144,60.701356999999994
Campeche,Total general,2007,3,False,151.326491,78.23634700000001
Campeche,Total general,2007,4,False,134.523132,-16.803359
Campeche,Total general,2008,1,False,13.404481,13.404481
Campeche,Total general,2008,2,False,134.3601765,120.95569549999999
Campeche,Total general,2008,3,False,135.7199115,1.3597350000000006
Campeche,Total general,2008,4,False,150.0526385,14.332727000000006
Campeche,Total general,2009,1,False,-7.86100511,-7.86100511
Campeche,Total general,2009,2,False,20.30815408,28.169159190000002
Campeche,Total general,2009,3,False,26.66703008,6.358875999999999
Campeche,Total general,2009,4,False,26.16739962,-0.4996304599999988
Campeche,Total general,2010,1,False,70.39198,70.39198
Campeche,Total general,2010,2,False,65.880408,-4.511572000000001
Campeche,Total general,2010,3,False,75.53501203,9.654604030000002
Campeche,Total general,2010,4,False,73.20354795,-2.3314640800000035
Campeche,Total general,2011,1,False,5.176892,5.176892
Campeche,Total general,2011,2,False,39.67697819,34.50008619
Campeche,Total general,2011,3,False,-0.33299181,-40.00997
Campeche,Total general,2011,4,False,24.79756059,25.1305524
Campeche,Total general,2012,1,False,-41.96565863,-41.96565863
Campeche,Total general,2012,2,False,-53.44896463,-11.483305999999999
Campeche,Total general,2012,3,False,196.02102887,249.46999350000002
Campeche,Total general,2012,4,False,209.66831487,13.64728599999998
Campeche,Total general,2013,1,False,69.88814553,69.88814553
Campeche,Total general,2013,2,False,211.78789202,141.89974648999998
Campeche,Total general,2013,3,False,239.41172892,27.623836900000015
Campeche,Total general,2013,4,False,278.41695673,39.00522780999998
Campeche,Total general,2014,1,False,37.76407568,37.76407568
Campeche,Total general,2014,2,False,83.78560443,46.02152875000001
Campeche,Total general,2014,3,False,173.60709678,89.82149235
Campeche,Total general,2014,4,False,218.57427562,44.96717884
Campeche,Total general,2015,1,False,125.87975258,125.87975258
Campeche,Total general,2015,2,False,194.9137506,69.03399801999998
Campeche,Total general,2015,3,False,480.73412726,285.82037665999997
Campeche,Total general,2015,4,False,543.00715563,62.27302837000008
Campeche,Total general,2016,1,False,63.73368269,63.73368269
Campeche,Total general,2016,2,False,97.3653147,33.63163201
Campeche,Total general,2016,3,False,143.00400657,45.63869187
Campeche,Total general,2016,4,False,142.1679444,-0.8360621699999911
Campeche,Total general,2017,1,False,102.28736866,102.28736866
Campeche,Total general,2017,2,False,145.90833462,43.62096596000001
Campeche,Total general,2017,3,False,265.10192586,119.19359123999999
Campeche,Total general,2017,4,False,328.34599643,63.24407057000002
Campeche,Total general,2018,1,False,18.06767979,18.06767979
Campeche,Total general,2018,2,False,71.95789578,53.89021599
Campeche,Total general,2018,3,False,43.78564951,-28.172246270000002
Campeche,Total general,2018,4,False,123.49400731,79.7083578
Campeche,Total general,2019,1,False,46.87904202,46.87904202
Campeche,Total general,2019,2,False,81.46858343,34.589541409999995
Campeche,Total general,2019,3,False,141.47158852,60.003005090000016
Campeche,Total general,2019,4,False,151.8657313,10.394142779999981
Campeche,Total general,2020,1,False,74.68370902,74.68370902
Campeche,Total general,2020,2,False,112.05293915,37.369230130000005
Campeche,Total general,2020,3,False,188.56737225,76.5144331
Campeche,Total general,2020,4,False,199.06346197,10.496089719999986
Campeche,Total general,2021,1,False,48.82257047,48.82257047
Campeche,Total general,2021,2,False,127.07921793,78.25664746
Campeche,Total general,2021,3,False,207.81045557,80.73123763999999
Campeche,Total general,2021,4,False,218.41807374,10.607618170000023
Campeche,Total general,2022,1,False,131.73476467,131.73476467
Campeche,Total general,2022,2,False,137.77350036,6.03873569000001
Campeche,Total general,2022,3,False,82.25918606,-55.51431430000001
Campeche,Total general,2022,4,False,40.2438723,-42.015313760000005
Campeche,Total general,2023,1,False,17.15067713,17.15067713
Campeche,Total general,2023,2,False,-14.75155621,-31.90223334
Campeche,Total general,2023,3,False,46.32041866,61.071974870000005
Campeche,Total general,2023,4,False,98.61266235,52.29224368999999
Campeche,Total general,2024,1,False,47.14096585,47.14096585
Campeche,Total general,2024,2,False,126.88711562,79.74614977
Campeche,Total general,2024,3,False,106.18677844,-20.700337180000005
Campeche,Total general,2024,4,False,517.82123811,411.63445966999996
Campeche,Total general,2025,1,False,-2.59499069,-2.59499069
Campeche,Total general,2025,2,False,34.37360734,36.96859803
Campeche,Total general,2025,3,False,81.99413854,47.620531199999995
Campeche,Total general,2025,4,False,-8.95570085,-90.94983939
Chiapas,Total general,2006,1,False,34.478525,34.478525
Chiapas,Total general,2006,2,False,62.609874,28.131349
Chiapas,Total general,2006,3,False,71.485173,8.875299000000005
Chiapas,Total general,2006,4,False,89.256227,17.771053999999992
Chiapas,Total general,2007,1,False,79.718061,79.718061
Chiapas,Total general,2007,2,False,102.001322,22.283260999999996
Chiapas,Total general,2007,3,False,114.862621,12.861299000000002
Chiapas,Total general,2007,4,False,186.876594,72.01397300000001
Chiapas,Total general,2008,1,False,47.766641,47.766641
Chiapas,Total general,2008,2,False,74.645768,26.879127000000004
Chiapas,Total general,2008,3,False,51.987645,-22.658123000000003
Chiapas,Total general,2008,4,False,63.203183,11.215538000000002
Chiapas,Total general,2009,1,False,25.493197,25.493197
Chiapas,Total general,2009,2,False,53.82371519,28.330518190000003
Chiapas,Total general,2009,3,False,73.25809619,19.434381000000002
Chiapas,Total general,2009,4,False,91.88158019,18.62348399999999
Chiapas,Total general,2010,1,False,119.663712,119.663712
Chiapas,Total general,2010,2,False,142.345189,22.681477
Chiapas,Total general,2010,3,False,147.10572415,4.760535149999981
Chiapas,Total general,2010,4,False,157.67583615,10.570112000000023
Chiapas,Total general,2011,1,False,25.12878225,25.12878225
Chiapas,Total general,2011,2,False,60.90490925,35.776127
Chiapas,Total general,2011,3,False,72.81166725,11.906757999999996
Chiapas,Total general,2011,4,False,92.80881925,19.997152
Chiapas,Total general,2012,1,False,70.04933578,70.04933578
Chiapas,Total general,2012,2,False,71.76038442,1.7110486399999871
Chiapas,Total general,2012,3,False,89.14185253,17.38146811
Chiapas,Total general,2012,4,False,121.09168493,31.949832400000005
Chiapas,Total general,2013,1,False,64.23784573,64.23784573
Chiapas,Total general,2013,2,False,141.10528873,76.86744300000001
Chiapas,Total general,2013,3,False,167.13551811,26.03022937999998
Chiapas,Total general,2013,4,False,182.41397587,15.278457760000009
Chiapas,Total general,2014,1,False,96.07596284,96.07596284
Chiapas,Total general,2014,2,False,47.61135859,-48.46460425
Chiapas,Total general,2014,3,False,45.52898363,-2.0823749600000028
Chiapas,Total general,2014,4,False,36.56443398,-8.964549650000002
Chiapas,Total general,2015,1,False,83.76479986,83.76479986
Chiapas,Total general,2015,2,False,116.6024155,32.83761564000001
Chiapas,Total general,2015,3,False,224.23328542,107.63086991999998
Chiapas,Total general,2015,4,False,270.07558509,45.84229967000002
Chiapas,Total general,2016,1,False,70.36654558,70.36654558
Chiapas,Total general,2016,2,False,74.95213132,4.585585740000013
Chiapas,Total general,2016,3,False,108.20850102,33.25636969999999
Chiapas,Total general,2016,4,False,139.78765843,31.579157409999993
Chiapas,Total general,2017,1,False,147.06062861,147.06062861
Chiapas,Total general,2017,2,False,171.08945994,24.028831330000003
Chiapas,Total general,2017,3,False,180.16774391,9.078283970000001
Chiapas,Total general,2017,4,False,217.08652229,36.91877837999999
Chiapas,Total general,2018,1,False,60.71369628,60.71369628
Chiapas,Total general,2018,2,False,103.63318878,42.9194925
Chiapas,Total general,2018,3,False,87.44444145,-16.188747329999998
Chiapas,Total general,2018,4,False,70.22050105,-17.223940400000004
Chiapas,Total general,2019,1,False,164.23474514,164.23474514
Chiapas,Total general,2019,2,False,196.77639047,32.541645329999994
Chiapas,Total general,2019,3,False,226.82077229,30.044381820000012
Chiapas,Total general,2019,4,False,256.64730957,29.826537279999997
Chiapas,Total general,2020,1,False,106.83125734,106.83125734
Chiapas,Total general,2020,2,False,149.48996638,42.658709040000005
Chiapas,Total general,2020,3,False,130.24157228,-19.248394099999985
Chiapas,Total general,2020,4,False,133.14466188,2.903089599999987
Chiapas,Total general,2021,1,False,237.91277704,237.91277704
Chiapas,Total general,2021,2,False,231.7226732,-6.190103840000006
Chiapas,Total general,2021,3,False,217.60112462,-14.121548579999995
Chiapas,Total general,2021,4,False,157.04031791,-60.56080671000001
Chiapas,Total general,2022,1,False,292.12217061,292.12217061
Chiapas,Total general,2022,2,False,279.54591531,-12.576255300000014
Chiapas,Total general,2022,3,False,245.99760278,-33.548312530000004
Chiapas,Total general,2022,4,False,186.74043233,-59.25717044999999
Chiapas,Total general,2023,1,False,60.91236298,60.91236298
Chiapas,Total general,2023,2,False,52.74788517,-8.164477809999994
Chiapas,Total general,2023,3,False,44.13029016,-8.617595010000002
Chiapas,Total general,2023,4,False,31.98440286,-12.145887300000002
Chiapas,Total general,2024,1,False,81.85690927,81.85690927
Chiapas,Total general,2024,2,False,101.28419733,19.427288059999995
Chiapas,Total general,2024,3,False,105.81894184,4.534744509999996
Chiapas,Total general,2024,4,False,107.12312115,1.3041793100000092
Chiapas,Total general,2025,1,False,1.70557488,1.70557488
Chiapas,Total general,2025,2,False,23.79371971,22.08814483
Chiapas,Total general,2025,3,False,40.80943489,17.015715179999997
Chiapas,Total general,2025,4,False,32.04775454,-8.761680349999999
Chihuahua,Total general,2006,1,False,480.11286007,480.11286007
Chihuahua,Total general,2006,2,False,1054.97951707,574.8666569999999
Chihuahua,Total general,2006,3,False,1377.49950107,322.519984
Chihuahua,Total general,2006,4,False,1948.81807207,571.318571
Chihuahua,Total general,2007,1,False,617.152028,617.152028
Chihuahua,Total general,2007,2,False,923.233678,306.0816500000001
Chihuahua,Total general,2007,3,False,1618.432046,695.1983679999998
Chihuahua,Total general,2007,4,False,2267.159666,648.7276200000001
Chihuahua,Total general,2008,1,False,470.38544733,470.38544733
Chihuahua,Total general,2008,2,False,1270.51077733,800.1253300000001
Chihuahua,Total general,2008,3,False,1718.59001761,448.0792402799998
Chihuahua,Total general,2008,4,False,2625.23308961,906.6430720000003
Chihuahua,Total general,2009,1,False,576.4233228,576.4233228
Chihuahua,Total general,2009,2,False,849.12124607,272.69792326999993
Chihuahua,Total general,2009,3,False,1060.38707507,211.26582900000005
Chihuahua,Total general,2009,4,False,1424.71097407,364.323899
Chihuahua,Total general,2010,1,False,505.37118297,505.37118297
Chihuahua,Total general,2010,2,False,980.96655043,475.59536746
Chihuahua,Total general,2010,3,False,1293.73788151,312.7713310800001
Chihuahua,Total general,2010,4,False,1847.7813443,554.0434627899999
Chihuahua,Total general,2011,1,False,457.28135411,457.28135411
Chihuahua,Total general,2011,2,False,754.89209231,297.61073819999996
Chihuahua,Total general,2011,3,False,988.23845922,233.34636691000003
Chihuahua,Total general,2011,4,False,1218.11200509,229.87354586999993
Chihuahua,Total general,2012,1,False,553.06939018,553.06939018
Chihuahua,Total general,2012,2,False,840.63189589,287.56250571
Chihuahua,Total general,2012,3,False,1111.60475589,270.97285999999997
Chihuahua,Total general,2012,4,False,1186.89445868,75.28970279000009
Chihuahua,Total general,2013,1,False,841.53452523,841.53452523
Chihuahua,Total general,2013,2,False,1508.66629971,667.13177448
Chihuahua,Total general,2013,3,False,1469.47021188,-39.1960878299999
Chihuahua,Total general,2013,4,False,2311.44993289,841.97972101
Chihuahua,Total general,2014,1,False,784.85205697,784.85205697
Chihuahua,Total general,2014,2,False,1290.36455229,505.51249531999986
Chihuahua,Total general,2014,3,False,1597.47045086,307.10589857000014
Chihuahua,Total general,2014,4,False,1936.57971714,339.10926627999993
Chihuahua,Total general,2015,1,False,386.99510147,386.99510147
Chihuahua,Total general,2015,2,False,845.77405909,458.77895762
Chihuahua,Total general,2015,3,False,1981.8816594,1136.10760031
Chihuahua,Total general,2015,4,False,2524.5170713,542.6354119000002
Chihuahua,Total general,2016,1,False,462.64639061,462.64639061
Chihuahua,Total general,2016,2,False,872.05134452,409.40495391
Chihuahua,Total general,2016,3,False,1334.36545645,462.31411192999997
Chihuahua,Total general,2016,4,False,1986.06534541,651.69988896
Chihuahua,Total general,2017,1,False,605.75569285,605.75569285
Chihuahua,Total general,2017,2,False,1102.37406829,496.61837544
Chihuahua,Total general,2017,3,False,1594.22974997,491.8556816800001
Chihuahua,Total general,2017,4,False,1825.31164378,231.08189380999988
Chihuahua,Total general,2018,1,False,556.3052732,556.3052732
Chihuahua,Total general,2018,2,False,849.19319001,292.88791681
Chihuahua,Total general,2018,3,False,1102.50109982,253.30790981000007
Chihuahua,Total general,2018,4,False,1241.944623,139.44352318000006
Chihuahua,Total general,2019,1,False,575.44543856,575.44543856
Chihuahua,Total general,2019,2,False,816.12542738,240.67998882000006
Chihuahua,Total general,2019,3,False,1156.34029615,340.21486877000007
Chihuahua,Total general,2019,4,False,1406.99406254,250.65376638999987
Chihuahua,Total general,2020,1,False,357.81477529,357.81477529
Chihuahua,Total general,2020,2,False,575.58669091,217.77191562000002
Chihuahua,Total general,2020,3,False,504.66965146,-70.91703945
Chihuahua,Total general,2020,4,False,641.06340739,136.39375592999994
Chihuahua,Total general,2021,1,False,761.17480872,761.17480872
Chihuahua,Total general,2021,2,False,1313.54974995,552.37494123
Chihuahua,Total general,2021,3,False,1440.7478847,127.19813475000001
Chihuahua,Total general,2021,4,False,1920.12647121,479.3785865100001
Chihuahua,Total general,2022,1,False,865.5232627,865.5232627
Chihuahua,Total general,2022,2,False,1226.58201581,361.05875311
Chihuahua,Total general,2022,3,False,1708.64998622,482.06797041000004
Chihuahua,Total general,2022,4,False,1868.60854848,159.95856226
Chihuahua,Total general,2023,1,False,867.9354734,867.9354734
Chihuahua,Total general,2023,2,False,1158.46255622,290.5270828199999
Chihuahua,Total general,2023,3,False,1587.54528335,429.0827271300002
Chihuahua,Total general,2023,4,False,1963.119049,375.5737656499998
Chihuahua,Total general,2024,1,False,883.07859261,883.07859261
Chihuahua,Total general,2024,2,False,1035.49673185,152.41813924000007
Chihuahua,Total general,2024,3,False,1258.84451954,223.3477876899999
Chihuahua,Total general,2024,4,False,1536.27126486,277.42674532
Chihuahua,Total general,2025,1,False,686.55813563,686.55813563
Chihuahua,Total general,2025,2,False,1043.83891658,357.2807809499999
Chihuahua,Total general,2025,3,False,994.28893978,-49.54997679999997
Chihuahua,Total general,2025,4,False,1065.57390552,71.28496573999996
Ciudad de México,Total general,2006,1,False,3007.2462131,3007.2462131
Ciudad de México,Total general,2006,2,False,4602.9128181,1595.6666049999994
Ciudad de México,Total general,2006,3,False,4858.01372319,255.1009050900002
Ciudad de México,Total general,2006,4,False,5671.13031819,813.1165950000004
Ciudad de México,Total general,2007,1,False,3284.2945988,3284.2945988
Ciudad de México,Total general,2007,2,False,4209.82160261,925.5270038099998
Ciudad de México,Total general,2007,3,False,5203.54723958,993.7256369699999
Ciudad de México,Total general,2007,4,False,6931.5426727,1727.9954331200006
Ciudad de México,Total general,2008,1,False,2737.77580143,2737.77580143
Ciudad de México,Total general,2008,2,False,4926.5947339,2188.8189324700006
Ciudad de México,Total general,2008,3,False,5348.27320405,421.67847014999916
Ciudad de México,Total general,2008,4,False,7730.7926654,2382.5194613500007
Ciudad de México,Total general,2009,1,False,1251.89160346,1251.89160346
Ciudad de México,Total general,2009,2,False,3518.05625677,2266.16465331
Ciudad de México,Total general,2009,3,False,4087.48523942,569.4289826500003
Ciudad de México,Total general,2009,4,False,5254.6439443,1167.1587048799997
Ciudad de México,Total general,2010,1,False,1742.05394185,1742.05394185
Ciudad de México,Total general,2010,2,False,2562.177593,820.1236511499999
Ciudad de México,Total general,2010,3,False,3403.61656493,841.4389719300002
Ciudad de México,Total general,2010,4,False,4064.56403542,660.9474704899999
Ciudad de México,Total general,2011,1,False,2361.46483703,2361.46483703
Ciudad de México,Total general,2011,2,False,4167.44012354,1805.97528651
Ciudad de México,Total general,2011,3,False,5494.53818228,1327.09805874
Ciudad de México,Total general,2011,4,False,7507.60079845,2013.0626161700002
Ciudad de México,Total general,2012,1,False,842.29593498,842.29593498
Ciudad de México,Total general,2012,2,False,2027.73737052,1185.44143554
Ciudad de México,Total general,2012,3,False,2922.06689866,894.3295281399999
Ciudad de México,Total general,2012,4,False,1337.46684635,-1584.60005231
Ciudad de México,Total general,2013,1,False,1567.10885648,1567.10885648
Ciudad de México,Total general,2013,2,False,4027.1248901,2460.0160336199997
Ciudad de México,Total general,2013,3,False,4414.88562125,387.76073115000054
Ciudad de México,Total general,2013,4,False,5835.45141827,1420.56579702
Ciudad de México,Total general,2014,1,False,3316.46308709,3316.46308709
Ciudad de México,Total general,2014,2,False,3716.12294731,399.65986022000016
Ciudad de México,Total general,2014,3,False,4498.81376631,782.6908189999995
Ciudad de México,Total general,2014,4,False,6126.79625349,1627.9824871800001
Ciudad de México,Total general,2015,1,False,2956.46429162,2956.46429162
Ciudad de México,Total general,2015,2,False,4293.04029703,1336.57600541
Ciudad de México,Total general,2015,3,False,5109.33952706,816.2992300300002
Ciudad de México,Total general,2015,4,False,5909.2081528,799.8686257399995
Ciudad de México,Total general,2016,1,False,3348.55164468,3348.55164468
Ciudad de México,Total general,2016,2,False,4675.24978709,1326.6981424099995
Ciudad de México,Total general,2016,3,False,5618.24506827,942.9952811800003
Ciudad de México,Total general,2016,4,False,6750.16563145,1131.9205631799996
Ciudad de México,Total general,2017,1,False,2758.40628131,2758.40628131
Ciudad de México,Total general,2017,2,False,3866.54525618,1108.1389748699999
Ciudad de México,Total general,2017,3,False,4674.51284825,807.9675920700006
Ciudad de México,Total general,2017,4,False,5125.0829723,450.5701240499993
Ciudad de México,Total general,2018,1,False,2679.79459625,2679.79459625
Ciudad de México,Total general,2018,2,False,4530.68222893,1850.88763268
Ciudad de México,Total general,2018,3,False,4778.35956283,247.67733390000012
Ciudad de México,Total general,2018,4,False,5844.92147436,1066.5619115299996
Ciudad de México,Total general,2019,1,False,3383.20624292,3383.20624292
Ciudad de México,Total general,2019,2,False,5480.93067941,2097.7244364900002
Ciudad de México,Total general,2019,3,False,7460.53834643,1979.60766702
Ciudad de México,Total general,2019,4,False,8781.36555836,1320.827211929999
Ciudad de México,Total general,2020,1,False,4704.34645801,4704.34645801
Ciudad de México,Total general,2020,2,False,5456.84383098,752.4973729700005
Ciudad de México,Total general,2020,3,False,6313.02595936,856.18212838
Ciudad de México,Total general,2020,4,False,7062.25847702,749.2325176599998
Ciudad de México,Total general,2021,1,False,3219.76584949,3219.76584949
Ciudad de México,Total general,2021,2,False,4175.96587657,956.2000270799995
Ciudad de México,Total general,2021,3,False,5086.90238413,910.9365075600008
Ciudad de México,Total general,2021,4,False,7178.47700392,2091.57461979
Ciudad de México,Total general,2022,1,False,8649.71797584,8649.71797584
Ciudad de México,Total general,2022,2,False,9871.02712555,1221.3091497099995
Ciudad de México,Total general,2022,3,False,10781.29258141,910.2654558600007
Ciudad de México,Total general,2022,4,False,11067.54945736,286.2568759500009
Ciudad de México,Total general,2023,1,False,9205.13389592,9205.13389592
Ciudad de México,Total general,2023,2,False,10969.02264502,1763.8887491000005
Ciudad de México,Total general,2023,3,False,11935.83570714,966.8130621199998
Ciudad de México,Total general,2023,4,False,11386.35854708,-549.4771600599997
Ciudad de México,Total general,2024,1,False,13901.40377436,13901.40377436
Ciudad de México,Total general,2024,2,False,15325.31965215,1423.9158777899993
Ciudad de México,Total general,2024,3,False,15498.68432406,173.36467190999974
Ciudad de México,Total general,2024,4,False,15523.46246398,24.778139920001195
Ciudad de México,Total general,2025,1,False,12627.83396761,12627.83396761
Ciudad de México,Total general,2025,2,False,21195.88883958,8568.054871969998
Ciudad de México,Total general,2025,3,False,24395.97468321,3200.0858436300005
Ciudad de México,Total general,2025,4,False,21602.75969418,-2793.214989029999
Coahuila,Total general,2006,1,False,177.527759,177.527759
Coahuila,Total general,2006,2,False,352.417793,174.890034
Coahuila,Total general,2006,3,False,440.508729,88.090936
Coahuila,Total general,2006,4,False,608.277464,167.768735
Coahuila,Total general,2007,1,False,262.656568,262.656568
Coahuila,Total general,2007,2,False,350.53485187,87.87828387000002
Coahuila,Total general,2007,3,False,537.67695887,187.142107
Coahuila,Total general,2007,4,False,666.29030587,128.61334699999998
Coahuila,Total general,2008,1,False,153.50655,153.50655
Coahuila,Total general,2008,2,False,315.551563,162.04501299999998
Coahuila,Total general,2008,3,False,401.527509,85.97594600000002
Coahuila,Total general,2008,4,False,583.083045,181.55553599999996
Coahuila,Total general,2009,1,False,164.044762,164.044762
Coahuila,Total general,2009,2,False,257.25639072,93.21162872000002
Coahuila,Total general,2009,3,False,293.22112672,35.96473599999996
Coahuila,Total general,2009,4,False,381.21029472,87.989168
Coahuila,Total general,2010,1,False,176.171496,176.171496
Coahuila,Total general,2010,2,False,363.354639,187.18314300000003
Coahuila,Total general,2010,3,False,541.239521,177.88488199999995
Coahuila,Total general,2010,4,False,751.20121382,209.96169282000005
Coahuila,Total general,2011,1,False,114.86361279,114.86361279
Coahuila,Total general,2011,2,False,332.31398331,217.45037052000004
Coahuila,Total general,2011,3,False,429.08542554,96.77144222999999
Coahuila,Total general,2011,4,False,647.1417723,218.05634675999994
Coahuila,Total general,2012,1,False,149.74855499,149.74855499
Coahuila,Total general,2012,2,False,365.12807711,215.37952212
Coahuila,Total general,2012,3,False,465.24885029,100.12077318000001
Coahuila,Total general,2012,4,False,539.36665729,74.11780700000003
Coahuila,Total general,2013,1,False,248.47702998,248.47702998
Coahuila,Total general,2013,2,False,1410.14806946,1161.67103948
Coahuila,Total general,2013,3,False,1374.8184241,-35.329645360000086
Coahuila,Total general,2013,4,False,1804.57893607,429.76051197000015
Coahuila,Total general,2014,1,False,291.59594491,291.59594491
Coahuila,Total general,2014,2,False,1269.11668111,977.5207361999999
Coahuila,Total general,2014,3,False,1295.00208705,25.885405940000055
Coahuila,Total general,2014,4,False,1625.46178739,330.4597003399999
Coahuila,Total general,2015,1,False,505.43898252,505.43898252
Coahuila,Total general,2015,2,False,678.5368134,173.09783088
Coahuila,Total general,2015,3,False,1126.96863561,448.43182221000006
Coahuila,Total general,2015,4,False,1367.22433811,240.25570249999987
Coahuila,Total general,2016,1,False,189.96552709,189.96552709
Coahuila,Total general,2016,2,False,134.14428228,-55.821244809999996
Coahuila,Total general,2016,3,False,273.14044532,138.99616304000003
Coahuila,Total general,2016,4,False,1209.58711579,936.4466704700001
Coahuila,Total general,2017,1,False,505.86091481,505.86091481
Coahuila,Total general,2017,2,False,1051.08446145,545.22354664
Coahuila,Total general,2017,3,False,1504.3621879,453.27772645000005
Coahuila,Total general,2017,4,False,2672.54409834,1168.18191044
Coahuila,Total general,2018,1,False,647.62980755,647.62980755
Coahuila,Total general,2018,2,False,1570.54263984,922.91283229
Coahuila,Total general,2018,3,False,2581.04887464,1010.5062348000001
Coahuila,Total general,2018,4,False,3290.19166912,709.1427944799998
Coahuila,Total general,2019,1,False,588.47728569,588.47728569
Coahuila,Total general,2019,2,False,837.45491242,248.97762673
Coahuila,Total general,2019,3,False,1117.71676078,280.26184835999993
Coahuila,Total general,2019,4,False,1492.10863116,374.39187038
Coahuila,Total general,2020,1,False,392.06927119,392.06927119
Coahuila,Total general,2020,2,False,814.51546347,422.44619228
Coahuila,Total general,2020,3,False,628.57394616,-185.94151731
Coahuila,Total general,2020,4,False,852.11011832,223.53617215999998
Coahuila,Total general,2021,1,False,528.53880025,528.53880025
Coahuila,Total general,2021,2,False,1004.80286156,476.26406131
Coahuila,Total general,2021,3,False,1120.81512442,116.01226286000008
Coahuila,Total general,2021,4,False,1039.08058047,-81.73454394999999
Coahuila,Total general,2022,1,False,321.73392024,321.73392024
Coahuila,Total general,2022,2,False,671.51686602,349.78294578
Coahuila,Total general,2022,3,False,814.80885832,143.29199230000006
Coahuila,Total general,2022,4,False,879.9459039,65.13704557999995
Coahuila,Total general,2023,1,False,522.78804687,522.78804687
Coahuila,Total general,2023,2,False,1189.99150483,667.2034579599999
Coahuila,Total general,2023,3,False,830.64415012,-359.34735471
Coahuila,Total general,2023,4,False,924.4356718,93.79152168000007
Coahuila,Total general,2024,1,False,110.89818248,110.89818248
Coahuila,Total general,2024,2,False,304.06035138,193.16216889999998
Coahuila,Total general,2024,3,False,536.92432914,232.86397776000007
Coahuila,Total general,2024,4,False,200.33216196,-336.59216718000005
Coahuila,Total general,2025,1,False,480.7454544,480.7454544
Coahuila,Total general,2025,2,False,1029.25640631,548.5109519100001
Coahuila,Total general,2025,3,False,1382.69499823,353.4385919199999
Coahuila,Total general,2025,4,False,1306.0719745,-76.62302373000011
Colima,Total general,2006,1,False,60.808792,60.808792
Colima,Total general,2006,2,False,79.5121929,18.703400900000005
Colima,Total general,2006,3,False,91.83807854,12.325885639999996
Colima,Total general,2006,4,False,106.49998155,14.661903010000003
Colima,Total general,2007,1,False,36.953273,36.953273
Colima,Total general,2007,2,False,46.75264952,9.799376519999996
Colima,Total general,2007,3,False,48.3302489,1.5775993800000023
Colima,Total general,2007,4,False,118.7007917,70.3705428
Colima,Total general,2008,1,False,21.98822979,21.98822979
Colima,Total general,2008,2,False,149.32755536,127.33932557
Colima,Total general,2008,3,False,157.55816069,8.230605330000003
Colima,Total general,2008,4,False,187.54311769,29.98495700000001
Colima,Total general,2009,1,False,61.07423465,61.07423465
Colima,Total general,2009,2,False,77.37052909,16.296294440000004
Colima,Total general,2009,3,False,106.12788796,28.75735886999999
Colima,Total general,2009,4,False,134.86469896,28.736811000000003
Colima,Total general,2010,1,False,129.44846581,129.44846581
Colima,Total general,2010,2,False,205.42868081,75.98021500000002
Colima,Total general,2010,3,False,255.23979215,49.81111134
Colima,Total general,2010,4,False,264.83887715,9.599084999999974
Colima,Total general,2011,1,False,15.15626276,15.15626276
Colima,Total general,2011,2,False,110.32493476,95.168672
Colima,Total general,2011,3,False,144.27327997,33.94834521
Colima,Total general,2011,4,False,154.61332615,10.340046180000002
Colima,Total general,2012,1,False,-8.04360511,-8.04360511
Colima,Total general,2012,2,False,19.5259898,27.56959491
Colima,Total general,2012,3,False,14.3189448,-5.207045000000001
Colima,Total general,2012,4,False,60.45569382,46.136749019999996
Colima,Total general,2013,1,False,-1.97034933,-1.97034933
Colima,Total general,2013,2,False,50.68550305,52.65585238
Colima,Total general,2013,3,False,225.79131805,175.105815
Colima,Total general,2013,4,False,167.78738142,-58.00393663
Colima,Total general,2014,1,False,125.15025784,125.15025784
Colima,Total general,2014,2,False,143.3537907,18.203532859999996
Colima,Total general,2014,3,False,169.62796286,26.274172160000006
Colima,Total general,2014,4,False,195.63570299,26.007740130000002
Colima,Total general,2015,1,False,111.0042562,111.0042562
Colima,Total general,2015,2,False,111.24230099,0.23804479000000356
Colima,Total general,2015,3,False,150.70980923,39.46750823999999
Colima,Total general,2015,4,False,165.32227102,14.612461789999998
Colima,Total general,2016,1,False,43.96793374,43.96793374
Colima,Total general,2016,2,False,36.11570399,-7.852229749999999
Colima,Total general,2016,3,False,-4.21227963,-40.32798362
Colima,Total general,2016,4,False,-24.22497056,-20.012690929999998
Colima,Total general,2017,1,False,54.34007487,54.34007487
Colima,Total general,2017,2,False,82.77962548,28.439550610000005
Colima,Total general,2017,3,False,105.24244119,22.462815709999987
Colima,Total general,2017,4,False,132.22007177,26.97763058000001
Colima,Total general,2018,1,False,51.22021958,51.22021958
Colima,Total general,2018,2,False,66.43707008,15.2168505
Colima,Total general,2018,3,False,77.71437467,11.27730459
Colima,Total general,2018,4,False,90.6961999,12.981825229999998
Colima,Total general,2019,1,False,39.05638709,39.05638709
Colima,Total general,2019,2,False,46.98534706,7.928959970000001
Colima,Total general,2019,3,False,53.05902961,6.073682550000001
Colima,Total general,2019,4,False,41.36634316,-11.692686450000004
Colima,Total general,2020,1,False,78.80972248,78.80972248
Colima,Total general,2020,2,False,101.52596889,22.716246409999997
Colima,Total general,2020,3,False,110.11166982,8.585700930000002
Colima,Total general,2020,4,False,92.06589544,-18.045774379999997
Colima,Total general,2021,1,False,88.28049769,88.28049769
Colima,Total general,2021,2,False,85.27702303,-3.003474660000009
Colima,Total general,2021,3,False,74.39110786,-10.88591516999999
Colima,Total general,2021,4,False,91.35779608,16.966688219999995
Colima,Total general,2022,1,False,58.68256204,58.68256204
Colima,Total general,2022,2,False,41.83113431,-16.851427729999997
Colima,Total general,2022,3,False,74.45100617,32.619871859999996
Colima,Total general,2022,4,False,95.06728025,20.616274079999997
Colima,Total general,2023,1,False,27.41498321,27.41498321
Colima,Total general,2023,2,False,36.53552086,9.12053765
Colima,Total general,2023,3,False,45.63671487,9.10119401
Colima,Total general,2023,4,False,57.16858115,11.531866280000003
Colima,Total general,2024,1,False,240.27635042,240.27635042
Colima,Total general,2024,2,False,244.99047494,4.714124520000013
Colima,Total general,2024,3,False,261.25895316,16.268478219999963
Colima,Total general,2024,4,False,262.62495673,1.3660035700000321
Colima,Total general,2025,1,False,59.70977067,59.70977067
Colima,Total general,2025,2,False,271.83021598,212.12044530999998
Colima,Total general,2025,3,False,258.23172719,-13.598488789999976
Colima,Total general,2025,4,False,254.16701895,-4.064708240000016
Durango,Total general,2006,1,False,28.621566,28.621566
Durango,Total general,2006,2,False,-19.813333,-48.434899
Durango,Total general,2006,3,False,-22.912166,-3.098832999999999
Durango,Total general,2006,4,False,10.77438,33.686546
Durango,Total general,2007,1,False,56.231209,56.231209
Durango,Total general,2007,2,False,76.272813,20.041604
Durango,Total general,2007,3,False,231.179371,154.90655800000002
Durango,Total general,2007,4,False,421.617602,190.43823099999997
Durango,Total general,2008,1,False,71.170468,71.170468
Durango,Total general,2008,2,False,191.328746,120.158278
Durango,Total general,2008,3,False,313.645714,122.316968
Durango,Total general,2008,4,False,488.132089,174.486375
Durango,Total general,2009,1,False,25.27768,25.27768
Durango,Total general,2009,2,False,64.942742,39.66506199999999
Durango,Total general,2009,3,False,114.69214339,49.74940139
Durango,Total general,2009,4,False,127.36882939,12.676686000000004
Durango,Total general,2010,1,False,53.154603,53.154603
Durango,Total general,2010,2,False,106.997287,53.842684
Durango,Total general,2010,3,False,283.62372,176.626433
Durango,Total general,2010,4,False,414.0637624,130.44004239999998
Durango,Total general,2011,1,False,137.39630786,137.39630786
Durango,Total general,2011,2,False,210.79310986,73.39680199999998
Durango,Total general,2011,3,False,217.39032086,6.597211000000016
Durango,Total general,2011,4,False,228.61928688,11.228966020000001
Durango,Total general,2012,1,False,88.59165157,88.59165157
Durango,Total general,2012,2,False,103.48927169,14.89762012
Durango,Total general,2012,3,False,161.87629469,58.38702300000001
Durango,Total general,2012,4,False,268.38881627,106.51252158
Durango,Total general,2013,1,False,57.57407715,57.57407715
Durango,Total general,2013,2,False,174.08805554,116.51397839
Durango,Total general,2013,3,False,202.51490954,28.42685399999999
Durango,Total general,2013,4,False,482.4867997,279.97189016000004
Durango,Total general,2014,1,False,112.07595809,112.07595809
Durango,Total general,2014,2,False,94.27738918,-17.79856891
Durango,Total general,2014,3,False,134.09817722,39.82078804
Durango,Total general,2014,4,False,155.88362224,21.785445019999997
Durango,Total general,2015,1,False,59.16862151,59.16862151
Durango,Total general,2015,2,False,106.75927793,47.590656419999995
Durango,Total general,2015,3,False,216.25635887,109.49708094000002
Durango,Total general,2015,4,False,231.09895541,14.842596539999988
Durango,Total general,2016,1,False,69.97820674,69.97820674
Durango,Total general,2016,2,False,193.77475603,123.79654928999999
Durango,Total general,2016,3,False,215.61961056,21.84485453000002
Durango,Total general,2016,4,False,275.9363663,60.31675573999996
Durango,Total general,2017,1,False,30.06866024,30.06866024
Durango,Total general,2017,2,False,51.23862477,21.16996453
Durango,Total general,2017,3,False,80.8847268,29.646102029999994
Durango,Total general,2017,4,False,131.1131911,50.2284643
Durango,Total general,2018,1,False,143.23581774,143.23581774
Durango,Total general,2018,2,False,347.67068198,204.43486424
Durango,Total general,2018,3,False,326.50168937,-21.168992609999975
Durango,Total general,2018,4,False,391.0602771,64.55858773
Durango,Total general,2019,1,False,92.32212075,92.32212075
Durango,Total general,2019,2,False,124.75681022,32.43468947000001
Durango,Total general,2019,3,False,201.74912242,76.99231219999999
Durango,Total general,2019,4,False,178.53047723,-23.21864518999999
Durango,Total general,2020,1,False,363.84039115,363.84039115
Durango,Total general,2020,2,False,556.79331322,192.95292206999994
Durango,Total general,2020,3,False,761.74209856,204.9487853400001
Durango,Total general,2020,4,False,496.54171184,-265.20038672000004
Durango,Total general,2021,1,False,455.07424841,455.07424841
Durango,Total general,2021,2,False,562.13970969,107.06546128000002
Durango,Total general,2021,3,False,474.41955765,-87.72015204000002
Durango,Total general,2021,4,False,461.83637568,-12.583181969999998
Durango,Total general,2022,1,False,223.30607018,223.30607018
Durango,Total general,2022,2,False,340.54020669,117.23413650999998
Durango,Total general,2022,3,False,400.74892342,60.20871672999999
Durango,Total general,2022,4,False,565.55281174,164.80388832000006
Durango,Total general,2023,1,False,320.74478802,320.74478802
Durango,Total general,2023,2,False,309.65716252,-11.087625500000001
Durango,Total general,2023,3,False,330.32718455,20.67002203000004
Durango,Total general,2023,4,False,396.16726479,65.84008023999996
Durango,Total general,2024,1,False,119.89177109,119.89177109
Durango,Total general,2024,2,False,156.61399362,36.722222529999996
Durango,Total general,2024,3,False,247.71118823,91.09719461
Durango,Total general,2024,4,False,306.86777792,59.156589689999976
Durango,Total general,2025,1,False,-7.9191721,-7.9191721
Durango,Total general,2025,2,False,-17.38393582,-9.46476372
Durango,Total general,2025,3,False,-40.6498422,-23.26590638
Durango,Total general,2025,4,False,-15.50749244,25.142349760000002
Estado de México,Total general,2006,1,False,875.87208307,875.87208307
Estado de México,Total general,2006,2,False,1611.24148807,735.369405
Estado de México,Total general,2006,3,False,1824.31715107,213.07566299999985
Estado de México,Total general,2006,4,False,2403.10428407,578.7871330000003
Estado de México,Total general,2007,1,False,948.76246802,948.76246802
Estado de México,Total general,2007,2,False,1382.71472641,433.9522583899999
Estado de México,Total general,2007,3,False,1464.92180541,82.20707900000002
Estado de México,Total general,2007,4,False,2220.91618841,755.994383
Estado de México,Total general,2008,1,False,1136.87213533,1136.87213533
Estado de México,Total general,2008,2,False,1753.27697375,616.40483842
Estado de México,Total general,2008,3,False,2135.95954391,382.68257015999984
Estado de México,Total general,2008,4,False,2345.89190391,209.93236000000024
Estado de México,Total general,2009,1,False,531.21841347,531.21841347
Estado de México,Total general,2009,2,False,955.93774553,424.71933206000006
Estado de México,Total general,2009,3,False,1039.04172551,83.10397998000008
Estado de México,Total general,2009,4,False,1592.38048435,553.3387588399999
Estado de México,Total general,2010,1,False,1130.77739287,1130.77739287
Estado de México,Total general,2010,2,False,1582.78433393,452.0069410599999
Estado de México,Total general,2010,3,False,1862.9592518,280.17491786999994
Estado de México,Total general,2010,4,False,2028.37880937,165.41955757000005
Estado de México,Total general,2011,1,False,1282.53039708,1282.53039708
Estado de México,Total general,2011,2,False,1735.13689488,452.60649779999994
Estado de México,Total general,2011,3,False,2173.48736331,438.3504684300001
Estado de México,Total general,2011,4,False,2712.08442106,538.5970577499997
Estado de México,Total general,2012,1,False,1162.28319133,1162.28319133
Estado de México,Total general,2012,2,False,2361.25238685,1198.9691955200003
Estado de México,Total general,2012,3,False,2782.02471717,420.7723303199996
Estado de México,Total general,2012,4,False,3119.57879737,337.55408020000004
Estado de México,Total general,2013,1,False,1169.76105568,1169.76105568
Estado de México,Total general,2013,2,False,3826.56304708,2656.8019914
Estado de México,Total general,2013,3,False,3995.22751228,168.6644652
Estado de México,Total general,2013,4,False,4608.43804491,613.2105326299998
Estado de México,Total general,2014,1,False,1079.84231888,1079.84231888
Estado de México,Total general,2014,2,False,1694.811261,614.9689421200001
Estado de México,Total general,2014,3,False,1882.54396729,187.7327062899999
Estado de México,Total general,2014,4,False,3581.42938666,1698.8854193700001
Estado de México,Total general,2015,1,False,1056.25619737,1056.25619737
Estado de México,Total general,2015,2,False,2239.20006081,1182.94386344
Estado de México,Total general,2015,3,False,2891.32940042,652.12933961
Estado de México,Total general,2015,4,False,2959.75669983,68.4272994099997
Estado de México,Total general,2016,1,False,1159.68532641,1159.68532641
Estado de México,Total general,2016,2,False,1378.03163236,218.34630595
Estado de México,Total general,2016,3,False,1684.26421002,306.23257766000006
Estado de México,Total general,2016,4,False,2407.82139412,723.5571841000001
Estado de México,Total general,2017,1,False,1244.54411971,1244.54411971
Estado de México,Total general,2017,2,False,2007.71138591,763.1672662000001
Estado de México,Total general,2017,3,False,3467.01933656,1459.3079506499998
Estado de México,Total general,2017,4,False,3761.43041235,294.41107579000027
Estado de México,Total general,2018,1,False,1250.69157695,1250.69157695
Estado de México,Total general,2018,2,False,1841.57894862,590.88737167
Estado de México,Total general,2018,3,False,2085.82494883,244.24600020999992
Estado de México,Total general,2018,4,False,2333.83152235,248.00657352000007
Estado de México,Total general,2019,1,False,1533.47001794,1533.47001794
Estado de México,Total general,2019,2,False,1972.08195922,438.6119412800001
Estado de México,Total general,2019,3,False,2439.44592589,467.3639666700001
Estado de México,Total general,2019,4,False,2933.07903268,493.63310679000006
Estado de México,Total general,2020,1,False,1700.04160474,1700.04160474
Estado de México,Total general,2020,2,False,2158.52347026,458.48186552000016
Estado de México,Total general,2020,3,False,2118.31604236,-40.20742789999986
Estado de México,Total general,2020,4,False,2385.28461659,266.96857422999983
Estado de México,Total general,2021,1,False,994.25095491,994.25095491
Estado de México,Total general,2021,2,False,988.59767119,-5.65328371999999
Estado de México,Total general,2021,3,False,1349.73698345,361.13931226
Estado de México,Total general,2021,4,False,1535.54132594,185.80434248999995
Estado de México,Total general,2022,1,False,1167.78874292,1167.78874292
Estado de México,Total general,2022,2,False,2121.27165179,953.4829088699998
Estado de México,Total general,2022,3,False,2348.40715108,227.1354992900001
Estado de México,Total general,2022,4,False,2294.64418198,-53.76296909999974
Estado de México,Total general,2023,1,False,1222.95647942,1222.95647942
Estado de México,Total general,2023,2,False,1303.37001925,80.41353982999999
Estado de México,Total general,2023,3,False,1702.90313775,399.5331185
Estado de México,Total general,2023,4,False,1928.28916237,225.38602461999994
Estado de México,Total general,2024,1,False,1171.49419314,1171.49419314
Estado de México,Total general,2024,2,False,1597.12458427,425.6303911299999
Estado de México,Total general,2024,3,False,2592.55439029,995.4298060199999
Estado de México,Total general,2024,4,False,2195.30375422,-397.2506360699999
Estado de México,Total general,2025,1,False,2059.93689666,2059.93689666
Estado de México,Total general,2025,2,False,2538.85056567,478.9136690099999
Estado de México,Total general,2025,3,False,3248.17574091,709.3251752400001
Estado de México,Total general,2025,4,False,3121.78267244,-126.39306846999989
Guanajuato,Total general,2006,1,False,357.013695,357.013695
Guanajuato,Total general,2006,2,False,632.715611,275.701916
Guanajuato,Total general,2006,3,False,415.324212,-217.39139899999998
Guanajuato,Total general,2006,4,False,596.469222,181.14500999999996
Guanajuato,Total general,2007,1,False,342.924366,342.924366
Guanajuato,Total general,2007,2,False,567.66002152,224.73565551999997
Guanajuato,Total general,2007,3,False,880.47169697,312.81167545000005
Guanajuato,Total general,2007,4,False,1091.99863697,211.52693999999997
Guanajuato,Total general,2008,1,False,305.187014,305.187014
Guanajuato,Total general,2008,2,False,542.116804,236.92979000000003
Guanajuato,Total general,2008,3,False,659.993897,117.87709299999995
Guanajuato,Total general,2008,4,False,751.784794,91.79089700000009
Guanajuato,Total general,2009,1,False,109.19777055,109.19777055
Guanajuato,Total general,2009,2,False,171.15147655,61.95370600000001
Guanajuato,Total general,2009,3,False,263.62573714,92.47426059
Guanajuato,Total general,2009,4,False,508.59799897,244.97226182999998
Guanajuato,Total general,2010,1,False,189.40134456,189.40134456
Guanajuato,Total general,2010,2,False,288.11642404,98.71507948000001
Guanajuato,Total general,2010,3,False,313.19675236,25.08032831999998
Guanajuato,Total general,2010,4,False,399.27387354,86.07712118
Guanajuato,Total general,2011,1,False,677.88962386,677.88962386
Guanajuato,Total general,2011,2,False,917.84302262,239.95339876000003
Guanajuato,Total general,2011,3,False,1337.11969162,419.27666899999986
Guanajuato,Total general,2011,4,False,1424.68559679,87.56590517000018
Guanajuato,Total general,2012,1,False,276.47002957,276.47002957
Guanajuato,Total general,2012,2,False,613.99654862,337.52651905
Guanajuato,Total general,2012,3,False,1008.38323922,394.38669059999995
Guanajuato,Total general,2012,4,False,1321.19333178,312.81009256000016
Guanajuato,Total general,2013,1,False,427.4407674,427.4407674
Guanajuato,Total general,2013,2,False,1874.83883798,1447.39807058
Guanajuato,Total general,2013,3,False,2005.21090995,130.37207196999998
Guanajuato,Total general,2013,4,False,2621.3829187,616.17200875
Guanajuato,Total general,2014,1,False,559.16962046,559.16962046
Guanajuato,Total general,2014,2,False,1058.28621366,499.1165931999999
Guanajuato,Total general,2014,3,False,1085.5637187,27.27750504000005
Guanajuato,Total general,2014,4,False,1317.88567003,232.32195133000005
Guanajuato,Total general,2015,1,False,501.95388793,501.95388793
Guanajuato,Total general,2015,2,False,519.10223775,17.148349819999964
Guanajuato,Total general,2015,3,False,939.08970471,419.98746696
Guanajuato,Total general,2015,4,False,1752.81332972,813.72362501
Guanajuato,Total general,2016,1,False,549.11754958,549.11754958
Guanajuato,Total general,2016,2,False,900.81843059,351.7008810100001
Guanajuato,Total general,2016,3,False,1152.80948636,251.9910557699999
Guanajuato,Total general,2016,4,False,1332.59015018,179.78066381999997
Guanajuato,Total general,2017,1,False,749.23228806,749.23228806
Guanajuato,Total general,2017,2,False,1179.76148549,430.52919743000007
Guanajuato,Total general,2017,3,False,1650.94525453,471.18376904
Guanajuato,Total general,2017,4,False,1677.91720201,26.971947479999926
Guanajuato,Total general,2018,1,False,588.5415515,588.5415515
Guanajuato,Total general,2018,2,False,1390.73904687,802.1974953700001
Guanajuato,Total general,2018,3,False,1932.30310092,541.5640540499999
Guanajuato,Total general,2018,4,False,2469.79566241,537.4925614900003
Guanajuato,Total general,2019,1,False,41.69896065,41.69896065
Guanajuato,Total general,2019,2,False,192.88396176,151.18500111
Guanajuato,Total general,2019,3,False,583.74051578,390.85655402
Guanajuato,Total general,2019,4,False,796.03621102,212.29569524
Guanajuato,Total general,2020,1,False,290.1567388,290.1567388
Guanajuato,Total general,2020,2,False,542.04690371,251.89016491
Guanajuato,Total general,2020,3,False,267.48170394,-274.56519977000005
Guanajuato,Total general,2020,4,False,199.33006219,-68.15164174999998
Guanajuato,Total general,2021,1,False,1107.89875172,1107.89875172
Guanajuato,Total general,2021,2,False,1137.58627422,29.687522499999886
Guanajuato,Total general,2021,3,False,1764.12065283,626.53437861
Guanajuato,Total general,2021,4,False,1798.07999157,33.95933874000002
Guanajuato,Total general,2022,1,False,729.46695441,729.46695441
Guanajuato,Total general,2022,2,False,1159.14315335,429.67619893999995
Guanajuato,Total general,2022,3,False,1664.11154616,504.96839281000007
Guanajuato,Total general,2022,4,False,1559.01951278,-105.09203337999998
Guanajuato,Total general,2023,1,False,866.18403037,866.18403037
Guanajuato,Total general,2023,2,False,1336.13521164,469.9511812700001
Guanajuato,Total general,2023,3,False,1415.41288757,79.27767592999999
Guanajuato,Total general,2023,4,False,677.57737688,-737.8355106900001
Guanajuato,Total general,2024,1,False,952.43475652,952.43475652
Guanajuato,Total general,2024,2,False,1317.76959943,365.33484291
Guanajuato,Total general,2024,3,False,1686.55665727,368.78705784
Guanajuato,Total general,2024,4,False,1435.41856045,-251.13809681999987
Guanajuato,Total general,2025,1,False,689.92834598,689.92834598
Guanajuato,Total general,2025,2,False,1014.86064807,324.93230209
Guanajuato,Total general,2025,3,False,1142.877469,128.01682093
Guanajuato,Total general,2025,4,False,770.08505091,-372.79241809000007
Guerrero,Total general,2006,1,False,57.18262096,57.18262096
Guerrero,Total general,2006,2,False,81.1087354,23.92611444
Guerrero,Total general,2006,3,False,93.0020114,11.893276
Guerrero,Total general,2006,4,False,164.02679763,71.02478623
Guerrero,Total general,2007,1,False,104.670472,104.670472
Guerrero,Total general,2007,2,False,129.89724355,25.22677155000001
Guerrero,Total general,2007,3,False,91.75655063,-38.140692920000006
Guerrero,Total general,2007,4,False,112.3540048,20.597454169999992
Guerrero,Total general,2008,1,False,39.51090691,39.51090691
Guerrero,Total general,2008,2,False,98.19342591,58.682519
Guerrero,Total general,2008,3,False,553.3079367,455.11451079000005
Guerrero,Total general,2008,4,False,574.9460351,21.63809839999999
Guerrero,Total general,2009,1,False,17.6478132,17.6478132
Guerrero,Total general,2009,2,False,85.7451232,68.09731
Guerrero,Total general,2009,3,False,94.7778342,9.032711000000006
Guerrero,Total general,2009,4,False,136.01410807,41.23627386999999
Guerrero,Total general,2010,1,False,116.69352428,116.69352428
Guerrero,Total general,2010,2,False,150.43816257,33.74463829
Guerrero,Total general,2010,3,False,143.21777957,-7.220382999999998
Guerrero,Total general,2010,4,False,139.55118157,-3.6665979999999934
Guerrero,Total general,2011,1,False,70.34463285,70.34463285
Guerrero,Total general,2011,2,False,131.3830596,61.03842675
Guerrero,Total general,2011,3,False,177.66945879,46.28639919
Guerrero,Total general,2011,4,False,241.8040872,64.13462841
Guerrero,Total general,2012,1,False,66.5032632,66.5032632
Guerrero,Total general,2012,2,False,99.93872118,33.435457979999995
Guerrero,Total general,2012,3,False,128.15071518,28.21199399999999
Guerrero,Total general,2012,4,False,164.28460464,36.133889460000006
Guerrero,Total general,2013,1,False,130.09107027,130.09107027
Guerrero,Total general,2013,2,False,796.35175776,666.26068749
Guerrero,Total general,2013,3,False,831.37298609,35.021228329999985
Guerrero,Total general,2013,4,False,1088.17372931,256.80074321999996
Guerrero,Total general,2014,1,False,176.16239022,176.16239022
Guerrero,Total general,2014,2,False,360.0876815,183.92529127999998
Guerrero,Total general,2014,3,False,476.79700722,116.70932572000004
Guerrero,Total general,2014,4,False,479.40576144,2.6087542199999803
Guerrero,Total general,2015,1,False,68.69219483,68.69219483
Guerrero,Total general,2015,2,False,125.7740881,57.081893269999995
Guerrero,Total general,2015,3,False,146.17445672,20.400368619999995
Guerrero,Total general,2015,4,False,164.12831758,17.953860859999992
Guerrero,Total general,2016,1,False,79.38535741,79.38535741
Guerrero,Total general,2016,2,False,91.96252734,12.577169929999997
Guerrero,Total general,2016,3,False,117.88257915,25.920051810000004
Guerrero,Total general,2016,4,False,180.66823747,62.78565832000001
Guerrero,Total general,2017,1,False,46.44586359,46.44586359
Guerrero,Total general,2017,2,False,383.96689276,337.52102917
Guerrero,Total general,2017,3,False,423.41805116,39.4511584
Guerrero,Total general,2017,4,False,410.41400706,-13.004044099999987
Guerrero,Total general,2018,1,False,41.67157543,41.67157543
Guerrero,Total general,2018,2,False,64.77523807,23.103662640000003
Guerrero,Total general,2018,3,False,436.50831475,371.73307668
Guerrero,Total general,2018,4,False,402.16717958,-34.34113517000003
Guerrero,Total general,2019,1,False,185.13876279,185.13876279
Guerrero,Total general,2019,2,False,203.48357109,18.34480830000001
Guerrero,Total general,2019,3,False,236.31031114,32.82674005000001
Guerrero,Total general,2019,4,False,275.53500944,39.2246983
Guerrero,Total general,2020,1,False,274.60442789,274.60442789
Guerrero,Total general,2020,2,False,293.99048883,19.386060939999993
Guerrero,Total general,2020,3,False,317.19906708,23.208578250000016
Guerrero,Total general,2020,4,False,296.87249708,-20.326570000000004
Guerrero,Total general,2021,1,False,143.87671756,143.87671756
Guerrero,Total general,2021,2,False,292.15276017,148.27604261000002
Guerrero,Total general,2021,3,False,576.47273861,284.31997843999994
Guerrero,Total general,2021,4,False,669.3346785,92.86193989000003
Guerrero,Total general,2022,1,False,73.96206119,73.96206119
Guerrero,Total general,2022,2,False,137.41174474,63.44968354999999
Guerrero,Total general,2022,3,False,197.19340752,59.781662780000005
Guerrero,Total general,2022,4,False,246.1704787,48.977071179999996
Guerrero,Total general,2023,1,False,-193.75813464,-193.75813464
Guerrero,Total general,2023,2,False,-191.21196842,2.5461662200000035
Guerrero,Total general,2023,3,False,-177.43612212,13.775846300000012
Guerrero,Total general,2023,4,False,-195.93593081,-18.49980869000001
Guerrero,Total general,2024,1,False,31.18115959,31.18115959
Guerrero,Total general,2024,2,False,54.59611679,23.414957200000003
Guerrero,Total general,2024,3,False,42.62128449,-11.974832300000003
Guerrero,Total general,2024,4,False,44.6268751,2.0055906099999987
Guerrero,Total general,2025,1,False,5.36132552,5.36132552
Guerrero,Total general,2025,2,False,61.23787888,55.876553359999996
Guerrero,Total general,2025,3,False,134.82258379,73.58470491000001
Guerrero,Total general,2025,4,False,92.94584248,-41.876741310000014
Hidalgo,Total general,2006,1,False,124.241691,124.241691
Hidalgo,Total general,2006,2,False,172.68206,48.440369000000004
Hidalgo,Total general,2006,3,False,169.029715,-3.652344999999997
Hidalgo,Total general,2006,4,False,194.382045,25.352329999999995
Hidalgo,Total general,2007,1,False,46.866931,46.866931
Hidalgo,Total general,2007,2,False,65.269366,18.402435000000004
Hidalgo,Total general,2007,3,False,92.747155,27.477789
Hidalgo,Total general,2007,4,False,87.068187,-5.678968000000012
Hidalgo,Total general,2008,1,False,55.326739,55.326739
Hidalgo,Total general,2008,2,False,93.921011,38.59427199999999
Hidalgo,Total general,2008,3,False,104.567754,10.646743
Hidalgo,Total general,2008,4,False,121.744071,17.17631700000001
Hidalgo,Total general,2009,1,False,25.255137,25.255137
Hidalgo,Total general,2009,2,False,58.309287,33.05414999999999
Hidalgo,Total general,2009,3,False,67.068172,8.758885000000006
Hidalgo,Total general,2009,4,False,111.455124,44.386951999999994
Hidalgo,Total general,2010,1,False,72.018851,72.018851
Hidalgo,Total general,2010,2,False,337.784647,265.765796
Hidalgo,Total general,2010,3,False,359.831636,22.046988999999996
Hidalgo,Total general,2010,4,False,380.346931,20.51529499999998
Hidalgo,Total general,2011,1,False,135.7088613,135.7088613
Hidalgo,Total general,2011,2,False,181.44838884,45.73952754000001
Hidalgo,Total general,2011,3,False,199.05770484,17.609316000000007
Hidalgo,Total general,2011,4,False,265.52540805,66.46770321
Hidalgo,Total general,2012,1,False,34.31308511,34.31308511
Hidalgo,Total general,2012,2,False,55.68615078,21.373065669999995
Hidalgo,Total general,2012,3,False,150.21394678,94.527796
Hidalgo,Total general,2012,4,False,178.80899578,28.595049000000017
Hidalgo,Total general,2013,1,False,96.57782326,96.57782326
Hidalgo,Total general,2013,2,False,420.12580457,323.54798131
Hidalgo,Total general,2013,3,False,380.27558057,-39.850224000000026
Hidalgo,Total general,2013,4,False,470.02068617,89.74510559999999
Hidalgo,Total general,2014,1,False,99.79252991,99.79252991
Hidalgo,Total general,2014,2,False,-52.25768264,-152.05021255
Hidalgo,Total general,2014,3,False,-67.5200456,-15.262362960000004
Hidalgo,Total general,2014,4,False,-66.07296627,1.4470793300000082
Hidalgo,Total general,2015,1,False,240.09765528,240.09765528
Hidalgo,Total general,2015,2,False,314.84242321,74.74476793
Hidalgo,Total general,2015,3,False,331.24258505,16.40016184000001
Hidalgo,Total general,2015,4,False,523.72557033,192.48298527999998
Hidalgo,Total general,2016,1,False,130.74189662,130.74189662
Hidalgo,Total general,2016,2,False,184.4516251,53.709728479999995
Hidalgo,Total general,2016,3,False,267.3159386,82.86431349999998
Hidalgo,Total general,2016,4,False,444.57381901,177.25788041000004
Hidalgo,Total general,2017,1,False,93.77729179,93.77729179
Hidalgo,Total general,2017,2,False,215.45219559,121.6749038
Hidalgo,Total general,2017,3,False,269.65402414,54.20182854999999
Hidalgo,Total general,2017,4,False,349.36115393,79.70712979000001
Hidalgo,Total general,2018,1,False,158.00140056,158.00140056
Hidalgo,Total general,2018,2,False,194.99645881,36.99505825
Hidalgo,Total general,2018,3,False,169.69375501,-25.302703800000018
Hidalgo,Total general,2018,4,False,186.47813984,16.784384830000022
Hidalgo,Total general,2019,1,False,124.46187341,124.46187341
Hidalgo,Total general,2019,2,False,211.86813814,87.40626473000002
Hidalgo,Total general,2019,3,False,233.50097848,21.632840339999973
Hidalgo,Total general,2019,4,False,283.87447691,50.37349843000001
Hidalgo,Total general,2020,1,False,94.32882504,94.32882504
Hidalgo,Total general,2020,2,False,234.67187266,140.34304762
Hidalgo,Total general,2020,3,False,250.11624852,15.444375860000008
Hidalgo,Total general,2020,4,False,278.71752367,28.601275149999992
Hidalgo,Total general,2021,1,False,121.80936691,121.80936691
Hidalgo,Total general,2021,2,False,137.34037773,15.531010820000006
Hidalgo,Total general,2021,3,False,194.38432487,57.04394714
Hidalgo,Total general,2021,4,False,176.26853438,-18.115790489999995
Hidalgo,Total general,2022,1,False,153.65033236,153.65033236
Hidalgo,Total general,2022,2,False,280.67444339,127.02411103000003
Hidalgo,Total general,2022,3,False,398.20543958,117.53099619
Hidalgo,Total general,2022,4,False,412.74001768,14.534578099999976
Hidalgo,Total general,2023,1,False,196.95808787,196.95808787
Hidalgo,Total general,2023,2,False,269.67550386,72.71741598999998
Hidalgo,Total general,2023,3,False,359.32719374,89.65168987999999
Hidalgo,Total general,2023,4,False,346.43085038,-12.896343360000003
Hidalgo,Total general,2024,1,False,223.29267733,223.29267733
Hidalgo,Total general,2024,2,False,429.83720011,206.54452278000002
Hidalgo,Total general,2024,3,False,288.24429134,-141.59290877
Hidalgo,Total general,2024,4,False,302.13062652,13.886335180000003
Hidalgo,Total general,2025,1,False,124.35568623,124.35568623
Hidalgo,Total general,2025,2,False,92.73158966,-31.624096570000006
Hidalgo,Total general,2025,3,False,100.75864509,8.027055430000004
Hidalgo,Total general,2025,4,False,193.69722089,92.93857580000001
Jalisco,Total general,2006,1,False,171.69822535,171.69822535
Jalisco,Total general,2006,2,False,639.6133926,467.91516724999997
Jalisco,Total general,2006,3,False,829.56710533,189.95371273
Jalisco,Total general,2006,4,False,992.73878479,163.17167945999995
Jalisco,Total general,2007,1,False,460.20352729,460.20352729
Jalisco,Total general,2007,2,False,706.09060087,245.88707358
Jalisco,Total general,2007,3,False,702.13846312,-3.95213775000002
Jalisco,Total general,2007,4,False,1837.71809601,1135.57963289
Jalisco,Total general,2008,1,False,205.40282671,205.40282671
Jalisco,Total general,2008,2,False,591.85215368,386.44932697
Jalisco,Total general,2008,3,False,745.82701812,153.97486444000003
Jalisco,Total general,2008,4,False,1040.67344655,294.84642843000006
Jalisco,Total general,2009,1,False,401.36988503,401.36988503
Jalisco,Total general,2009,2,False,811.39686863,410.0269836
Jalisco,Total general,2009,3,False,1141.75122762,330.35435899000004
Jalisco,Total general,2009,4,False,1005.72111359,-136.03011403000005
Jalisco,Total general,2010,1,False,410.27805565,410.27805565
Jalisco,Total general,2010,2,False,1192.63025333,782.35219768
Jalisco,Total general,2010,3,False,1539.41647357,346.78622024000015
Jalisco,Total general,2010,4,False,2210.2951618,670.8786882300001
Jalisco,Total general,2011,1,False,200.80237653,200.80237653
Jalisco,Total general,2011,2,False,602.76784158,401.96546505
Jalisco,Total general,2011,3,False,741.60678644,138.83894485999997
Jalisco,Total general,2011,4,False,1036.30078698,294.69400054000016
Jalisco,Total general,2012,1,False,622.64037717,622.64037717
Jalisco,Total general,2012,2,False,909.15302642,286.51264925
Jalisco,Total general,2012,3,False,1177.88803909,268.73501266999995
Jalisco,Total general,2012,4,False,1415.26239003,237.3743509400001
Jalisco,Total general,2013,1,False,172.05222125,172.05222125
Jalisco,Total general,2013,2,False,1974.07932318,1802.02710193
Jalisco,Total general,2013,3,False,2384.73119886,410.6518756799999
Jalisco,Total general,2013,4,False,2937.91638611,553.1851872500001
Jalisco,Total general,2014,1,False,679.27193236,679.27193236
Jalisco,Total general,2014,2,False,703.19378836,23.921855999999934
Jalisco,Total general,2014,3,False,1012.40145143,309.20766306999997
Jalisco,Total general,2014,4,False,1684.59803796,672.1965865300001
Jalisco,Total general,2015,1,False,1236.93070801,1236.93070801
Jalisco,Total general,2015,2,False,1553.37828476,316.44757675000005
Jalisco,Total general,2015,3,False,2331.32270482,777.9444200600001
Jalisco,Total general,2015,4,False,3138.39722865,807.0745238300001
Jalisco,Total general,2016,1,False,1462.67533453,1462.67533453
Jalisco,Total general,2016,2,False,1812.00131565,349.3259811199998
Jalisco,Total general,2016,3,False,1857.04416352,45.04284787000006
Jalisco,Total general,2016,4,False,2102.27134825,245.22718472999986
Jalisco,Total general,2017,1,False,539.15243377,539.15243377
Jalisco,Total general,2017,2,False,734.46967931,195.31724553999993
Jalisco,Total general,2017,3,False,1050.0799983,315.61031899
Jalisco,Total general,2017,4,False,1552.88968848,502.80969017999996
Jalisco,Total general,2018,1,False,1271.93969589,1271.93969589
Jalisco,Total general,2018,2,False,1259.83842836,-12.101267529999859
Jalisco,Total general,2018,3,False,1611.54565902,351.7072306599998
Jalisco,Total general,2018,4,False,1016.61818629,-594.9274727299999
Jalisco,Total general,2019,1,False,1629.35404181,1629.35404181
Jalisco,Total general,2019,2,False,2120.93738118,491.5833393700002
Jalisco,Total general,2019,3,False,2336.0928698,215.1554886199997
Jalisco,Total general,2019,4,False,1571.68579236,-764.4070774399997
Jalisco,Total general,2020,1,False,1426.47223668,1426.47223668
Jalisco,Total general,2020,2,False,2056.93748154,630.4652448600002
Jalisco,Total general,2020,3,False,2085.27863523,28.341153689999828
Jalisco,Total general,2020,4,False,2133.98751744,48.708882209999956
Jalisco,Total general,2021,1,False,943.89858791,943.89858791
Jalisco,Total general,2021,2,False,1174.09073343,230.19214552000005
Jalisco,Total general,2021,3,False,1383.28598644,209.19525301
Jalisco,Total general,2021,4,False,2143.48603565,760.2000492099999
Jalisco,Total general,2022,1,False,1628.61795508,1628.61795508
Jalisco,Total general,2022,2,False,2270.47756585,641.8596107699998
Jalisco,Total general,2022,3,False,2752.85683862,482.37927277000017
Jalisco,Total general,2022,4,False,2982.56614082,229.7093021999999
Jalisco,Total general,2023,1,False,1134.28585138,1134.28585138
Jalisco,Total general,2023,2,False,1265.75197451,131.46612313000014
Jalisco,Total general,2023,3,False,1426.85333394,161.10135943
Jalisco,Total general,2023,4,False,1911.20570965,484.35237570999993
Jalisco,Total general,2024,1,False,788.18095795,788.18095795
Jalisco,Total general,2024,2,False,915.6189873,127.43802934999997
Jalisco,Total general,2024,3,False,1156.02402316,240.4050358600001
Jalisco,Total general,2024,4,False,1164.99085549,8.966832329999988
Jalisco,Total general,2025,1,False,688.30072895,688.30072895
Jalisco,Total general,2025,2,False,1077.30055876,388.99982981000005
Jalisco,Total general,2025,3,False,1181.34487666,104.0443178999999
Jalisco,Total general,2025,4,False,1406.4181501,225.0732734400001
Michoacán,Total general,2006,1,False,38.51677,38.51677
Michoacán,Total general,2006,2,False,87.446766,48.929995999999996
Michoacán,Total general,2006,3,False,127.98216458,40.535398580000006
Michoacán,Total general,2006,4,False,63.35109658,-64.631068
Michoacán,Total general,2007,1,False,80.569794,80.569794
Michoacán,Total general,2007,2,False,1615.013695,1534.443901
Michoacán,Total general,2007,3,False,1677.573416,62.559720999999854
Michoacán,Total general,2007,4,False,1860.910894,183.33747800000015
Michoacán,Total general,2008,1,False,79.523149,79.523149
Michoacán,Total general,2008,2,False,131.29347,51.77032100000001
Michoacán,Total general,2008,3,False,147.291832,15.998361999999986
Michoacán,Total general,2008,4,False,187.211323,39.919490999999994
Michoacán,Total general,2009,1,False,38.297286,38.297286
Michoacán,Total general,2009,2,False,94.369649,56.072362999999996
Michoacán,Total general,2009,3,False,130.12734014,35.757691140000006
Michoacán,Total general,2009,4,False,156.47530514,26.347964999999988
Michoacán,Total general,2010,1,False,100.13574,100.13574
Michoacán,Total general,2010,2,False,154.26068,54.12494000000001
Michoacán,Total general,2010,3,False,145.45706787,-8.803612130000005
Michoacán,Total general,2010,4,False,158.19514287,12.73807500000001
Michoacán,Total general,2011,1,False,16.47947635,16.47947635
Michoacán,Total general,2011,2,False,98.64698984,82.16751349
Michoacán,Total general,2011,3,False,129.82676884,31.179778999999996
Michoacán,Total general,2011,4,False,150.68243436,20.855665520000002
Michoacán,Total general,2012,1,False,80.44212965,80.44212965
Michoacán,Total general,2012,2,False,65.90812396,-14.53400569
Michoacán,Total general,2012,3,False,180.36840196,114.460278
Michoacán,Total general,2012,4,False,335.97022796,155.601826
Michoacán,Total general,2013,1,False,146.29465587,146.29465587
Michoacán,Total general,2013,2,False,735.25985311,588.96519724
Michoacán,Total general,2013,3,False,811.69171711,76.43186400000002
Michoacán,Total general,2013,4,False,2247.67341018,1435.98169307
Michoacán,Total general,2014,1,False,121.72037253,121.72037253
Michoacán,Total general,2014,2,False,44.92877419,-76.79159834000001
Michoacán,Total general,2014,3,False,119.31764823,74.38887404
Michoacán,Total general,2014,4,False,211.47905261,92.16140438
Michoacán,Total general,2015,1,False,152.5423781,152.5423781
Michoacán,Total general,2015,2,False,207.60445728,55.062079179999984
Michoacán,Total general,2015,3,False,258.06293932,50.45848204000001
Michoacán,Total general,2015,4,False,419.02659778,160.96365845999998
Michoacán,Total general,2016,1,False,114.00345173,114.00345173
Michoacán,Total general,2016,2,False,108.91951086,-5.083940869999992
Michoacán,Total general,2016,3,False,124.79386513,15.874354269999998
Michoacán,Total general,2016,4,False,193.91553761,69.12167248
Michoacán,Total general,2017,1,False,129.88950518,129.88950518
Michoacán,Total general,2017,2,False,185.78139198,55.89188680000001
Michoacán,Total general,2017,3,False,177.45109104,-8.33030094
Michoacán,Total general,2017,4,False,294.68672484,117.23563380000002
Michoacán,Total general,2018,1,False,193.01599359,193.01599359
Michoacán,Total general,2018,2,False,293.64717333,100.63117974
Michoacán,Total general,2018,3,False,365.14934487,71.50217154
Michoacán,Total general,2018,4,False,437.06151744,71.91217257
Michoacán,Total general,2019,1,False,143.1724678,143.1724678
Michoacán,Total general,2019,2,False,159.61248518,16.44001738
Michoacán,Total general,2019,3,False,175.32423308,15.711747900000006
Michoacán,Total general,2019,4,False,298.00677271,122.68253963000001
Michoacán,Total general,2020,1,False,235.46466331,235.46466331
Michoacán,Total general,2020,2,False,256.66817784,21.203514530000007
Michoacán,Total general,2020,3,False,269.39592127,12.727743429999975
Michoacán,Total general,2020,4,False,272.79850033,3.4025790600000505
Michoacán,Total general,2021,1,False,1040.28305227,1040.28305227
Michoacán,Total general,2021,2,False,1064.79505011,24.51199783999982
Michoacán,Total general,2021,3,False,1058.02992281,-6.765127299999904
Michoacán,Total general,2021,4,False,1033.72841629,-24.301506519999975
Michoacán,Total general,2022,1,False,130.1037864,130.1037864
Michoacán,Total general,2022,2,False,154.36224406,24.258457660000005
Michoacán,Total general,2022,3,False,146.85727463,-7.5049694299999885
Michoacán,Total general,2022,4,False,166.85547435,19.998199720000002
Michoacán,Total general,2023,1,False,228.70099705,228.70099705
Michoacán,Total general,2023,2,False,205.27131832,-23.429678730000006
Michoacán,Total general,2023,3,False,214.23048185,8.959163529999984
Michoacán,Total general,2023,4,False,161.95139323,-52.27908861999998
Michoacán,Total general,2024,1,False,174.12454422,174.12454422
Michoacán,Total general,2024,2,False,201.24419425,27.119650030000003
Michoacán,Total general,2024,3,False,140.10496093,-61.13923331999999
Michoacán,Total general,2024,4,False,120.76608942,-19.338871510000004
Michoacán,Total general,2025,1,False,103.49861988,103.49861988
Michoacán,Total general,2025,2,False,155.75760421,52.258984330000004
Michoacán,Total general,2025,3,False,184.28317895,28.525574739999996
Michoacán,Total general,2025,4,False,178.76739313,-5.515785820000019
Morelos,Total general,2006,1,False,-13.968841,-13.968841
Morelos,Total general,2006,2,False,30.094259,44.0631
Morelos,Total general,2006,3,False,-3.332346,-33.426605
Morelos,Total general,2006,4,False,173.947325,177.279671
Morelos,Total general,2007,1,False,352.206628,352.206628
Morelos,Total general,2007,2,False,361.613286,9.406657999999993
Morelos,Total general,2007,3,False,372.945399,11.332112999999993
Morelos,Total general,2007,4,False,393.498015,20.552616
Morelos,Total general,2008,1,False,285.774477,285.774477
Morelos,Total general,2008,2,False,246.344507,-39.42997
Morelos,Total general,2008,3,False,256.257062,9.912555000000026
Morelos,Total general,2008,4,False,284.792855,28.535792999999956
Morelos,Total general,2009,1,False,133.030456,133.030456
Morelos,Total general,2009,2,False,176.71143136,43.68097536000002
Morelos,Total general,2009,3,False,186.13514336,9.423711999999995
Morelos,Total general,2009,4,False,121.69188636,-64.443257
Morelos,Total general,2010,1,False,133.233602,133.233602
Morelos,Total general,2010,2,False,138.835382,5.601780000000019
Morelos,Total general,2010,3,False,151.255452,12.420069999999981
Morelos,Total general,2010,4,False,199.379236,48.123784
Morelos,Total general,2011,1,False,108.07533352,108.07533352
Morelos,Total general,2011,2,False,117.73174506,9.656411539999993
Morelos,Total general,2011,3,False,120.39501806,2.6632730000000038
Morelos,Total general,2011,4,False,102.45875694,-17.936261119999998
Morelos,Total general,2012,1,False,129.1800001,129.1800001
Morelos,Total general,2012,2,False,179.7119651,50.531964999999985
Morelos,Total general,2012,3,False,231.8261511,52.11418600000002
Morelos,Total general,2012,4,False,274.31748208,42.49133097999999
Morelos,Total general,2013,1,False,83.14526281,83.14526281
Morelos,Total general,2013,2,False,302.42404496,219.27878214999998
Morelos,Total general,2013,3,False,353.49840742,51.074362459999975
Morelos,Total general,2013,4,False,451.15532289,97.65691547
Morelos,Total general,2014,1,False,249.67129163,249.67129163
Morelos,Total general,2014,2,False,305.35268817,55.68139654000001
Morelos,Total general,2014,3,False,342.1781832,36.825495029999956
Morelos,Total general,2014,4,False,356.51588729,14.337704090000045
Morelos,Total general,2015,1,False,251.82646498,251.82646498
Morelos,Total general,2015,2,False,332.90217305,81.07570806999999
Morelos,Total general,2015,3,False,468.15505446,135.25288141
Morelos,Total general,2015,4,False,485.93314823,17.778093769999998
Morelos,Total general,2016,1,False,151.79696868,151.79696868
Morelos,Total general,2016,2,False,157.34062267,5.543653989999996
Morelos,Total general,2016,3,False,201.74862907,44.408006400000005
Morelos,Total general,2016,4,False,234.86836017,33.119731099999996
Morelos,Total general,2017,1,False,216.00388202,216.00388202
Morelos,Total general,2017,2,False,381.24817093,165.24428891000002
Morelos,Total general,2017,3,False,463.38071332,82.13254238999997
Morelos,Total general,2017,4,False,603.07038406,139.68967074000005
Morelos,Total general,2018,1,False,121.4915912,121.4915912
Morelos,Total general,2018,2,False,265.85949131,144.36790011
Morelos,Total general,2018,3,False,211.85765008,-54.00184123
Morelos,Total general,2018,4,False,251.8669739,40.00932381999999
Morelos,Total general,2019,1,False,307.79919698,307.79919698
Morelos,Total general,2019,2,False,462.71529948,154.91610250000002
Morelos,Total general,2019,3,False,519.69851206,56.983212579999986
Morelos,Total general,2019,4,False,655.62047279,135.92196073000002
Morelos,Total general,2020,1,False,146.99040758,146.99040758
Morelos,Total general,2020,2,False,108.35207956,-38.63832802
Morelos,Total general,2020,3,False,151.75204413,43.399964569999995
Morelos,Total general,2020,4,False,386.68372927,234.93168514
Morelos,Total general,2021,1,False,74.69961434,74.69961434
Morelos,Total general,2021,2,False,135.82602885,61.126414510000004
Morelos,Total general,2021,3,False,184.54704872,48.72101986999999
Morelos,Total general,2021,4,False,94.7685623,-89.77848642
Morelos,Total general,2022,1,False,63.36915472,63.36915472
Morelos,Total general,2022,2,False,81.20867906,17.839524339999997
Morelos,Total general,2022,3,False,83.27005943,2.061380370000009
Morelos,Total general,2022,4,False,81.12928789,-2.140771540000003
Morelos,Total general,2023,1,False,149.1601024,149.1601024
Morelos,Total general,2023,2,False,155.59704457,6.436942170000009
Morelos,Total general,2023,3,False,179.20332114,23.606276570000006
Morelos,Total general,2023,4,False,195.25361689,16.050295749999975
Morelos,Total general,2024,1,False,99.00899729,99.00899729
Morelos,Total general,2024,2,False,138.23373266,39.22473536999999
Morelos,Total general,2024,3,False,143.12068648,4.886953820000002
Morelos,Total general,2024,4,False,150.0462471,6.925560619999999
Morelos,Total general,2025,1,False,11.24911189,11.24911189
Morelos,Total general,2025,2,False,118.53515746,107.28604557
Morelos,Total general,2025,3,False,70.88267532,-47.65248213999999
Morelos,Total general,2025,4,False,168.26351392,97.3808386
Nayarit,Total general,2006,1,False,42.17838287,42.17838287
Nayarit,Total general,2006,2,False,84.44196587,42.263583000000004
Nayarit,Total general,2006,3,False,169.95794396,85.51597808999999
Nayarit,Total general,2006,4,False,246.48780258,76.52985862
Nayarit,Total general,2007,1,False,58.1458108,58.1458108
Nayarit,Total general,2007,2,False,103.03278549,44.886974689999995
Nayarit,Total general,2007,3,False,183.2884585,80.25567301
Nayarit,Total general,2007,4,False,245.08981151,61.801353010000014
Nayarit,Total general,2008,1,False,28.76431811,28.76431811
Nayarit,Total general,2008,2,False,87.05604183,58.29172371999999
Nayarit,Total general,2008,3,False,99.99041625,12.934374419999997
Nayarit,Total general,2008,4,False,164.63711079,64.64669454000001
Nayarit,Total general,2009,1,False,13.39848596,13.39848596
Nayarit,Total general,2009,2,False,46.26089474,32.862408779999996
Nayarit,Total general,2009,3,False,78.98220465,32.72130991
Nayarit,Total general,2009,4,False,104.01333547,25.03113082
Nayarit,Total general,2010,1,False,80.69084451,80.69084451
Nayarit,Total general,2010,2,False,117.60891028,36.91806577
Nayarit,Total general,2010,3,False,140.35003828,22.741128000000003
Nayarit,Total general,2010,4,False,178.12765313,37.77761484999999
Nayarit,Total general,2011,1,False,54.35862366,54.35862366
Nayarit,Total general,2011,2,False,91.20446372,36.84584006000001
Nayarit,Total general,2011,3,False,119.07229078,27.867827059999996
Nayarit,Total general,2011,4,False,147.6603455,28.588054720000002
Nayarit,Total general,2012,1,False,25.80893904,25.80893904
Nayarit,Total general,2012,2,False,79.07955672,53.27061768
Nayarit,Total general,2012,3,False,95.60385872,16.524302000000006
Nayarit,Total general,2012,4,False,157.25738614,61.65352741999999
Nayarit,Total general,2013,1,False,41.37166982,41.37166982
Nayarit,Total general,2013,2,False,229.51478051,188.14311069000001
Nayarit,Total general,2013,3,False,491.14012487,261.62534436
Nayarit,Total general,2013,4,False,535.43292456,44.292799689999924
Nayarit,Total general,2014,1,False,46.64349572,46.64349572
Nayarit,Total general,2014,2,False,67.85899855,21.21550283
Nayarit,Total general,2014,3,False,75.63760323,7.778604680000001
Nayarit,Total general,2014,4,False,105.8003987,30.162795470000006
Nayarit,Total general,2015,1,False,39.52644701,39.52644701
Nayarit,Total general,2015,2,False,62.38660747,22.860160460000003
Nayarit,Total general,2015,3,False,84.8151681,22.428560629999993
Nayarit,Total general,2015,4,False,99.04417468,14.229006580000004
Nayarit,Total general,2016,1,False,30.26188708,30.26188708
Nayarit,Total general,2016,2,False,40.85667372,10.594786640000002
Nayarit,Total general,2016,3,False,52.50812993,11.65145621
Nayarit,Total general,2016,4,False,85.58025394,33.07212401
Nayarit,Total general,2017,1,False,31.82877465,31.82877465
Nayarit,Total general,2017,2,False,52.59070933,20.761934680000003
Nayarit,Total general,2017,3,False,83.32827347,30.737564139999996
Nayarit,Total general,2017,4,False,103.14926093,19.820987459999998
Nayarit,Total general,2018,1,False,34.19892301,34.19892301
Nayarit,Total general,2018,2,False,101.38500018,67.18607717
Nayarit,Total general,2018,3,False,126.6695257,25.28452551999999
Nayarit,Total general,2018,4,False,188.56847836,61.898952660000006
Nayarit,Total general,2019,1,False,54.85354954,54.85354954
Nayarit,Total general,2019,2,False,70.73469394,15.881144399999997
Nayarit,Total general,2019,3,False,92.46462526,21.729931320000006
Nayarit,Total general,2019,4,False,170.40035965,77.93573439000001
Nayarit,Total general,2020,1,False,84.2980732,84.2980732
Nayarit,Total general,2020,2,False,670.58737345,586.28930025
Nayarit,Total general,2020,3,False,776.91521366,106.32784020999998
Nayarit,Total general,2020,4,False,782.99267037,6.077456710000092
Nayarit,Total general,2021,1,False,159.06989766,159.06989766
Nayarit,Total general,2021,2,False,210.64423194,51.57433427999999
Nayarit,Total general,2021,3,False,245.08099051,34.436758569999995
Nayarit,Total general,2021,4,False,302.86750898,57.78651847000003
Nayarit,Total general,2022,1,False,195.53871514,195.53871514
Nayarit,Total general,2022,2,False,386.99352025,191.45480511000002
Nayarit,Total general,2022,3,False,430.35539392,43.361873669999966
Nayarit,Total general,2022,4,False,474.94908962,44.59369570000001
Nayarit,Total general,2023,1,False,78.06009748,78.06009748
Nayarit,Total general,2023,2,False,197.13236325,119.07226577
Nayarit,Total general,2023,3,False,283.1447069,86.01234365000002
Nayarit,Total general,2023,4,False,345.89080349,62.74609658999998
Nayarit,Total general,2024,1,False,92.73319296,92.73319296
Nayarit,Total general,2024,2,False,297.44550748,204.71231452
Nayarit,Total general,2024,3,False,327.81541342,30.369905940000024
Nayarit,Total general,2024,4,False,367.82577578,40.01036235999999
Nayarit,Total general,2025,1,False,106.63967495,106.63967495
Nayarit,Total general,2025,2,False,191.91180443,85.27212947999999
Nayarit,Total general,2025,3,False,273.28503901,81.37323458
Nayarit,Total general,2025,4,False,389.76538221,116.4803432
Nuevo León,Total general,2006,1,False,309.25612922,309.25612922
Nuevo León,Total general,2006,2,False,1108.59541222,799.339283
Nuevo León,Total general,2006,3,False,1313.80999522,205.21458299999995
Nuevo León,Total general,2006,4,False,1727.22022763,413.41023240999994
Nuevo León,Total general,2007,1,False,834.62124797,834.62124797
Nuevo León,Total general,2007,2,False,1253.30655797,418.6853100000001
Nuevo León,Total general,2007,3,False,3095.06213897,1841.755581
Nuevo León,Total general,2007,4,False,3593.20146797,498.1393290000001
Nuevo León,Total general,2008,1,False,365.00403205,365.00403205
Nuevo León,Total general,2008,2,False,831.55811683,466.55408478000004
Nuevo León,Total general,2008,3,False,1202.68783483,371.1297179999999
Nuevo León,Total general,2008,4,False,1670.87911183,468.1912770000001
Nuevo León,Total general,2009,1,False,695.58448562,695.58448562
Nuevo León,Total general,2009,2,False,907.0127299,211.42824427999994
Nuevo León,Total general,2009,3,False,968.57292031,61.56019041000002
Nuevo León,Total general,2009,4,False,952.55642233,-16.01649797999994
Nuevo León,Total general,2010,1,False,540.2251454,540.2251454
Nuevo León,Total general,2010,2,False,3890.23313898,3350.0079935800004
Nuevo León,Total general,2010,3,False,4036.12478254,145.89164355999992
Nuevo León,Total general,2010,4,False,4850.89494068,814.7701581400001
Nuevo León,Total general,2011,1,False,535.72995287,535.72995287
Nuevo León,Total general,2011,2,False,940.92793399,405.19798112
Nuevo León,Total general,2011,3,False,1015.30252936,74.37459536999995
Nuevo León,Total general,2011,4,False,1679.23742284,663.9348934799999
Nuevo León,Total general,2012,1,False,447.39552112,447.39552112
Nuevo León,Total general,2012,2,False,887.7803897,440.38486858
Nuevo León,Total general,2012,3,False,1238.99592019,351.2155304900001
Nuevo León,Total general,2012,4,False,1281.12489339,42.12897319999979
Nuevo León,Total general,2013,1,False,597.1998568,597.1998568
Nuevo León,Total general,2013,2,False,1205.05762719,607.8577703899999
Nuevo León,Total general,2013,3,False,939.07069379,-265.9869334
Nuevo León,Total general,2013,4,False,2214.57336622,1275.50267243
Nuevo León,Total general,2014,1,False,826.40752206,826.40752206
Nuevo León,Total general,2014,2,False,1274.44619919,448.03867713
Nuevo León,Total general,2014,3,False,1081.57049617,-192.87570301999995
Nuevo León,Total general,2014,4,False,1578.8355988,497.26510263
Nuevo León,Total general,2015,1,False,1385.4836819,1385.4836819
Nuevo León,Total general,2015,2,False,1880.80481133,495.3211294299999
Nuevo León,Total general,2015,3,False,2898.69855706,1017.8937457300001
Nuevo León,Total general,2015,4,False,3362.49033008,463.79177302000016
Nuevo León,Total general,2016,1,False,1620.12084224,1620.12084224
Nuevo León,Total general,2016,2,False,2440.72882403,820.6079817899999
Nuevo León,Total general,2016,3,False,2608.22388654,167.49506251000003
Nuevo León,Total general,2016,4,False,3348.85886609,740.63497955
Nuevo León,Total general,2017,1,False,1374.07300756,1374.07300756
Nuevo León,Total general,2017,2,False,1191.85180212,-182.22120543999995
Nuevo León,Total general,2017,3,False,1120.07616237,-71.77563974999998
Nuevo León,Total general,2017,4,False,1996.23642687,876.1602645
Nuevo León,Total general,2018,1,False,1928.68200047,1928.68200047
Nuevo León,Total general,2018,2,False,2423.9398405,495.2578400300001
Nuevo León,Total general,2018,3,False,2751.76106717,327.82122666999976
Nuevo León,Total general,2018,4,False,3675.84560959,924.0845424200002
Nuevo León,Total general,2019,1,False,1502.90954176,1502.90954176
Nuevo León,Total general,2019,2,False,1649.49647452,146.58693276000008
Nuevo León,Total general,2019,3,False,3040.06912071,1390.57264619
Nuevo León,Total general,2019,4,False,3274.64474728,234.57562657000017
Nuevo León,Total general,2020,1,False,1466.3108789,1466.3108789
Nuevo León,Total general,2020,2,False,2012.26828625,545.95740735
Nuevo León,Total general,2020,3,False,2322.22435253,309.95606627999996
Nuevo León,Total general,2020,4,False,3104.23705304,782.0127005099998
Nuevo León,Total general,2021,1,False,1632.03333074,1632.03333074
Nuevo León,Total general,2021,2,False,1889.46673249,257.4334017499998
Nuevo León,Total general,2021,3,False,3171.14846472,1281.68173223
Nuevo León,Total general,2021,4,False,3416.86616844,245.71770371999992
Nuevo León,Total general,2022,1,False,1526.26301331,1526.26301331
Nuevo León,Total general,2022,2,False,2994.56091996,1468.29790665
Nuevo León,Total general,2022,3,False,2925.43009031,-69.13082964999967
Nuevo León,Total general,2022,4,False,4415.4368738,1490.00678349
Nuevo León,Total general,2023,1,False,2478.14272744,2478.14272744
Nuevo León,Total general,2023,2,False,2819.26827733,341.12554989
Nuevo León,Total general,2023,3,False,2397.15346648,-422.1148108499997
Nuevo León,Total general,2023,4,False,3870.08247207,1472.92900559
Nuevo León,Total general,2024,1,False,2535.55052762,2535.55052762
Nuevo León,Total general,2024,2,False,2768.31970619,232.7691785699999
Nuevo León,Total general,2024,3,False,1900.49929874,-867.82040745
Nuevo León,Total general,2024,4,False,2296.1938174,395.6945186600001
Nuevo León,Total general,2025,1,False,3204.25314989,3204.25314989
Nuevo León,Total general,2025,2,False,3116.89610499,-87.35704489999989
Nuevo León,Total general,2025,3,False,4376.96052151,1260.0644165200001
Nuevo León,Total general,2025,4,False,3640.3475583,-736.6129632100001
Oaxaca,Total general,2006,1,False,28.013692,28.013692
Oaxaca,Total general,2006,2,False,86.05147295,58.037780950000005
Oaxaca,Total general,2006,3,False,91.34645695,5.2949839999999995
Oaxaca,Total general,2006,4,False,110.28077895,18.934321999999995
Oaxaca,Total general,2007,1,False,53.337514,53.337514
Oaxaca,Total general,2007,2,False,119.50367,66.166156
Oaxaca,Total general,2007,3,False,136.2532826,16.749612600000006
Oaxaca,Total general,2007,4,False,172.7584606,36.505178
Oaxaca,Total general,2008,1,False,44.453929,44.453929
Oaxaca,Total general,2008,2,False,126.90313576,82.44920676
Oaxaca,Total general,2008,3,False,193.8720318,66.96889604
Oaxaca,Total general,2008,4,False,201.1799768,7.3079449999999895
Oaxaca,Total general,2009,1,False,47.07896006,47.07896006
Oaxaca,Total general,2009,2,False,151.58424541,104.50528535
Oaxaca,Total general,2009,3,False,190.49879835,38.91455293999999
Oaxaca,Total general,2009,4,False,235.92797535,45.42917700000001
Oaxaca,Total general,2010,1,False,63.248175,63.248175
Oaxaca,Total general,2010,2,False,92.62561039,29.377435390000002
Oaxaca,Total general,2010,3,False,111.54090314,18.915292749999992
Oaxaca,Total general,2010,4,False,117.56913214,6.028228999999996
Oaxaca,Total general,2011,1,False,15.81608081,15.81608081
Oaxaca,Total general,2011,2,False,84.28519081,68.46911
Oaxaca,Total general,2011,3,False,125.37233973,41.08714891999999
Oaxaca,Total general,2011,4,False,178.11698573,52.74464600000002
Oaxaca,Total general,2012,1,False,44.51525352,44.51525352
Oaxaca,Total general,2012,2,False,208.89024752,164.37499400000002
Oaxaca,Total general,2012,3,False,342.52625749,133.63600996999998
Oaxaca,Total general,2012,4,False,353.70045049,11.174193000000002
Oaxaca,Total general,2013,1,False,374.48555715,374.48555715
Oaxaca,Total general,2013,2,False,1745.64382226,1371.15826511
Oaxaca,Total general,2013,3,False,1735.13041565,-10.513406609999947
Oaxaca,Total general,2013,4,False,1942.551064,207.42064834999996
Oaxaca,Total general,2014,1,False,206.47183511,206.47183511
Oaxaca,Total general,2014,2,False,515.27888332,308.80704820999995
Oaxaca,Total general,2014,3,False,488.43167336,-26.847209959999986
Oaxaca,Total general,2014,4,False,482.79639736,-5.635275999999976
Oaxaca,Total general,2015,1,False,-131.30859545,-131.30859545
Oaxaca,Total general,2015,2,False,24.18244104,155.49103649
Oaxaca,Total general,2015,3,False,103.87158524,79.6891442
Oaxaca,Total general,2015,4,False,297.19918251,193.32759727
Oaxaca,Total general,2016,1,False,39.17052167,39.17052167
Oaxaca,Total general,2016,2,False,143.00774488,103.83722320999999
Oaxaca,Total general,2016,3,False,147.40137451,4.393629630000021
Oaxaca,Total general,2016,4,False,195.52560678,48.12423226999999
Oaxaca,Total general,2017,1,False,161.68011088,161.68011088
Oaxaca,Total general,2017,2,False,236.82193641,75.14182553
Oaxaca,Total general,2017,3,False,323.3653366,86.54340018999997
Oaxaca,Total general,2017,4,False,484.80652737,161.44119077000005
Oaxaca,Total general,2018,1,False,17.81309847,17.81309847
Oaxaca,Total general,2018,2,False,133.71597577,115.9028773
Oaxaca,Total general,2018,3,False,190.6917679,56.97579213
Oaxaca,Total general,2018,4,False,487.81926723,297.12749933
Oaxaca,Total general,2019,1,False,133.29934529,133.29934529
Oaxaca,Total general,2019,2,False,129.93151216,-3.3678331299999797
Oaxaca,Total general,2019,3,False,8.38175568,-121.54975648000001
Oaxaca,Total general,2019,4,False,56.61707199,48.23531631
Oaxaca,Total general,2020,1,False,230.26793261,230.26793261
Oaxaca,Total general,2020,2,False,289.02209766,58.75416504999998
Oaxaca,Total general,2020,3,False,275.93624167,-13.08585598999997
Oaxaca,Total general,2020,4,False,244.31849035,-31.617751320000025
Oaxaca,Total general,2021,1,False,26.9793378,26.9793378
Oaxaca,Total general,2021,2,False,-23.13523648,-50.11457428
Oaxaca,Total general,2021,3,False,-48.80558723,-25.67035075
Oaxaca,Total general,2021,4,False,-93.91415893,-45.1085717
Oaxaca,Total general,2022,1,False,135.75820977,135.75820977
Oaxaca,Total general,2022,2,False,161.50942107,25.751211299999994
Oaxaca,Total general,2022,3,False,185.15551667,23.646095599999995
Oaxaca,Total general,2022,4,False,158.1501628,-27.005353869999993
Oaxaca,Total general,2023,1,False,45.50110845,45.50110845
Oaxaca,Total general,2023,2,False,49.9187235,4.417615050000002
Oaxaca,Total general,2023,3,False,62.7332229,12.814499400000003
Oaxaca,Total general,2023,4,False,34.75459984,-27.978623060000004
Oaxaca,Total general,2024,1,False,28.47013088,28.47013088
Oaxaca,Total general,2024,2,False,70.77513673,42.30500585
Oaxaca,Total general,2024,3,False,96.20838735,25.433250619999995
Oaxaca,Total general,2024,4,False,88.22920918,-7.979178169999997
Oaxaca,Total general,2025,1,False,8.73593004,8.73593004
Oaxaca,Total general,2025,2,False,-8.66779284,-17.40372288
Oaxaca,Total general,2025,3,False,7.16468012,15.83247296
Oaxaca,Total general,2025,4,False,6.27714589,-0.88753423
Puebla,Total general,2006,1,False,121.94013638,121.94013638
Puebla,Total general,2006,2,False,301.34458838,179.404452
Puebla,Total general,2006,3,False,328.68314238,27.338553999999988
Puebla,Total general,2006,4,False,424.97981238,96.29667
Puebla,Total general,2007,1,False,176.032334,176.032334
Puebla,Total general,2007,2,False,248.779511,72.74717700000002
Puebla,Total general,2007,3,False,415.990073,167.21056199999998
Puebla,Total general,2007,4,False,662.70076,246.71068699999995
Puebla,Total general,2008,1,False,131.76184375,131.76184375
Puebla,Total general,2008,2,False,235.30265975,103.540816
Puebla,Total general,2008,3,False,280.78635531,45.48369555999997
Puebla,Total general,2008,4,False,381.13171231,100.34535700000004
Puebla,Total general,2009,1,False,71.3926355,71.3926355
Puebla,Total general,2009,2,False,185.52059873,114.12796322999999
Puebla,Total general,2009,3,False,193.5734984,8.052899670000016
Puebla,Total general,2009,4,False,182.54839415,-11.025104249999998
Puebla,Total general,2010,1,False,208.11043269,208.11043269
Puebla,Total general,2010,2,False,351.25257202,143.14213933
Puebla,Total general,2010,3,False,437.63656534,86.38399332
Puebla,Total general,2010,4,False,772.90240234,335.265837
Puebla,Total general,2011,1,False,92.74423939,92.74423939
Puebla,Total general,2011,2,False,286.50190325,193.75766385999998
Puebla,Total general,2011,3,False,445.24472899,158.74282574
Puebla,Total general,2011,4,False,594.45250292,149.20777393000003
Puebla,Total general,2012,1,False,358.67967294,358.67967294
Puebla,Total general,2012,2,False,470.2096006,111.52992766
Puebla,Total general,2012,3,False,632.80072187,162.59112126999997
Puebla,Total general,2012,4,False,775.32459598,142.52387411000007
Puebla,Total general,2013,1,False,659.10139123,659.10139123
Puebla,Total general,2013,2,False,714.25924398,55.15785274999996
Puebla,Total general,2013,3,False,916.89087856,202.63163458000008
Puebla,Total general,2013,4,False,1504.51462856,587.6237499999999
Puebla,Total general,2014,1,False,529.94789094,529.94789094
Puebla,Total general,2014,2,False,533.0218537,3.073962759999972
Puebla,Total general,2014,3,False,744.77708838,211.75523468000006
Puebla,Total general,2014,4,False,1057.16287285,312.38578447
Puebla,Total general,2015,1,False,265.42672671,265.42672671
Puebla,Total general,2015,2,False,462.56352159,197.13679487999997
Puebla,Total general,2015,3,False,637.58548359,175.02196199999997
Puebla,Total general,2015,4,False,791.45724661,153.87176302
Puebla,Total general,2016,1,False,295.39175194,295.39175194
Puebla,Total general,2016,2,False,409.95510679,114.56335485
Puebla,Total general,2016,3,False,825.95730347,416.00219668000005
Puebla,Total general,2016,4,False,1166.53960915,340.5823056799999
Puebla,Total general,2017,1,False,397.5186762,397.5186762
Puebla,Total general,2017,2,False,348.4265858,-49.09209040000002
Puebla,Total general,2017,3,False,278.42936512,-69.99722068
Puebla,Total general,2017,4,False,953.56636102,675.1369959000001
Puebla,Total general,2018,1,False,-21.69768865,-21.69768865
Puebla,Total general,2018,2,False,502.70160764,524.39929629
Puebla,Total general,2018,3,False,634.71108868,132.00948103999997
Puebla,Total general,2018,4,False,643.9282611,9.217172419999997
Puebla,Total general,2019,1,False,484.88524559,484.88524559
Puebla,Total general,2019,2,False,916.28377598,431.39853038999996
Puebla,Total general,2019,3,False,1326.61437224,410.33059626
Puebla,Total general,2019,4,False,2043.98509086,717.3707186199999
Puebla,Total general,2020,1,False,246.26461683,246.26461683
Puebla,Total general,2020,2,False,662.13882423,415.87420739999993
Puebla,Total general,2020,3,False,584.80628476,-77.33253946999992
Puebla,Total general,2020,4,False,583.04199224,-1.7642925200000263
Puebla,Total general,2021,1,False,119.03688451,119.03688451
Puebla,Total general,2021,2,False,267.15658936,148.11970485
Puebla,Total general,2021,3,False,466.04852545,198.89193609
Puebla,Total general,2021,4,False,627.799949,161.75142354999997
Puebla,Total general,2022,1,False,474.32222794,474.32222794
Puebla,Total general,2022,2,False,719.48691417,245.16468622999997
Puebla,Total general,2022,3,False,804.36525709,84.87834292000002
Puebla,Total general,2022,4,False,798.49919029,-5.866066799999999
Puebla,Total general,2023,1,False,1064.33234979,1064.33234979
Puebla,Total general,2023,2,False,838.86150293,-225.47084686000005
Puebla,Total general,2023,3,False,740.07891402,-98.78258891000007
Puebla,Total general,2023,4,False,231.3683455,-508.7105685199999
Puebla,Total general,2024,1,False,865.12156852,865.12156852
Puebla,Total general,2024,2,False,880.39597069,15.27440217000003
Puebla,Total general,2024,3,False,1152.78841425,272.39244355999995
Puebla,Total general,2024,4,False,1162.5571426,9.768728349999947
Puebla,Total general,2025,1,False,412.58361217,412.58361217
Puebla,Total general,2025,2,False,28.80034837,-383.7832638
Puebla,Total general,2025,3,False,503.21357643,474.41322806
Puebla,Total general,2025,4,False,448.04595235,-55.167624079999996
Querétaro,Total general,2006,1,False,314.663959,314.663959
Querétaro,Total general,2006,2,False,465.883877,151.219918
Querétaro,Total general,2006,3,False,607.37094,141.48706300000003
Querétaro,Total general,2006,4,False,750.580545,143.209605
Querétaro,Total general,2007,1,False,478.265657,478.265657
Querétaro,Total general,2007,2,False,543.21052245,64.94486545000001
Querétaro,Total general,2007,3,False,668.80482245,125.59429999999998
Querétaro,Total general,2007,4,False,815.26687745,146.46205500000008
Querétaro,Total general,2008,1,False,211.994578,211.994578
Querétaro,Total general,2008,2,False,670.341564,458.34698599999996
Querétaro,Total general,2008,3,False,814.406801,144.06523700000002
Querétaro,Total general,2008,4,False,1071.503836,257.0970350000001
Querétaro,Total general,2009,1,False,185.6926428,185.6926428
Querétaro,Total general,2009,2,False,810.5521059,624.8594631000001
Querétaro,Total general,2009,3,False,983.20777162,172.65566572
Querétaro,Total general,2009,4,False,1131.61368503,148.40591340999993
Querétaro,Total general,2010,1,False,364.42390818,364.42390818
Querétaro,Total general,2010,2,False,612.13034918,247.70644100000004
Querétaro,Total general,2010,3,False,700.73672618,88.60637699999995
Querétaro,Total general,2010,4,False,852.0334155,151.29668932000004
Querétaro,Total general,2011,1,False,212.24098851,212.24098851
Querétaro,Total general,2011,2,False,459.19553044,246.95454193000003
Querétaro,Total general,2011,3,False,671.83334042,212.63780998
Querétaro,Total general,2011,4,False,1054.7875157,382.9541752800001
Querétaro,Total general,2012,1,False,269.56139715,269.56139715
Querétaro,Total general,2012,2,False,404.27686431,134.71546716
Querétaro,Total general,2012,3,False,656.06859025,251.79172594000005
Querétaro,Total general,2012,4,False,105.40470421,-550.6638860400001
Querétaro,Total general,2013,1,False,438.05832678,438.05832678
Querétaro,Total general,2013,2,False,685.48402144,247.42569465999998
Querétaro,Total general,2013,3,False,880.88245122,195.39842978000001
Querétaro,Total general,2013,4,False,926.59991579,45.71746456999995
Querétaro,Total general,2014,1,False,684.73227876,684.73227876
Querétaro,Total general,2014,2,False,764.48660363,79.75432487
Querétaro,Total general,2014,3,False,923.99620972,159.50960609000003
Querétaro,Total general,2014,4,False,1128.731131,204.73492127999998
Querétaro,Total general,2015,1,False,335.53082655,335.53082655
Querétaro,Total general,2015,2,False,521.90783967,186.37701312000007
Querétaro,Total general,2015,3,False,1155.29674057,633.3889009000001
Querétaro,Total general,2015,4,False,1442.46914328,287.1724027099999
Querétaro,Total general,2016,1,False,282.92808107,282.92808107
Querétaro,Total general,2016,2,False,653.28406622,370.35598515
Querétaro,Total general,2016,3,False,787.74150494,134.45743872000003
Querétaro,Total general,2016,4,False,1075.46881149,287.72730655
Querétaro,Total general,2017,1,False,706.90088069,706.90088069
Querétaro,Total general,2017,2,False,774.0249821,67.12410140999998
Querétaro,Total general,2017,3,False,964.10645791,190.08147581000003
Querétaro,Total general,2017,4,False,985.99671493,21.890257020000035
Querétaro,Total general,2018,1,False,661.2344551,661.2344551
Querétaro,Total general,2018,2,False,927.81843428,266.58397918000003
Querétaro,Total general,2018,3,False,1012.06773134,84.24929706
Querétaro,Total general,2018,4,False,1227.64694368,215.57921234000003
Querétaro,Total general,2019,1,False,542.88868887,542.88868887
Querétaro,Total general,2019,2,False,641.47370572,98.58501684999999
Querétaro,Total general,2019,3,False,1030.95222142,389.4785156999999
Querétaro,Total general,2019,4,False,1169.08957549,138.13735407000013
Querétaro,Total general,2020,1,False,738.77845417,738.77845417
Querétaro,Total general,2020,2,False,818.00500482,79.22655064999992
Querétaro,Total general,2020,3,False,926.36794078,108.36293596000007
Querétaro,Total general,2020,4,False,880.30774699,-46.06019378999997
Querétaro,Total general,2021,1,False,362.87859795,362.87859795
Querétaro,Total general,2021,2,False,436.36921717,73.49061921999999
Querétaro,Total general,2021,3,False,673.04433433,236.67511715999996
Querétaro,Total general,2021,4,False,944.22151877,271.17718444
Querétaro,Total general,2022,1,False,525.84908388,525.84908388
Querétaro,Total general,2022,2,False,868.96158908,343.1125052
Querétaro,Total general,2022,3,False,839.22342958,-29.738159499999938
Querétaro,Total general,2022,4,False,719.42910994,-119.79431964000003
Querétaro,Total general,2023,1,False,430.34901463,430.34901463
Querétaro,Total general,2023,2,False,637.76595907,207.41694444
Querétaro,Total general,2023,3,False,879.55103724,241.78507817000002
Querétaro,Total general,2023,4,False,736.12043432,-143.43060292000007
Querétaro,Total general,2024,1,False,655.20728173,655.20728173
Querétaro,Total general,2024,2,False,885.04432639,229.83704466000006
Querétaro,Total general,2024,3,False,938.10568995,53.06136356000002
Querétaro,Total general,2024,4,False,1215.90941939,277.80372944
Querétaro,Total general,2025,1,False,404.78573953,404.78573953
Querétaro,Total general,2025,2,False,871.20178084,466.41604130999997
Querétaro,Total general,2025,3,False,1176.78681494,305.58503410000014
Querétaro,Total general,2025,4,False,516.53853972,-660.2482752200001
Quintana Roo,Total general,2006,1,False,68.3717874,68.3717874
Quintana Roo,Total general,2006,2,False,181.48383325,113.11204585
Quintana Roo,Total general,2006,3,False,291.84367969,110.35984643999998
Quintana Roo,Total general,2006,4,False,412.10936471,120.26568502000003
Quintana Roo,Total general,2007,1,False,247.76688494,247.76688494
Quintana Roo,Total general,2007,2,False,500.88074589,253.11386095
Quintana Roo,Total general,2007,3,False,628.65261701,127.77187111999996
Quintana Roo,Total general,2007,4,False,1001.72000667,373.06738966
Quintana Roo,Total general,2008,1,False,86.21031937,86.21031937
Quintana Roo,Total general,2008,2,False,192.97475462,106.76443525
Quintana Roo,Total general,2008,3,False,241.50908967,48.53433505000001
Quintana Roo,Total general,2008,4,False,297.56208758,56.052997910000016
Quintana Roo,Total general,2009,1,False,57.22028825,57.22028825
Quintana Roo,Total general,2009,2,False,162.45033449,105.23004623999998
Quintana Roo,Total general,2009,3,False,236.77667443,74.32633994000003
Quintana Roo,Total general,2009,4,False,291.22468478,54.448010350000004
Quintana Roo,Total general,2010,1,False,142.39026082,142.39026082
Quintana Roo,Total general,2010,2,False,186.05014356,43.65988274
Quintana Roo,Total general,2010,3,False,236.90720987,50.85706630999999
Quintana Roo,Total general,2010,4,False,296.69949211,59.79228223999999
Quintana Roo,Total general,2011,1,False,88.56487072,88.56487072
Quintana Roo,Total general,2011,2,False,231.26762532,142.7027546
Quintana Roo,Total general,2011,3,False,354.35655626,123.08893093999998
Quintana Roo,Total general,2011,4,False,504.60005345,150.24349719000003
Quintana Roo,Total general,2012,1,False,108.20799956,108.20799956
Quintana Roo,Total general,2012,2,False,211.1463695,102.93836993999999
Quintana Roo,Total general,2012,3,False,369.10663066,157.96026116000002
Quintana Roo,Total general,2012,4,False,583.70387869,214.59724803
Quintana Roo,Total general,2013,1,False,133.61440289,133.61440289
Quintana Roo,Total general,2013,2,False,251.39286066,117.77845776999999
Quintana Roo,Total general,2013,3,False,817.81466259,566.42180193
Quintana Roo,Total general,2013,4,False,930.44347656,112.62881397000001
Quintana Roo,Total general,2014,1,False,158.51993171,158.51993171
Quintana Roo,Total general,2014,2,False,158.98828802,0.4683563099999901
Quintana Roo,Total general,2014,3,False,160.64558562,1.6572975999999926
Quintana Roo,Total general,2014,4,False,223.93530558,63.28971996000001
Quintana Roo,Total general,2015,1,False,109.20121945,109.20121945
Quintana Roo,Total general,2015,2,False,101.85780038,-7.343419069999996
Quintana Roo,Total general,2015,3,False,274.65323916,172.79543877999998
Quintana Roo,Total general,2015,4,False,325.28493982,50.63170065999998
Quintana Roo,Total general,2016,1,False,119.17834672,119.17834672
Quintana Roo,Total general,2016,2,False,198.3602639,79.18191718000001
Quintana Roo,Total general,2016,3,False,232.99515501,34.634891109999984
Quintana Roo,Total general,2016,4,False,296.51336738,63.518212369999986
Quintana Roo,Total general,2017,1,False,154.64741994,154.64741994
Quintana Roo,Total general,2017,2,False,227.34186494,72.694445
Quintana Roo,Total general,2017,3,False,397.78618913,170.44432419000003
Quintana Roo,Total general,2017,4,False,479.35378337,81.56759423999995
Quintana Roo,Total general,2018,1,False,157.8479985,157.8479985
Quintana Roo,Total general,2018,2,False,334.13977986,176.29178136
Quintana Roo,Total general,2018,3,False,436.98880444,102.84902458000005
Quintana Roo,Total general,2018,4,False,591.47866291,154.48985847
Quintana Roo,Total general,2019,1,False,232.63122127,232.63122127
Quintana Roo,Total general,2019,2,False,395.48097258,162.84975131000002
Quintana Roo,Total general,2019,3,False,498.06176439,102.58079181
Quintana Roo,Total general,2019,4,False,664.14322186,166.08145747000003
Quintana Roo,Total general,2020,1,False,59.00294418,59.00294418
Quintana Roo,Total general,2020,2,False,126.49576413,67.49281995
Quintana Roo,Total general,2020,3,False,185.75391661,59.25815248000001
Quintana Roo,Total general,2020,4,False,160.85409188,-24.899824730000006
Quintana Roo,Total general,2021,1,False,293.66503729,293.66503729
Quintana Roo,Total general,2021,2,False,373.37079375,79.70575646000003
Quintana Roo,Total general,2021,3,False,423.08576598,49.71497223
Quintana Roo,Total general,2021,4,False,471.43060067,48.34483468999997
Quintana Roo,Total general,2022,1,False,278.23820228,278.23820228
Quintana Roo,Total general,2022,2,False,331.03786826,52.799665979999986
Quintana Roo,Total general,2022,3,False,420.42081861,89.38295035000004
Quintana Roo,Total general,2022,4,False,459.92148048,39.50066186999999
Quintana Roo,Total general,2023,1,False,345.14153897,345.14153897
Quintana Roo,Total general,2023,2,False,634.30672647,289.16518749999994
Quintana Roo,Total general,2023,3,False,810.23600955,175.92928308
Quintana Roo,Total general,2023,4,False,1031.74304045,221.50703090000013
Quintana Roo,Total general,2024,1,False,237.02688559,237.02688559
Quintana Roo,Total general,2024,2,False,730.50627197,493.47938637999994
Quintana Roo,Total general,2024,3,False,846.87839839,116.37212642000009
Quintana Roo,Total general,2024,4,False,988.73407713,141.85567873999992
Quintana Roo,Total general,2025,1,False,389.48370681,389.48370681
Quintana Roo,Total general,2025,2,False,610.82728898,221.34358217000005
Quintana Roo,Total general,2025,3,False,923.22540001,312.39811103
Quintana Roo,Total general,2025,4,False,1107.51056533,184.28516531999992
San Luis Potosí,Total general,2006,1,False,20.121513,20.121513
San Luis Potosí,Total general,2006,2,False,96.105282,75.983769
San Luis Potosí,Total general,2006,3,False,79.580207,-16.525075
San Luis Potosí,Total general,2006,4,False,198.717272,119.137065
San Luis Potosí,Total general,2007,1,False,274.749982,274.749982
San Luis Potosí,Total general,2007,2,False,343.608904,68.858922
San Luis Potosí,Total general,2007,3,False,402.729311,59.120407
San Luis Potosí,Total general,2007,4,False,523.921987,121.19267599999995
San Luis Potosí,Total general,2008,1,False,224.677429,224.677429
San Luis Potosí,Total general,2008,2,False,285.268727,60.59129800000002
San Luis Potosí,Total general,2008,3,False,478.022044,192.75331699999998
San Luis Potosí,Total general,2008,4,False,460.727327,-17.29471699999999
San Luis Potosí,Total general,2009,1,False,23.14884,23.14884
San Luis Potosí,Total general,2009,2,False,-5.215543,-28.364383
San Luis Potosí,Total general,2009,3,False,30.816105,36.031648000000004
San Luis Potosí,Total general,2009,4,False,85.025897,54.209792
San Luis Potosí,Total general,2010,1,False,258.041999,258.041999
San Luis Potosí,Total general,2010,2,False,350.10903,92.06703100000004
San Luis Potosí,Total general,2010,3,False,354.513262,4.404231999999979
San Luis Potosí,Total general,2010,4,False,473.494727,118.98146500000001
San Luis Potosí,Total general,2011,1,False,234.12982708,234.12982708
San Luis Potosí,Total general,2011,2,False,48.53795245,-185.59187463
San Luis Potosí,Total general,2011,3,False,77.18196245,28.64401
San Luis Potosí,Total general,2011,4,False,268.26402685,191.08206439999998
San Luis Potosí,Total general,2012,1,False,422.78325672,422.78325672
San Luis Potosí,Total general,2012,2,False,553.66726863,130.88401190999997
San Luis Potosí,Total general,2012,3,False,651.19127663,97.52400799999998
San Luis Potosí,Total general,2012,4,False,880.32435663,229.13308000000006
San Luis Potosí,Total general,2013,1,False,617.10059727,617.10059727
San Luis Potosí,Total general,2013,2,False,1644.93010571,1027.82950844
San Luis Potosí,Total general,2013,3,False,1833.5590877,188.62898199000006
San Luis Potosí,Total general,2013,4,False,2008.12645896,174.56737126000007
San Luis Potosí,Total general,2014,1,False,402.8852097,402.8852097
San Luis Potosí,Total general,2014,2,False,692.79379374,289.90858403999994
San Luis Potosí,Total general,2014,3,False,775.59168146,82.79788772000006
San Luis Potosí,Total general,2014,4,False,1064.81935248,289.2276710199999
San Luis Potosí,Total general,2015,1,False,362.32675678,362.32675678
San Luis Potosí,Total general,2015,2,False,921.75168176,559.42492498
San Luis Potosí,Total general,2015,3,False,1279.6630124,357.9113306400001
San Luis Potosí,Total general,2015,4,False,1899.05632646,619.39331406
San Luis Potosí,Total general,2016,1,False,198.02768676,198.02768676
San Luis Potosí,Total general,2016,2,False,298.71587182,100.68818506000002
San Luis Potosí,Total general,2016,3,False,485.12782064,186.41194881999996
San Luis Potosí,Total general,2016,4,False,814.92895445,329.80113381
San Luis Potosí,Total general,2017,1,False,460.41813858,460.41813858
San Luis Potosí,Total general,2017,2,False,755.49080097,295.07266239
San Luis Potosí,Total general,2017,3,False,1224.26422667,468.77342569999996
San Luis Potosí,Total general,2017,4,False,1405.86244564,181.59821897000006
San Luis Potosí,Total general,2018,1,False,198.42037624,198.42037624
San Luis Potosí,Total general,2018,2,False,697.74442608,499.32404984000004
San Luis Potosí,Total general,2018,3,False,999.21276585,301.46833976999994
San Luis Potosí,Total general,2018,4,False,1766.42538421,767.21261836
San Luis Potosí,Total general,2019,1,False,267.29459542,267.29459542
San Luis Potosí,Total general,2019,2,False,504.34542872,237.05083329999997
San Luis Potosí,Total general,2019,3,False,782.39213194,278.04670322000004
San Luis Potosí,Total general,2019,4,False,853.83082527,71.43869332999998
San Luis Potosí,Total general,2020,1,False,417.0527223,417.0527223
San Luis Potosí,Total general,2020,2,False,1026.74493882,609.69221652
San Luis Potosí,Total general,2020,3,False,710.54112327,-316.20381555000006
San Luis Potosí,Total general,2020,4,False,917.14288816,206.60176489000003
San Luis Potosí,Total general,2021,1,False,694.1022631,694.1022631
San Luis Potosí,Total general,2021,2,False,740.33169929,46.22943619
San Luis Potosí,Total general,2021,3,False,942.42949474,202.09779545000004
San Luis Potosí,Total general,2021,4,False,717.32849091,-225.10100382999997
San Luis Potosí,Total general,2022,1,False,322.71676805,322.71676805
San Luis Potosí,Total general,2022,2,False,601.66658126,278.94981321000006
San Luis Potosí,Total general,2022,3,False,873.24527149,271.57869023
San Luis Potosí,Total general,2022,4,False,324.19738907,-549.0478824200001
San Luis Potosí,Total general,2023,1,False,1134.57882507,1134.57882507
San Luis Potosí,Total general,2023,2,False,1347.22092841,212.64210333999995
San Luis Potosí,Total general,2023,3,False,1555.0863398,207.86541138999996
San Luis Potosí,Total general,2023,4,False,1085.60400493,-469.48233486999993
San Luis Potosí,Total general,2024,1,False,744.37630854,744.37630854
San Luis Potosí,Total general,2024,2,False,1063.85475527,319.47844673
San Luis Potosí,Total general,2024,3,False,991.66269679,-72.1920584799999
San Luis Potosí,Total general,2024,4,False,848.50618086,-143.15651593000007
San Luis Potosí,Total general,2025,1,False,349.20077224,349.20077224
San Luis Potosí,Total general,2025,2,False,384.09971303,34.89894078999998
San Luis Potosí,Total general,2025,3,False,561.91866129,177.81894826000007
San Luis Potosí,Total general,2025,4,False,275.60699663,-286.31166466
Sinaloa,Total general,2006,1,False,55.02282311,55.02282311
Sinaloa,Total general,2006,2,False,105.17001111,50.14718800000001
Sinaloa,Total general,2006,3,False,115.37797708,10.20796596999999
Sinaloa,Total general,2006,4,False,146.65637126,31.278394179999992
Sinaloa,Total general,2007,1,False,97.287996,97.287996
Sinaloa,Total general,2007,2,False,135.92074586,38.632749860000004
Sinaloa,Total general,2007,3,False,220.47255333,84.55180747
Sinaloa,Total general,2007,4,False,278.20766126,57.73510793
Sinaloa,Total general,2008,1,False,97.38879881,97.38879881
Sinaloa,Total general,2008,2,False,121.53017596,24.141377149999997
Sinaloa,Total general,2008,3,False,145.4926771,23.962501140000015
Sinaloa,Total general,2008,4,False,175.91621876,30.423541659999984
Sinaloa,Total general,2009,1,False,17.55392988,17.55392988
Sinaloa,Total general,2009,2,False,82.54322174,64.98929186000001
Sinaloa,Total general,2009,3,False,92.74396658,10.200744839999999
Sinaloa,Total general,2009,4,False,149.96184042,57.21787383999998
Sinaloa,Total general,2010,1,False,99.09946896,99.09946896
Sinaloa,Total general,2010,2,False,149.5731279,50.47365894000001
Sinaloa,Total general,2010,3,False,183.22941236,33.656284459999995
Sinaloa,Total general,2010,4,False,217.61567253,34.386260170000014
Sinaloa,Total general,2011,1,False,97.07795801,97.07795801
Sinaloa,Total general,2011,2,False,183.25429097,86.17633296
Sinaloa,Total general,2011,3,False,221.08931832,37.83502734999999
Sinaloa,Total general,2011,4,False,230.94834328,9.85902496
Sinaloa,Total general,2012,1,False,62.94731071,62.94731071
Sinaloa,Total general,2012,2,False,214.27295715,151.32564644
Sinaloa,Total general,2012,3,False,236.48628874,22.213331589999996
Sinaloa,Total general,2012,4,False,432.50467886,196.01839012000002
Sinaloa,Total general,2013,1,False,101.14081417,101.14081417
Sinaloa,Total general,2013,2,False,344.42147514,243.28066096999999
Sinaloa,Total general,2013,3,False,325.08242949,-19.339045650000003
Sinaloa,Total general,2013,4,False,605.42799962,280.34557013000006
Sinaloa,Total general,2014,1,False,250.7032026,250.7032026
Sinaloa,Total general,2014,2,False,312.96413581,62.26093321000002
Sinaloa,Total general,2014,3,False,344.73797739,31.77384158000001
Sinaloa,Total general,2014,4,False,399.98851812,55.250540729999955
Sinaloa,Total general,2015,1,False,110.56456085,110.56456085
Sinaloa,Total general,2015,2,False,239.82030634,129.25574548999998
Sinaloa,Total general,2015,3,False,354.00918559,114.18887925000001
Sinaloa,Total general,2015,4,False,428.67415364,74.66496804999997
Sinaloa,Total general,2016,1,False,127.09804192,127.09804192
Sinaloa,Total general,2016,2,False,207.26740142,80.1693595
Sinaloa,Total general,2016,3,False,293.9651994,86.69779798000002
Sinaloa,Total general,2016,4,False,434.86971929,140.90451988999996
Sinaloa,Total general,2017,1,False,121.81121442,121.81121442
Sinaloa,Total general,2017,2,False,283.57394462,161.76273020000002
Sinaloa,Total general,2017,3,False,487.15490735,203.58096272999995
Sinaloa,Total general,2017,4,False,761.56589715,274.4109898
Sinaloa,Total general,2018,1,False,144.86439648,144.86439648
Sinaloa,Total general,2018,2,False,446.39377889,301.52938241000004
Sinaloa,Total general,2018,3,False,367.63409242,-78.75968647000002
Sinaloa,Total general,2018,4,False,414.96161109,47.32751867000002
Sinaloa,Total general,2019,1,False,160.5395205,160.5395205
Sinaloa,Total general,2019,2,False,151.01648555,-9.52303495000001
Sinaloa,Total general,2019,3,False,214.29290669,63.27642114
Sinaloa,Total general,2019,4,False,262.58584487,48.29293818000002
Sinaloa,Total general,2020,1,False,174.31404943,174.31404943
Sinaloa,Total general,2020,2,False,740.95958208,566.64553265
Sinaloa,Total general,2020,3,False,764.83549225,23.875910169999997
Sinaloa,Total general,2020,4,False,743.91225932,-20.92323293000004
Sinaloa,Total general,2021,1,False,278.39972503,278.39972503
Sinaloa,Total general,2021,2,False,382.82545629,104.42573125999996
Sinaloa,Total general,2021,3,False,519.91729492,137.09183863000004
Sinaloa,Total general,2021,4,False,543.71633126,23.79903633999993
Sinaloa,Total general,2022,1,False,282.25630464,282.25630464
Sinaloa,Total general,2022,2,False,531.42017876,249.16387412
Sinaloa,Total general,2022,3,False,730.28121269,198.86103392999996
Sinaloa,Total general,2022,4,False,871.84467166,141.56345897000006
Sinaloa,Total general,2023,1,False,174.49943631,174.49943631
Sinaloa,Total general,2023,2,False,178.99985021,4.500413900000012
Sinaloa,Total general,2023,3,False,418.6086667,239.60881649
Sinaloa,Total general,2023,4,False,405.87650579,-12.732160910000005
Sinaloa,Total general,2024,1,False,154.11749353,154.11749353
Sinaloa,Total general,2024,2,False,266.2410037,112.12351017000003
Sinaloa,Total general,2024,3,False,279.5104322,13.269428500000004
Sinaloa,Total general,2024,4,False,356.49089187,76.98045966999996
Sinaloa,Total general,2025,1,False,20.89158638,20.89158638
Sinaloa,Total general,2025,2,False,29.99144839,9.099862009999999
Sinaloa,Total general,2025,3,False,12.09720878,-17.89423961
Sinaloa,Total general,2025,4,False,42.63046867,30.533259889999997
Sonora,Total general,2006,1,False,88.2135441,88.2135441
Sonora,Total general,2006,2,False,224.33119121,136.11764711
Sonora,Total general,2006,3,False,339.58006714,115.24887593
Sonora,Total general,2006,4,False,459.22538516,119.64531801999999
Sonora,Total general,2007,1,False,413.47620288,413.47620288
Sonora,Total general,2007,2,False,592.47965665,179.00345377000002
Sonora,Total general,2007,3,False,939.22888899,346.74923233999993
Sonora,Total general,2007,4,False,961.13662705,21.907738060000042
Sonora,Total general,2008,1,False,248.11278157,248.11278157
Sonora,Total general,2008,2,False,1001.31495134,753.20216977
Sonora,Total general,2008,3,False,1239.14279208,237.82784073999994
Sonora,Total general,2008,4,False,1579.02945881,339.8866667300001
Sonora,Total general,2009,1,False,326.72126295,326.72126295
Sonora,Total general,2009,2,False,395.47163091,68.75036796
Sonora,Total general,2009,3,False,361.19806063,-34.27357028
Sonora,Total general,2009,4,False,358.41869784,-2.7793627899999933
Sonora,Total general,2010,1,False,513.64436434,513.64436434
Sonora,Total general,2010,2,False,780.06275134,266.41838699999994
Sonora,Total general,2010,3,False,857.62835534,77.56560400000001
Sonora,Total general,2010,4,False,1109.37024044,251.7418851000001
Sonora,Total general,2011,1,False,309.23127633,309.23127633
Sonora,Total general,2011,2,False,279.56302582,-29.668250510000007
Sonora,Total general,2011,3,False,272.08605415,-7.476971670000012
Sonora,Total general,2011,4,False,304.13830387,32.05224972000002
Sonora,Total general,2012,1,False,723.00680004,723.00680004
Sonora,Total general,2012,2,False,765.07551264,42.068712600000026
Sonora,Total general,2012,3,False,768.10332006,3.027807419999931
Sonora,Total general,2012,4,False,1172.8558662,404.75254614000005
Sonora,Total general,2013,1,False,1060.70281996,1060.70281996
Sonora,Total general,2013,2,False,1756.44822648,695.74540652
Sonora,Total general,2013,3,False,1952.80562363,196.35739715
Sonora,Total general,2013,4,False,2088.71628356,135.9106599300003
Sonora,Total general,2014,1,False,707.64667269,707.64667269
Sonora,Total general,2014,2,False,888.85931748,181.21264479
Sonora,Total general,2014,3,False,840.10796431,-48.7513531699999
Sonora,Total general,2014,4,False,815.32753007,-24.78043424000009
Sonora,Total general,2015,1,False,327.70148104,327.70148104
Sonora,Total general,2015,2,False,417.48811997,89.78663893000004
Sonora,Total general,2015,3,False,462.0390539,44.550933929999985
Sonora,Total general,2015,4,False,609.95340827,147.91435436999996
Sonora,Total general,2016,1,False,140.93551937,140.93551937
Sonora,Total general,2016,2,False,235.29559234,94.36007297
Sonora,Total general,2016,3,False,297.7884301,62.492837760000015
Sonora,Total general,2016,4,False,506.39134927,208.60291916999995
Sonora,Total general,2017,1,False,444.5028625,444.5028625
Sonora,Total general,2017,2,False,770.81608263,326.31322013
Sonora,Total general,2017,3,False,635.83799374,-134.97808888999998
Sonora,Total general,2017,4,False,368.12865119,-267.70934255
Sonora,Total general,2018,1,False,545.36136725,545.36136725
Sonora,Total general,2018,2,False,704.30130327,158.93993602
Sonora,Total general,2018,3,False,330.03388015,-374.26742311999993
Sonora,Total general,2018,4,False,155.09956028,-174.93431987000002
Sonora,Total general,2019,1,False,306.44009443,306.44009443
Sonora,Total general,2019,2,False,435.82465063,129.38455620000002
Sonora,Total general,2019,3,False,376.85804592,-58.96660471000001
Sonora,Total general,2019,4,False,449.63980561,72.78175969
Sonora,Total general,2020,1,False,205.61572222,205.61572222
Sonora,Total general,2020,2,False,397.26354338,191.64782115999998
Sonora,Total general,2020,3,False,380.03455995,-17.22898342999997
Sonora,Total general,2020,4,False,587.55509818,207.52053822999994
Sonora,Total general,2021,1,False,539.53240643,539.53240643
Sonora,Total general,2021,2,False,961.15288212,421.6204756899999
Sonora,Total general,2021,3,False,886.92574082,-74.22714129999997
Sonora,Total general,2021,4,False,985.20719102,98.2814502
Sonora,Total general,2022,1,False,404.71932333,404.71932333
Sonora,Total general,2022,2,False,571.69511115,166.97578782
Sonora,Total general,2022,3,False,592.71960867,21.024497519999954
Sonora,Total general,2022,4,False,605.90239198,13.18278330999999
Sonora,Total general,2023,1,False,231.77796394,231.77796394
Sonora,Total general,2023,2,False,2237.32424068,2005.54627674
Sonora,Total general,2023,3,False,2335.22515211,97.90091143000018
Sonora,Total general,2023,4,False,2395.24778534,60.02263322999988
Sonora,Total general,2024,1,False,103.26999915,103.26999915
Sonora,Total general,2024,2,False,118.99533281,15.72533365999999
Sonora,Total general,2024,3,False,247.65428737,128.65895455999998
Sonora,Total general,2024,4,False,336.03883312,88.38454575
Sonora,Total general,2025,1,False,28.22280938,28.22280938
Sonora,Total general,2025,2,False,267.3781788,239.15536942
Sonora,Total general,2025,3,False,218.46832421,-48.90985459000001
Sonora,Total general,2025,4,False,238.44030401,19.971979800000014
Tabasco,Total general,2006,1,False,-1.997211,-1.997211
Tabasco,Total general,2006,2,False,16.482966,18.480177
Tabasco,Total general,2006,3,False,57.951177,41.468211
Tabasco,Total general,2006,4,False,82.408777,24.4576
Tabasco,Total general,2007,1,False,57.169443,57.169443
Tabasco,Total general,2007,2,False,73.315349,16.145905999999997
Tabasco,Total general,2007,3,False,129.817733,56.502384000000006
Tabasco,Total general,2007,4,False,179.600399,49.782666000000006
Tabasco,Total general,2008,1,False,51.019397,51.019397
Tabasco,Total general,2008,2,False,72.567128,21.547731
Tabasco,Total general,2008,3,False,86.99951588,14.432387880000007
Tabasco,Total general,2008,4,False,135.08340188,48.08388599999999
Tabasco,Total general,2009,1,False,24.72131708,24.72131708
Tabasco,Total general,2009,2,False,74.61848427,49.89716719
Tabasco,Total general,2009,3,False,90.71757927,16.099095000000005
Tabasco,Total general,2009,4,False,90.36613927,-0.35143999999999664
Tabasco,Total general,2010,1,False,80.573283,80.573283
Tabasco,Total general,2010,2,False,136.40678,55.833496999999994
Tabasco,Total general,2010,3,False,118.97095615,-17.43582384999999
Tabasco,Total general,2010,4,False,141.26248731,22.291531160000005
Tabasco,Total general,2011,1,False,47.63574303,47.63574303
Tabasco,Total general,2011,2,False,208.01249423,160.3767512
Tabasco,Total general,2011,3,False,192.32480905,-15.687685179999988
Tabasco,Total general,2011,4,False,233.24259131,40.917782259999996
Tabasco,Total general,2012,1,False,22.32247452,22.32247452
Tabasco,Total general,2012,2,False,32.43861337,10.116138849999999
Tabasco,Total general,2012,3,False,247.72277775,215.28416438
Tabasco,Total general,2012,4,False,325.46794475,77.74516700000001
Tabasco,Total general,2013,1,False,144.28361915,144.28361915
Tabasco,Total general,2013,2,False,302.7817835,158.49816435000002
Tabasco,Total general,2013,3,False,354.36348551,51.58170200999996
Tabasco,Total general,2013,4,False,323.93868747,-30.424798039999985
Tabasco,Total general,2014,1,False,208.53567556,208.53567556
Tabasco,Total general,2014,2,False,181.82923613,-26.70643942999999
Tabasco,Total general,2014,3,False,249.98445096,68.15521483
Tabasco,Total general,2014,4,False,241.66461832,-8.319832640000016
Tabasco,Total general,2015,1,False,84.91450608,84.91450608
Tabasco,Total general,2015,2,False,115.93477719,31.02027111000001
Tabasco,Total general,2015,3,False,384.95276128,269.01798409
Tabasco,Total general,2015,4,False,737.48539533,352.53263404999996
Tabasco,Total general,2016,1,False,77.63236517,77.63236517
Tabasco,Total general,2016,2,False,117.69095238,40.05858721
Tabasco,Total general,2016,3,False,173.22166845,55.53071607000001
Tabasco,Total general,2016,4,False,112.75366755,-60.46800090000001
Tabasco,Total general,2017,1,False,193.19171008,193.19171008
Tabasco,Total general,2017,2,False,261.58746437,68.39575429000001
Tabasco,Total general,2017,3,False,317.20633822,55.61887385
Tabasco,Total general,2017,4,False,400.3783564,83.17201817999995
Tabasco,Total general,2018,1,False,200.57546194,200.57546194
Tabasco,Total general,2018,2,False,238.27130997,37.69584803000001
Tabasco,Total general,2018,3,False,246.39793559,8.126625619999999
Tabasco,Total general,2018,4,False,530.29285062,283.89491503
Tabasco,Total general,2019,1,False,334.67965005,334.67965005
Tabasco,Total general,2019,2,False,370.15913332,35.47948327
Tabasco,Total general,2019,3,False,449.31906964,79.15993631999999
Tabasco,Total general,2019,4,False,490.59018843,41.27111879
Tabasco,Total general,2020,1,False,110.90501622,110.90501622
Tabasco,Total general,2020,2,False,329.97426739,219.06925117000003
Tabasco,Total general,2020,3,False,353.41029698,23.436029589999976
Tabasco,Total general,2020,4,False,464.94603135,111.53573437
Tabasco,Total general,2021,1,False,145.71992271,145.71992271
Tabasco,Total general,2021,2,False,197.38938687,51.66946416000002
Tabasco,Total general,2021,3,False,245.93173907,48.54235219999998
Tabasco,Total general,2021,4,False,300.41345369,54.48171461999999
Tabasco,Total general,2022,1,False,192.95829141,192.95829141
Tabasco,Total general,2022,2,False,165.77705087,-27.181240539999976
Tabasco,Total general,2022,3,False,189.98312021,24.20606934
Tabasco,Total general,2022,4,False,27.25821882,-162.72490139
Tabasco,Total general,2023,1,False,74.52811596,74.52811596
Tabasco,Total general,2023,2,False,-4.97176416,-79.49988012
Tabasco,Total general,2023,3,False,227.4940029,232.46576706
Tabasco,Total general,2023,4,False,316.0828896,88.58888669999999
Tabasco,Total general,2024,1,False,157.01569505,157.01569505
Tabasco,Total general,2024,2,False,388.84488883,231.82919378
Tabasco,Total general,2024,3,False,265.93879731,-122.90609152000002
Tabasco,Total general,2024,4,False,249.07773091,-16.86106639999997
Tabasco,Total general,2025,1,False,-31.79573222,-31.79573222
Tabasco,Total general,2025,2,False,4.87295948,36.668691700000004
Tabasco,Total general,2025,3,False,217.03184235,212.15888287
Tabasco,Total general,2025,4,False,-42.64567099,-259.67751334
Tamaulipas,Total general,2006,1,False,155.271572,155.271572
Tamaulipas,Total general,2006,2,False,415.779639,260.508067
Tamaulipas,Total general,2006,3,False,613.171545,197.39190600000006
Tamaulipas,Total general,2006,4,False,854.093666,240.92212099999995
Tamaulipas,Total general,2007,1,False,259.17050601,259.17050601
Tamaulipas,Total general,2007,2,False,455.42473401,196.254228
Tamaulipas,Total general,2007,3,False,708.76061701,253.33588300000002
Tamaulipas,Total general,2007,4,False,877.43651801,168.67590099999995
Tamaulipas,Total general,2008,1,False,199.986967,199.986967
Tamaulipas,Total general,2008,2,False,390.7202899,190.73332290000002
Tamaulipas,Total general,2008,3,False,675.92480945,285.20451955
Tamaulipas,Total general,2008,4,False,932.42794345,256.50313400000005
Tamaulipas,Total general,2009,1,False,268.48266544,268.48266544
Tamaulipas,Total general,2009,2,False,435.05000863,166.56734318999997
Tamaulipas,Total general,2009,3,False,463.96008323,28.91007460000003
Tamaulipas,Total general,2009,4,False,603.16357423,139.20349099999999
Tamaulipas,Total general,2010,1,False,207.472087,207.472087
Tamaulipas,Total general,2010,2,False,394.845939,187.373852
Tamaulipas,Total general,2010,3,False,954.26611045,559.42017145
Tamaulipas,Total general,2010,4,False,1035.87573256,81.60962210999992
Tamaulipas,Total general,2011,1,False,123.93176719,123.93176719
Tamaulipas,Total general,2011,2,False,621.20715837,497.27539118
Tamaulipas,Total general,2011,3,False,644.60247483,23.395316460000004
Tamaulipas,Total general,2011,4,False,842.86876817,198.26629333999995
Tamaulipas,Total general,2012,1,False,233.19038594,233.19038594
Tamaulipas,Total general,2012,2,False,495.14196276,261.95157682
Tamaulipas,Total general,2012,3,False,683.29763876,188.15567600000003
Tamaulipas,Total general,2012,4,False,1051.42196776,368.1243289999999
Tamaulipas,Total general,2013,1,False,458.42783854,458.42783854
Tamaulipas,Total general,2013,2,False,1212.75921827,754.33137973
Tamaulipas,Total general,2013,3,False,1332.69214129,119.93292302000009
Tamaulipas,Total general,2013,4,False,1734.47928716,401.7871458699999
Tamaulipas,Total general,2014,1,False,188.43187921,188.43187921
Tamaulipas,Total general,2014,2,False,520.21486956,331.78299035
Tamaulipas,Total general,2014,3,False,545.7925509,25.577681340000026
Tamaulipas,Total general,2014,4,False,723.89565207,178.10310116999995
Tamaulipas,Total general,2015,1,False,214.15306298,214.15306298
Tamaulipas,Total general,2015,2,False,405.6062841,191.45322112
Tamaulipas,Total general,2015,3,False,780.53701957,374.93073547
Tamaulipas,Total general,2015,4,False,1103.24239485,322.70537528
Tamaulipas,Total general,2016,1,False,237.6922271,237.6922271
Tamaulipas,Total general,2016,2,False,639.14170942,401.44948232
Tamaulipas,Total general,2016,3,False,655.90374443,16.762035009999977
Tamaulipas,Total general,2016,4,False,1149.50122871,493.5974842800001
Tamaulipas,Total general,2017,1,False,455.56494157,455.56494157
Tamaulipas,Total general,2017,2,False,787.97159487,332.4066533
Tamaulipas,Total general,2017,3,False,1212.46859086,424.49699598999996
Tamaulipas,Total general,2017,4,False,1543.2112271,330.74263624000014
Tamaulipas,Total general,2018,1,False,500.68155252,500.68155252
Tamaulipas,Total general,2018,2,False,895.60577583,394.92422330999995
Tamaulipas,Total general,2018,3,False,1072.54189879,176.93612296000003
Tamaulipas,Total general,2018,4,False,1514.46346827,441.92156948
Tamaulipas,Total general,2019,1,False,338.61467963,338.61467963
Tamaulipas,Total general,2019,2,False,647.75265463,309.13797500000004
Tamaulipas,Total general,2019,3,False,1343.52247502,695.76982039
Tamaulipas,Total general,2019,4,False,1630.12361184,286.60113681999997
Tamaulipas,Total general,2020,1,False,532.26898219,532.26898219
Tamaulipas,Total general,2020,2,False,521.8379483,-10.43103388999998
Tamaulipas,Total general,2020,3,False,756.55913339,234.72118509000006
Tamaulipas,Total general,2020,4,False,707.69989163,-48.85924176000003
Tamaulipas,Total general,2021,1,False,487.02571336,487.02571336
Tamaulipas,Total general,2021,2,False,648.37768711,161.35197375
Tamaulipas,Total general,2021,3,False,1178.9934308,530.6157436899999
Tamaulipas,Total general,2021,4,False,1273.69734271,94.70391190999999
Tamaulipas,Total general,2022,1,False,1101.06819952,1101.06819952
Tamaulipas,Total general,2022,2,False,1337.21748314,236.14928362
Tamaulipas,Total general,2022,3,False,808.51757989,-528.69990325
Tamaulipas,Total general,2022,4,False,976.94584167,168.42826178000007
Tamaulipas,Total general,2023,1,False,211.51817799,211.51817799
Tamaulipas,Total general,2023,2,False,331.84995047,120.33177248000001
Tamaulipas,Total general,2023,3,False,384.20988765,52.359937179999974
Tamaulipas,Total general,2023,4,False,510.06041883,125.85053118000002
Tamaulipas,Total general,2024,1,False,200.44714132,200.44714132
Tamaulipas,Total general,2024,2,False,319.73693363,119.28979231000002
Tamaulipas,Total general,2024,3,False,298.28997519,-21.446958440000003
Tamaulipas,Total general,2024,4,False,429.72652649,131.43655130000002
Tamaulipas,Total general,2025,1,False,281.49814554,281.49814554
Tamaulipas,Total general,2025,2,False,526.19408984,244.69594429999995
Tamaulipas,Total general,2025,3,False,563.99061894,37.79652910000004
Tamaulipas,Total general,2025,4,False,564.01805208,0.02743313999997099
Tlaxcala,Total general,2006,1,False,134.622755,134.622755
Tlaxcala,Total general,2006,2,False,151.546214,16.92345899999998
Tlaxcala,Total general,2006,3,False,199.358479,47.812265
Tlaxcala,Total general,2006,4,False,242.225978,42.86749900000001
Tlaxcala,Total general,2007,1,False,41.15014,41.15014
Tlaxcala,Total general,2007,2,False,49.176896,8.026755999999999
Tlaxcala,Total general,2007,3,False,60.476163,11.299267
Tlaxcala,Total general,2007,4,False,92.695589,32.219426
Tlaxcala,Total general,2008,1,False,61.527564,61.527564
Tlaxcala,Total general,2008,2,False,63.658148,2.130583999999999
Tlaxcala,Total general,2008,3,False,96.755987,33.09783900000001
Tlaxcala,Total general,2008,4,False,123.709811,26.953823999999997
Tlaxcala,Total general,2009,1,False,33.403671,33.403671
Tlaxcala,Total general,2009,2,False,33.854543,0.45087199999999683
Tlaxcala,Total general,2009,3,False,42.799996,8.945453
Tlaxcala,Total general,2009,4,False,72.191991,29.391995
Tlaxcala,Total general,2010,1,False,25.0785444,25.0785444
Tlaxcala,Total general,2010,2,False,76.7569424,51.678398
Tlaxcala,Total general,2010,3,False,89.9176754,13.160732999999993
Tlaxcala,Total general,2010,4,False,91.1712334,1.2535580000000124
Tlaxcala,Total general,2011,1,False,169.540928,169.540928
Tlaxcala,Total general,2011,2,False,212.54934071,43.00841270999999
Tlaxcala,Total general,2011,3,False,226.97625471,14.42691400000001
Tlaxcala,Total general,2011,4,False,251.22970421,24.253449499999988
Tlaxcala,Total general,2012,1,False,31.68895357,31.68895357
Tlaxcala,Total general,2012,2,False,57.74642557,26.057472
Tlaxcala,Total general,2012,3,False,78.47630657,20.729881000000006
Tlaxcala,Total general,2012,4,False,79.50908357,1.0327769999999958
Tlaxcala,Total general,2013,1,False,41.82901659,41.82901659
Tlaxcala,Total general,2013,2,False,122.73619608,80.90717949
Tlaxcala,Total general,2013,3,False,88.17813808,-34.558058
Tlaxcala,Total general,2013,4,False,80.73515841,-7.44297967
Tlaxcala,Total general,2014,1,False,46.79347911,46.79347911
Tlaxcala,Total general,2014,2,False,114.08574911,67.29227
Tlaxcala,Total general,2014,3,False,113.57953533,-0.506213779999996
Tlaxcala,Total general,2014,4,False,120.71293635,7.133401020000008
Tlaxcala,Total general,2015,1,False,57.6697765,57.6697765
Tlaxcala,Total general,2015,2,False,76.4947081,18.8249316
Tlaxcala,Total general,2015,3,False,116.99261965,40.49791155
Tlaxcala,Total general,2015,4,False,152.51851841,35.52589876000002
Tlaxcala,Total general,2016,1,False,67.49930147,67.49930147
Tlaxcala,Total general,2016,2,False,117.09886201,49.59956054
Tlaxcala,Total general,2016,3,False,119.58970487,2.4908428600000008
Tlaxcala,Total general,2016,4,False,253.119961,133.53025613
Tlaxcala,Total general,2017,1,False,71.66924837,71.66924837
Tlaxcala,Total general,2017,2,False,100.31677778,28.64752940999999
Tlaxcala,Total general,2017,3,False,162.99624949,62.67947171
Tlaxcala,Total general,2017,4,False,168.04845104,5.052201550000007
Tlaxcala,Total general,2018,1,False,101.69497842,101.69497842
Tlaxcala,Total general,2018,2,False,141.12188735,39.42690893000001
Tlaxcala,Total general,2018,3,False,132.18981278,-8.932074569999997
Tlaxcala,Total general,2018,4,False,143.05633667,10.866523889999996
Tlaxcala,Total general,2019,1,False,134.01261964,134.01261964
Tlaxcala,Total general,2019,2,False,186.95681933,52.944199690000005
Tlaxcala,Total general,2019,3,False,295.4111747,108.45435537
Tlaxcala,Total general,2019,4,False,345.72117869,50.310003989999984
Tlaxcala,Total general,2020,1,False,96.73225296,96.73225296
Tlaxcala,Total general,2020,2,False,346.74508142,250.01282846000004
Tlaxcala,Total general,2020,3,False,336.76253918,-9.982542240000043
Tlaxcala,Total general,2020,4,False,367.51583198,30.753292799999997
Tlaxcala,Total general,2021,1,False,72.04056775,72.04056775
Tlaxcala,Total general,2021,2,False,95.09400235,23.053434600000003
Tlaxcala,Total general,2021,3,False,107.37287598,12.278873630000007
Tlaxcala,Total general,2021,4,False,60.4559001,-46.91697588
Tlaxcala,Total general,2022,1,False,48.17032172,48.17032172
Tlaxcala,Total general,2022,2,False,130.90718589,82.73686416999999
Tlaxcala,Total general,2022,3,False,175.87776621,44.97058032000001
Tlaxcala,Total general,2022,4,False,275.02602158,99.14825537000002
Tlaxcala,Total general,2023,1,False,227.0162852,227.0162852
Tlaxcala,Total general,2023,2,False,222.58733245,-4.428952750000008
Tlaxcala,Total general,2023,3,False,314.5279747,91.94064225000002
Tlaxcala,Total general,2023,4,False,328.89349058,14.365515879999975
Tlaxcala,Total general,2024,1,False,70.12179328,70.12179328
Tlaxcala,Total general,2024,2,False,63.09751056,-7.024282720000002
Tlaxcala,Total general,2024,3,False,88.1996403,25.102129739999995
Tlaxcala,Total general,2024,4,False,79.38136734,-8.818272960000002
Tlaxcala,Total general,2025,1,False,32.33922734,32.33922734
Tlaxcala,Total general,2025,2,False,110.67085327,78.33162593
Tlaxcala,Total general,2025,3,False,125.56678943,14.895936160000005
Tlaxcala,Total general,2025,4,False,68.31241635,-57.25437307999999
Total general,Total general,2006,1,False,7437.85643577,7437.85643577
Total general,Total general,2006,2,False,14072.16742706,6634.31099129
Total general,Total general,2006,3,False,16418.89036252,2346.7229354600004
Total general,Total general,2006,4,False,21236.85353986,4817.96317734
Total general,Total general,2007,1,False,10815.78141087,10815.78141087
Total general,Total general,2007,2,False,16953.41971478,6137.63830391
Total general,Total general,2007,3,False,24582.07330259,7628.65358781
Total general,Total general,2007,4,False,32394.03781846,7811.9645158700005
Total general,Total general,2008,1,False,8554.83151524,8554.83151524
Total general,Total general,2008,2,False,16931.58843361,8376.75691837
Total general,Total general,2008,3,False,22575.72579767,5644.1373640599995
Total general,Total general,2008,4,False,29521.41914786,6945.693350190002
Total general,Total general,2009,1,False,6105.29541363,6105.29541363
Total general,Total general,2009,2,False,12199.78876824,6094.493354609999
Total general,Total general,2009,3,False,14597.82536044,2398.0365922
Total general,Total general,2009,4,False,17851.25997536,3253.434614920001
Total general,Total general,2010,1,False,8722.79169874,8722.79169874
Total general,Total general,2010,2,False,18024.41307601,9301.621377270001
Total general,Total general,2010,3,False,21966.49719896,3942.08412295
Total general,Total general,2010,4,False,27199.002382,5232.505183039997
Total general,Total general,2011,1,False,8431.22346962,8431.22346962
Total general,Total general,2011,2,False,15128.6730297,6697.44956008
Total general,Total general,2011,3,False,19478.56810121,4349.89507151
Total general,Total general,2011,4,False,25632.57812453,6154.010023319999
Total general,Total general,2012,1,False,7893.18909919,7893.18909919
Total general,Total general,2012,2,False,13515.31999583,5622.130896639999
Total general,Total general,2012,3,False,19251.61605077,5736.296054940001
Total general,Total general,2012,4,False,21769.83139599,2518.21534522
Total general,Total general,2013,1,False,10571.57964906,10571.57964906
Total general,Total general,2013,2,False,31590.72560175,21019.14595269
Total general,Total general,2013,3,False,35769.53973695,4178.814135199998
Total general,Total general,2013,4,False,48356.7638495,12587.22411255
Total general,Total general,2014,1,False,13828.00834543,13828.00834543
Total general,Total general,2014,2,False,19306.93015988,5478.921814450001
Total general,Total general,2014,3,False,22529.05436985,3222.1242099699994
Total general,Total general,2014,4,False,30351.50531898,7822.450949129998
Total general,Total general,2015,1,False,12136.45616046,12136.45616046
Total general,Total general,2015,2,False,18793.30500847,6656.84884801
Total general,Total general,2015,3,False,28428.94887324,9635.643864769998
Total general,Total general,2015,4,False,35945.17943412,7516.230560880002
Total general,Total general,2016,1,False,12805.79587881,12805.79587881
Total general,Total general,2016,2,False,19016.44099833,6210.645119519999
Total general,Total general,2016,3,False,23336.53951849,4320.0985201600015
Total general,Total general,2016,4,False,31192.31440354,7855.774885049999
Total general,Total general,2017,1,False,13781.54393591,13781.54393591
Total general,Total general,2017,2,False,20618.88587609,6837.34194018
Total general,Total general,2017,3,False,26980.38783521,6361.50195912
Total general,Total general,2017,4,False,34043.05262685,7062.664791640003
Total general,Total general,2018,1,False,14075.43312567,14075.43312567
Total general,Total general,2018,2,False,23655.14907087,9579.7159452
Total general,Total general,2018,3,False,27788.67545185,4133.526380979998
Total general,Total general,2018,4,False,34110.95585474,6322.280402890003
Total general,Total general,2019,1,False,15213.11923941,15213.11923941
Total general,Total general,2019,2,False,21718.73892264,6505.619683230001
Total general,Total general,2019,3,False,29937.43622663,8218.69730399
Total general,Total general,2019,4,False,34621.97200311,4684.535776479999
Total general,Total general,2020,1,False,16782.62620391,16782.62620391
Total general,Total general,2020,2,False,24160.26854322,7377.642339310001
Total general,Total general,2020,3,False,25498.10811375,1337.839570529999
Total general,Total general,2020,4,False,28280.20106813,2782.092954380001
Total general,Total general,2021,1,False,16503.34100367,16503.34100367
Total general,Total general,2021,2,False,22430.73343271,5927.392429039999
Total general,Total general,2021,3,False,28863.38704278,6432.65361007
Total general,Total general,2021,4,False,33847.70894897,4984.321906190002
Total general,Total general,2022,1,False,22783.2591435,22783.2591435
Total general,Total general,2022,2,False,31165.29736116,8382.03821766
Total general,Total general,2022,3,False,34615.66941745,3450.3720562900016
Total general,Total general,2022,4,False,36420.48694864,1804.8175311899977
Total general,Total general,2023,1,False,23658.91058713,23658.91058713
Total general,Total general,2023,2,False,32170.76055895,8511.84997182
Total general,Total general,2023,3,False,35214.38640445,3043.625845499999
Total general,Total general,2023,4,False,36477.61773275,1263.2313282999967
Total general,Total general,2024,1,False,27216.25856484,27216.25856484
Total general,Total general,2024,2,False,33698.35342612,6482.094861279995
Total general,Total general,2024,3,False,36761.70618286,3063.3527567400015
Total general,Total general,2024,4,False,37939.26483729,1177.5586544300022
Total general,Total general,2025,1,False,24412.60992549,24412.60992549
Total general,Total general,2025,2,False,38172.02680512,13759.416879629996
Total general,Total general,2025,3,False,45908.43995006,7736.413144940001
Total general,Total general,2025,4,False,40812.05762807,-5096.3823219900005
Veracruz,Total general,2006,1,False,31.505309,31.505309
Veracruz,Total general,2006,2,False,155.965863,124.46055400000002
Veracruz,Total general,2006,3,False,139.652109,-16.313754000000017
Veracruz,Total general,2006,4,False,252.740391,113.08828199999999
Veracruz,Total general,2007,1,False,172.015648,172.015648
Veracruz,Total general,2007,2,False,249.849343,77.833695
Veracruz,Total general,2007,3,False,383.07387332,133.22453032
Veracruz,Total general,2007,4,False,577.93671132,194.86283799999995
Veracruz,Total general,2008,1,False,136.4467324,136.4467324
Veracruz,Total general,2008,2,False,282.7011394,146.254407
Veracruz,Total general,2008,3,False,314.43111126,31.729971860000035
Veracruz,Total general,2008,4,False,607.78018617,293.34907490999996
Veracruz,Total general,2009,1,False,235.26662359,235.26662359
Veracruz,Total general,2009,2,False,419.78001223,184.51338864000002
Veracruz,Total general,2009,3,False,474.61703607,54.83702383999997
Veracruz,Total general,2009,4,False,518.41317707,43.79614099999998
Veracruz,Total general,2010,1,False,264.02072924,264.02072924
Veracruz,Total general,2010,2,False,1102.37914766,838.3584184199999
Veracruz,Total general,2010,3,False,1180.47133266,78.09218499999997
Veracruz,Total general,2010,4,False,1230.77275097,50.301418310000145
Veracruz,Total general,2011,1,False,268.6815449,268.6815449
Veracruz,Total general,2011,2,False,670.89032839,402.20878349000003
Veracruz,Total general,2011,3,False,902.41160712,231.52127872999995
Veracruz,Total general,2011,4,False,1189.11735624,286.70574911999995
Veracruz,Total general,2012,1,False,347.10252044,347.10252044
Veracruz,Total general,2012,2,False,493.05382603,145.95130559
Veracruz,Total general,2012,3,False,805.99145409,312.93762806000007
Veracruz,Total general,2012,4,False,1061.32084453,255.32939043999988
Veracruz,Total general,2013,1,False,262.72003267,262.72003267
Veracruz,Total general,2013,2,False,962.42629775,699.70626508
Veracruz,Total general,2013,3,False,1275.72731309,313.30101534000005
Veracruz,Total general,2013,4,False,1702.75002573,427.02271264
Veracruz,Total general,2014,1,False,630.63642674,630.63642674
Veracruz,Total general,2014,2,False,625.44533076,-5.19109598
Veracruz,Total general,2014,3,False,690.99453285,65.54920209
Veracruz,Total general,2014,4,False,1271.25420252,580.25966967
Veracruz,Total general,2015,1,False,431.18705173,431.18705173
Veracruz,Total general,2015,2,False,539.43619174,108.24914001000002
Veracruz,Total general,2015,3,False,1210.22872622,670.79253448
Veracruz,Total general,2015,4,False,1589.12154768,378.89282146000005
Veracruz,Total general,2016,1,False,396.6625507,396.6625507
Veracruz,Total general,2016,2,False,670.35366211,273.69111140999996
Veracruz,Total general,2016,3,False,884.20593339,213.85227128000008
Veracruz,Total general,2016,4,False,1045.51296416,161.30703076999987
Veracruz,Total general,2017,1,False,200.92134628,200.92134628
Veracruz,Total general,2017,2,False,388.61974743,187.69840115000002
Veracruz,Total general,2017,3,False,626.46844308,237.84869565000002
Veracruz,Total general,2017,4,False,914.92178831,288.45334522999997
Veracruz,Total general,2018,1,False,426.41571411,426.41571411
Veracruz,Total general,2018,2,False,668.46345695,242.04774284
Veracruz,Total general,2018,3,False,659.90843713,-8.555019819999984
Veracruz,Total general,2018,4,False,962.06643186,302.1579947299999
Veracruz,Total general,2019,1,False,649.84813698,649.84813698
Veracruz,Total general,2019,2,False,808.01012926,158.16199227999994
Veracruz,Total general,2019,3,False,1014.07688872,206.06675946000007
Veracruz,Total general,2019,4,False,1080.61333807,66.53644935
Veracruz,Total general,2020,1,False,734.38700034,734.38700034
Veracruz,Total general,2020,2,False,1000.86798739,266.48098705000007
Veracruz,Total general,2020,3,False,1130.21059895,129.34261156000002
Veracruz,Total general,2020,4,False,1000.69663535,-129.51396360000012
Veracruz,Total general,2021,1,False,587.11544728,587.11544728
Veracruz,Total general,2021,2,False,454.36959217,-132.74585511000004
Veracruz,Total general,2021,3,False,831.41453232,377.04494015000006
Veracruz,Total general,2021,4,False,935.34698834,103.93245602000002
Veracruz,Total general,2022,1,False,718.8859697,718.8859697
Veracruz,Total general,2022,2,False,737.63033509,18.744365389999984
Veracruz,Total general,2022,3,False,470.86986242,-266.76047267
Veracruz,Total general,2022,4,False,0.00790756,-470.86195486
Veracruz,Total general,2023,1,False,829.23281195,829.23281195
Veracruz,Total general,2023,2,False,923.21306593,93.98025397999993
Veracruz,Total general,2023,3,False,539.20931479,-384.00375113999996
Veracruz,Total general,2023,4,False,826.47298929,287.2636745
Veracruz,Total general,2024,1,False,730.74215827,730.74215827
Veracruz,Total general,2024,2,False,404.57165965,-326.17049862
Veracruz,Total general,2024,3,False,524.65412779,120.08246813999995
Veracruz,Total general,2024,4,False,470.04015394,-54.61397384999998
Veracruz,Total general,2025,1,False,158.19963733,158.19963733
Veracruz,Total general,2025,2,False,125.51922411,-32.680413220000005
Veracruz,Total general,2025,3,False,17.09162925,-108.42759486
Veracruz,Total general,2025,4,False,-40.45213601,-57.54376526
Yucatán,Total general,2006,1,False,20.53537275,20.53537275
Yucatán,Total general,2006,2,False,75.39859639,54.863223639999994
Yucatán,Total general,2006,3,False,86.50448926,11.105892870000005
Yucatán,Total general,2006,4,False,105.3094414,18.804952139999997
Yucatán,Total general,2007,1,False,55.716444,55.716444
Yucatán,Total general,2007,2,False,115.76619704,60.04975303999999
Yucatán,Total general,2007,3,False,170.19448596,54.428288920000014
Yucatán,Total general,2007,4,False,192.97663915,22.782153190000002
Yucatán,Total general,2008,1,False,50.31613669,50.31613669
Yucatán,Total general,2008,2,False,96.88299869,46.56686199999999
Yucatán,Total general,2008,3,False,120.96728735,24.084288660000013
Yucatán,Total general,2008,4,False,146.09687107,25.129583719999985
Yucatán,Total general,2009,1,False,9.79238954,9.79238954
Yucatán,Total general,2009,2,False,52.81690071,43.02451117
Yucatán,Total general,2009,3,False,55.82976171,3.012861000000001
Yucatán,Total general,2009,4,False,79.87859641,24.0488347
Yucatán,Total general,2010,1,False,59.34859189,59.34859189
Yucatán,Total general,2010,2,False,79.66947844,20.320886550000004
Yucatán,Total general,2010,3,False,89.82092912,10.151450679999996
Yucatán,Total general,2010,4,False,94.81755758,4.996628459999997
Yucatán,Total general,2011,1,False,21.9776434,21.9776434
Yucatán,Total general,2011,2,False,72.63232666,50.65468326
Yucatán,Total general,2011,3,False,153.40766365,80.77533698999999
Yucatán,Total general,2011,4,False,165.53948784,12.131824190000003
Yucatán,Total general,2012,1,False,28.44661977,28.44661977
Yucatán,Total general,2012,2,False,51.20480379,22.758184019999998
Yucatán,Total general,2012,3,False,113.9091134,62.704309609999996
Yucatán,Total general,2012,4,False,127.92097795,14.011864549999999
Yucatán,Total general,2013,1,False,26.69799346,26.69799346
Yucatán,Total general,2013,2,False,461.34868728,434.65069381999996
Yucatán,Total general,2013,3,False,477.37841766,16.029730380000046
Yucatán,Total general,2013,4,False,516.66350743,39.285089769999956
Yucatán,Total general,2014,1,False,74.26452987,74.26452987
Yucatán,Total general,2014,2,False,75.27699675,1.012466879999991
Yucatán,Total general,2014,3,False,94.39475942,19.117762670000005
Yucatán,Total general,2014,4,False,86.08559134,-8.309168080000006
Yucatán,Total general,2015,1,False,87.67025432,87.67025432
Yucatán,Total general,2015,2,False,124.44568164,36.775427320000006
Yucatán,Total general,2015,3,False,143.00221993,18.55653828999999
Yucatán,Total general,2015,4,False,213.48978913,70.4875692
Yucatán,Total general,2016,1,False,63.0841598,63.0841598
Yucatán,Total general,2016,2,False,83.30813092,20.223971119999995
Yucatán,Total general,2016,3,False,99.66338926,16.355258340000006
Yucatán,Total general,2016,4,False,125.14171267,25.47832341
Yucatán,Total general,2017,1,False,99.89880796,99.89880796
Yucatán,Total general,2017,2,False,126.58728925,26.68848129
Yucatán,Total general,2017,3,False,129.51618025,2.928890999999993
Yucatán,Total general,2017,4,False,114.16792455,-15.348255699999996
Yucatán,Total general,2018,1,False,57.08650959,57.08650959
Yucatán,Total general,2018,2,False,69.01434232,11.927832729999999
Yucatán,Total general,2018,3,False,71.16305608,2.148713760000007
Yucatán,Total general,2018,4,False,86.01460711,14.851551029999996
Yucatán,Total general,2019,1,False,98.00205025,98.00205025
Yucatán,Total general,2019,2,False,106.36021576,8.358165510000006
Yucatán,Total general,2019,3,False,132.5773746,26.21715884000001
Yucatán,Total general,2019,4,False,159.95134848,27.373973879999994
Yucatán,Total general,2020,1,False,132.24860148,132.24860148
Yucatán,Total general,2020,2,False,134.98369118,2.735089700000003
Yucatán,Total general,2020,3,False,142.20876762,7.225076440000009
Yucatán,Total general,2020,4,False,154.12589121,11.917123589999989
Yucatán,Total general,2021,1,False,57.14728038,57.14728038
Yucatán,Total general,2021,2,False,77.01060643,19.863326049999998
Yucatán,Total general,2021,3,False,87.95071753,10.94011110000001
Yucatán,Total general,2021,4,False,145.67798772,57.72727019
Yucatán,Total general,2022,1,False,133.52478575,133.52478575
Yucatán,Total general,2022,2,False,421.32901696,287.80423121
Yucatán,Total general,2022,3,False,523.92651649,102.59749953000005
Yucatán,Total general,2022,4,False,547.74804838,23.82153188999996
Yucatán,Total general,2023,1,False,118.27079421,118.27079421
Yucatán,Total general,2023,2,False,138.98193446,20.711140249999985
Yucatán,Total general,2023,3,False,170.67453564,31.692601179999997
Yucatán,Total general,2023,4,False,200.34379952,29.669263880000017
Yucatán,Total general,2024,1,False,104.58771739,104.58771739
Yucatán,Total general,2024,2,False,100.95644544,-3.6312719499999986
Yucatán,Total general,2024,3,False,356.0180024,255.06155696000002
Yucatán,Total general,2024,4,False,154.08091138,-201.93709102
Yucatán,Total general,2025,1,False,28.48328542,28.48328542
Yucatán,Total general,2025,2,False,99.25497638,70.77169096
Yucatán,Total general,2025,3,False,136.9102526,37.655276220000005
Yucatán,Total general,2025,4,False,111.2218781,-25.68837450000001
Zacatecas,Total general,2006,1,False,14.156372,14.156372
Zacatecas,Total general,2006,2,False,69.349779,55.193407
Zacatecas,Total general,2006,3,False,81.885829,12.536050000000003
Zacatecas,Total general,2006,4,False,97.132104,15.246274999999997
Zacatecas,Total general,2007,1,False,157.719637,157.719637
Zacatecas,Total general,2007,2,False,259.114608,101.39497099999997
Zacatecas,Total general,2007,3,False,880.157289,621.042681
Zacatecas,Total general,2007,4,False,867.519411,-12.637878
Zacatecas,Total general,2008,1,False,132.233261,132.233261
Zacatecas,Total general,2008,2,False,384.305128,252.07186700000003
Zacatecas,Total general,2008,3,False,1677.009365,1292.704237
Zacatecas,Total general,2008,4,False,1836.462303,159.45293800000013
Zacatecas,Total general,2009,1,False,41.915229,41.915229
Zacatecas,Total general,2009,2,False,121.422905,79.507676
Zacatecas,Total general,2009,3,False,235.394889,113.971984
Zacatecas,Total general,2009,4,False,301.516316,66.12142700000001
Zacatecas,Total general,2010,1,False,108.36658,108.36658
Zacatecas,Total general,2010,2,False,139.690638,31.324058000000008
Zacatecas,Total general,2010,3,False,188.814114,49.12347599999998
Zacatecas,Total general,2010,4,False,381.918385,193.104271
Zacatecas,Total general,2011,1,False,49.65931462,49.65931462
Zacatecas,Total general,2011,2,False,378.09766216,328.43834754
Zacatecas,Total general,2011,3,False,428.5745281,50.47686593999998
Zacatecas,Total general,2011,4,False,466.73292555,38.158397449999995
Zacatecas,Total general,2012,1,False,81.04960275,81.04960275
Zacatecas,Total general,2012,2,False,88.49719884,7.4475960899999905
Zacatecas,Total general,2012,3,False,422.68802484,334.190826
Zacatecas,Total general,2012,4,False,754.38791784,331.699893
Zacatecas,Total general,2013,1,False,157.68385304,157.68385304
Zacatecas,Total general,2013,2,False,1594.94683549,1437.26298245
Zacatecas,Total general,2013,3,False,2147.15618749,552.2093519999999
Zacatecas,Total general,2013,4,False,3973.15821521,1826.0020277200001
Zacatecas,Total general,2014,1,False,159.55600584,159.55600584
Zacatecas,Total general,2014,2,False,272.57848529,113.02247944999999
Zacatecas,Total general,2014,3,False,745.10982029,472.531335
Zacatecas,Total general,2014,4,False,758.91380192,13.803981629999953
Zacatecas,Total general,2015,1,False,-116.6847725,-116.6847725
Zacatecas,Total general,2015,2,False,12.59507115,129.27984365
Zacatecas,Total general,2015,3,False,119.81482559,107.21975444
Zacatecas,Total general,2015,4,False,107.57548909,-12.239336499999993
Zacatecas,Total general,2016,1,False,136.12914165,136.12914165
Zacatecas,Total general,2016,2,False,479.76002662,343.63088497
Zacatecas,Total general,2016,3,False,579.48083672,99.72081009999994
Zacatecas,Total general,2016,4,False,532.61617872,-46.86465799999996
Zacatecas,Total general,2017,1,False,302.50365679,302.50365679
Zacatecas,Total general,2017,2,False,285.23441973,-17.269237059999966
Zacatecas,Total general,2017,3,False,220.11247987,-65.12193986000003
Zacatecas,Total general,2017,4,False,457.63702318,237.52454331000004
Zacatecas,Total general,2018,1,False,260.62904492,260.62904492
Zacatecas,Total general,2018,2,False,441.2389685,180.60992358
Zacatecas,Total general,2018,3,False,447.79631448,6.55734597999998
Zacatecas,Total general,2018,4,False,301.73537605,-146.06093842999996
Zacatecas,Total general,2019,1,False,194.09488618,194.09488618
Zacatecas,Total general,2019,2,False,458.30504732,264.21016114
Zacatecas,Total general,2019,3,False,688.00180037,229.69675304999993
Zacatecas,Total general,2019,4,False,746.49062246,58.4888220900001
Zacatecas,Total general,2020,1,False,21.53563854,21.53563854
Zacatecas,Total general,2020,2,False,47.06783685,25.53219831
Zacatecas,Total general,2020,3,False,-109.90506662,-156.97290347
Zacatecas,Total general,2020,4,False,-405.52883434,-295.62376772
Zacatecas,Total general,2021,1,False,442.92892791,442.92892791
Zacatecas,Total general,2021,2,False,910.90576523,467.97683732
Zacatecas,Total general,2021,3,False,1099.64336608,188.73760085000004
Zacatecas,Total general,2021,4,False,1320.20935946,220.56599338
Zacatecas,Total general,2022,1,False,334.0871115,334.0871115
Zacatecas,Total general,2022,2,False,174.37075996,-159.71635154
Zacatecas,Total general,2022,3,False,198.68986836,24.319108400000005
Zacatecas,Total general,2022,4,False,8.70423012,-189.98563824
Zacatecas,Total general,2023,1,False,258.47309208,258.47309208
Zacatecas,Total general,2023,2,False,201.28334288,-57.18974920000002
Zacatecas,Total general,2023,3,False,431.68347708,230.4001342
Zacatecas,Total general,2023,4,False,620.04646684,188.36298976
Zacatecas,Total general,2024,1,False,-29.89518331,-29.89518331
Zacatecas,Total general,2024,2,False,86.21139056,116.10657387
Zacatecas,Total general,2024,3,False,43.63167391,-42.579716649999995
Zacatecas,Total general,2024,4,False,134.42865682,90.79698290999998
Zacatecas,Total general,2025,1,False,14.03724431,14.03724431
Zacatecas,Total general,2025,2,False,229.12299942,215.08575511
Zacatecas,Total general,2025,3,False,189.57958717,-39.54341225000002
Zacatecas,Total general,2025,4,False,97.53906098,-92.04052619
