pais_origen,anio,trimestre,confidencial,ied_acumulado_mdd,flujo_mdd
Afganistán,2006,1,False,0.0,0.0
Afganistán,2006,2,False,0.0,0.0
Afganistán,2006,3,False,0.0,0.0
Afganistán,2006,4,False,0.0,0.0
Afganistán,2007,1,False,0.0,0.0
Afganistán,2007,2,False,0.0,0.0
Afganistán,2007,3,False,0.0,0.0
Afganistán,2007,4,False,0.0,0.0
Afganistán,2008,1,False,0.0,0.0
Afganistán,2008,2,False,0.0,0.0
Afganistán,2008,3,False,0.0,0.0
Afganistán,2008,4,False,0.0,0.0
Afganistán,2009,1,False,0.0,0.0
Afganistán,2009,2,False,0.0,0.0
Afganistán,2009,3,False,0.0,0.0
Afganistán,2009,4,False,0.0,0.0
Afganistán,2010,1,False,0.0,0.0
Afganistán,2010,2,False,0.0,0.0
Afganistán,2010,3,False,0.0,0.0
Afganistán,2010,4,False,0.0,0.0
Afganistán,2011,1,False,0.0,0.0
Afganistán,2011,2,False,0.0,0.0
Afganistán,2011,3,False,0.0,0.0
Afganistán,2011,4,False,0.0,0.0
Afganistán,2012,1,False,0.0,0.0
Afganistán,2012,2,False,0.0,0.0
Afganistán,2012,3,False,0.0,0.0
Afganistán,2012,4,False,0.0,0.0
Afganistán,2013,1,False,0.0,0.0
Afganistán,2013,2,False,0.0,0.0
Afganistán,2013,3,False,0.0,0.0
Afganistán,2013,4,False,0.0,0.0
Afganistán,2014,1,False,0.0,0.0
Afganistán,2014,2,False,0.0,0.0
Afganistán,2014,3,False,0.0,0.0
Afganistán,2014,4,False,0.0,0.0
Afganistán,2015,1,False,0.0,0.0
Afganistán,2015,2,False,0.0,0.0
Afganistán,2015,3,False,0.0,0.0
Afganistán,2015,4,False,0.0,0.0
Afganistán,2016,1,False,0.0,0.0
Afganistán,2016,2,False,0.0,0.0
Afganistán,2016,3,False,0.0,0.0
Afganistán,2016,4,False,0.0,0.0
Afganistán,2017,1,False,0.0,0.0
Afganistán,2017,2,False,0.0,0.0
Afganistán,2017,3,False,0.0,0.0
Afganistán,2017,4,False,0.0,0.0
Afganistán,2018,1,False,0.0,0.0
Afganistán,2018,2,False,0.0,0.0
Afganistán,2018,3,False,0.0,0.0
Afganistán,2018,4,False,0.0,0.0
Afganistán,2019,1,False,0.0,0.0
Afganistán,2019,2,False,0.0,0.0
Afganistán,2019,3,False,0.0,0.0
Afganistán,2019,4,False,0.0,0.0
Afganistán,2020,1,False,0.0,0.0
Afganistán,2020,2,False,0.0,0.0
Afganistán,2020,3,False,0.0,0.0
Afganistán,2020,4,False,0.0,0.0
Afganistán,2021,1,False,0.0,0.0
Afganistán,2021,2,False,0.0,0.0
Afganistán,2021,3,False,0.0,0.0
Afganistán,2021,4,False,0.0,0.0
Afganistán,2022,1,False,0.0,0.0
Afganistán,2022,2,False,0.0,0.0
Afganistán,2022,3,True,,
Afganistán,2022,4,True,,
Afganistán,2023,1,False,0.0,0.0
Afganistán,2023,2,False,0.0,0.0
Afganistán,2023,3,False,0.0,0.0
Afganistán,2023,4,False,0.0,0.0
Afganistán,2024,1,False,0.0,0.0
Afganistán,2024,2,False,0.0,0.0
Afganistán,2024,3,False,0.0,0.0
Afganistán,2024,4,False,0.0,0.0
Afganistán,2025,1,False,0.0,0.0
Afganistán,2025,2,False,0.0,0.0
Afganistán,2025,3,False,0.0,0.0
Afganistán,2025,4,False,0.0,0.0
Albania,2006,1,False,0.0,0.0
Albania,2006,2,False,0.0,0.0
Albania,2006,3,True,,
Albania,2006,4,True,,
Albania,2007,1,False,0.0,0.0
Albania,2007,2,False,0.0,0.0
Albania,2007,3,False,0.0,0.0
Albania,2007,4,False,0.0,0.0
Albania,2008,1,False,0.0,0.0
Albania,2008,2,False,0.0,0.0
Albania,2008,3,False,0.0,0.0
Albania,2008,4,False,0.0,0.0
Albania,2009,1,False,0.0,0.0
Albania,2009,2,False,0.0,0.0
Albania,2009,3,False,0.0,0.0
Albania,2009,4,False,0.0,0.0
Albania,2010,1,False,0.0,0.0
Albania,2010,2,False,0.0,0.0
Albania,2010,3,False,0.0,0.0
Albania,2010,4,False,0.0,0.0
Albania,2011,1,False,0.0,0.0
Albania,2011,2,False,0.0,0.0
Albania,2011,3,False,0.0,0.0
Albania,2011,4,False,0.0,0.0
Albania,2012,1,False,0.0,0.0
Albania,2012,2,False,0.0,0.0
Albania,2012,3,False,0.0,0.0
Albania,2012,4,False,0.0,0.0
Albania,2013,1,False,0.0,0.0
Albania,2013,2,False,0.0,0.0
Albania,2013,3,False,0.0,0.0
Albania,2013,4,False,0.0,0.0
Albania,2014,1,False,0.0,0.0
Albania,2014,2,False,0.0,0.0
Albania,2014,3,False,0.0,0.0
Albania,2014,4,False,0.0,0.0
Albania,2015,1,False,0.0,0.0
Albania,2015,2,False,0.0,0.0
Albania,2015,3,False,0.0,0.0
Albania,2015,4,False,0.0,0.0
Albania,2016,1,False,0.0,0.0
Albania,2016,2,False,0.0,0.0
Albania,2016,3,False,0.0,0.0
Albania,2016,4,False,0.0,0.0
Albania,2017,1,False,0.0,0.0
Albania,2017,2,False,0.0,0.0
Albania,2017,3,True,,
Albania,2017,4,True,,
Albania,2018,1,False,0.0,0.0
Albania,2018,2,False,0.0,0.0
Albania,2018,3,False,0.0,0.0
Albania,2018,4,False,0.0,0.0
Albania,2019,1,False,0.0,0.0
Albania,2019,2,False,0.0,0.0
Albania,2019,3,False,0.0,0.0
Albania,2019,4,True,,
Albania,2020,1,False,0.0,0.0
Albania,2020,2,False,0.0,0.0
Albania,2020,3,False,0.0,0.0
Albania,2020,4,False,0.0,0.0
Albania,2021,1,False,0.0,0.0
Albania,2021,2,False,0.0,0.0
Albania,2021,3,False,0.0,0.0
Albania,2021,4,False,0.0,0.0
Albania,2022,1,False,0.0,0.0
Albania,2022,2,False,0.0,0.0
Albania,2022,3,False,0.0,0.0
Albania,2022,4,False,0.0,0.0
Albania,2023,1,False,0.0,0.0
Albania,2023,2,False,0.0,0.0
Albania,2023,3,False,0.0,0.0
Albania,2023,4,False,0.0,0.0
Albania,2024,1,False,0.0,0.0
Albania,2024,2,False,0.0,0.0
Albania,2024,3,True,,
Albania,2024,4,True,,
Albania,2025,1,False,0.0,0.0
Albania,2025,2,False,0.0,0.0
Albania,2025,3,False,0.0,0.0
Albania,2025,4,False,0.0,0.0
Alemania,2006,1,False,162.5186,162.5186
Alemania,2006,2,False,370.821615,208.30301500000002
Alemania,2006,3,False,522.1823127,151.3606977
Alemania,2006,4,False,728.8986597,206.71634700000004
Alemania,2007,1,False,152.508877,152.508877
Alemania,2007,2,False,250.612197,98.10332
Alemania,2007,3,False,1670.838081,1420.2258840000002
Alemania,2007,4,False,2061.345628,390.50754699999993
Alemania,2008,1,False,145.144046,145.144046
Alemania,2008,2,False,326.782381,181.63833499999998
Alemania,2008,3,False,461.7058936,134.92351260000004
Alemania,2008,4,False,652.9104986,191.20460499999996
Alemania,2009,1,False,156.9502545,156.9502545
Alemania,2009,2,False,310.9685881,154.01833359999998
Alemania,2009,3,False,343.9467532,32.97816510000001
Alemania,2009,4,False,376.6711525,32.724399300000016
Alemania,2010,1,False,336.769396,336.769396
Alemania,2010,2,False,113.1186068,-223.65078919999996
Alemania,2010,3,False,161.8371605,48.718553700000015
Alemania,2010,4,False,524.202567,362.36540650000006
Alemania,2011,1,False,135.6782291,135.6782291
Alemania,2011,2,False,389.2320297,253.5538006
Alemania,2011,3,False,733.4036747,344.171645
Alemania,2011,4,False,737.9400891,4.536414400000012
Alemania,2012,1,False,622.4614751,622.4614751
Alemania,2012,2,False,951.1347235,328.6732483999999
Alemania,2012,3,False,1103.821399,152.68667549999998
Alemania,2012,4,False,1335.452884,231.6314850000001
Alemania,2013,1,False,759.2842165,759.2842165
Alemania,2013,2,False,1321.99804,562.7138235
Alemania,2013,3,False,1566.144395,244.14635500000009
Alemania,2013,4,False,2062.398135,496.2537399999999
Alemania,2014,1,False,506.224108,506.224108
Alemania,2014,2,False,982.2662372,476.0421292
Alemania,2014,3,False,1618.310188,636.0439508
Alemania,2014,4,False,2232.298664,613.988476
Alemania,2015,1,False,210.7678208,210.7678208
Alemania,2015,2,False,513.2838426,302.5160218
Alemania,2015,3,False,819.3673849,306.0835423000001
Alemania,2015,4,False,1386.882322,567.5149370999999
Alemania,2016,1,False,871.366597,871.366597
Alemania,2016,2,False,1576.226887,704.8602900000001
Alemania,2016,3,False,2354.991652,778.7647650000001
Alemania,2016,4,False,3000.154858,645.1632059999997
Alemania,2017,1,False,1091.297857,1091.297857
Alemania,2017,2,False,1344.172634,252.874777
Alemania,2017,3,False,1781.162484,436.98984999999993
Alemania,2017,4,False,2959.18082,1178.018336
Alemania,2018,1,False,460.1233972,460.1233972
Alemania,2018,2,False,1853.318363,1393.1949658
Alemania,2018,3,False,2605.226015,751.9076520000001
Alemania,2018,4,False,3165.101267,559.8752519999998
Alemania,2019,1,False,1045.045123,1045.045123
Alemania,2019,2,False,1706.288447,661.2433239999998
Alemania,2019,3,False,3076.667604,1370.3791570000003
Alemania,2019,4,False,3744.052028,667.3844239999999
Alemania,2020,1,False,911.6336215,911.6336215
Alemania,2020,2,False,1580.539316,668.9056945000001
Alemania,2020,3,False,970.6336328,-609.9056832000001
Alemania,2020,4,False,1510.661602,540.0279691999999
Alemania,2021,1,False,536.5431609,536.5431609
Alemania,2021,2,False,1230.093199,693.5500380999999
Alemania,2021,3,False,1765.029351,534.936152
Alemania,2021,4,False,2246.869079,481.83972800000015
Alemania,2022,1,False,465.0242105,465.0242105
Alemania,2022,2,False,786.1298617,321.1056512
Alemania,2022,3,False,923.2512998,137.12143809999998
Alemania,2022,4,False,-41.50393877,-964.75523857
Alemania,2023,1,False,2177.709013,2177.709013
Alemania,2023,2,False,2540.261454,362.5524409999998
Alemania,2023,3,False,2913.157703,372.8962489999999
Alemania,2023,4,False,2243.835473,-669.3222299999998
Alemania,2024,1,False,2267.103401,2267.103401
Alemania,2024,2,False,4214.018538,1946.9151370000004
Alemania,2024,3,False,3908.49754,-305.5209980000004
Alemania,2024,4,False,3741.099487,-167.3980529999999
Alemania,2025,1,False,1145.959886,1145.959886
Alemania,2025,2,False,1678.141474,532.1815879999999
Alemania,2025,3,False,1825.05417,146.9126960000001
Alemania,2025,4,False,739.1041405,-1085.9500295000003
Andorra,2006,1,False,0.0,0.0
Andorra,2006,2,False,0.0,0.0
Andorra,2006,3,False,0.0,0.0
Andorra,2006,4,False,0.0,0.0
Andorra,2007,1,False,0.0,0.0
Andorra,2007,2,False,0.0,0.0
Andorra,2007,3,False,0.0,0.0
Andorra,2007,4,False,0.0,0.0
Andorra,2008,1,False,0.0,0.0
Andorra,2008,2,False,0.0,0.0
Andorra,2008,3,False,0.0,0.0
Andorra,2008,4,False,0.0,0.0
Andorra,2009,1,False,0.0,0.0
Andorra,2009,2,False,0.0,0.0
Andorra,2009,3,False,0.0,0.0
Andorra,2009,4,False,0.0,0.0
Andorra,2010,1,False,0.0,0.0
Andorra,2010,2,False,0.0,0.0
Andorra,2010,3,False,0.0,0.0
Andorra,2010,4,False,0.0,0.0
Andorra,2011,1,True,,
Andorra,2011,2,True,,
Andorra,2011,3,True,,
Andorra,2011,4,True,,
Andorra,2012,1,False,0.0,0.0
Andorra,2012,2,False,0.001657,0.001657
Andorra,2012,3,False,0.001657,0.0
Andorra,2012,4,False,0.001657,0.0
Andorra,2013,1,False,0.0,0.0
Andorra,2013,2,False,0.0,0.0
Andorra,2013,3,False,0.0,0.0
Andorra,2013,4,False,0.0,0.0
Andorra,2014,1,False,0.0,0.0
Andorra,2014,2,False,0.0,0.0
Andorra,2014,3,False,0.0,0.0
Andorra,2014,4,False,0.0,0.0
Andorra,2015,1,False,0.0,0.0
Andorra,2015,2,False,0.0,0.0
Andorra,2015,3,False,0.0,0.0
Andorra,2015,4,False,0.0,0.0
Andorra,2016,1,False,0.0,0.0
Andorra,2016,2,False,0.0,0.0
Andorra,2016,3,False,0.0,0.0
Andorra,2016,4,False,0.0,0.0
Andorra,2017,1,False,0.0,0.0
Andorra,2017,2,False,0.0,0.0
Andorra,2017,3,False,0.0,0.0
Andorra,2017,4,True,,
Andorra,2018,1,False,0.0,0.0
Andorra,2018,2,False,0.0,0.0
Andorra,2018,3,False,0.0,0.0
Andorra,2018,4,False,0.0,0.0
Andorra,2019,1,False,0.0,0.0
Andorra,2019,2,True,,
Andorra,2019,3,True,,
Andorra,2019,4,True,,
Andorra,2020,1,True,,
Andorra,2020,2,True,,
Andorra,2020,3,True,,
Andorra,2020,4,True,,
Andorra,2021,1,False,0.0,0.0
Andorra,2021,2,False,0.0,0.0
Andorra,2021,3,False,0.0,0.0
Andorra,2021,4,False,0.0,0.0
Andorra,2022,1,False,0.0,0.0
Andorra,2022,2,False,0.0,0.0
Andorra,2022,3,True,,
Andorra,2022,4,True,,
Andorra,2023,1,True,,
Andorra,2023,2,True,,
Andorra,2023,3,True,,
Andorra,2023,4,True,,
Andorra,2024,1,False,0.0,0.0
Andorra,2024,2,False,0.0,0.0
Andorra,2024,3,False,0.0,0.0
Andorra,2024,4,False,0.0,0.0
Andorra,2025,1,False,0.0,0.0
Andorra,2025,2,False,0.0,0.0
Andorra,2025,3,True,,
Andorra,2025,4,True,,
Antigua y Barbuda,2006,1,False,0.0,0.0
Antigua y Barbuda,2006,2,False,0.0,0.0
Antigua y Barbuda,2006,3,False,0.0,0.0
Antigua y Barbuda,2006,4,False,0.0,0.0
Antigua y Barbuda,2007,1,False,0.0,0.0
Antigua y Barbuda,2007,2,False,0.0,0.0
Antigua y Barbuda,2007,3,False,0.0,0.0
Antigua y Barbuda,2007,4,False,0.0,0.0
Antigua y Barbuda,2008,1,False,0.0,0.0
Antigua y Barbuda,2008,2,False,0.0,0.0
Antigua y Barbuda,2008,3,False,0.0,0.0
Antigua y Barbuda,2008,4,False,0.0,0.0
Antigua y Barbuda,2009,1,False,0.0,0.0
Antigua y Barbuda,2009,2,False,0.0,0.0
Antigua y Barbuda,2009,3,False,0.0,0.0
Antigua y Barbuda,2009,4,False,0.0,0.0
Antigua y Barbuda,2010,1,False,0.0,0.0
Antigua y Barbuda,2010,2,False,0.0,0.0
Antigua y Barbuda,2010,3,False,0.0,0.0
Antigua y Barbuda,2010,4,False,0.0,0.0
Antigua y Barbuda,2011,1,False,0.0,0.0
Antigua y Barbuda,2011,2,False,0.0,0.0
Antigua y Barbuda,2011,3,False,0.0,0.0
Antigua y Barbuda,2011,4,False,0.0,0.0
Antigua y Barbuda,2012,1,False,0.0,0.0
Antigua y Barbuda,2012,2,False,0.0,0.0
Antigua y Barbuda,2012,3,False,0.0,0.0
Antigua y Barbuda,2012,4,False,0.0,0.0
Antigua y Barbuda,2013,1,False,0.0,0.0
Antigua y Barbuda,2013,2,False,0.0,0.0
Antigua y Barbuda,2013,3,False,0.0,0.0
Antigua y Barbuda,2013,4,False,0.0,0.0
Antigua y Barbuda,2014,1,False,0.0,0.0
Antigua y Barbuda,2014,2,False,0.0,0.0
Antigua y Barbuda,2014,3,False,0.0,0.0
Antigua y Barbuda,2014,4,False,0.0,0.0
Antigua y Barbuda,2015,1,False,0.0,0.0
Antigua y Barbuda,2015,2,False,0.0,0.0
Antigua y Barbuda,2015,3,False,0.0,0.0
Antigua y Barbuda,2015,4,False,0.0,0.0
Antigua y Barbuda,2016,1,False,0.0,0.0
Antigua y Barbuda,2016,2,False,0.0,0.0
Antigua y Barbuda,2016,3,False,0.0,0.0
Antigua y Barbuda,2016,4,False,0.0,0.0
Antigua y Barbuda,2017,1,False,0.0,0.0
Antigua y Barbuda,2017,2,False,0.0,0.0
Antigua y Barbuda,2017,3,False,0.0,0.0
Antigua y Barbuda,2017,4,False,0.0,0.0
Antigua y Barbuda,2018,1,False,0.0,0.0
Antigua y Barbuda,2018,2,False,0.0,0.0
Antigua y Barbuda,2018,3,False,0.0,0.0
Antigua y Barbuda,2018,4,False,0.0,0.0
Antigua y Barbuda,2019,1,False,0.0,0.0
Antigua y Barbuda,2019,2,False,0.0,0.0
Antigua y Barbuda,2019,3,False,0.0,0.0
Antigua y Barbuda,2019,4,False,0.0,0.0
Antigua y Barbuda,2020,1,False,0.0,0.0
Antigua y Barbuda,2020,2,False,0.0,0.0
Antigua y Barbuda,2020,3,False,0.0,0.0
Antigua y Barbuda,2020,4,False,0.0,0.0
Antigua y Barbuda,2021,1,False,0.0,0.0
Antigua y Barbuda,2021,2,False,0.0,0.0
Antigua y Barbuda,2021,3,False,0.0,0.0
Antigua y Barbuda,2021,4,False,0.0,0.0
Antigua y Barbuda,2022,1,False,0.0,0.0
Antigua y Barbuda,2022,2,False,0.0,0.0
Antigua y Barbuda,2022,3,False,0.0,0.0
Antigua y Barbuda,2022,4,True,,
Antigua y Barbuda,2023,1,False,0.0,0.0
Antigua y Barbuda,2023,2,False,0.0,0.0
Antigua y Barbuda,2023,3,False,0.0,0.0
Antigua y Barbuda,2023,4,False,0.0,0.0
Antigua y Barbuda,2024,1,False,0.0,0.0
Antigua y Barbuda,2024,2,False,0.0,0.0
Antigua y Barbuda,2024,3,False,0.0,0.0
Antigua y Barbuda,2024,4,False,0.0,0.0
Antigua y Barbuda,2025,1,False,0.0,0.0
Antigua y Barbuda,2025,2,False,0.0,0.0
Antigua y Barbuda,2025,3,False,0.0,0.0
Antigua y Barbuda,2025,4,True,,
Arabia Saudita,2006,1,True,,
Arabia Saudita,2006,2,True,,
Arabia Saudita,2006,3,False,0.490097,
Arabia Saudita,2006,4,False,0.829709,0.339612
Arabia Saudita,2007,1,True,,
Arabia Saudita,2007,2,True,,
Arabia Saudita,2007,3,False,38.091711,
Arabia Saudita,2007,4,False,38.20703,0.11531900000000661
Arabia Saudita,2008,1,False,0.0,0.0
Arabia Saudita,2008,2,False,0.0,0.0
Arabia Saudita,2008,3,False,0.0,0.0
Arabia Saudita,2008,4,True,,
Arabia Saudita,2009,1,True,,
Arabia Saudita,2009,2,True,,
Arabia Saudita,2009,3,True,,
Arabia Saudita,2009,4,True,,
Arabia Saudita,2010,1,False,87.070585,87.070585
Arabia Saudita,2010,2,False,87.070585,0.0
Arabia Saudita,2010,3,False,87.070585,0.0
Arabia Saudita,2010,4,False,87.070585,0.0
Arabia Saudita,2011,1,True,,
Arabia Saudita,2011,2,True,,
Arabia Saudita,2011,3,True,,
Arabia Saudita,2011,4,False,9.988125,
Arabia Saudita,2012,1,False,0.0,0.0
Arabia Saudita,2012,2,False,0.0,0.0
Arabia Saudita,2012,3,False,0.0,0.0
Arabia Saudita,2012,4,True,,
Arabia Saudita,2013,1,False,0.0,0.0
Arabia Saudita,2013,2,True,,
Arabia Saudita,2013,3,True,,
Arabia Saudita,2013,4,True,,
Arabia Saudita,2014,1,True,,
Arabia Saudita,2014,2,True,,
Arabia Saudita,2014,3,True,,
Arabia Saudita,2014,4,False,9.271818,
Arabia Saudita,2015,1,False,0.0,0.0
Arabia Saudita,2015,2,False,0.0,0.0
Arabia Saudita,2015,3,False,0.0,0.0
Arabia Saudita,2015,4,False,0.0,0.0
Arabia Saudita,2016,1,False,0.0,0.0
Arabia Saudita,2016,2,False,0.0,0.0
Arabia Saudita,2016,3,False,0.0,0.0
Arabia Saudita,2016,4,True,,
Arabia Saudita,2017,1,True,,
Arabia Saudita,2017,2,True,,
Arabia Saudita,2017,3,True,,
Arabia Saudita,2017,4,False,5.88576837,
Arabia Saudita,2018,1,True,,
Arabia Saudita,2018,2,True,,
Arabia Saudita,2018,3,False,-0.5197126,
Arabia Saudita,2018,4,False,-2.40427179,-1.88455919
Arabia Saudita,2019,1,True,,
Arabia Saudita,2019,2,False,-0.84924105,
Arabia Saudita,2019,3,False,3.50584377,4.35508482
Arabia Saudita,2019,4,False,-1.20847842,-4.71432219
Arabia Saudita,2020,1,True,,
Arabia Saudita,2020,2,True,,
Arabia Saudita,2020,3,True,,
Arabia Saudita,2020,4,True,,
Arabia Saudita,2021,1,True,,
Arabia Saudita,2021,2,True,,
Arabia Saudita,2021,3,True,,
Arabia Saudita,2021,4,True,,
Arabia Saudita,2022,1,True,,
Arabia Saudita,2022,2,True,,
Arabia Saudita,2022,3,True,,
Arabia Saudita,2022,4,True,,
Arabia Saudita,2023,1,False,0.0,0.0
Arabia Saudita,2023,2,False,0.0,0.0
Arabia Saudita,2023,3,False,0.0,0.0
Arabia Saudita,2023,4,False,0.0,0.0
Arabia Saudita,2024,1,True,,
Arabia Saudita,2024,2,True,,
Arabia Saudita,2024,3,True,,
Arabia Saudita,2024,4,True,,
Arabia Saudita,2025,1,False,0.0,0.0
Arabia Saudita,2025,2,False,0.0,0.0
Arabia Saudita,2025,3,False,0.0,0.0
Arabia Saudita,2025,4,True,,
Argelia,2006,1,False,0.0,0.0
Argelia,2006,2,False,0.0,0.0
Argelia,2006,3,False,0.0,0.0
Argelia,2006,4,False,0.0,0.0
Argelia,2007,1,False,0.0,0.0
Argelia,2007,2,False,0.0,0.0
Argelia,2007,3,False,0.0,0.0
Argelia,2007,4,False,0.0,0.0
Argelia,2008,1,False,0.0,0.0
Argelia,2008,2,False,0.0,0.0
Argelia,2008,3,False,0.0,0.0
Argelia,2008,4,False,0.0,0.0
Argelia,2009,1,False,0.0,0.0
Argelia,2009,2,False,0.0,0.0
Argelia,2009,3,False,0.0,0.0
Argelia,2009,4,False,0.0,0.0
Argelia,2010,1,False,0.0,0.0
Argelia,2010,2,False,0.0,0.0
Argelia,2010,3,False,0.0,0.0
Argelia,2010,4,False,0.0,0.0
Argelia,2011,1,False,0.0,0.0
Argelia,2011,2,False,0.0,0.0
Argelia,2011,3,False,0.0,0.0
Argelia,2011,4,False,0.0,0.0
Argelia,2012,1,False,0.0,0.0
Argelia,2012,2,True,,
Argelia,2012,3,True,,
Argelia,2012,4,True,,
Argelia,2013,1,False,0.0,0.0
Argelia,2013,2,False,0.0,0.0
Argelia,2013,3,True,,
Argelia,2013,4,True,,
Argelia,2014,1,True,,
Argelia,2014,2,False,0.345175,
Argelia,2014,3,False,0.345175,0.0
Argelia,2014,4,False,0.345175,0.0
Argelia,2015,1,False,0.0,0.0
Argelia,2015,2,False,0.0,0.0
Argelia,2015,3,False,0.0,0.0
Argelia,2015,4,False,0.0,0.0
Argelia,2016,1,False,0.0,0.0
Argelia,2016,2,False,0.0,0.0
Argelia,2016,3,False,0.0,0.0
Argelia,2016,4,False,0.0,0.0
Argelia,2017,1,False,0.0,0.0
Argelia,2017,2,False,0.0,0.0
Argelia,2017,3,True,,
Argelia,2017,4,True,,
Argelia,2018,1,False,0.0,0.0
Argelia,2018,2,False,0.0,0.0
Argelia,2018,3,False,0.0,0.0
Argelia,2018,4,False,0.0,0.0
Argelia,2019,1,False,0.0,0.0
Argelia,2019,2,False,0.0,0.0
Argelia,2019,3,True,,
Argelia,2019,4,True,,
Argelia,2020,1,False,0.0,0.0
Argelia,2020,2,False,0.0,0.0
Argelia,2020,3,False,0.0,0.0
Argelia,2020,4,False,0.0,0.0
Argelia,2021,1,False,0.0,0.0
Argelia,2021,2,False,0.0,0.0
Argelia,2021,3,False,0.0,0.0
Argelia,2021,4,False,0.0,0.0
Argelia,2022,1,True,,
Argelia,2022,2,True,,
Argelia,2022,3,True,,
Argelia,2022,4,True,,
Argelia,2023,1,False,0.0,0.0
Argelia,2023,2,False,0.0,0.0
Argelia,2023,3,True,,
Argelia,2023,4,True,,
Argelia,2024,1,False,0.0,0.0
Argelia,2024,2,False,0.0,0.0
Argelia,2024,3,False,0.0,0.0
Argelia,2024,4,False,0.0,0.0
Argelia,2025,1,False,0.0,0.0
Argelia,2025,2,False,0.0,0.0
Argelia,2025,3,False,0.0,0.0
Argelia,2025,4,False,0.0,0.0
Argentina,2006,1,False,6.60406,6.60406
Argentina,2006,2,False,263.936195,257.332135
Argentina,2006,3,False,268.630337,4.694141999999999
Argentina,2006,4,False,285.7775743,17.14723730000003
Argentina,2007,1,False,389.515271,389.515271
Argentina,2007,2,False,406.6755685,17.160297500000013
Argentina,2007,3,False,1889.774839,1483.0992704999999
Argentina,2007,4,False,1941.712113,51.937274000000116
Argentina,2008,1,False,11.579885,11.579885
Argentina,2008,2,False,43.921793,32.341908000000004
Argentina,2008,3,False,118.896454,74.974661
Argentina,2008,4,False,204.497646,85.601192
Argentina,2009,1,False,-0.6807205,-0.6807205
Argentina,2009,2,False,1.6182795,2.299
Argentina,2009,3,False,13.5790549,11.9607754
Argentina,2009,4,False,20.0481299,6.469075
Argentina,2010,1,False,-6.64292892,-6.64292892
Argentina,2010,2,False,-7.17458153,-0.5316526100000001
Argentina,2010,3,False,1.89203747,9.066619
Argentina,2010,4,False,-9.36735704,-11.25939451
Argentina,2011,1,False,23.94482474,23.94482474
Argentina,2011,2,False,61.6560579,37.71123316
Argentina,2011,3,False,79.84494969,18.188891790000007
Argentina,2011,4,False,182.3517725,102.50682281
Argentina,2012,1,False,28.81486245,28.81486245
Argentina,2012,2,False,110.5778207,81.76295825
Argentina,2012,3,False,149.5525445,38.97472380000001
Argentina,2012,4,False,436.2291797,286.67663519999996
Argentina,2013,1,False,-8.20047617,-8.20047617
Argentina,2013,2,False,181.5508424,189.75131857
Argentina,2013,3,False,115.9664585,-65.58438389999999
Argentina,2013,4,False,82.1047264,-33.8617321
Argentina,2014,1,False,46.67461137,46.67461137
Argentina,2014,2,False,148.1072789,101.43266753
Argentina,2014,3,False,-22.31075828,-170.41803718
Argentina,2014,4,False,347.73759,370.04834828
Argentina,2015,1,False,84.46547922,84.46547922
Argentina,2015,2,False,166.38416,81.91868078
Argentina,2015,3,False,246.8071174,80.4229574
Argentina,2015,4,False,520.5023167,273.6951993
Argentina,2016,1,False,34.38156141,34.38156141
Argentina,2016,2,False,100.8424306,66.46086919
Argentina,2016,3,False,231.0346902,130.1922596
Argentina,2016,4,False,293.7010888,62.66639859999998
Argentina,2017,1,False,203.7610818,203.7610818
Argentina,2017,2,False,320.7366817,116.97559990000002
Argentina,2017,3,False,356.9006672,36.16398549999997
Argentina,2017,4,False,333.2068315,-23.693835699999966
Argentina,2018,1,False,76.08857514,76.08857514
Argentina,2018,2,False,300.4743262,224.38575106000002
Argentina,2018,3,False,553.4545505,252.98022429999997
Argentina,2018,4,False,1121.820702,568.3661515
Argentina,2019,1,False,173.2186285,173.2186285
Argentina,2019,2,False,-87.85630271,-261.07493121
Argentina,2019,3,False,466.4423881,554.29869081
Argentina,2019,4,False,614.6677118,148.2253237
Argentina,2020,1,False,-259.2049315,-259.2049315
Argentina,2020,2,False,-89.67542935,169.52950214999998
Argentina,2020,3,False,134.479489,224.15491835
Argentina,2020,4,False,675.5151664,541.0356773999999
Argentina,2021,1,False,172.6723911,172.6723911
Argentina,2021,2,False,253.1226796,80.4502885
Argentina,2021,3,False,258.7796175,5.656937899999974
Argentina,2021,4,False,-478.6375665,-737.4171839999999
Argentina,2022,1,False,673.8025418,673.8025418
Argentina,2022,2,False,1671.127525,997.3249832000001
Argentina,2022,3,False,1579.116945,-92.01058000000012
Argentina,2022,4,False,2315.980956,736.8640109999999
Argentina,2023,1,False,1784.39515,1784.39515
Argentina,2023,2,False,2455.824939,671.429789
Argentina,2023,3,False,2200.362101,-255.46283799999992
Argentina,2023,4,False,2380.100349,179.73824799999966
Argentina,2024,1,False,1572.97229,1572.97229
Argentina,2024,2,False,1010.36371,-562.60858
Argentina,2024,3,False,1065.07751,54.713800000000106
Argentina,2024,4,False,1242.881261,177.80375099999992
Argentina,2025,1,False,912.0522403,912.0522403
Argentina,2025,2,False,989.0936869,77.04144659999997
Argentina,2025,3,False,1497.032339,507.9386521000001
Argentina,2025,4,False,1490.900657,-6.131682000000183
Armenia,2006,1,False,0.0,0.0
Armenia,2006,2,False,0.0,0.0
Armenia,2006,3,False,0.0,0.0
Armenia,2006,4,False,0.0,0.0
Armenia,2007,1,True,,
Armenia,2007,2,True,,
Armenia,2007,3,True,,
Armenia,2007,4,True,,
Armenia,2008,1,False,0.0,0.0
Armenia,2008,2,False,0.0,0.0
Armenia,2008,3,False,0.0,0.0
Armenia,2008,4,False,0.0,0.0
Armenia,2009,1,False,0.0,0.0
Armenia,2009,2,False,0.0,0.0
Armenia,2009,3,False,0.0,0.0
Armenia,2009,4,False,0.0,0.0
Armenia,2010,1,False,0.0,0.0
Armenia,2010,2,False,0.0,0.0
Armenia,2010,3,False,0.0,0.0
Armenia,2010,4,False,0.0,0.0
Armenia,2011,1,False,0.0,0.0
Armenia,2011,2,True,,
Armenia,2011,3,True,,
Armenia,2011,4,True,,
Armenia,2012,1,False,0.0,0.0
Armenia,2012,2,False,0.0,0.0
Armenia,2012,3,False,0.0,0.0
Armenia,2012,4,False,0.0,0.0
Armenia,2013,1,False,0.0,0.0
Armenia,2013,2,False,0.0,0.0
Armenia,2013,3,False,0.0,0.0
Armenia,2013,4,False,0.0,0.0
Armenia,2014,1,False,0.0,0.0
Armenia,2014,2,True,,
Armenia,2014,3,True,,
Armenia,2014,4,True,,
Armenia,2015,1,False,0.0,0.0
Armenia,2015,2,False,0.0,0.0
Armenia,2015,3,False,0.0,0.0
Armenia,2015,4,False,0.0,0.0
Armenia,2016,1,False,0.0,0.0
Armenia,2016,2,False,0.0,0.0
Armenia,2016,3,False,0.0,0.0
Armenia,2016,4,False,0.0,0.0
Armenia,2017,1,False,0.0,0.0
Armenia,2017,2,False,0.0,0.0
Armenia,2017,3,False,0.0,0.0
Armenia,2017,4,False,0.0,0.0
Armenia,2018,1,False,0.0,0.0
Armenia,2018,2,False,0.0,0.0
Armenia,2018,3,False,0.0,0.0
Armenia,2018,4,False,0.0,0.0
Armenia,2019,1,False,0.0,0.0
Armenia,2019,2,False,0.0,0.0
Armenia,2019,3,False,0.0,0.0
Armenia,2019,4,False,0.0,0.0
Armenia,2020,1,False,0.0,0.0
Armenia,2020,2,False,0.0,0.0
Armenia,2020,3,False,0.0,0.0
Armenia,2020,4,False,0.0,0.0
Armenia,2021,1,False,0.0,0.0
Armenia,2021,2,False,0.0,0.0
Armenia,2021,3,False,0.0,0.0
Armenia,2021,4,False,0.0,0.0
Armenia,2022,1,False,0.0,0.0
Armenia,2022,2,False,0.0,0.0
Armenia,2022,3,False,0.0,0.0
Armenia,2022,4,True,,
Armenia,2023,1,True,,
Armenia,2023,2,True,,
Armenia,2023,3,True,,
Armenia,2023,4,True,,
Armenia,2024,1,False,0.0,0.0
Armenia,2024,2,False,0.0,0.0
Armenia,2024,3,False,0.0,0.0
Armenia,2024,4,False,0.0,0.0
Armenia,2025,1,False,0.0,0.0
Armenia,2025,2,False,0.0,0.0
Armenia,2025,3,True,,
Armenia,2025,4,True,,
Australia,2006,1,False,8.550754,8.550754
Australia,2006,2,False,59.109875,50.559121000000005
Australia,2006,3,False,73.261347,14.151471999999998
Australia,2006,4,False,136.090641,62.829294000000004
Australia,2007,1,False,6.324569,6.324569
Australia,2007,2,False,64.63636106,58.31179206
Australia,2007,3,False,97.17694106,32.540580000000006
Australia,2007,4,False,250.9632421,153.78630104
Australia,2008,1,False,76.684199,76.684199
Australia,2008,2,False,253.001052,176.31685299999998
Australia,2008,3,False,331.4233305,78.42227850000003
Australia,2008,4,False,472.0837345,140.66040399999997
Australia,2009,1,False,111.061768,111.061768
Australia,2009,2,False,233.134166,122.07239799999999
Australia,2009,3,False,240.889537,7.755370999999997
Australia,2009,4,False,292.94989,52.06035299999999
Australia,2010,1,False,266.446472,266.446472
Australia,2010,2,False,349.135164,82.68869199999995
Australia,2010,3,False,495.2343584,146.09919440000004
Australia,2010,4,False,201.1765398,-294.0578186
Australia,2011,1,False,264.478034,264.478034
Australia,2011,2,False,530.3692919,265.8912579
Australia,2011,3,False,802.7003449,272.331053
Australia,2011,4,False,868.2147849,65.51444000000004
Australia,2012,1,False,275.868958,275.868958
Australia,2012,2,False,791.437662,515.568704
Australia,2012,3,False,790.505253,-0.9324090000000069
Australia,2012,4,False,802.4785471,11.973294099999976
Australia,2013,1,False,437.018857,437.018857
Australia,2013,2,False,380.398399,-56.62045800000004
Australia,2013,3,False,388.5211617,8.12276270000001
Australia,2013,4,False,340.2786307,-48.242530999999985
Australia,2014,1,False,534.893905,534.893905
Australia,2014,2,False,543.8037243,8.909819299999981
Australia,2014,3,False,543.0931043,-0.710619999999949
Australia,2014,4,False,590.6559013,47.56279699999993
Australia,2015,1,False,269.9290335,269.9290335
Australia,2015,2,False,328.4615201,58.53248659999997
Australia,2015,3,False,328.7691496,0.30762950000001865
Australia,2015,4,False,348.1802656,19.411115999999993
Australia,2016,1,False,182.7098839,182.7098839
Australia,2016,2,False,209.9934629,27.283579000000003
Australia,2016,3,False,247.5294736,37.53601069999999
Australia,2016,4,False,263.1472501,15.61777650000002
Australia,2017,1,False,259.3269311,259.3269311
Australia,2017,2,False,227.7866008,-31.540330300000022
Australia,2017,3,False,2114.029823,1886.2432221999998
Australia,2017,4,False,2225.696093,111.66627000000017
Australia,2018,1,False,532.7790743,532.7790743
Australia,2018,2,False,678.8274844,146.04841009999996
Australia,2018,3,False,722.3427398,43.5152554
Australia,2018,4,False,650.7021979,-71.64054190000002
Australia,2019,1,False,372.8836241,372.8836241
Australia,2019,2,False,438.4333677,65.5497436
Australia,2019,3,False,603.6536881,165.22032039999993
Australia,2019,4,False,679.2978373,75.64414920000002
Australia,2020,1,False,482.1935259,482.1935259
Australia,2020,2,False,488.7436369,6.550111000000015
Australia,2020,3,False,373.1891722,-115.55446470000004
Australia,2020,4,False,379.4646363,6.275464100000022
Australia,2021,1,False,151.9232355,151.9232355
Australia,2021,2,False,150.7525636,-1.170671900000002
Australia,2021,3,False,199.7602416,49.007678
Australia,2021,4,False,282.0916815,82.33143989999999
Australia,2022,1,False,243.1427262,243.1427262
Australia,2022,2,False,277.0357024,33.89297619999999
Australia,2022,3,False,372.4608381,95.4251357
Australia,2022,4,False,348.0805515,-24.380286599999977
Australia,2023,1,False,28.39025627,28.39025627
Australia,2023,2,False,23.9085426,-4.481713669999998
Australia,2023,3,False,160.6791271,136.77058449999998
Australia,2023,4,False,139.9430083,-20.736118799999986
Australia,2024,1,False,128.748517,128.748517
Australia,2024,2,False,572.2862209,443.5377039
Australia,2024,3,False,905.6934338,333.4072129
Australia,2024,4,False,935.3003473,29.60691350000002
Australia,2025,1,False,1381.453691,1381.453691
Australia,2025,2,False,1366.459141,-14.99454999999989
Australia,2025,3,False,1801.584592,435.1254509999999
Australia,2025,4,False,1836.455581,34.87098900000001
Austria,2006,1,False,81.564836,81.564836
Austria,2006,2,False,128.846859,47.282022999999995
Austria,2006,3,False,153.006172,24.159312999999997
Austria,2006,4,False,177.708364,24.702191999999997
Austria,2007,1,False,38.426097,38.426097
Austria,2007,2,False,76.814005,38.387907999999996
Austria,2007,3,False,77.753344,0.9393390000000039
Austria,2007,4,False,81.156061,3.4027169999999956
Austria,2008,1,False,1.543215,1.543215
Austria,2008,2,False,6.359951,4.816736
Austria,2008,3,False,18.315184,11.955233
Austria,2008,4,False,20.587923,2.2727390000000014
Austria,2009,1,False,0.91335,0.91335
Austria,2009,2,False,-1.535729,-2.449079
Austria,2009,3,False,-17.242866,-15.707137
Austria,2009,4,False,-15.93642367,1.3064423299999994
Austria,2010,1,False,-6.722972,-6.722972
Austria,2010,2,False,2.66686,9.389832
Austria,2010,3,False,-25.121362,-27.788222
Austria,2010,4,False,-10.14193,14.979432000000001
Austria,2011,1,False,14.995708,14.995708
Austria,2011,2,False,7.500847,-7.494861
Austria,2011,3,False,12.41291675,4.912069750000001
Austria,2011,4,False,13.89791275,1.4849959999999989
Austria,2012,1,False,1.911468,1.911468
Austria,2012,2,False,2.27082268,0.35935468000000026
Austria,2012,3,False,8.34157968,6.070757
Austria,2012,4,False,11.60502463,3.2634449500000002
Austria,2013,1,False,-2.59901354,-2.59901354
Austria,2013,2,False,1.06146146,3.660475
Austria,2013,3,False,-0.50721794,-1.5686794000000002
Austria,2013,4,False,21.26913406,21.776352
Austria,2014,1,False,10.43404571,10.43404571
Austria,2014,2,False,7.91429671,-2.519748999999999
Austria,2014,3,False,12.73178171,4.817485
Austria,2014,4,False,7.32758973,-5.40419198
Austria,2015,1,False,-16.033193,-16.033193
Austria,2015,2,False,-1.882363,14.150830000000001
Austria,2015,3,False,4.659308,6.541671
Austria,2015,4,False,16.48281324,11.82350524
Austria,2016,1,False,19.98010698,19.98010698
Austria,2016,2,False,21.22150656,1.241399580000003
Austria,2016,3,False,58.83564434,37.61413778
Austria,2016,4,False,73.93161483,15.09597049
Austria,2017,1,False,7.60160835,7.60160835
Austria,2017,2,False,48.47070878,40.86910043
Austria,2017,3,False,78.8767872,30.406078419999993
Austria,2017,4,False,74.31194229,-4.564844909999991
Austria,2018,1,False,6.88673723,6.88673723
Austria,2018,2,False,40.82603633,33.9392991
Austria,2018,3,False,61.76081175,20.93477542
Austria,2018,4,False,83.15388972,21.393077969999993
Austria,2019,1,False,42.62579651,42.62579651
Austria,2019,2,False,66.32584753,23.700051020000004
Austria,2019,3,False,78.44558489,12.119737360000002
Austria,2019,4,False,84.87707769,6.431492799999987
Austria,2020,1,False,22.17657136,22.17657136
Austria,2020,2,False,32.54546713,10.368895769999998
Austria,2020,3,False,31.93615054,-0.6093165899999988
Austria,2020,4,False,33.0972623,1.1611117599999972
Austria,2021,1,True,,
Austria,2021,2,False,9.34569513,
Austria,2021,3,False,13.81454565,4.46885052
Austria,2021,4,False,48.35291621,34.53837056
Austria,2022,1,False,2.49383057,2.49383057
Austria,2022,2,False,4.32843518,1.8346046099999995
Austria,2022,3,False,6.15498165,1.8265464700000003
Austria,2022,4,False,-2.14678006,-8.301761710000001
Austria,2023,1,True,,
Austria,2023,2,False,13.36738468,
Austria,2023,3,False,23.32487582,9.957491139999998
Austria,2023,4,False,35.74257053,12.417694710000003
Austria,2024,1,False,11.59065518,11.59065518
Austria,2024,2,False,21.7235151,10.13285992
Austria,2024,3,False,68.94188385,47.218368749999996
Austria,2024,4,False,37.76598622,-31.175897629999994
Austria,2025,1,False,3.79828429,3.79828429
Austria,2025,2,False,7.34443918,3.5461548900000004
Austria,2025,3,False,10.58947628,3.2450370999999993
Austria,2025,4,False,8.60656878,-1.9829074999999996
Azerbaiyán,2006,1,False,0.0,0.0
Azerbaiyán,2006,2,False,0.0,0.0
Azerbaiyán,2006,3,False,0.0,0.0
Azerbaiyán,2006,4,False,0.0,0.0
Azerbaiyán,2007,1,False,0.0,0.0
Azerbaiyán,2007,2,False,0.0,0.0
Azerbaiyán,2007,3,False,0.0,0.0
Azerbaiyán,2007,4,False,0.0,0.0
Azerbaiyán,2008,1,False,0.0,0.0
Azerbaiyán,2008,2,False,0.0,0.0
Azerbaiyán,2008,3,False,0.0,0.0
Azerbaiyán,2008,4,False,0.0,0.0
Azerbaiyán,2009,1,False,0.0,0.0
Azerbaiyán,2009,2,False,0.0,0.0
Azerbaiyán,2009,3,False,0.0,0.0
Azerbaiyán,2009,4,False,0.0,0.0
Azerbaiyán,2010,1,False,0.0,0.0
Azerbaiyán,2010,2,False,0.0,0.0
Azerbaiyán,2010,3,False,0.0,0.0
Azerbaiyán,2010,4,False,0.0,0.0
Azerbaiyán,2011,1,False,0.0,0.0
Azerbaiyán,2011,2,False,0.0,0.0
Azerbaiyán,2011,3,False,0.0,0.0
Azerbaiyán,2011,4,False,0.0,0.0
Azerbaiyán,2012,1,False,0.0,0.0
Azerbaiyán,2012,2,False,0.0,0.0
Azerbaiyán,2012,3,False,0.0,0.0
Azerbaiyán,2012,4,False,0.0,0.0
Azerbaiyán,2013,1,False,0.0,0.0
Azerbaiyán,2013,2,False,0.0,0.0
Azerbaiyán,2013,3,False,0.0,0.0
Azerbaiyán,2013,4,False,0.0,0.0
Azerbaiyán,2014,1,False,0.0,0.0
Azerbaiyán,2014,2,False,0.0,0.0
Azerbaiyán,2014,3,False,0.0,0.0
Azerbaiyán,2014,4,False,0.0,0.0
Azerbaiyán,2015,1,False,0.0,0.0
Azerbaiyán,2015,2,False,0.0,0.0
Azerbaiyán,2015,3,False,0.0,0.0
Azerbaiyán,2015,4,False,0.0,0.0
Azerbaiyán,2016,1,False,0.0,0.0
Azerbaiyán,2016,2,False,0.0,0.0
Azerbaiyán,2016,3,False,0.0,0.0
Azerbaiyán,2016,4,False,0.0,0.0
Azerbaiyán,2017,1,False,0.0,0.0
Azerbaiyán,2017,2,False,0.0,0.0
Azerbaiyán,2017,3,False,0.0,0.0
Azerbaiyán,2017,4,False,0.0,0.0
Azerbaiyán,2018,1,False,0.0,0.0
Azerbaiyán,2018,2,False,0.0,0.0
Azerbaiyán,2018,3,False,0.0,0.0
Azerbaiyán,2018,4,False,0.0,0.0
Azerbaiyán,2019,1,False,0.0,0.0
Azerbaiyán,2019,2,False,0.0,0.0
Azerbaiyán,2019,3,False,0.0,0.0
Azerbaiyán,2019,4,False,0.0,0.0
Azerbaiyán,2020,1,False,0.0,0.0
Azerbaiyán,2020,2,False,0.0,0.0
Azerbaiyán,2020,3,False,0.0,0.0
Azerbaiyán,2020,4,False,0.0,0.0
Azerbaiyán,2021,1,False,0.0,0.0
Azerbaiyán,2021,2,False,0.0,0.0
Azerbaiyán,2021,3,False,0.0,0.0
Azerbaiyán,2021,4,False,0.0,0.0
Azerbaiyán,2022,1,False,0.0,0.0
Azerbaiyán,2022,2,False,0.0,0.0
Azerbaiyán,2022,3,True,,
Azerbaiyán,2022,4,True,,
Azerbaiyán,2023,1,False,0.0,0.0
Azerbaiyán,2023,2,False,0.0,0.0
Azerbaiyán,2023,3,False,0.0,0.0
Azerbaiyán,2023,4,False,0.0,0.0
Azerbaiyán,2024,1,False,0.0,0.0
Azerbaiyán,2024,2,True,,
Azerbaiyán,2024,3,True,,
Azerbaiyán,2024,4,True,,
Azerbaiyán,2025,1,True,,
Azerbaiyán,2025,2,True,,
Azerbaiyán,2025,3,True,,
Azerbaiyán,2025,4,True,,
"Bahamas, Las",2006,1,False,0.0,0.0
"Bahamas, Las",2006,2,False,0.0,0.0
"Bahamas, Las",2006,3,False,0.0,0.0
"Bahamas, Las",2006,4,False,0.0,0.0
"Bahamas, Las",2007,1,False,0.0,0.0
"Bahamas, Las",2007,2,False,0.0,0.0
"Bahamas, Las",2007,3,False,0.0,0.0
"Bahamas, Las",2007,4,False,0.0,0.0
"Bahamas, Las",2008,1,False,0.0,0.0
"Bahamas, Las",2008,2,False,0.0,0.0
"Bahamas, Las",2008,3,False,0.0,0.0
"Bahamas, Las",2008,4,False,0.0,0.0
"Bahamas, Las",2009,1,False,0.0,0.0
"Bahamas, Las",2009,2,False,0.0,0.0
"Bahamas, Las",2009,3,False,0.0,0.0
"Bahamas, Las",2009,4,False,0.0,0.0
"Bahamas, Las",2010,1,False,0.0,0.0
"Bahamas, Las",2010,2,False,0.0,0.0
"Bahamas, Las",2010,3,False,0.0,0.0
"Bahamas, Las",2010,4,False,0.0,0.0
"Bahamas, Las",2011,1,False,0.0,0.0
"Bahamas, Las",2011,2,False,0.0,0.0
"Bahamas, Las",2011,3,False,0.0,0.0
"Bahamas, Las",2011,4,False,0.0,0.0
"Bahamas, Las",2012,1,False,0.0,0.0
"Bahamas, Las",2012,2,False,0.0,0.0
"Bahamas, Las",2012,3,False,0.0,0.0
"Bahamas, Las",2012,4,False,0.0,0.0
"Bahamas, Las",2013,1,False,0.0,0.0
"Bahamas, Las",2013,2,False,0.0,0.0
"Bahamas, Las",2013,3,False,0.0,0.0
"Bahamas, Las",2013,4,False,0.0,0.0
"Bahamas, Las",2014,1,False,0.0,0.0
"Bahamas, Las",2014,2,False,0.0,0.0
"Bahamas, Las",2014,3,False,0.0,0.0
"Bahamas, Las",2014,4,False,0.0,0.0
"Bahamas, Las",2015,1,False,0.0,0.0
"Bahamas, Las",2015,2,False,0.0,0.0
"Bahamas, Las",2015,3,False,0.0,0.0
"Bahamas, Las",2015,4,False,0.0,0.0
"Bahamas, Las",2016,1,False,0.0,0.0
"Bahamas, Las",2016,2,False,0.0,0.0
"Bahamas, Las",2016,3,False,0.0,0.0
"Bahamas, Las",2016,4,False,0.0,0.0
"Bahamas, Las",2017,1,False,0.0,0.0
"Bahamas, Las",2017,2,False,0.0,0.0
"Bahamas, Las",2017,3,False,0.0,0.0
"Bahamas, Las",2017,4,False,0.0,0.0
"Bahamas, Las",2018,1,False,0.0,0.0
"Bahamas, Las",2018,2,False,0.0,0.0
"Bahamas, Las",2018,3,False,0.0,0.0
"Bahamas, Las",2018,4,False,0.0,0.0
"Bahamas, Las",2019,1,True,,
"Bahamas, Las",2019,2,True,,
"Bahamas, Las",2019,3,True,,
"Bahamas, Las",2019,4,True,,
"Bahamas, Las",2020,1,True,,
"Bahamas, Las",2020,2,True,,
"Bahamas, Las",2020,3,True,,
"Bahamas, Las",2020,4,True,,
"Bahamas, Las",2021,1,False,0.0,0.0
"Bahamas, Las",2021,2,True,,
"Bahamas, Las",2021,3,True,,
"Bahamas, Las",2021,4,True,,
"Bahamas, Las",2022,1,False,0.0,0.0
"Bahamas, Las",2022,2,False,0.0,0.0
"Bahamas, Las",2022,3,False,0.0,0.0
"Bahamas, Las",2022,4,False,0.0,0.0
"Bahamas, Las",2023,1,False,0.0,0.0
"Bahamas, Las",2023,2,False,0.0,0.0
"Bahamas, Las",2023,3,False,0.0,0.0
"Bahamas, Las",2023,4,True,,
"Bahamas, Las",2024,1,False,9.00382919,9.00382919
"Bahamas, Las",2024,2,False,9.00382919,0.0
"Bahamas, Las",2024,3,False,9.00382919,0.0
"Bahamas, Las",2024,4,False,9.01095544,0.007126250000000667
"Bahamas, Las",2025,1,True,,
"Bahamas, Las",2025,2,False,9.2310067,
"Bahamas, Las",2025,3,False,9.2310067,0.0
"Bahamas, Las",2025,4,False,9.2310067,0.0
Bahréin,2006,1,False,0.0,0.0
Bahréin,2006,2,False,0.0,0.0
Bahréin,2006,3,False,0.0,0.0
Bahréin,2006,4,False,0.0,0.0
Bahréin,2007,1,False,0.0,0.0
Bahréin,2007,2,False,0.0,0.0
Bahréin,2007,3,False,0.0,0.0
Bahréin,2007,4,False,0.0,0.0
Bahréin,2008,1,True,,
Bahréin,2008,2,True,,
Bahréin,2008,3,True,,
Bahréin,2008,4,True,,
Bahréin,2009,1,False,0.0,0.0
Bahréin,2009,2,False,0.0,0.0
Bahréin,2009,3,False,0.0,0.0
Bahréin,2009,4,False,0.0,0.0
Bahréin,2010,1,False,0.0,0.0
Bahréin,2010,2,False,0.0,0.0
Bahréin,2010,3,False,0.0,0.0
Bahréin,2010,4,False,0.0,0.0
Bahréin,2011,1,False,0.0,0.0
Bahréin,2011,2,False,0.0,0.0
Bahréin,2011,3,False,0.0,0.0
Bahréin,2011,4,False,0.0,0.0
Bahréin,2012,1,False,0.0,0.0
Bahréin,2012,2,False,0.0,0.0
Bahréin,2012,3,False,0.0,0.0
Bahréin,2012,4,False,0.0,0.0
Bahréin,2013,1,False,0.0,0.0
Bahréin,2013,2,False,0.0,0.0
Bahréin,2013,3,False,0.0,0.0
Bahréin,2013,4,False,0.0,0.0
Bahréin,2014,1,False,0.0,0.0
Bahréin,2014,2,False,0.0,0.0
Bahréin,2014,3,False,0.0,0.0
Bahréin,2014,4,False,0.0,0.0
Bahréin,2015,1,False,0.0,0.0
Bahréin,2015,2,False,0.0,0.0
Bahréin,2015,3,True,,
Bahréin,2015,4,True,,
Bahréin,2016,1,False,0.0,0.0
Bahréin,2016,2,False,0.0,0.0
Bahréin,2016,3,False,0.0,0.0
Bahréin,2016,4,False,0.0,0.0
Bahréin,2017,1,False,0.0,0.0
Bahréin,2017,2,False,0.0,0.0
Bahréin,2017,3,False,0.0,0.0
Bahréin,2017,4,False,0.0,0.0
Bahréin,2018,1,False,0.0,0.0
Bahréin,2018,2,False,0.0,0.0
Bahréin,2018,3,False,0.0,0.0
Bahréin,2018,4,False,0.0,0.0
Bahréin,2019,1,False,0.0,0.0
Bahréin,2019,2,False,0.0,0.0
Bahréin,2019,3,False,0.0,0.0
Bahréin,2019,4,False,0.0,0.0
Bahréin,2020,1,False,0.0,0.0
Bahréin,2020,2,False,0.0,0.0
Bahréin,2020,3,False,0.0,0.0
Bahréin,2020,4,False,0.0,0.0
Bahréin,2021,1,False,0.0,0.0
Bahréin,2021,2,False,0.0,0.0
Bahréin,2021,3,False,0.0,0.0
Bahréin,2021,4,False,0.0,0.0
Bahréin,2022,1,False,0.0,0.0
Bahréin,2022,2,False,0.0,0.0
Bahréin,2022,3,True,,
Bahréin,2022,4,True,,
Bahréin,2023,1,False,0.0,0.0
Bahréin,2023,2,False,0.0,0.0
Bahréin,2023,3,False,0.0,0.0
Bahréin,2023,4,False,0.0,0.0
Bahréin,2024,1,False,0.0,0.0
Bahréin,2024,2,False,0.0,0.0
Bahréin,2024,3,False,0.0,0.0
Bahréin,2024,4,False,0.0,0.0
Bahréin,2025,1,False,0.0,0.0
Bahréin,2025,2,False,0.0,0.0
Bahréin,2025,3,False,0.0,0.0
Bahréin,2025,4,False,0.0,0.0
Bangladesh,2006,1,False,0.0,0.0
Bangladesh,2006,2,False,0.0,0.0
Bangladesh,2006,3,False,0.0,0.0
Bangladesh,2006,4,True,,
Bangladesh,2007,1,False,0.0,0.0
Bangladesh,2007,2,True,,
Bangladesh,2007,3,True,,
Bangladesh,2007,4,True,,
Bangladesh,2008,1,False,0.0,0.0
Bangladesh,2008,2,False,0.0,0.0
Bangladesh,2008,3,False,0.0,0.0
Bangladesh,2008,4,False,0.0,0.0
Bangladesh,2009,1,False,0.0,0.0
Bangladesh,2009,2,False,0.0,0.0
Bangladesh,2009,3,False,0.0,0.0
Bangladesh,2009,4,False,0.0,0.0
Bangladesh,2010,1,False,0.0,0.0
Bangladesh,2010,2,False,0.0,0.0
Bangladesh,2010,3,False,0.0,0.0
Bangladesh,2010,4,False,0.0,0.0
Bangladesh,2011,1,False,0.0,0.0
Bangladesh,2011,2,False,0.0,0.0
Bangladesh,2011,3,False,0.0,0.0
Bangladesh,2011,4,False,0.0,0.0
Bangladesh,2012,1,False,0.0,0.0
Bangladesh,2012,2,True,,
Bangladesh,2012,3,True,,
Bangladesh,2012,4,True,,
Bangladesh,2013,1,False,0.0,0.0
Bangladesh,2013,2,False,0.0,0.0
Bangladesh,2013,3,False,0.0,0.0
Bangladesh,2013,4,False,0.0,0.0
Bangladesh,2014,1,False,0.0,0.0
Bangladesh,2014,2,False,0.0,0.0
Bangladesh,2014,3,False,0.0,0.0
Bangladesh,2014,4,False,0.0,0.0
Bangladesh,2015,1,False,0.0,0.0
Bangladesh,2015,2,False,0.0,0.0
Bangladesh,2015,3,False,0.0,0.0
Bangladesh,2015,4,False,0.0,0.0
Bangladesh,2016,1,False,0.0,0.0
Bangladesh,2016,2,False,0.0,0.0
Bangladesh,2016,3,False,0.0,0.0
Bangladesh,2016,4,False,0.0,0.0
Bangladesh,2017,1,False,0.0,0.0
Bangladesh,2017,2,False,0.0,0.0
Bangladesh,2017,3,False,0.0,0.0
Bangladesh,2017,4,False,0.0,0.0
Bangladesh,2018,1,False,0.0,0.0
Bangladesh,2018,2,False,0.0,0.0
Bangladesh,2018,3,False,0.0,0.0
Bangladesh,2018,4,False,0.0,0.0
Bangladesh,2019,1,False,0.0,0.0
Bangladesh,2019,2,False,0.0,0.0
Bangladesh,2019,3,False,0.0,0.0
Bangladesh,2019,4,False,0.0,0.0
Bangladesh,2020,1,False,0.0,0.0
Bangladesh,2020,2,False,0.0,0.0
Bangladesh,2020,3,False,0.0,0.0
Bangladesh,2020,4,False,0.0,0.0
Bangladesh,2021,1,False,0.0,0.0
Bangladesh,2021,2,False,0.0,0.0
Bangladesh,2021,3,False,0.0,0.0
Bangladesh,2021,4,False,0.0,0.0
Bangladesh,2022,1,False,0.0,0.0
Bangladesh,2022,2,False,0.0,0.0
Bangladesh,2022,3,False,0.0,0.0
Bangladesh,2022,4,False,0.0,0.0
Bangladesh,2023,1,False,0.0,0.0
Bangladesh,2023,2,False,0.0,0.0
Bangladesh,2023,3,False,0.0,0.0
Bangladesh,2023,4,False,0.0,0.0
Bangladesh,2024,1,False,0.0,0.0
Bangladesh,2024,2,False,0.0,0.0
Bangladesh,2024,3,False,0.0,0.0
Bangladesh,2024,4,False,0.0,0.0
Bangladesh,2025,1,False,0.0,0.0
Bangladesh,2025,2,False,0.0,0.0
Bangladesh,2025,3,False,0.0,0.0
Bangladesh,2025,4,False,0.0,0.0
Barbados,2006,1,False,0.0,0.0
Barbados,2006,2,False,0.0,0.0
Barbados,2006,3,False,0.0,0.0
Barbados,2006,4,False,0.0,0.0
Barbados,2007,1,False,0.0,0.0
Barbados,2007,2,False,0.0,0.0
Barbados,2007,3,False,0.0,0.0
Barbados,2007,4,False,0.0,0.0
Barbados,2008,1,False,0.0,0.0
Barbados,2008,2,False,0.0,0.0
Barbados,2008,3,False,0.0,0.0
Barbados,2008,4,False,0.0,0.0
Barbados,2009,1,False,0.0,0.0
Barbados,2009,2,False,0.0,0.0
Barbados,2009,3,False,0.0,0.0
Barbados,2009,4,False,0.0,0.0
Barbados,2010,1,False,0.0,0.0
Barbados,2010,2,False,0.0,0.0
Barbados,2010,3,False,0.0,0.0
Barbados,2010,4,False,0.0,0.0
Barbados,2011,1,False,0.0,0.0
Barbados,2011,2,False,0.0,0.0
Barbados,2011,3,False,0.0,0.0
Barbados,2011,4,False,0.0,0.0
Barbados,2012,1,False,0.0,0.0
Barbados,2012,2,False,0.0,0.0
Barbados,2012,3,False,0.0,0.0
Barbados,2012,4,False,0.0,0.0
Barbados,2013,1,False,0.0,0.0
Barbados,2013,2,False,0.0,0.0
Barbados,2013,3,False,0.0,0.0
Barbados,2013,4,False,0.0,0.0
Barbados,2014,1,False,0.0,0.0
Barbados,2014,2,False,0.0,0.0
Barbados,2014,3,False,0.0,0.0
Barbados,2014,4,False,0.0,0.0
Barbados,2015,1,False,0.0,0.0
Barbados,2015,2,False,0.0,0.0
Barbados,2015,3,False,0.0,0.0
Barbados,2015,4,False,0.0,0.0
Barbados,2016,1,False,0.0,0.0
Barbados,2016,2,False,0.0,0.0
Barbados,2016,3,False,0.0,0.0
Barbados,2016,4,False,0.0,0.0
Barbados,2017,1,False,0.0,0.0
Barbados,2017,2,False,0.0,0.0
Barbados,2017,3,False,0.0,0.0
Barbados,2017,4,False,0.0,0.0
Barbados,2018,1,False,0.0,0.0
Barbados,2018,2,False,0.0,0.0
Barbados,2018,3,False,0.0,0.0
Barbados,2018,4,False,0.0,0.0
Barbados,2019,1,False,0.0,0.0
Barbados,2019,2,False,0.0,0.0
Barbados,2019,3,False,0.0,0.0
Barbados,2019,4,False,0.0,0.0
Barbados,2020,1,False,0.0,0.0
Barbados,2020,2,False,0.0,0.0
Barbados,2020,3,False,0.0,0.0
Barbados,2020,4,False,0.0,0.0
Barbados,2021,1,False,0.0,0.0
Barbados,2021,2,False,0.0,0.0
Barbados,2021,3,False,0.0,0.0
Barbados,2021,4,False,0.0,0.0
Barbados,2022,1,False,0.0,0.0
Barbados,2022,2,False,0.0,0.0
Barbados,2022,3,False,0.0,0.0
Barbados,2022,4,False,0.0,0.0
Barbados,2023,1,False,0.0,0.0
Barbados,2023,2,False,0.0,0.0
Barbados,2023,3,True,,
Barbados,2023,4,True,,
Barbados,2024,1,True,,
Barbados,2024,2,True,,
Barbados,2024,3,True,,
Barbados,2024,4,True,,
Barbados,2025,1,False,0.0,0.0
Barbados,2025,2,False,0.0,0.0
Barbados,2025,3,True,,
Barbados,2025,4,True,,
Belarús,2006,1,False,0.0,0.0
Belarús,2006,2,False,0.0,0.0
Belarús,2006,3,False,0.0,0.0
Belarús,2006,4,False,0.0,0.0
Belarús,2007,1,False,0.0,0.0
Belarús,2007,2,False,0.0,0.0
Belarús,2007,3,True,,
Belarús,2007,4,True,,
Belarús,2008,1,False,0.0,0.0
Belarús,2008,2,False,0.0,0.0
Belarús,2008,3,False,0.0,0.0
Belarús,2008,4,False,0.0,0.0
Belarús,2009,1,False,0.0,0.0
Belarús,2009,2,False,0.0,0.0
Belarús,2009,3,False,0.0,0.0
Belarús,2009,4,False,0.0,0.0
Belarús,2010,1,False,0.0,0.0
Belarús,2010,2,False,0.0,0.0
Belarús,2010,3,False,0.0,0.0
Belarús,2010,4,False,0.0,0.0
Belarús,2011,1,False,0.0,0.0
Belarús,2011,2,False,0.0,0.0
Belarús,2011,3,False,0.0,0.0
Belarús,2011,4,False,0.0,0.0
Belarús,2012,1,False,0.0,0.0
Belarús,2012,2,False,0.0,0.0
Belarús,2012,3,False,0.0,0.0
Belarús,2012,4,False,0.0,0.0
Belarús,2013,1,False,0.0,0.0
Belarús,2013,2,False,0.0,0.0
Belarús,2013,3,False,0.0,0.0
Belarús,2013,4,False,0.0,0.0
Belarús,2014,1,False,0.0,0.0
Belarús,2014,2,False,0.0,0.0
Belarús,2014,3,False,0.0,0.0
Belarús,2014,4,False,0.0,0.0
Belarús,2015,1,False,0.0,0.0
Belarús,2015,2,False,0.0,0.0
Belarús,2015,3,False,0.0,0.0
Belarús,2015,4,False,0.0,0.0
Belarús,2016,1,False,0.0,0.0
Belarús,2016,2,False,0.0,0.0
Belarús,2016,3,False,0.0,0.0
Belarús,2016,4,False,0.0,0.0
Belarús,2017,1,False,0.0,0.0
Belarús,2017,2,True,,
Belarús,2017,3,True,,
Belarús,2017,4,True,,
Belarús,2018,1,False,0.0,0.0
Belarús,2018,2,False,0.0,0.0
Belarús,2018,3,False,0.0,0.0
Belarús,2018,4,False,0.0,0.0
Belarús,2019,1,False,0.0,0.0
Belarús,2019,2,False,0.0,0.0
Belarús,2019,3,False,0.0,0.0
Belarús,2019,4,False,0.0,0.0
Belarús,2020,1,False,0.0,0.0
Belarús,2020,2,False,0.0,0.0
Belarús,2020,3,False,0.0,0.0
Belarús,2020,4,False,0.0,0.0
Belarús,2021,1,False,0.0,0.0
Belarús,2021,2,False,0.0,0.0
Belarús,2021,3,False,0.0,0.0
Belarús,2021,4,False,0.0,0.0
Belarús,2022,1,False,0.0,0.0
Belarús,2022,2,False,0.0,0.0
Belarús,2022,3,False,0.0,0.0
Belarús,2022,4,False,0.0,0.0
Belarús,2023,1,False,0.0,0.0
Belarús,2023,2,False,0.0,0.0
Belarús,2023,3,False,0.0,0.0
Belarús,2023,4,True,,
Belarús,2024,1,False,0.0,0.0
Belarús,2024,2,True,,
Belarús,2024,3,True,,
Belarús,2024,4,True,,
Belarús,2025,1,False,0.0,0.0
Belarús,2025,2,False,0.0,0.0
Belarús,2025,3,False,0.0,0.0
Belarús,2025,4,False,0.0,0.0
Belice,2006,1,True,,
Belice,2006,2,False,0.256198,
Belice,2006,3,False,0.419819,0.16362100000000002
Belice,2006,4,False,0.594597,0.17477800000000004
Belice,2007,1,True,,
Belice,2007,2,True,,
Belice,2007,3,False,0.104204,
Belice,2007,4,False,0.104204,0.0
Belice,2008,1,True,,
Belice,2008,2,False,0.080349,
Belice,2008,3,False,0.080349,0.0
Belice,2008,4,False,0.080349,0.0
Belice,2009,1,False,0.0,0.0
Belice,2009,2,False,0.0,0.0
Belice,2009,3,False,0.0,0.0
Belice,2009,4,False,0.0,0.0
Belice,2010,1,False,0.0,0.0
Belice,2010,2,False,0.0,0.0
Belice,2010,3,True,,
Belice,2010,4,False,0.436379,
Belice,2011,1,False,0.0,0.0
Belice,2011,2,True,,
Belice,2011,3,True,,
Belice,2011,4,True,,
Belice,2012,1,False,0.0,0.0
Belice,2012,2,True,,
Belice,2012,3,False,0.55814038,
Belice,2012,4,False,0.55814038,0.0
Belice,2013,1,True,,
Belice,2013,2,True,,
Belice,2013,3,True,,
Belice,2013,4,False,15.91470875,
Belice,2014,1,True,,
Belice,2014,2,True,,
Belice,2014,3,True,,
Belice,2014,4,True,,
Belice,2015,1,True,,
Belice,2015,2,True,,
Belice,2015,3,True,,
Belice,2015,4,True,,
Belice,2016,1,False,0.0,0.0
Belice,2016,2,False,0.77510176,0.77510176
Belice,2016,3,False,0.89029646,0.11519469999999998
Belice,2016,4,False,2.25260492,1.36230846
Belice,2017,1,True,,
Belice,2017,2,True,,
Belice,2017,3,False,0.2665478,
Belice,2017,4,False,0.2665478,0.0
Belice,2018,1,False,0.0,0.0
Belice,2018,2,True,,
Belice,2018,3,False,0.17643777,
Belice,2018,4,False,0.23756316,0.06112539
Belice,2019,1,False,-0.76749561,-0.76749561
Belice,2019,2,False,-0.76496023,0.002535379999999976
Belice,2019,3,False,-0.86638585,-0.10142562
Belice,2019,4,False,-0.86638585,0.0
Belice,2020,1,True,,
Belice,2020,2,True,,
Belice,2020,3,True,,
Belice,2020,4,False,0.30993491,
Belice,2021,1,True,,
Belice,2021,2,True,,
Belice,2021,3,True,,
Belice,2021,4,False,0.27774159,
Belice,2022,1,False,0.0,0.0
Belice,2022,2,False,0.0,0.0
Belice,2022,3,True,,
Belice,2022,4,True,,
Belice,2023,1,True,,
Belice,2023,2,True,,
Belice,2023,3,True,,
Belice,2023,4,True,,
Belice,2024,1,True,,
Belice,2024,2,False,0.09990325,
Belice,2024,3,False,-0.09522606,-0.19512931
Belice,2024,4,False,-0.09522606,0.0
Belice,2025,1,True,,
Belice,2025,2,True,,
Belice,2025,3,True,,
Belice,2025,4,False,0.13720371,
Bermudas,2006,1,True,,
Bermudas,2006,2,True,,
Bermudas,2006,3,False,7.01103,
Bermudas,2006,4,False,16.83401,9.82298
Bermudas,2007,1,True,,
Bermudas,2007,2,True,,
Bermudas,2007,3,True,,
Bermudas,2007,4,False,619.74423,
Bermudas,2008,1,True,,
Bermudas,2008,2,False,9.438713,
Bermudas,2008,3,False,10.499209,1.0604960000000005
Bermudas,2008,4,False,-0.40658,-10.905789
Bermudas,2009,1,True,,
Bermudas,2009,2,True,,
Bermudas,2009,3,True,,
Bermudas,2009,4,False,-81.42004997,
Bermudas,2010,1,True,,
Bermudas,2010,2,True,,
Bermudas,2010,3,True,,
Bermudas,2010,4,False,-80.55426,
Bermudas,2011,1,True,,
Bermudas,2011,2,True,,
Bermudas,2011,3,True,,
Bermudas,2011,4,True,,
Bermudas,2012,1,True,,
Bermudas,2012,2,True,,
Bermudas,2012,3,True,,
Bermudas,2012,4,True,,
Bermudas,2013,1,True,,
Bermudas,2013,2,True,,
Bermudas,2013,3,False,15.806034,
Bermudas,2013,4,False,31.903171,16.097137
Bermudas,2014,1,False,-17.66512,-17.66512
Bermudas,2014,2,False,-8.647015,9.018105000000002
Bermudas,2014,3,False,-19.352365,-10.70535
Bermudas,2014,4,False,-28.002732,-8.650367000000003
Bermudas,2015,1,True,,
Bermudas,2015,2,False,-34.21028061,
Bermudas,2015,3,False,-34.21332748,-0.0030468699999985915
Bermudas,2015,4,False,-34.21332748,0.0
Bermudas,2016,1,True,,
Bermudas,2016,2,True,,
Bermudas,2016,3,True,,
Bermudas,2016,4,True,,
Bermudas,2017,1,False,0.0,0.0
Bermudas,2017,2,False,0.0,0.0
Bermudas,2017,3,False,0.0,0.0
Bermudas,2017,4,False,0.0,0.0
Bermudas,2018,1,True,,
Bermudas,2018,2,True,,
Bermudas,2018,3,True,,
Bermudas,2018,4,True,,
Bermudas,2019,1,False,0.0,0.0
Bermudas,2019,2,True,,
Bermudas,2019,3,True,,
Bermudas,2019,4,False,0.00046816,
Bermudas,2020,1,False,0.0,0.0
Bermudas,2020,2,False,0.0,0.0
Bermudas,2020,3,False,0.0,0.0
Bermudas,2020,4,False,0.0,0.0
Bermudas,2021,1,False,0.0,0.0
Bermudas,2021,2,False,0.0,0.0
Bermudas,2021,3,False,0.0,0.0
Bermudas,2021,4,False,0.0,0.0
Bermudas,2022,1,False,0.0,0.0
Bermudas,2022,2,False,0.0,0.0
Bermudas,2022,3,False,0.0,0.0
Bermudas,2022,4,False,0.0,0.0
Bermudas,2023,1,False,-4.32637418,-4.32637418
Bermudas,2023,2,False,-4.32637418,0.0
Bermudas,2023,3,False,-4.32602306,0.00035112000000037114
Bermudas,2023,4,False,-4.32602306,0.0
Bermudas,2024,1,True,,
Bermudas,2024,2,True,,
Bermudas,2024,3,True,,
Bermudas,2024,4,False,39.38749209,
Bermudas,2025,1,False,0.0,0.0
Bermudas,2025,2,True,,
Bermudas,2025,3,True,,
Bermudas,2025,4,False,13.12982848,
Bolivia (Estado Plurinacional de),2006,1,True,,
Bolivia (Estado Plurinacional de),2006,2,False,0.015057,
Bolivia (Estado Plurinacional de),2006,3,False,0.01533,0.00027300000000000067
Bolivia (Estado Plurinacional de),2006,4,False,0.024574,0.009243999999999999
Bolivia (Estado Plurinacional de),2007,1,False,0.0,0.0
Bolivia (Estado Plurinacional de),2007,2,False,0.0,0.0
Bolivia (Estado Plurinacional de),2007,3,True,,
Bolivia (Estado Plurinacional de),2007,4,False,0.05192353,
Bolivia (Estado Plurinacional de),2008,1,False,0.0,0.0
Bolivia (Estado Plurinacional de),2008,2,False,0.151839,0.151839
Bolivia (Estado Plurinacional de),2008,3,False,0.151839,0.0
Bolivia (Estado Plurinacional de),2008,4,False,0.151839,0.0
Bolivia (Estado Plurinacional de),2009,1,True,,
Bolivia (Estado Plurinacional de),2009,2,True,,
Bolivia (Estado Plurinacional de),2009,3,False,0.00134039,
Bolivia (Estado Plurinacional de),2009,4,False,-0.00235861,-0.003699
Bolivia (Estado Plurinacional de),2010,1,False,0.0,0.0
Bolivia (Estado Plurinacional de),2010,2,True,,
Bolivia (Estado Plurinacional de),2010,3,False,0.209982,
Bolivia (Estado Plurinacional de),2010,4,False,0.729316,0.519334
Bolivia (Estado Plurinacional de),2011,1,False,0.0,0.0
Bolivia (Estado Plurinacional de),2011,2,True,,
Bolivia (Estado Plurinacional de),2011,3,True,,
Bolivia (Estado Plurinacional de),2011,4,True,,
Bolivia (Estado Plurinacional de),2012,1,True,,
Bolivia (Estado Plurinacional de),2012,2,False,0.550615,
Bolivia (Estado Plurinacional de),2012,3,False,0.756577,0.2059620000000001
Bolivia (Estado Plurinacional de),2012,4,False,0.756577,0.0
Bolivia (Estado Plurinacional de),2013,1,True,,
Bolivia (Estado Plurinacional de),2013,2,True,,
Bolivia (Estado Plurinacional de),2013,3,True,,
Bolivia (Estado Plurinacional de),2013,4,False,0.527618,
Bolivia (Estado Plurinacional de),2014,1,True,,
Bolivia (Estado Plurinacional de),2014,2,True,,
Bolivia (Estado Plurinacional de),2014,3,True,,
Bolivia (Estado Plurinacional de),2014,4,True,,
Bolivia (Estado Plurinacional de),2015,1,True,,
Bolivia (Estado Plurinacional de),2015,2,False,0.472226,
Bolivia (Estado Plurinacional de),2015,3,False,0.472226,0.0
Bolivia (Estado Plurinacional de),2015,4,False,0.473718,0.0014919999999999933
Bolivia (Estado Plurinacional de),2016,1,True,,
Bolivia (Estado Plurinacional de),2016,2,True,,
Bolivia (Estado Plurinacional de),2016,3,True,,
Bolivia (Estado Plurinacional de),2016,4,False,0.07301287,
Bolivia (Estado Plurinacional de),2017,1,False,0.0,0.0
Bolivia (Estado Plurinacional de),2017,2,False,0.0,0.0
Bolivia (Estado Plurinacional de),2017,3,True,,
Bolivia (Estado Plurinacional de),2017,4,True,,
Bolivia (Estado Plurinacional de),2018,1,True,,
Bolivia (Estado Plurinacional de),2018,2,True,,
Bolivia (Estado Plurinacional de),2018,3,False,0.10025637,
Bolivia (Estado Plurinacional de),2018,4,False,0.15295735,0.052700979999999994
Bolivia (Estado Plurinacional de),2019,1,True,,
Bolivia (Estado Plurinacional de),2019,2,False,-0.03064644,
Bolivia (Estado Plurinacional de),2019,3,False,0.24938095,0.28002739
Bolivia (Estado Plurinacional de),2019,4,False,0.72794355,0.4785626
Bolivia (Estado Plurinacional de),2020,1,False,0.0,0.0
Bolivia (Estado Plurinacional de),2020,2,False,0.0,0.0
Bolivia (Estado Plurinacional de),2020,3,True,,
Bolivia (Estado Plurinacional de),2020,4,False,-0.00277847,
Bolivia (Estado Plurinacional de),2021,1,False,0.46199435,0.46199435
Bolivia (Estado Plurinacional de),2021,2,False,0.46199435,0.0
Bolivia (Estado Plurinacional de),2021,3,False,0.58688839,0.12489404000000004
Bolivia (Estado Plurinacional de),2021,4,False,0.95702664,0.37013825
Bolivia (Estado Plurinacional de),2022,1,False,0.29497651,0.29497651
Bolivia (Estado Plurinacional de),2022,2,False,0.28159709,-0.01337942000000003
Bolivia (Estado Plurinacional de),2022,3,False,0.25245481,-0.02914228000000002
Bolivia (Estado Plurinacional de),2022,4,False,0.61338899,0.36093418000000005
Bolivia (Estado Plurinacional de),2023,1,True,,
Bolivia (Estado Plurinacional de),2023,2,False,0.32114863,
Bolivia (Estado Plurinacional de),2023,3,False,0.53805374,0.21690510999999996
Bolivia (Estado Plurinacional de),2023,4,False,0.43605322,-0.10200051999999993
Bolivia (Estado Plurinacional de),2024,1,True,,
Bolivia (Estado Plurinacional de),2024,2,False,0.41466171,
Bolivia (Estado Plurinacional de),2024,3,False,0.64807349,0.23341178
Bolivia (Estado Plurinacional de),2024,4,False,1.87721915,1.22914566
Bolivia (Estado Plurinacional de),2025,1,False,0.34900173,0.34900173
Bolivia (Estado Plurinacional de),2025,2,False,0.40784196,0.05884022999999999
Bolivia (Estado Plurinacional de),2025,3,False,0.40784196,0.0
Bolivia (Estado Plurinacional de),2025,4,False,0.41057208,0.0027301200000000025
Bosnia y Herzegovina,2006,1,False,0.0,0.0
Bosnia y Herzegovina,2006,2,False,0.0,0.0
Bosnia y Herzegovina,2006,3,False,0.0,0.0
Bosnia y Herzegovina,2006,4,False,0.0,0.0
Bosnia y Herzegovina,2007,1,False,0.0,0.0
Bosnia y Herzegovina,2007,2,False,0.0,0.0
Bosnia y Herzegovina,2007,3,False,0.0,0.0
Bosnia y Herzegovina,2007,4,False,0.0,0.0
Bosnia y Herzegovina,2008,1,False,0.0,0.0
Bosnia y Herzegovina,2008,2,False,0.0,0.0
Bosnia y Herzegovina,2008,3,False,0.0,0.0
Bosnia y Herzegovina,2008,4,False,0.0,0.0
Bosnia y Herzegovina,2009,1,False,0.0,0.0
Bosnia y Herzegovina,2009,2,False,0.0,0.0
Bosnia y Herzegovina,2009,3,False,0.0,0.0
Bosnia y Herzegovina,2009,4,False,0.0,0.0
Bosnia y Herzegovina,2010,1,False,0.0,0.0
Bosnia y Herzegovina,2010,2,False,0.0,0.0
Bosnia y Herzegovina,2010,3,False,0.0,0.0
Bosnia y Herzegovina,2010,4,False,0.0,0.0
Bosnia y Herzegovina,2011,1,False,0.0,0.0
Bosnia y Herzegovina,2011,2,False,0.0,0.0
Bosnia y Herzegovina,2011,3,False,0.0,0.0
Bosnia y Herzegovina,2011,4,False,0.0,0.0
Bosnia y Herzegovina,2012,1,False,0.0,0.0
Bosnia y Herzegovina,2012,2,False,0.0,0.0
Bosnia y Herzegovina,2012,3,False,0.0,0.0
Bosnia y Herzegovina,2012,4,False,0.0,0.0
Bosnia y Herzegovina,2013,1,False,0.0,0.0
Bosnia y Herzegovina,2013,2,False,0.0,0.0
Bosnia y Herzegovina,2013,3,False,0.0,0.0
Bosnia y Herzegovina,2013,4,False,0.0,0.0
Bosnia y Herzegovina,2014,1,False,0.0,0.0
Bosnia y Herzegovina,2014,2,False,0.0,0.0
Bosnia y Herzegovina,2014,3,False,0.0,0.0
Bosnia y Herzegovina,2014,4,False,0.0,0.0
Bosnia y Herzegovina,2015,1,False,0.0,0.0
Bosnia y Herzegovina,2015,2,False,0.0,0.0
Bosnia y Herzegovina,2015,3,False,0.0,0.0
Bosnia y Herzegovina,2015,4,False,0.0,0.0
Bosnia y Herzegovina,2016,1,False,0.0,0.0
Bosnia y Herzegovina,2016,2,False,0.0,0.0
Bosnia y Herzegovina,2016,3,False,0.0,0.0
Bosnia y Herzegovina,2016,4,False,0.0,0.0
Bosnia y Herzegovina,2017,1,False,0.0,0.0
Bosnia y Herzegovina,2017,2,False,0.0,0.0
Bosnia y Herzegovina,2017,3,False,0.0,0.0
Bosnia y Herzegovina,2017,4,False,0.0,0.0
Bosnia y Herzegovina,2018,1,False,0.0,0.0
Bosnia y Herzegovina,2018,2,False,0.0,0.0
Bosnia y Herzegovina,2018,3,False,0.0,0.0
Bosnia y Herzegovina,2018,4,False,0.0,0.0
Bosnia y Herzegovina,2019,1,False,0.0,0.0
Bosnia y Herzegovina,2019,2,False,0.0,0.0
Bosnia y Herzegovina,2019,3,False,0.0,0.0
Bosnia y Herzegovina,2019,4,False,0.0,0.0
Bosnia y Herzegovina,2020,1,False,0.0,0.0
Bosnia y Herzegovina,2020,2,False,0.0,0.0
Bosnia y Herzegovina,2020,3,False,0.0,0.0
Bosnia y Herzegovina,2020,4,False,0.0,0.0
Bosnia y Herzegovina,2021,1,False,0.0,0.0
Bosnia y Herzegovina,2021,2,False,0.0,0.0
Bosnia y Herzegovina,2021,3,False,0.0,0.0
Bosnia y Herzegovina,2021,4,False,0.0,0.0
Bosnia y Herzegovina,2022,1,False,0.0,0.0
Bosnia y Herzegovina,2022,2,False,0.0,0.0
Bosnia y Herzegovina,2022,3,False,0.0,0.0
Bosnia y Herzegovina,2022,4,False,0.0,0.0
Bosnia y Herzegovina,2023,1,False,0.0,0.0
Bosnia y Herzegovina,2023,2,False,0.0,0.0
Bosnia y Herzegovina,2023,3,False,0.0,0.0
Bosnia y Herzegovina,2023,4,True,,
Bosnia y Herzegovina,2024,1,False,0.0,0.0
Bosnia y Herzegovina,2024,2,False,0.0,0.0
Bosnia y Herzegovina,2024,3,False,0.0,0.0
Bosnia y Herzegovina,2024,4,False,0.0,0.0
Bosnia y Herzegovina,2025,1,False,0.0,0.0
Bosnia y Herzegovina,2025,2,False,0.0,0.0
Bosnia y Herzegovina,2025,3,False,0.0,0.0
Bosnia y Herzegovina,2025,4,False,0.0,0.0
Brasil,2006,1,False,29.012888,29.012888
Brasil,2006,2,False,28.248611,-0.7642769999999999
Brasil,2006,3,False,37.158592,8.909980999999998
Brasil,2006,4,False,64.050275,26.891683
Brasil,2007,1,False,254.850376,254.850376
Brasil,2007,2,False,237.688565,-17.161811
Brasil,2007,3,False,171.904293,-65.78427200000002
Brasil,2007,4,False,207.161982,35.257689
Brasil,2008,1,False,144.4637031,144.4637031
Brasil,2008,2,False,218.2744221,73.810719
Brasil,2008,3,False,267.7836901,49.50926799999999
Brasil,2008,4,False,352.9728132,85.18912310000002
Brasil,2009,1,False,47.318533,47.318533
Brasil,2009,2,False,146.9356992,99.61716619999999
Brasil,2009,3,False,165.3030502,18.367351000000014
Brasil,2009,4,False,189.3280182,24.024968
Brasil,2010,1,False,28.414047,28.414047
Brasil,2010,2,False,138.6847211,110.2706741
Brasil,2010,3,False,195.3572521,56.67253100000002
Brasil,2010,4,False,199.7005259,4.3432737999999915
Brasil,2011,1,False,106.0779759,106.0779759
Brasil,2011,2,False,148.5299259,42.45195
Brasil,2011,3,False,221.1139179,72.583992
Brasil,2011,4,False,434.821945,213.70802710000004
Brasil,2012,1,False,116.0601663,116.0601663
Brasil,2012,2,False,216.7608462,100.7006799
Brasil,2012,3,False,370.0126602,153.25181400000002
Brasil,2012,4,False,495.8274486,125.8147884
Brasil,2013,1,False,-23.47855932,-23.47855932
Brasil,2013,2,False,-15.0727252,8.405834119999998
Brasil,2013,3,False,227.3491285,242.4218537
Brasil,2013,4,False,192.5295648,-34.8195637
Brasil,2014,1,False,204.5090064,204.5090064
Brasil,2014,2,False,222.8343364,18.325330000000008
Brasil,2014,3,False,383.1418502,160.3075138
Brasil,2014,4,False,589.3718072,206.229957
Brasil,2015,1,False,247.6783172,247.6783172
Brasil,2015,2,False,263.2859192,15.607602000000014
Brasil,2015,3,False,941.6315846,678.3456653999999
Brasil,2015,4,False,1145.26673,203.63514540000006
Brasil,2016,1,False,244.4978319,244.4978319
Brasil,2016,2,False,559.7990868,315.30125490000006
Brasil,2016,3,False,722.1210748,162.32198799999992
Brasil,2016,4,False,935.9750906,213.85401580000007
Brasil,2017,1,False,-292.8843647,-292.8843647
Brasil,2017,2,False,-278.5299116,14.3544531
Brasil,2017,3,False,-302.6839145,-24.154002900000023
Brasil,2017,4,False,-200.9360042,101.7479103
Brasil,2018,1,False,-5.39295744,-5.39295744
Brasil,2018,2,False,52.28789825,57.68085569
Brasil,2018,3,False,-16.58986256,-68.87776081
Brasil,2018,4,False,129.1941867,145.78404926
Brasil,2019,1,False,227.4300331,227.4300331
Brasil,2019,2,False,272.5265416,45.09650849999997
Brasil,2019,3,False,359.3358396,86.80929800000001
Brasil,2019,4,False,346.8283132,-12.50752639999996
Brasil,2020,1,False,501.3654527,501.3654527
Brasil,2020,2,False,562.3869517,61.02149900000006
Brasil,2020,3,False,687.8667267,125.4797749999999
Brasil,2020,4,False,513.3979477,-174.46877899999993
Brasil,2021,1,False,153.8970706,153.8970706
Brasil,2021,2,False,137.929989,-15.9670816
Brasil,2021,3,False,368.6203861,230.6903971
Brasil,2021,4,False,431.9687558,63.34836969999998
Brasil,2022,1,False,464.6978313,464.6978313
Brasil,2022,2,False,577.3402645,112.64243319999997
Brasil,2022,3,False,635.6460716,58.30580710000004
Brasil,2022,4,False,366.4793456,-269.16672600000004
Brasil,2023,1,False,350.0235676,350.0235676
Brasil,2023,2,False,408.4321525,58.408584899999994
Brasil,2023,3,False,414.272835,5.840682500000014
Brasil,2023,4,False,493.0592638,78.78642880000001
Brasil,2024,1,False,290.4776128,290.4776128
Brasil,2024,2,False,308.5301381,18.052525300000013
Brasil,2024,3,False,433.2267719,124.69663380000003
Brasil,2024,4,False,530.1695959,96.94282399999997
Brasil,2025,1,False,169.2349606,169.2349606
Brasil,2025,2,False,248.529947,79.2949864
Brasil,2025,3,False,325.1357105,76.60576350000002
Brasil,2025,4,False,421.5904883,96.45477779999999
Brunei Darussalam,2006,1,False,0.0,0.0
Brunei Darussalam,2006,2,False,0.0,0.0
Brunei Darussalam,2006,3,False,0.0,0.0
Brunei Darussalam,2006,4,True,,
Brunei Darussalam,2007,1,False,0.0,0.0
Brunei Darussalam,2007,2,False,0.0,0.0
Brunei Darussalam,2007,3,False,0.0,0.0
Brunei Darussalam,2007,4,False,0.0,0.0
Brunei Darussalam,2008,1,False,0.0,0.0
Brunei Darussalam,2008,2,False,0.0,0.0
Brunei Darussalam,2008,3,False,0.0,0.0
Brunei Darussalam,2008,4,False,0.0,0.0
Brunei Darussalam,2009,1,False,0.0,0.0
Brunei Darussalam,2009,2,False,0.0,0.0
Brunei Darussalam,2009,3,False,0.0,0.0
Brunei Darussalam,2009,4,False,0.0,0.0
Brunei Darussalam,2010,1,False,0.0,0.0
Brunei Darussalam,2010,2,False,0.0,0.0
Brunei Darussalam,2010,3,False,0.0,0.0
Brunei Darussalam,2010,4,False,0.0,0.0
Brunei Darussalam,2011,1,False,0.0,0.0
Brunei Darussalam,2011,2,False,0.0,0.0
Brunei Darussalam,2011,3,False,0.0,0.0
Brunei Darussalam,2011,4,False,0.0,0.0
Brunei Darussalam,2012,1,False,0.0,0.0
Brunei Darussalam,2012,2,False,0.0,0.0
Brunei Darussalam,2012,3,False,0.0,0.0
Brunei Darussalam,2012,4,False,0.0,0.0
Brunei Darussalam,2013,1,False,0.0,0.0
Brunei Darussalam,2013,2,False,0.0,0.0
Brunei Darussalam,2013,3,False,0.0,0.0
Brunei Darussalam,2013,4,False,0.0,0.0
Brunei Darussalam,2014,1,False,0.0,0.0
Brunei Darussalam,2014,2,False,0.0,0.0
Brunei Darussalam,2014,3,False,0.0,0.0
Brunei Darussalam,2014,4,False,0.0,0.0
Brunei Darussalam,2015,1,False,0.0,0.0
Brunei Darussalam,2015,2,False,0.0,0.0
Brunei Darussalam,2015,3,False,0.0,0.0
Brunei Darussalam,2015,4,False,0.0,0.0
Brunei Darussalam,2016,1,False,0.0,0.0
Brunei Darussalam,2016,2,False,0.0,0.0
Brunei Darussalam,2016,3,False,0.0,0.0
Brunei Darussalam,2016,4,False,0.0,0.0
Brunei Darussalam,2017,1,False,0.0,0.0
Brunei Darussalam,2017,2,False,0.0,0.0
Brunei Darussalam,2017,3,False,0.0,0.0
Brunei Darussalam,2017,4,False,0.0,0.0
Brunei Darussalam,2018,1,False,0.0,0.0
Brunei Darussalam,2018,2,False,0.0,0.0
Brunei Darussalam,2018,3,False,0.0,0.0
Brunei Darussalam,2018,4,False,0.0,0.0
Brunei Darussalam,2019,1,False,0.0,0.0
Brunei Darussalam,2019,2,False,0.0,0.0
Brunei Darussalam,2019,3,False,0.0,0.0
Brunei Darussalam,2019,4,False,0.0,0.0
Brunei Darussalam,2020,1,False,0.0,0.0
Brunei Darussalam,2020,2,False,0.0,0.0
Brunei Darussalam,2020,3,False,0.0,0.0
Brunei Darussalam,2020,4,False,0.0,0.0
Brunei Darussalam,2021,1,False,0.0,0.0
Brunei Darussalam,2021,2,False,0.0,0.0
Brunei Darussalam,2021,3,False,0.0,0.0
Brunei Darussalam,2021,4,False,0.0,0.0
Brunei Darussalam,2022,1,False,0.0,0.0
Brunei Darussalam,2022,2,False,0.0,0.0
Brunei Darussalam,2022,3,False,0.0,0.0
Brunei Darussalam,2022,4,False,0.0,0.0
Brunei Darussalam,2023,1,False,0.0,0.0
Brunei Darussalam,2023,2,False,0.0,0.0
Brunei Darussalam,2023,3,False,0.0,0.0
Brunei Darussalam,2023,4,False,0.0,0.0
Brunei Darussalam,2024,1,False,0.0,0.0
Brunei Darussalam,2024,2,False,0.0,0.0
Brunei Darussalam,2024,3,False,0.0,0.0
Brunei Darussalam,2024,4,False,0.0,0.0
Brunei Darussalam,2025,1,False,0.0,0.0
Brunei Darussalam,2025,2,False,0.0,0.0
Brunei Darussalam,2025,3,False,0.0,0.0
Brunei Darussalam,2025,4,False,0.0,0.0
Bulgaria,2006,1,False,0.0,0.0
Bulgaria,2006,2,False,0.0,0.0
Bulgaria,2006,3,False,0.0,0.0
Bulgaria,2006,4,True,,
Bulgaria,2007,1,False,0.0,0.0
Bulgaria,2007,2,True,,
Bulgaria,2007,3,True,,
Bulgaria,2007,4,True,,
Bulgaria,2008,1,True,,
Bulgaria,2008,2,True,,
Bulgaria,2008,3,True,,
Bulgaria,2008,4,True,,
Bulgaria,2009,1,False,0.0,0.0
Bulgaria,2009,2,False,0.0,0.0
Bulgaria,2009,3,False,0.0,0.0
Bulgaria,2009,4,True,,
Bulgaria,2010,1,True,,
Bulgaria,2010,2,True,,
Bulgaria,2010,3,False,0.006365,
Bulgaria,2010,4,False,0.006365,0.0
Bulgaria,2011,1,False,0.006736,0.006736
Bulgaria,2011,2,False,0.006736,0.0
Bulgaria,2011,3,False,-0.00022,-0.0069559999999999995
Bulgaria,2011,4,False,1e-06,0.000221
Bulgaria,2012,1,False,0.0,0.0
Bulgaria,2012,2,True,,
Bulgaria,2012,3,True,,
Bulgaria,2012,4,True,,
Bulgaria,2013,1,True,,
Bulgaria,2013,2,False,-0.00559936,
Bulgaria,2013,3,False,-0.00559936,0.0
Bulgaria,2013,4,False,0.07501835,0.08061771
Bulgaria,2014,1,False,0.0,0.0
Bulgaria,2014,2,True,,
Bulgaria,2014,3,True,,
Bulgaria,2014,4,True,,
Bulgaria,2015,1,False,0.0,0.0
Bulgaria,2015,2,False,0.0,0.0
Bulgaria,2015,3,False,0.0,0.0
Bulgaria,2015,4,False,0.0,0.0
Bulgaria,2016,1,True,,
Bulgaria,2016,2,True,,
Bulgaria,2016,3,False,0.01092506,
Bulgaria,2016,4,False,0.01092506,0.0
Bulgaria,2017,1,False,0.0,0.0
Bulgaria,2017,2,False,0.0,0.0
Bulgaria,2017,3,True,,
Bulgaria,2017,4,False,0.05276877,
Bulgaria,2018,1,True,,
Bulgaria,2018,2,False,1.36652073,
Bulgaria,2018,3,False,1.36717958,0.0006588499999999886
Bulgaria,2018,4,False,1.36970214,0.0025225600000000625
Bulgaria,2019,1,True,,
Bulgaria,2019,2,True,,
Bulgaria,2019,3,False,1.88784185,
Bulgaria,2019,4,False,1.89040906,0.002567210000000042
Bulgaria,2020,1,False,0.0,0.0
Bulgaria,2020,2,False,0.0,0.0
Bulgaria,2020,3,True,,
Bulgaria,2020,4,True,,
Bulgaria,2021,1,True,,
Bulgaria,2021,2,True,,
Bulgaria,2021,3,False,4.80934338,
Bulgaria,2021,4,False,5.30729319,0.4979498100000006
Bulgaria,2022,1,True,,
Bulgaria,2022,2,True,,
Bulgaria,2022,3,False,-0.8196931,
Bulgaria,2022,4,False,-0.8196931,0.0
Bulgaria,2023,1,False,0.0,0.0
Bulgaria,2023,2,False,0.47490003,0.47490003
Bulgaria,2023,3,False,0.47490003,0.0
Bulgaria,2023,4,False,0.47490003,0.0
Bulgaria,2024,1,True,,
Bulgaria,2024,2,False,3.58153018,
Bulgaria,2024,3,False,7.25485182,3.6733216399999997
Bulgaria,2024,4,False,7.54157713,0.28672531000000046
Bulgaria,2025,1,True,,
Bulgaria,2025,2,False,0.56078977,
Bulgaria,2025,3,False,0.41685167,-0.14393809999999996
Bulgaria,2025,4,False,0.41685167,0.0
Bélgica,2006,1,False,23.462085,23.462085
Bélgica,2006,2,False,560.778292,537.316207
Bélgica,2006,3,False,562.774411,1.9961190000000215
Bélgica,2006,4,False,446.638911,-116.13549999999998
Bélgica,2007,1,False,3.903499,3.903499
Bélgica,2007,2,False,620.491635,616.588136
Bélgica,2007,3,False,630.066329,9.574694000000022
Bélgica,2007,4,False,684.740132,54.67380300000002
Bélgica,2008,1,False,6.777558,6.777558
Bélgica,2008,2,False,766.847791,760.070233
Bélgica,2008,3,False,777.509321,10.66152999999997
Bélgica,2008,4,False,814.6381823,37.12886130000004
Bélgica,2009,1,False,18.04969966,18.04969966
Bélgica,2009,2,False,550.4049809,532.3552812400001
Bélgica,2009,3,False,551.6609319,1.2559509999999818
Bélgica,2009,4,False,852.6274143,300.9664824
Bélgica,2010,1,False,12.275217,12.275217
Bélgica,2010,2,False,165.9272626,153.6520456
Bélgica,2010,3,False,169.9313526,4.004089999999991
Bélgica,2010,4,False,177.2636576,7.332304999999991
Bélgica,2011,1,False,23.4176707,23.4176707
Bélgica,2011,2,False,364.9334487,341.515778
Bélgica,2011,3,False,376.5423757,11.608926999999994
Bélgica,2011,4,False,381.397284,4.854908300000034
Bélgica,2012,1,False,-130.8340178,-130.8340178
Bélgica,2012,2,False,-131.8068538,-0.9728360000000009
Bélgica,2012,3,False,-152.9259053,-21.119051500000012
Bélgica,2012,4,False,-149.0010513,3.9248540000000105
Bélgica,2013,1,False,52.48144355,52.48144355
Bélgica,2013,2,False,13308.7974,13256.31595645
Bélgica,2013,3,False,13321.35407,12.55666999999994
Bélgica,2013,4,False,13313.03191,-8.322159999999712
Bélgica,2014,1,False,7.71351741,7.71351741
Bélgica,2014,2,False,1266.882998,1259.1694805900001
Bélgica,2014,3,False,1259.469829,-7.413169000000153
Bélgica,2014,4,False,1276.389036,16.919207000000142
Bélgica,2015,1,False,-16.12488,-16.12488
Bélgica,2015,2,False,839.027707,855.1525869999999
Bélgica,2015,3,False,840.316378,1.288671000000022
Bélgica,2015,4,False,815.0307212,-25.28565679999997
Bélgica,2016,1,False,912.3503168,912.3503168
Bélgica,2016,2,False,910.2016751,-2.1486416999999847
Bélgica,2016,3,False,911.2844366,1.0827615000000606
Bélgica,2016,4,False,941.8172781,30.532841499999904
Bélgica,2017,1,False,504.2826375,504.2826375
Bélgica,2017,2,False,516.4126918,12.130054299999927
Bélgica,2017,3,False,524.0612927,7.6486009000000195
Bélgica,2017,4,False,1044.473911,520.4126183000001
Bélgica,2018,1,False,-4.18573012,-4.18573012
Bélgica,2018,2,False,56.66264997,60.84838009
Bélgica,2018,3,False,74.29158423,17.62893426
Bélgica,2018,4,False,91.57648975,17.284905519999995
Bélgica,2019,1,False,706.6294144,706.6294144
Bélgica,2019,2,False,693.6302656,-12.999148799999944
Bélgica,2019,3,False,692.651083,-0.9791826000000583
Bélgica,2019,4,False,1307.421857,614.7707740000001
Bélgica,2020,1,False,248.4776777,248.4776777
Bélgica,2020,2,False,140.4184578,-108.05921989999999
Bélgica,2020,3,False,301.2415818,160.823124
Bélgica,2020,4,False,272.5128946,-28.728687200000024
Bélgica,2021,1,False,30.98470757,30.98470757
Bélgica,2021,2,False,36.85295536,5.868247790000002
Bélgica,2021,3,False,39.40912807,2.5561727099999985
Bélgica,2021,4,False,1694.949714,1655.5405859300001
Bélgica,2022,1,False,93.37637407,93.37637407
Bélgica,2022,2,False,101.3265977,7.950223629999996
Bélgica,2022,3,False,91.08098726,-10.245610439999993
Bélgica,2022,4,False,78.38581129,-12.695175969999994
Bélgica,2023,1,False,-14.86785506,-14.86785506
Bélgica,2023,2,False,-9.24615196,5.6217030999999995
Bélgica,2023,3,False,709.9260473,719.1721992600001
Bélgica,2023,4,False,-654.7889114,-1364.7149587
Bélgica,2024,1,False,6.14383498,6.14383498
Bélgica,2024,2,False,1517.781574,1511.63773902
Bélgica,2024,3,False,1469.715337,-48.066237
Bélgica,2024,4,False,1520.089679,50.37434199999984
Bélgica,2025,1,False,-41.47023665,-41.47023665
Bélgica,2025,2,False,-26.64123143,14.829005219999996
Bélgica,2025,3,False,-20.62963562,6.011595810000003
Bélgica,2025,4,False,12.1716747,32.80131032
Camboya,2006,1,False,0.0,0.0
Camboya,2006,2,True,,
Camboya,2006,3,True,,
Camboya,2006,4,True,,
Camboya,2007,1,False,0.0,0.0
Camboya,2007,2,False,0.0,0.0
Camboya,2007,3,False,0.0,0.0
Camboya,2007,4,False,0.0,0.0
Camboya,2008,1,False,0.0,0.0
Camboya,2008,2,False,0.0,0.0
Camboya,2008,3,False,0.0,0.0
Camboya,2008,4,False,0.0,0.0
Camboya,2009,1,False,0.0,0.0
Camboya,2009,2,False,0.0,0.0
Camboya,2009,3,False,0.0,0.0
Camboya,2009,4,False,0.0,0.0
Camboya,2010,1,False,0.0,0.0
Camboya,2010,2,False,0.0,0.0
Camboya,2010,3,False,0.0,0.0
Camboya,2010,4,False,0.0,0.0
Camboya,2011,1,False,0.0,0.0
Camboya,2011,2,True,,
Camboya,2011,3,True,,
Camboya,2011,4,True,,
Camboya,2012,1,False,0.0,0.0
Camboya,2012,2,False,0.0,0.0
Camboya,2012,3,False,0.0,0.0
Camboya,2012,4,True,,
Camboya,2013,1,False,0.0,0.0
Camboya,2013,2,False,0.0,0.0
Camboya,2013,3,False,0.0,0.0
Camboya,2013,4,False,0.0,0.0
Camboya,2014,1,False,0.0,0.0
Camboya,2014,2,False,0.0,0.0
Camboya,2014,3,False,0.0,0.0
Camboya,2014,4,False,0.0,0.0
Camboya,2015,1,False,0.0,0.0
Camboya,2015,2,False,0.0,0.0
Camboya,2015,3,False,0.0,0.0
Camboya,2015,4,False,0.0,0.0
Camboya,2016,1,False,0.0,0.0
Camboya,2016,2,False,0.0,0.0
Camboya,2016,3,False,0.0,0.0
Camboya,2016,4,True,,
Camboya,2017,1,False,0.0,0.0
Camboya,2017,2,False,0.0,0.0
Camboya,2017,3,False,0.0,0.0
Camboya,2017,4,False,0.0,0.0
Camboya,2018,1,False,0.0,0.0
Camboya,2018,2,False,0.0,0.0
Camboya,2018,3,False,0.0,0.0
Camboya,2018,4,False,0.0,0.0
Camboya,2019,1,False,0.0,0.0
Camboya,2019,2,False,0.0,0.0
Camboya,2019,3,False,0.0,0.0
Camboya,2019,4,False,0.0,0.0
Camboya,2020,1,False,0.0,0.0
Camboya,2020,2,False,0.0,0.0
Camboya,2020,3,False,0.0,0.0
Camboya,2020,4,False,0.0,0.0
Camboya,2021,1,False,0.0,0.0
Camboya,2021,2,False,0.0,0.0
Camboya,2021,3,False,0.0,0.0
Camboya,2021,4,False,0.0,0.0
Camboya,2022,1,False,0.0,0.0
Camboya,2022,2,False,0.0,0.0
Camboya,2022,3,False,0.0,0.0
Camboya,2022,4,False,0.0,0.0
Camboya,2023,1,False,0.0,0.0
Camboya,2023,2,False,0.0,0.0
Camboya,2023,3,False,0.0,0.0
Camboya,2023,4,False,0.0,0.0
Camboya,2024,1,False,0.0,0.0
Camboya,2024,2,False,0.0,0.0
Camboya,2024,3,False,0.0,0.0
Camboya,2024,4,False,0.0,0.0
Camboya,2025,1,False,0.0,0.0
Camboya,2025,2,False,0.0,0.0
Camboya,2025,3,False,0.0,0.0
Camboya,2025,4,False,0.0,0.0
Camerún,2006,1,False,0.0,0.0
Camerún,2006,2,False,0.0,0.0
Camerún,2006,3,True,,
Camerún,2006,4,True,,
Camerún,2007,1,False,0.0,0.0
Camerún,2007,2,False,0.0,0.0
Camerún,2007,3,False,0.0,0.0
Camerún,2007,4,False,0.0,0.0
Camerún,2008,1,False,0.0,0.0
Camerún,2008,2,False,0.0,0.0
Camerún,2008,3,True,,
Camerún,2008,4,True,,
Camerún,2009,1,False,0.0,0.0
Camerún,2009,2,False,0.0,0.0
Camerún,2009,3,False,0.0,0.0
Camerún,2009,4,False,0.0,0.0
Camerún,2010,1,False,0.0,0.0
Camerún,2010,2,False,0.0,0.0
Camerún,2010,3,False,0.0,0.0
Camerún,2010,4,False,0.0,0.0
Camerún,2011,1,False,0.0,0.0
Camerún,2011,2,False,0.0,0.0
Camerún,2011,3,False,0.0,0.0
Camerún,2011,4,False,0.0,0.0
Camerún,2012,1,False,0.0,0.0
Camerún,2012,2,False,0.0,0.0
Camerún,2012,3,False,0.0,0.0
Camerún,2012,4,False,0.0,0.0
Camerún,2013,1,False,0.0,0.0
Camerún,2013,2,False,0.0,0.0
Camerún,2013,3,False,0.0,0.0
Camerún,2013,4,False,0.0,0.0
Camerún,2014,1,False,0.0,0.0
Camerún,2014,2,False,0.0,0.0
Camerún,2014,3,False,0.0,0.0
Camerún,2014,4,False,0.0,0.0
Camerún,2015,1,False,0.0,0.0
Camerún,2015,2,False,0.0,0.0
Camerún,2015,3,False,0.0,0.0
Camerún,2015,4,False,0.0,0.0
Camerún,2016,1,False,0.0,0.0
Camerún,2016,2,False,0.0,0.0
Camerún,2016,3,False,0.0,0.0
Camerún,2016,4,False,0.0,0.0
Camerún,2017,1,False,0.0,0.0
Camerún,2017,2,False,0.0,0.0
Camerún,2017,3,False,0.0,0.0
Camerún,2017,4,False,0.0,0.0
Camerún,2018,1,False,0.0,0.0
Camerún,2018,2,False,0.0,0.0
Camerún,2018,3,False,0.0,0.0
Camerún,2018,4,True,,
Camerún,2019,1,False,0.0,0.0
Camerún,2019,2,False,0.0,0.0
Camerún,2019,3,False,0.0,0.0
Camerún,2019,4,False,0.0,0.0
Camerún,2020,1,False,0.0,0.0
Camerún,2020,2,False,0.0,0.0
Camerún,2020,3,False,0.0,0.0
Camerún,2020,4,False,0.0,0.0
Camerún,2021,1,False,0.0,0.0
Camerún,2021,2,False,0.0,0.0
Camerún,2021,3,False,0.0,0.0
Camerún,2021,4,False,0.0,0.0
Camerún,2022,1,False,0.0,0.0
Camerún,2022,2,True,,
Camerún,2022,3,True,,
Camerún,2022,4,True,,
Camerún,2023,1,False,0.0,0.0
Camerún,2023,2,False,0.0,0.0
Camerún,2023,3,False,0.0,0.0
Camerún,2023,4,False,0.0,0.0
Camerún,2024,1,False,0.0,0.0
Camerún,2024,2,False,0.0,0.0
Camerún,2024,3,False,0.0,0.0
Camerún,2024,4,False,0.0,0.0
Camerún,2025,1,False,0.0,0.0
Camerún,2025,2,False,0.0,0.0
Camerún,2025,3,False,0.0,0.0
Camerún,2025,4,False,0.0,0.0
Canadá,2006,1,False,112.8483184,112.8483184
Canadá,2006,2,False,592.7105421,479.8622237
Canadá,2006,3,False,832.0893381,239.37879599999997
Canadá,2006,4,False,992.7118657,160.6225276
Canadá,2007,1,False,101.315133,101.315133
Canadá,2007,2,False,-164.3937662,-265.7088992
Canadá,2007,3,False,310.9505481,475.34431429999995
Canadá,2007,4,False,580.9053724,269.95482430000004
Canadá,2008,1,False,594.8631083,594.8631083
Canadá,2008,2,False,1754.028013,1159.1649047
Canadá,2008,3,False,1809.40197,55.37395699999979
Canadá,2008,4,False,2802.645302,993.243332
Canadá,2009,1,False,240.5911262,240.5911262
Canadá,2009,2,False,782.4820375,541.8909113000001
Canadá,2009,3,False,1147.017367,364.5353294999999
Canadá,2009,4,False,1689.78601,542.7686430000001
Canadá,2010,1,False,395.6284544,395.6284544
Canadá,2010,2,False,1129.123766,733.4953115999999
Canadá,2010,3,False,1436.110512,306.98674600000004
Canadá,2010,4,False,1975.710203,539.5996910000001
Canadá,2011,1,False,182.2857846,182.2857846
Canadá,2011,2,False,701.2265821,518.9407974999999
Canadá,2011,3,False,936.0398976,234.81331550000004
Canadá,2011,4,False,1076.016948,139.97705039999994
Canadá,2012,1,False,188.3473969,188.3473969
Canadá,2012,2,False,810.1788877,621.8314908
Canadá,2012,3,False,919.7556995,109.57681179999997
Canadá,2012,4,False,1196.877236,277.12153650000005
Canadá,2013,1,False,447.9845649,447.9845649
Canadá,2013,2,False,1483.39112,1035.4065550999999
Canadá,2013,3,False,1805.057657,321.66653700000006
Canadá,2013,4,False,2800.363594,995.3059369999999
Canadá,2014,1,False,849.9919876,849.9919876
Canadá,2014,2,False,1994.838471,1144.8464834000001
Canadá,2014,3,False,2197.922466,203.08399499999996
Canadá,2014,4,False,2410.116371,212.1939050000001
Canadá,2015,1,False,646.2223232,646.2223232
Canadá,2015,2,False,815.9299603,169.70763709999994
Canadá,2015,3,False,1152.27126,336.34129970000004
Canadá,2015,4,False,2331.406131,1179.1348710000002
Canadá,2016,1,False,379.536814,379.536814
Canadá,2016,2,False,1118.285374,738.74856
Canadá,2016,3,False,1531.448999,413.1636249999999
Canadá,2016,4,False,2562.659613,1031.2106139999999
Canadá,2017,1,False,412.7809019,412.7809019
Canadá,2017,2,False,1762.209752,1349.4288501
Canadá,2017,3,False,2758.581471,996.371719
Canadá,2017,4,False,4001.938499,1243.357028
Canadá,2018,1,False,668.9383323,668.9383323
Canadá,2018,2,False,2965.441999,2296.5036667000004
Canadá,2018,3,False,4099.082105,1133.6401060000003
Canadá,2018,4,False,4836.509709,737.4276039999995
Canadá,2019,1,False,915.4148511,915.4148511
Canadá,2019,2,False,1631.441525,716.0266739
Canadá,2019,3,False,1977.745691,346.3041660000001
Canadá,2019,4,False,2319.513917,341.76822600000014
Canadá,2020,1,False,1105.068201,1105.068201
Canadá,2020,2,False,3725.035912,2619.967711
Canadá,2020,3,False,4320.783227,595.7473150000001
Canadá,2020,4,False,4270.485176,-50.29805099999976
Canadá,2021,1,False,1403.559212,1403.559212
Canadá,2021,2,False,1803.309741,399.75052900000014
Canadá,2021,3,False,2058.71333,255.403589
Canadá,2021,4,False,2420.126948,361.41361800000004
Canadá,2022,1,False,1668.537177,1668.537177
Canadá,2022,2,False,2805.164536,1136.6273590000003
Canadá,2022,3,False,3107.711234,302.54669799999965
Canadá,2022,4,False,3882.960069,775.2488350000003
Canadá,2023,1,False,277.4274785,277.4274785
Canadá,2023,2,False,1289.787124,1012.3596454999999
Canadá,2023,3,False,2247.981347,958.194223
Canadá,2023,4,False,3308.888324,1060.906977
Canadá,2024,1,False,2278.195003,2278.195003
Canadá,2024,2,False,2609.605515,331.4105120000004
Canadá,2024,3,False,2862.12298,252.5174649999999
Canadá,2024,4,False,3299.656154,437.5331739999997
Canadá,2025,1,False,1762.737319,1762.737319
Canadá,2025,2,False,2790.554471,1027.8171519999999
Canadá,2025,3,False,3142.407578,351.8531069999999
Canadá,2025,4,False,3486.102289,343.6947110000001
Chad,2006,1,False,0.0,0.0
Chad,2006,2,False,0.0,0.0
Chad,2006,3,False,0.0,0.0
Chad,2006,4,False,0.0,0.0
Chad,2007,1,False,0.0,0.0
Chad,2007,2,False,0.0,0.0
Chad,2007,3,False,0.0,0.0
Chad,2007,4,False,0.0,0.0
Chad,2008,1,False,0.0,0.0
Chad,2008,2,False,0.0,0.0
Chad,2008,3,False,0.0,0.0
Chad,2008,4,False,0.0,0.0
Chad,2009,1,False,0.0,0.0
Chad,2009,2,False,0.0,0.0
Chad,2009,3,False,0.0,0.0
Chad,2009,4,False,0.0,0.0
Chad,2010,1,False,0.0,0.0
Chad,2010,2,False,0.0,0.0
Chad,2010,3,False,0.0,0.0
Chad,2010,4,False,0.0,0.0
Chad,2011,1,False,0.0,0.0
Chad,2011,2,False,0.0,0.0
Chad,2011,3,False,0.0,0.0
Chad,2011,4,False,0.0,0.0
Chad,2012,1,False,0.0,0.0
Chad,2012,2,False,0.0,0.0
Chad,2012,3,False,0.0,0.0
Chad,2012,4,False,0.0,0.0
Chad,2013,1,False,0.0,0.0
Chad,2013,2,False,0.0,0.0
Chad,2013,3,False,0.0,0.0
Chad,2013,4,False,0.0,0.0
Chad,2014,1,False,0.0,0.0
Chad,2014,2,True,,
Chad,2014,3,True,,
Chad,2014,4,True,,
Chad,2015,1,False,0.0,0.0
Chad,2015,2,False,0.0,0.0
Chad,2015,3,False,0.0,0.0
Chad,2015,4,False,0.0,0.0
Chad,2016,1,False,0.0,0.0
Chad,2016,2,False,0.0,0.0
Chad,2016,3,False,0.0,0.0
Chad,2016,4,False,0.0,0.0
Chad,2017,1,False,0.0,0.0
Chad,2017,2,False,0.0,0.0
Chad,2017,3,False,0.0,0.0
Chad,2017,4,False,0.0,0.0
Chad,2018,1,False,0.0,0.0
Chad,2018,2,False,0.0,0.0
Chad,2018,3,False,0.0,0.0
Chad,2018,4,False,0.0,0.0
Chad,2019,1,False,0.0,0.0
Chad,2019,2,False,0.0,0.0
Chad,2019,3,False,0.0,0.0
Chad,2019,4,False,0.0,0.0
Chad,2020,1,False,0.0,0.0
Chad,2020,2,False,0.0,0.0
Chad,2020,3,False,0.0,0.0
Chad,2020,4,False,0.0,0.0
Chad,2021,1,False,0.0,0.0
Chad,2021,2,False,0.0,0.0
Chad,2021,3,False,0.0,0.0
Chad,2021,4,False,0.0,0.0
Chad,2022,1,False,0.0,0.0
Chad,2022,2,False,0.0,0.0
Chad,2022,3,False,0.0,0.0
Chad,2022,4,False,0.0,0.0
Chad,2023,1,False,0.0,0.0
Chad,2023,2,False,0.0,0.0
Chad,2023,3,False,0.0,0.0
Chad,2023,4,False,0.0,0.0
Chad,2024,1,False,0.0,0.0
Chad,2024,2,False,0.0,0.0
Chad,2024,3,False,0.0,0.0
Chad,2024,4,False,0.0,0.0
Chad,2025,1,False,0.0,0.0
Chad,2025,2,False,0.0,0.0
Chad,2025,3,False,0.0,0.0
Chad,2025,4,False,0.0,0.0
Chequia,2006,1,True,,
Chequia,2006,2,False,0.179587,
Chequia,2006,3,False,0.200122,0.020534999999999998
Chequia,2006,4,False,0.201222,0.0011000000000000176
Chequia,2007,1,True,,
Chequia,2007,2,True,,
Chequia,2007,3,False,2.988466,
Chequia,2007,4,False,4.144964,1.156498
Chequia,2008,1,True,,
Chequia,2008,2,False,2.612432,
Chequia,2008,3,False,4.041499,1.4290669999999999
Chequia,2008,4,False,5.71883,1.6773309999999997
Chequia,2009,1,False,0.0,0.0
Chequia,2009,2,False,0.0,0.0
Chequia,2009,3,False,0.0,0.0
Chequia,2009,4,True,,
Chequia,2010,1,False,0.0,0.0
Chequia,2010,2,True,,
Chequia,2010,3,True,,
Chequia,2010,4,False,-0.062153,
Chequia,2011,1,False,-0.17825982,-0.17825982
Chequia,2011,2,False,-0.27468182,-0.09642200000000001
Chequia,2011,3,False,0.77148918,1.046171
Chequia,2011,4,False,0.77148918,0.0
Chequia,2012,1,False,3.29492478,3.29492478
Chequia,2012,2,False,3.60725678,0.31233200000000005
Chequia,2012,3,False,6.03197378,2.4247170000000002
Chequia,2012,4,False,8.31951778,2.2875439999999996
Chequia,2013,1,False,1.973596,1.973596
Chequia,2013,2,False,6.081384,4.107788
Chequia,2013,3,False,6.007594,-0.0737899999999998
Chequia,2013,4,False,5.175359,-0.8322349999999998
Chequia,2014,1,False,0.006986,0.006986
Chequia,2014,2,False,0.02778,0.020794
Chequia,2014,3,False,0.081222,0.053442
Chequia,2014,4,False,0.206961,0.125739
Chequia,2015,1,True,,
Chequia,2015,2,False,0.004154,
Chequia,2015,3,False,0.004154,0.0
Chequia,2015,4,False,0.004154,0.0
Chequia,2016,1,True,,
Chequia,2016,2,True,,
Chequia,2016,3,False,0.314772,
Chequia,2016,4,False,0.314772,0.0
Chequia,2017,1,False,0.03492794,0.03492794
Chequia,2017,2,False,0.07840902,0.04348108
Chequia,2017,3,False,0.07840902,0.0
Chequia,2017,4,False,0.08105193,0.0026429099999999983
Chequia,2018,1,False,0.31827158,0.31827158
Chequia,2018,2,False,0.31842616,0.00015458000000001526
Chequia,2018,3,False,0.31842616,0.0
Chequia,2018,4,False,1.88166888,1.56324272
Chequia,2019,1,True,,
Chequia,2019,2,False,0.10803962,
Chequia,2019,3,False,0.10932675,0.0012871299999999974
Chequia,2019,4,False,0.10932675,0.0
Chequia,2020,1,True,,
Chequia,2020,2,True,,
Chequia,2020,3,True,,
Chequia,2020,4,True,,
Chequia,2021,1,False,0.01595124,0.01595124
Chequia,2021,2,False,0.19085067,0.17489943
Chequia,2021,3,False,0.19085067,0.0
Chequia,2021,4,False,0.06965159,-0.12119908
Chequia,2022,1,False,0.0,0.0
Chequia,2022,2,True,,
Chequia,2022,3,False,0.27017977,
Chequia,2022,4,False,-0.19340119,-0.46358096
Chequia,2023,1,False,0.53348444,0.53348444
Chequia,2023,2,False,1.19443947,0.6609550300000001
Chequia,2023,3,False,3.28415416,2.08971469
Chequia,2023,4,False,3.28415416,0.0
Chequia,2024,1,False,0.0,0.0
Chequia,2024,2,False,0.0,0.0
Chequia,2024,3,False,-0.04068121,-0.04068121
Chequia,2024,4,False,0.15551502,0.19619623
Chequia,2025,1,False,0.56878106,0.56878106
Chequia,2025,2,False,1.27888279,0.71010173
Chequia,2025,3,False,1.56167504,0.28279224999999997
Chequia,2025,4,False,1.56167504,0.0
Chile,2006,1,False,6.833925,6.833925
Chile,2006,2,False,12.74149,5.907565000000001
Chile,2006,3,False,18.764505,6.023014999999999
Chile,2006,4,False,53.991346,35.226841
Chile,2007,1,False,6.026587,6.026587
Chile,2007,2,False,12.468835,6.442248
Chile,2007,3,False,23.209961,10.741126
Chile,2007,4,False,34.4966,11.286639000000001
Chile,2008,1,False,8.138578,8.138578
Chile,2008,2,False,23.980815,15.842236999999999
Chile,2008,3,False,33.660567,9.679752
Chile,2008,4,False,40.324833,6.664265999999998
Chile,2009,1,False,0.970509,0.970509
Chile,2009,2,False,4.35855536,3.3880463600000006
Chile,2009,3,False,26.83747436,22.478919
Chile,2009,4,False,47.1870253,20.34955094
Chile,2010,1,False,2.736678,2.736678
Chile,2010,2,False,11.234661,8.497983
Chile,2010,3,False,61.598405,50.363744
Chile,2010,4,False,88.498031,26.899625999999998
Chile,2011,1,False,6.895732,6.895732
Chile,2011,2,False,0.938021,-5.957711
Chile,2011,3,False,36.438515,35.500494
Chile,2011,4,False,58.39958248,21.961067479999997
Chile,2012,1,False,20.91157732,20.91157732
Chile,2012,2,False,18.42221516,-2.489362159999999
Chile,2012,3,False,15.34074816,-3.081467
Chile,2012,4,False,28.31512516,12.974377
Chile,2013,1,False,84.93527937,84.93527937
Chile,2013,2,False,91.23648678,6.3012074100000035
Chile,2013,3,False,118.462101,27.225614219999997
Chile,2013,4,False,233.4638955,115.0017945
Chile,2014,1,False,66.051432,66.051432
Chile,2014,2,False,78.62774959,12.576317589999988
Chile,2014,3,False,25.23482959,-53.39291999999999
Chile,2014,4,False,42.31911975,17.08429016
Chile,2015,1,False,40.37684023,40.37684023
Chile,2015,2,False,66.73084628,26.354006049999995
Chile,2015,3,False,114.8665079,48.13566162000001
Chile,2015,4,False,122.3874329,7.520924999999991
Chile,2016,1,False,-16.61791252,-16.61791252
Chile,2016,2,False,4.58377632,21.201688840000003
Chile,2016,3,False,0.05385033,-4.52992599
Chile,2016,4,False,13.52964297,13.47579264
Chile,2017,1,False,25.84400454,25.84400454
Chile,2017,2,False,25.58798519,-0.256019349999999
Chile,2017,3,False,32.09052492,6.502539729999999
Chile,2017,4,False,34.80688682,2.7163619000000025
Chile,2018,1,False,12.7305727,12.7305727
Chile,2018,2,False,51.31854517,38.58797247
Chile,2018,3,False,68.35622247,17.037677300000006
Chile,2018,4,False,90.38217425,22.02595178
Chile,2019,1,False,-16.3093166,-16.3093166
Chile,2019,2,False,12.67750889,28.98682549
Chile,2019,3,False,0.80194387,-11.87556502
Chile,2019,4,False,-3.15820556,-3.96014943
Chile,2020,1,False,53.86735771,53.86735771
Chile,2020,2,False,120.5169576,66.64959988999999
Chile,2020,3,False,113.6919729,-6.824984700000002
Chile,2020,4,False,91.78643647,-21.905536429999998
Chile,2021,1,False,77.77340404,77.77340404
Chile,2021,2,False,68.55609418,-9.21730986
Chile,2021,3,False,68.34159363,-0.2145005499999968
Chile,2021,4,False,76.88371545,8.542121819999991
Chile,2022,1,False,10.54735192,10.54735192
Chile,2022,2,False,76.65567816,66.10832624
Chile,2022,3,False,52.78048308,-23.87519507999999
Chile,2022,4,False,221.7379603,168.95747722
Chile,2023,1,False,220.4452554,220.4452554
Chile,2023,2,False,173.8067829,-46.638472500000006
Chile,2023,3,False,176.1962697,2.389486799999986
Chile,2023,4,False,145.7892553,-30.40701439999998
Chile,2024,1,False,83.39261235,83.39261235
Chile,2024,2,False,147.1045463,63.71193395000002
Chile,2024,3,False,234.8550273,87.75048099999998
Chile,2024,4,False,262.1128726,27.257845300000014
Chile,2025,1,False,27.44920709,27.44920709
Chile,2025,2,False,49.36902126,21.919814169999995
Chile,2025,3,False,36.16033682,-13.208684439999999
Chile,2025,4,False,58.24109035,22.080753530000003
"China, República Popular de",2006,1,False,19.189158,19.189158
"China, República Popular de",2006,2,False,22.115915,2.926757000000002
"China, República Popular de",2006,3,False,30.128373,8.012457999999999
"China, República Popular de",2006,4,False,35.691391,5.563018000000003
"China, República Popular de",2007,1,False,2.789582,2.789582
"China, República Popular de",2007,2,False,9.364402,6.574820000000001
"China, República Popular de",2007,3,False,13.92774,4.563338
"China, República Popular de",2007,4,False,21.68159,7.75385
"China, República Popular de",2008,1,False,3.864598,3.864598
"China, República Popular de",2008,2,False,7.649944,3.7853459999999997
"China, República Popular de",2008,3,False,8.395524,0.7455800000000004
"China, República Popular de",2008,4,False,18.564565,10.169041000000002
"China, República Popular de",2009,1,False,20.444519,20.444519
"China, República Popular de",2009,2,False,25.788547,5.3440280000000016
"China, República Popular de",2009,3,False,27.292848,1.5043009999999981
"China, República Popular de",2009,4,False,36.950036,9.657187999999998
"China, República Popular de",2010,1,False,2.397859,2.397859
"China, República Popular de",2010,2,False,15.710703,13.312844
"China, República Popular de",2010,3,False,22.974692,7.2639890000000005
"China, República Popular de",2010,4,False,30.530053,7.555360999999998
"China, República Popular de",2011,1,False,1.51789182,1.51789182
"China, República Popular de",2011,2,False,18.39837182,16.880480000000002
"China, República Popular de",2011,3,False,37.10962926,18.711257439999997
"China, República Popular de",2011,4,False,43.07168463,5.962055370000002
"China, República Popular de",2012,1,False,17.90452703,17.90452703
"China, República Popular de",2012,2,False,52.25255503,34.348028
"China, República Popular de",2012,3,False,65.71825303,13.465697999999996
"China, República Popular de",2012,4,False,89.41599003,23.697737000000004
"China, República Popular de",2013,1,False,5.015129,5.015129
"China, República Popular de",2013,2,False,8.792266,3.7771369999999997
"China, República Popular de",2013,3,False,15.21742314,6.42515714
"China, República Popular de",2013,4,False,24.61885479,9.401431650000001
"China, República Popular de",2014,1,False,15.807343,15.807343
"China, República Popular de",2014,2,False,46.76983167,30.962488670000003
"China, República Popular de",2014,3,False,91.26913443,44.49930275999999
"China, República Popular de",2014,4,False,93.49618965,2.227055220000011
"China, República Popular de",2015,1,False,15.81796812,15.81796812
"China, República Popular de",2015,2,False,23.70406062,7.8860925
"China, República Popular de",2015,3,False,24.17994962,0.4758889999999987
"China, República Popular de",2015,4,False,49.4814617,25.30151208
"China, República Popular de",2016,1,False,20.35118943,20.35118943
"China, República Popular de",2016,2,False,59.94419358,39.59300415
"China, República Popular de",2016,3,False,55.18003993,-4.764153649999997
"China, República Popular de",2016,4,False,90.46479878,35.284758849999996
"China, República Popular de",2017,1,False,-0.90280192,-0.90280192
"China, República Popular de",2017,2,False,10.39117158,11.2939735
"China, República Popular de",2017,3,False,37.35225947,26.96108789
"China, República Popular de",2017,4,False,122.9760427,85.62378322999999
"China, República Popular de",2018,1,False,94.47182519,94.47182519
"China, República Popular de",2018,2,False,205.8375212,111.36569601
"China, República Popular de",2018,3,False,235.2022376,29.364716399999992
"China, República Popular de",2018,4,False,271.8087414,36.606503799999984
"China, República Popular de",2019,1,False,14.62697782,14.62697782
"China, República Popular de",2019,2,False,63.30474023,48.67776241
"China, República Popular de",2019,3,False,153.6443761,90.33963587
"China, República Popular de",2019,4,False,86.36205544,-67.28232065999998
"China, República Popular de",2020,1,False,79.14077373,79.14077373
"China, República Popular de",2020,2,False,127.4672999,48.326526169999994
"China, República Popular de",2020,3,False,144.4653669,16.998066999999992
"China, República Popular de",2020,4,False,179.9160679,35.45070100000001
"China, República Popular de",2021,1,False,73.48735007,73.48735007
"China, República Popular de",2021,2,False,123.9819069,50.49455682999999
"China, República Popular de",2021,3,False,162.3792389,38.39733199999999
"China, República Popular de",2021,4,False,232.4544544,70.07521550000001
"China, República Popular de",2022,1,False,22.16183481,22.16183481
"China, República Popular de",2022,2,False,346.3309921,324.16915729
"China, República Popular de",2022,3,False,470.7155642,124.38457210000001
"China, República Popular de",2022,4,False,548.5914326,77.87586839999994
"China, República Popular de",2023,1,False,30.83737774,30.83737774
"China, República Popular de",2023,2,False,105.1702433,74.33286555999999
"China, República Popular de",2023,3,False,70.07588193,-35.09436137
"China, República Popular de",2023,4,False,184.2894859,114.21360397
"China, República Popular de",2024,1,False,-4.48662939,-4.48662939
"China, República Popular de",2024,2,False,306.2191891,310.70581849
"China, República Popular de",2024,3,False,616.8716006,310.65241149999997
"China, República Popular de",2024,4,False,921.2246029,304.35300230000007
"China, República Popular de",2025,1,False,27.91671948,27.91671948
"China, República Popular de",2025,2,False,197.2105317,169.29381221999998
"China, República Popular de",2025,3,False,336.034909,138.82437730000004
"China, República Popular de",2025,4,False,576.7945991,240.7596901
Chipre,2006,1,False,0.0,0.0
Chipre,2006,2,False,0.0,0.0
Chipre,2006,3,False,0.0,0.0
Chipre,2006,4,False,0.0,0.0
Chipre,2007,1,False,0.0,0.0
Chipre,2007,2,False,0.0,0.0
Chipre,2007,3,False,0.0,0.0
Chipre,2007,4,False,0.0,0.0
Chipre,2008,1,False,0.0,0.0
Chipre,2008,2,False,0.0,0.0
Chipre,2008,3,True,,
Chipre,2008,4,True,,
Chipre,2009,1,False,0.0,0.0
Chipre,2009,2,False,0.0,0.0
Chipre,2009,3,False,0.0,0.0
Chipre,2009,4,False,0.0,0.0
Chipre,2010,1,False,0.0,0.0
Chipre,2010,2,True,,
Chipre,2010,3,True,,
Chipre,2010,4,True,,
Chipre,2011,1,True,,
Chipre,2011,2,False,1.05971724,
Chipre,2011,3,False,1.05971724,0.0
Chipre,2011,4,False,1.05971724,0.0
Chipre,2012,1,False,0.0,0.0
Chipre,2012,2,False,0.0,0.0
Chipre,2012,3,True,,
Chipre,2012,4,True,,
Chipre,2013,1,False,0.0,0.0
Chipre,2013,2,False,0.0,0.0
Chipre,2013,3,False,0.0,0.0
Chipre,2013,4,False,0.0,0.0
Chipre,2014,1,False,0.0,0.0
Chipre,2014,2,False,0.0,0.0
Chipre,2014,3,False,0.0,0.0
Chipre,2014,4,False,0.0,0.0
Chipre,2015,1,False,0.0,0.0
Chipre,2015,2,False,0.0,0.0
Chipre,2015,3,False,0.0,0.0
Chipre,2015,4,False,0.0,0.0
Chipre,2016,1,True,,
Chipre,2016,2,False,0.00663652,
Chipre,2016,3,False,0.00663652,0.0
Chipre,2016,4,False,0.00663652,0.0
Chipre,2017,1,False,0.0,0.0
Chipre,2017,2,False,0.0,0.0
Chipre,2017,3,True,,
Chipre,2017,4,True,,
Chipre,2018,1,True,,
Chipre,2018,2,True,,
Chipre,2018,3,False,1.19402175,
Chipre,2018,4,False,9.0172372,7.82321545
Chipre,2019,1,False,0.0,0.0
Chipre,2019,2,True,,
Chipre,2019,3,False,8.61432505,
Chipre,2019,4,False,8.61640063,0.0020755799999996327
Chipre,2020,1,False,0.0,0.0
Chipre,2020,2,False,0.0,0.0
Chipre,2020,3,True,,
Chipre,2020,4,True,,
Chipre,2021,1,False,0.0,0.0
Chipre,2021,2,True,,
Chipre,2021,3,True,,
Chipre,2021,4,False,-2.78576263,
Chipre,2022,1,True,,
Chipre,2022,2,True,,
Chipre,2022,3,False,-2.23057904,
Chipre,2022,4,False,-2.23057904,0.0
Chipre,2023,1,True,,
Chipre,2023,2,False,0.00534765,
Chipre,2023,3,False,0.00534765,0.0
Chipre,2023,4,False,0.00534771,6.000000000051103e-08
Chipre,2024,1,True,,
Chipre,2024,2,True,,
Chipre,2024,3,True,,
Chipre,2024,4,False,0.13240879,
Chipre,2025,1,False,0.0,0.0
Chipre,2025,2,False,0.0,0.0
Chipre,2025,3,True,,
Chipre,2025,4,True,,
Colombia,2006,1,False,0.337382,0.337382
Colombia,2006,2,False,79.676427,79.339045
Colombia,2006,3,False,108.515661,28.83923399999999
Colombia,2006,4,False,109.723832,1.2081710000000072
Colombia,2007,1,False,10.019358,10.019358
Colombia,2007,2,False,41.17711982,31.15776182
Colombia,2007,3,False,521.3857518,480.20863197999995
Colombia,2007,4,False,492.7350689,-28.650682899999993
Colombia,2008,1,False,7.614403,7.614403
Colombia,2008,2,False,9.447238,1.8328350000000002
Colombia,2008,3,False,12.046141,2.598903
Colombia,2008,4,False,55.067315,43.021174
Colombia,2009,1,False,6.36711874,6.36711874
Colombia,2009,2,False,13.36102782,6.99390908
Colombia,2009,3,False,15.98485473,2.62382691
Colombia,2009,4,False,23.62026173,7.635406999999999
Colombia,2010,1,False,7.23022201,7.23022201
Colombia,2010,2,False,11.996355,4.766132989999999
Colombia,2010,3,False,19.795181,7.798826
Colombia,2010,4,False,23.61762943,3.8224484300000015
Colombia,2011,1,False,40.27629549,40.27629549
Colombia,2011,2,False,45.14046882,4.86417333
Colombia,2011,3,False,164.2571928,119.11672398000002
Colombia,2011,4,False,191.0892408,26.832047999999986
Colombia,2012,1,False,5.780043,5.780043
Colombia,2012,2,False,5.483099,-0.2969439999999999
Colombia,2012,3,False,16.03078324,10.547684240000002
Colombia,2012,4,False,34.75734101,18.726557769999996
Colombia,2013,1,False,14.19588964,14.19588964
Colombia,2013,2,False,66.82627812,52.63038847999999
Colombia,2013,3,False,101.7223782,34.89610008
Colombia,2013,4,False,84.07080075,-17.65157744999999
Colombia,2014,1,False,36.30111465,36.30111465
Colombia,2014,2,False,38.66081194,2.3596972899999997
Colombia,2014,3,False,81.21710189,42.55628994999999
Colombia,2014,4,False,94.16040889,12.943307000000004
Colombia,2015,1,False,9.88488363,9.88488363
Colombia,2015,2,False,53.90167907,44.01679544
Colombia,2015,3,False,70.41835396,16.516674890000004
Colombia,2015,4,False,127.5964656,57.17811164
Colombia,2016,1,False,70.49540601,70.49540601
Colombia,2016,2,False,57.08976085,-13.405645159999999
Colombia,2016,3,False,86.09009641,29.000335560000003
Colombia,2016,4,False,157.7854393,71.69534289
Colombia,2017,1,False,3.76885055,3.76885055
Colombia,2017,2,False,77.42226369,73.65341314
Colombia,2017,3,False,85.75497616,8.332712470000004
Colombia,2017,4,False,46.39347046,-39.361505699999995
Colombia,2018,1,False,104.6390338,104.6390338
Colombia,2018,2,False,2.82908266,-101.80995114000001
Colombia,2018,3,False,-11.10991153,-13.938994189999999
Colombia,2018,4,False,-2.75461182,8.35529971
Colombia,2019,1,False,115.015996,115.015996
Colombia,2019,2,False,135.2862298,20.2702338
Colombia,2019,3,False,148.4592111,13.172981300000004
Colombia,2019,4,False,220.0723443,71.6131332
Colombia,2020,1,False,169.020905,169.020905
Colombia,2020,2,False,123.7483008,-45.2726042
Colombia,2020,3,False,105.8205206,-17.9277802
Colombia,2020,4,False,113.2627404,7.442219800000004
Colombia,2021,1,False,28.4866716,28.4866716
Colombia,2021,2,False,23.92864534,-4.558026260000002
Colombia,2021,3,False,43.64381581,19.71517047
Colombia,2021,4,False,79.93410554,36.290289730000005
Colombia,2022,1,False,51.10629915,51.10629915
Colombia,2022,2,False,147.3002,96.19390084999999
Colombia,2022,3,False,152.7421505,5.441950500000019
Colombia,2022,4,False,189.6151279,36.872977399999996
Colombia,2023,1,False,44.81964885,44.81964885
Colombia,2023,2,False,97.81866832,52.99901947
Colombia,2023,3,False,114.2074964,16.388828079999996
Colombia,2023,4,False,47.56438123,-66.64311516999999
Colombia,2024,1,False,47.9232048,47.9232048
Colombia,2024,2,False,108.2458984,60.3226936
Colombia,2024,3,False,89.9269001,-18.318998300000004
Colombia,2024,4,False,93.69198007,3.765079970000002
Colombia,2025,1,False,27.62827513,27.62827513
Colombia,2025,2,False,129.8680906,102.23981547
Colombia,2025,3,False,128.1921166,-1.6759739999999965
Colombia,2025,4,False,85.69189996,-42.50021663999999
"Congo, República Democrática del",2006,1,False,0.0,0.0
"Congo, República Democrática del",2006,2,False,0.0,0.0
"Congo, República Democrática del",2006,3,True,,
"Congo, República Democrática del",2006,4,True,,
"Congo, República Democrática del",2007,1,False,0.0,0.0
"Congo, República Democrática del",2007,2,False,0.0,0.0
"Congo, República Democrática del",2007,3,False,0.0,0.0
"Congo, República Democrática del",2007,4,False,0.0,0.0
"Congo, República Democrática del",2008,1,False,0.0,0.0
"Congo, República Democrática del",2008,2,False,0.0,0.0
"Congo, República Democrática del",2008,3,False,0.0,0.0
"Congo, República Democrática del",2008,4,False,0.0,0.0
"Congo, República Democrática del",2009,1,False,0.0,0.0
"Congo, República Democrática del",2009,2,False,0.0,0.0
"Congo, República Democrática del",2009,3,False,0.0,0.0
"Congo, República Democrática del",2009,4,False,0.0,0.0
"Congo, República Democrática del",2010,1,False,0.0,0.0
"Congo, República Democrática del",2010,2,False,0.0,0.0
"Congo, República Democrática del",2010,3,False,0.0,0.0
"Congo, República Democrática del",2010,4,False,0.0,0.0
"Congo, República Democrática del",2011,1,False,0.0,0.0
"Congo, República Democrática del",2011,2,False,0.0,0.0
"Congo, República Democrática del",2011,3,False,0.0,0.0
"Congo, República Democrática del",2011,4,False,0.0,0.0
"Congo, República Democrática del",2012,1,False,0.0,0.0
"Congo, República Democrática del",2012,2,False,0.0,0.0
"Congo, República Democrática del",2012,3,True,,
"Congo, República Democrática del",2012,4,True,,
"Congo, República Democrática del",2013,1,False,0.0,0.0
"Congo, República Democrática del",2013,2,False,0.0,0.0
"Congo, República Democrática del",2013,3,True,,
"Congo, República Democrática del",2013,4,True,,
"Congo, República Democrática del",2014,1,False,0.0,0.0
"Congo, República Democrática del",2014,2,False,0.0,0.0
"Congo, República Democrática del",2014,3,False,0.0,0.0
"Congo, República Democrática del",2014,4,False,0.0,0.0
"Congo, República Democrática del",2015,1,False,0.0,0.0
"Congo, República Democrática del",2015,2,False,0.0,0.0
"Congo, República Democrática del",2015,3,False,0.0,0.0
"Congo, República Democrática del",2015,4,False,0.0,0.0
"Congo, República Democrática del",2016,1,False,0.0,0.0
"Congo, República Democrática del",2016,2,False,0.0,0.0
"Congo, República Democrática del",2016,3,False,0.0,0.0
"Congo, República Democrática del",2016,4,False,0.0,0.0
"Congo, República Democrática del",2017,1,False,0.0,0.0
"Congo, República Democrática del",2017,2,False,0.0,0.0
"Congo, República Democrática del",2017,3,False,0.0,0.0
"Congo, República Democrática del",2017,4,False,0.0,0.0
"Congo, República Democrática del",2018,1,False,0.0,0.0
"Congo, República Democrática del",2018,2,False,0.0,0.0
"Congo, República Democrática del",2018,3,False,0.0,0.0
"Congo, República Democrática del",2018,4,False,0.0,0.0
"Congo, República Democrática del",2019,1,False,0.0,0.0
"Congo, República Democrática del",2019,2,False,0.0,0.0
"Congo, República Democrática del",2019,3,False,0.0,0.0
"Congo, República Democrática del",2019,4,False,0.0,0.0
"Congo, República Democrática del",2020,1,False,0.0,0.0
"Congo, República Democrática del",2020,2,False,0.0,0.0
"Congo, República Democrática del",2020,3,False,0.0,0.0
"Congo, República Democrática del",2020,4,False,0.0,0.0
"Congo, República Democrática del",2021,1,False,0.0,0.0
"Congo, República Democrática del",2021,2,False,0.0,0.0
"Congo, República Democrática del",2021,3,False,0.0,0.0
"Congo, República Democrática del",2021,4,False,0.0,0.0
"Congo, República Democrática del",2022,1,False,0.0,0.0
"Congo, República Democrática del",2022,2,False,0.0,0.0
"Congo, República Democrática del",2022,3,False,0.0,0.0
"Congo, República Democrática del",2022,4,False,0.0,0.0
"Congo, República Democrática del",2023,1,False,0.0,0.0
"Congo, República Democrática del",2023,2,False,0.0,0.0
"Congo, República Democrática del",2023,3,False,0.0,0.0
"Congo, República Democrática del",2023,4,False,0.0,0.0
"Congo, República Democrática del",2024,1,False,0.0,0.0
"Congo, República Democrática del",2024,2,False,0.0,0.0
"Congo, República Democrática del",2024,3,False,0.0,0.0
"Congo, República Democrática del",2024,4,False,0.0,0.0
"Congo, República Democrática del",2025,1,False,0.0,0.0
"Congo, República Democrática del",2025,2,False,0.0,0.0
"Congo, República Democrática del",2025,3,False,0.0,0.0
"Congo, República Democrática del",2025,4,False,0.0,0.0
"Corea, República de",2006,1,False,39.466561,39.466561
"Corea, República de",2006,2,False,63.062604,23.596043
"Corea, República de",2006,3,False,98.705556,35.642952
"Corea, República de",2006,4,False,172.060767,73.355211
"Corea, República de",2007,1,False,47.488608,47.488608
"Corea, República de",2007,2,False,64.332644,16.844036000000003
"Corea, República de",2007,3,False,178.871353,114.538709
"Corea, República de",2007,4,False,294.264244,115.39289100000002
"Corea, República de",2008,1,False,59.718336,59.718336
"Corea, República de",2008,2,False,503.5972795,443.8789435
"Corea, República de",2008,3,False,800.9375565,297.340277
"Corea, República de",2008,4,False,809.2209175,8.283361000000014
"Corea, República de",2009,1,False,115.6044908,115.6044908
"Corea, República de",2009,2,False,159.4223964,43.8179056
"Corea, República de",2009,3,False,181.9830674,22.560671000000013
"Corea, República de",2009,4,False,194.0686656,12.085598199999993
"Corea, República de",2010,1,False,93.257543,93.257543
"Corea, República de",2010,2,False,116.2613102,23.0037672
"Corea, República de",2010,3,False,273.8762742,157.61496400000001
"Corea, República de",2010,4,False,369.9185009,96.04222670000001
"Corea, República de",2011,1,False,138.430984,138.430984
"Corea, República de",2011,2,False,306.991628,168.560644
"Corea, República de",2011,3,False,473.627506,166.635878
"Corea, República de",2011,4,False,495.188036,21.56053000000003
"Corea, República de",2012,1,False,101.582201,101.582201
"Corea, República de",2012,2,False,116.0116396,14.429438599999997
"Corea, República de",2012,3,False,173.2972151,57.28557549999999
"Corea, República de",2012,4,False,441.2972261,268.000011
"Corea, República de",2013,1,False,75.49982609,75.49982609
"Corea, República de",2013,2,False,194.9701895,119.47036341
"Corea, República de",2013,3,False,249.2429086,54.27271909999999
"Corea, República de",2013,4,False,460.0037036,210.760795
"Corea, República de",2014,1,False,-31.008959,-31.008959
"Corea, República de",2014,2,False,199.0778048,230.0867638
"Corea, República de",2014,3,False,344.4556662,145.3778614
"Corea, República de",2014,4,False,587.4438447,242.9881785
"Corea, República de",2015,1,False,436.4732086,436.4732086
"Corea, República de",2015,2,False,590.8037829,154.33057429999997
"Corea, República de",2015,3,False,782.2874608,191.48367789999998
"Corea, República de",2015,4,False,983.9055906,201.61812980000002
"Corea, República de",2016,1,False,570.7059715,570.7059715
"Corea, República de",2016,2,False,899.1137865,328.4078149999999
"Corea, República de",2016,3,False,785.5863498,-113.52743669999995
"Corea, República de",2016,4,False,1112.960714,327.37436420000006
"Corea, República de",2017,1,False,217.6482776,217.6482776
"Corea, República de",2017,2,False,422.1934678,204.5451902
"Corea, República de",2017,3,False,12.83211817,-409.36134963
"Corea, República de",2017,4,False,245.0328131,232.20069493
"Corea, República de",2018,1,False,-22.28862049,-22.28862049
"Corea, República de",2018,2,False,148.2800701,170.56869059
"Corea, República de",2018,3,False,469.277312,320.9972419
"Corea, República de",2018,4,False,701.7467304,232.46941840000005
"Corea, República de",2019,1,False,234.447918,234.447918
"Corea, República de",2019,2,False,305.1848238,70.73690580000002
"Corea, República de",2019,3,False,210.8619269,-94.32289690000002
"Corea, República de",2019,4,False,175.7662329,-35.09569399999998
"Corea, República de",2020,1,False,108.3631801,108.3631801
"Corea, República de",2020,2,False,313.9050056,205.5418255
"Corea, República de",2020,3,False,616.4502145,302.54520890000003
"Corea, República de",2020,4,False,588.1091107,-28.34110380000004
"Corea, República de",2021,1,False,124.7033967,124.7033967
"Corea, República de",2021,2,False,286.6424862,161.93908950000002
"Corea, República de",2021,3,False,549.7994628,263.1569766
"Corea, República de",2021,4,False,733.2452888,183.445826
"Corea, República de",2022,1,False,82.42677847,82.42677847
"Corea, República de",2022,2,False,567.9365031,485.50972463
"Corea, República de",2022,3,False,739.5454101,171.60890700000004
"Corea, República de",2022,4,False,683.9046709,-55.640739199999985
"Corea, República de",2023,1,False,196.0558885,196.0558885
"Corea, República de",2023,2,False,193.9155669,-2.1403216000000214
"Corea, República de",2023,3,False,444.1917436,250.2761767
"Corea, República de",2023,4,False,571.690386,127.4986424
"Corea, República de",2024,1,False,926.7547534,926.7547534
"Corea, República de",2024,2,False,999.4482237,72.69347029999994
"Corea, República de",2024,3,False,1317.020082,317.57185830000003
"Corea, República de",2024,4,False,1381.337507,64.31742499999996
"Corea, República de",2025,1,False,895.9521549,895.9521549
"Corea, República de",2025,2,False,715.3451479,-180.60700699999995
"Corea, República de",2025,3,False,866.3370425,150.99189460000002
"Corea, República de",2025,4,False,528.0054837,-338.33155880000004
Costa Rica,2006,1,False,0.731045,0.731045
Costa Rica,2006,2,False,3.046446,2.315401
Costa Rica,2006,3,False,8.356339,5.309893000000001
Costa Rica,2006,4,False,13.957916,5.601577000000001
Costa Rica,2007,1,False,8.64004,8.64004
Costa Rica,2007,2,False,12.53407,3.894029999999999
Costa Rica,2007,3,False,13.907111,1.3730410000000006
Costa Rica,2007,4,False,20.152905,6.245794
Costa Rica,2008,1,False,1.467252,1.467252
Costa Rica,2008,2,False,1.89606042,0.42880841999999997
Costa Rica,2008,3,False,13.00119342,11.105133
Costa Rica,2008,4,False,13.30602942,0.3048359999999999
Costa Rica,2009,1,False,0.898684,0.898684
Costa Rica,2009,2,False,31.777885,30.879201000000002
Costa Rica,2009,3,False,40.555953,8.778068000000001
Costa Rica,2009,4,False,44.991431,4.435477999999996
Costa Rica,2010,1,False,10.30017,10.30017
Costa Rica,2010,2,False,12.400947,2.100777000000001
Costa Rica,2010,3,False,12.97482806,0.5738810599999997
Costa Rica,2010,4,False,44.34059806,31.365769999999998
Costa Rica,2011,1,False,4.169882,4.169882
Costa Rica,2011,2,False,10.577317,6.407435
Costa Rica,2011,3,False,-18.505776,-29.083093
Costa Rica,2011,4,False,-16.474665,2.0311109999999992
Costa Rica,2012,1,False,0.01528006,0.01528006
Costa Rica,2012,2,False,1.99668306,1.981403
Costa Rica,2012,3,False,31.37093906,29.374256000000003
Costa Rica,2012,4,False,37.79754306,6.426604000000001
Costa Rica,2013,1,False,0.256315,0.256315
Costa Rica,2013,2,False,0.332358,0.07604299999999997
Costa Rica,2013,3,False,44.106475,43.774117000000004
Costa Rica,2013,4,False,6.954737,-37.151738
Costa Rica,2014,1,False,0.00385258,0.00385258
Costa Rica,2014,2,False,2.64441579,2.64056321
Costa Rica,2014,3,False,2.64672979,0.0023140000000001493
Costa Rica,2014,4,False,5.64948479,3.0027549999999996
Costa Rica,2015,1,False,0.008639,0.008639
Costa Rica,2015,2,False,0.0186103,0.009971299999999999
Costa Rica,2015,3,False,0.1267533,0.10814300000000002
Costa Rica,2015,4,False,0.1279473,0.0011940000000000006
Costa Rica,2016,1,True,,
Costa Rica,2016,2,False,4.56634077,
Costa Rica,2016,3,False,9.61251353,5.046172759999999
Costa Rica,2016,4,False,18.82948122,9.216967690000002
Costa Rica,2017,1,False,0.30250916,0.30250916
Costa Rica,2017,2,False,0.40870451,0.10619535000000002
Costa Rica,2017,3,False,1.50098321,1.0922787
Costa Rica,2017,4,False,1.98559599,0.48461277999999997
Costa Rica,2018,1,True,,
Costa Rica,2018,2,False,-1.06009287,
Costa Rica,2018,3,False,-0.96697873,0.09311414000000007
Costa Rica,2018,4,False,-1.35767136,-0.3906926300000001
Costa Rica,2019,1,False,-14.5265453,-14.5265453
Costa Rica,2019,2,False,-12.1031654,2.4233799000000005
Costa Rica,2019,3,False,-9.63260614,2.47055926
Costa Rica,2019,4,False,-9.55529065,0.07731549000000015
Costa Rica,2020,1,True,,
Costa Rica,2020,2,True,,
Costa Rica,2020,3,False,4.75261398,
Costa Rica,2020,4,False,6.13562003,1.3830060500000005
Costa Rica,2021,1,False,-0.63526988,-0.63526988
Costa Rica,2021,2,False,0.40563661,1.04090649
Costa Rica,2021,3,False,0.55469032,0.14905370999999995
Costa Rica,2021,4,False,0.5590266,0.004336280000000081
Costa Rica,2022,1,False,4.33151935,4.33151935
Costa Rica,2022,2,False,6.08934779,1.75782844
Costa Rica,2022,3,False,8.17418938,2.08484159
Costa Rica,2022,4,False,9.3547162,1.1805268200000008
Costa Rica,2023,1,True,,
Costa Rica,2023,2,False,5.43647221,
Costa Rica,2023,3,False,6.04313552,0.6066633100000001
Costa Rica,2023,4,False,9.66002062,3.6168850999999993
Costa Rica,2024,1,False,4.29754496,4.29754496
Costa Rica,2024,2,False,7.79887865,3.50133369
Costa Rica,2024,3,False,7.98194961,0.18307096000000023
Costa Rica,2024,4,False,12.804883,4.82293339
Costa Rica,2025,1,False,0.0,0.0
Costa Rica,2025,2,False,1.0171222,1.0171222
Costa Rica,2025,3,False,0.97948549,-0.03763671000000002
Costa Rica,2025,4,False,5.56698366,4.58749817
Costa de Marfil,2006,1,False,0.0,0.0
Costa de Marfil,2006,2,False,0.0,0.0
Costa de Marfil,2006,3,False,0.0,0.0
Costa de Marfil,2006,4,False,0.0,0.0
Costa de Marfil,2007,1,False,0.0,0.0
Costa de Marfil,2007,2,False,0.0,0.0
Costa de Marfil,2007,3,False,0.0,0.0
Costa de Marfil,2007,4,False,0.0,0.0
Costa de Marfil,2008,1,False,0.0,0.0
Costa de Marfil,2008,2,False,0.0,0.0
Costa de Marfil,2008,3,False,0.0,0.0
Costa de Marfil,2008,4,False,0.0,0.0
Costa de Marfil,2009,1,False,0.0,0.0
Costa de Marfil,2009,2,False,0.0,0.0
Costa de Marfil,2009,3,False,0.0,0.0
Costa de Marfil,2009,4,False,0.0,0.0
Costa de Marfil,2010,1,False,0.0,0.0
Costa de Marfil,2010,2,False,0.0,0.0
Costa de Marfil,2010,3,False,0.0,0.0
Costa de Marfil,2010,4,False,0.0,0.0
Costa de Marfil,2011,1,False,0.0,0.0
Costa de Marfil,2011,2,False,0.0,0.0
Costa de Marfil,2011,3,False,0.0,0.0
Costa de Marfil,2011,4,False,0.0,0.0
Costa de Marfil,2012,1,False,0.0,0.0
Costa de Marfil,2012,2,False,0.0,0.0
Costa de Marfil,2012,3,False,0.0,0.0
Costa de Marfil,2012,4,False,0.0,0.0
Costa de Marfil,2013,1,False,0.0,0.0
Costa de Marfil,2013,2,False,0.0,0.0
Costa de Marfil,2013,3,False,0.0,0.0
Costa de Marfil,2013,4,False,0.0,0.0
Costa de Marfil,2014,1,False,0.0,0.0
Costa de Marfil,2014,2,False,0.0,0.0
Costa de Marfil,2014,3,False,0.0,0.0
Costa de Marfil,2014,4,False,0.0,0.0
Costa de Marfil,2015,1,False,0.0,0.0
Costa de Marfil,2015,2,False,0.0,0.0
Costa de Marfil,2015,3,False,0.0,0.0
Costa de Marfil,2015,4,False,0.0,0.0
Costa de Marfil,2016,1,False,0.0,0.0
Costa de Marfil,2016,2,False,0.0,0.0
Costa de Marfil,2016,3,False,0.0,0.0
Costa de Marfil,2016,4,False,0.0,0.0
Costa de Marfil,2017,1,False,0.0,0.0
Costa de Marfil,2017,2,False,0.0,0.0
Costa de Marfil,2017,3,False,0.0,0.0
Costa de Marfil,2017,4,False,0.0,0.0
Costa de Marfil,2018,1,True,,
Costa de Marfil,2018,2,True,,
Costa de Marfil,2018,3,True,,
Costa de Marfil,2018,4,True,,
Costa de Marfil,2019,1,False,0.0,0.0
Costa de Marfil,2019,2,False,0.0,0.0
Costa de Marfil,2019,3,False,0.0,0.0
Costa de Marfil,2019,4,False,0.0,0.0
Costa de Marfil,2020,1,False,0.0,0.0
Costa de Marfil,2020,2,True,,
Costa de Marfil,2020,3,True,,
Costa de Marfil,2020,4,True,,
Costa de Marfil,2021,1,False,0.0,0.0
Costa de Marfil,2021,2,True,,
Costa de Marfil,2021,3,True,,
Costa de Marfil,2021,4,True,,
Costa de Marfil,2022,1,False,0.0,0.0
Costa de Marfil,2022,2,False,0.0,0.0
Costa de Marfil,2022,3,False,0.0,0.0
Costa de Marfil,2022,4,False,0.0,0.0
Costa de Marfil,2023,1,False,0.0,0.0
Costa de Marfil,2023,2,False,0.0,0.0
Costa de Marfil,2023,3,False,0.0,0.0
Costa de Marfil,2023,4,True,,
Costa de Marfil,2024,1,False,0.0,0.0
Costa de Marfil,2024,2,False,0.0,0.0
Costa de Marfil,2024,3,False,0.0,0.0
Costa de Marfil,2024,4,False,0.0,0.0
Costa de Marfil,2025,1,False,0.0,0.0
Costa de Marfil,2025,2,False,0.0,0.0
Costa de Marfil,2025,3,False,0.0,0.0
Costa de Marfil,2025,4,False,0.0,0.0
Croacia,2006,1,False,0.0,0.0
Croacia,2006,2,False,0.0,0.0
Croacia,2006,3,False,0.0,0.0
Croacia,2006,4,True,,
Croacia,2007,1,False,0.0,0.0
Croacia,2007,2,True,,
Croacia,2007,3,True,,
Croacia,2007,4,True,,
Croacia,2008,1,True,,
Croacia,2008,2,True,,
Croacia,2008,3,True,,
Croacia,2008,4,True,,
Croacia,2009,1,False,0.0,0.0
Croacia,2009,2,False,0.0,0.0
Croacia,2009,3,True,,
Croacia,2009,4,True,,
Croacia,2010,1,False,0.0,0.0
Croacia,2010,2,False,0.0,0.0
Croacia,2010,3,False,0.0,0.0
Croacia,2010,4,False,0.0,0.0
Croacia,2011,1,False,0.0,0.0
Croacia,2011,2,True,,
Croacia,2011,3,True,,
Croacia,2011,4,True,,
Croacia,2012,1,True,,
Croacia,2012,2,True,,
Croacia,2012,3,True,,
Croacia,2012,4,True,,
Croacia,2013,1,False,0.0,0.0
Croacia,2013,2,False,0.0,0.0
Croacia,2013,3,False,0.0,0.0
Croacia,2013,4,False,0.0,0.0
Croacia,2014,1,False,0.0,0.0
Croacia,2014,2,False,0.0,0.0
Croacia,2014,3,False,0.0,0.0
Croacia,2014,4,False,0.0,0.0
Croacia,2015,1,False,0.0,0.0
Croacia,2015,2,False,0.0,0.0
Croacia,2015,3,False,0.0,0.0
Croacia,2015,4,False,0.0,0.0
Croacia,2016,1,False,0.0,0.0
Croacia,2016,2,False,0.0,0.0
Croacia,2016,3,False,0.0,0.0
Croacia,2016,4,False,0.0,0.0
Croacia,2017,1,True,,
Croacia,2017,2,True,,
Croacia,2017,3,True,,
Croacia,2017,4,True,,
Croacia,2018,1,False,0.0,0.0
Croacia,2018,2,False,0.0,0.0
Croacia,2018,3,True,,
Croacia,2018,4,True,,
Croacia,2019,1,False,0.0,0.0
Croacia,2019,2,True,,
Croacia,2019,3,True,,
Croacia,2019,4,True,,
Croacia,2020,1,True,,
Croacia,2020,2,True,,
Croacia,2020,3,True,,
Croacia,2020,4,True,,
Croacia,2021,1,False,0.0,0.0
Croacia,2021,2,False,0.0,0.0
Croacia,2021,3,False,0.0,0.0
Croacia,2021,4,True,,
Croacia,2022,1,False,0.0,0.0
Croacia,2022,2,False,0.0,0.0
Croacia,2022,3,True,,
Croacia,2022,4,True,,
Croacia,2023,1,False,0.0,0.0
Croacia,2023,2,True,,
Croacia,2023,3,True,,
Croacia,2023,4,True,,
Croacia,2024,1,True,,
Croacia,2024,2,True,,
Croacia,2024,3,True,,
Croacia,2024,4,True,,
Croacia,2025,1,False,0.0,0.0
Croacia,2025,2,True,,
Croacia,2025,3,True,,
Croacia,2025,4,True,,
Cuba,2006,1,False,0.134063,0.134063
Cuba,2006,2,False,0.265865,0.13180200000000003
Cuba,2006,3,False,0.310571,0.04470599999999997
Cuba,2006,4,False,0.346958,0.036387
Cuba,2007,1,False,0.145552,0.145552
Cuba,2007,2,False,1.086521,0.940969
Cuba,2007,3,False,1.69936336,0.6128423599999999
Cuba,2007,4,False,1.83431936,0.13495600000000008
Cuba,2008,1,False,0.1259461,0.1259461
Cuba,2008,2,False,0.2431941,0.11724799999999999
Cuba,2008,3,False,0.3310161,0.08782199999999998
Cuba,2008,4,False,0.46826105,0.13724495000000003
Cuba,2009,1,True,,
Cuba,2009,2,False,0.00069293,
Cuba,2009,3,False,0.00069293,0.0
Cuba,2009,4,False,0.11454363,0.1138507
Cuba,2010,1,False,0.035435,0.035435
Cuba,2010,2,False,0.711449,0.676014
Cuba,2010,3,False,1.09630928,0.38486028000000005
Cuba,2010,4,False,1.10123228,0.004923000000000011
Cuba,2011,1,False,0.668137,0.668137
Cuba,2011,2,False,0.802915,0.13477800000000006
Cuba,2011,3,False,0.843024,0.04010899999999995
Cuba,2011,4,False,1.09736582,0.25434182000000005
Cuba,2012,1,False,0.161878,0.161878
Cuba,2012,2,False,0.8342549,0.6723769
Cuba,2012,3,False,0.8753169,0.04106199999999993
Cuba,2012,4,False,1.30403021,0.4287133100000001
Cuba,2013,1,False,0.56504004,0.56504004
Cuba,2013,2,False,0.75783104,0.19279100000000005
Cuba,2013,3,False,1.34578998,0.5879589399999999
Cuba,2013,4,False,1.83411215,0.48832217
Cuba,2014,1,False,0.28174692,0.28174692
Cuba,2014,2,False,0.86917402,0.5874271
Cuba,2014,3,False,0.98418202,0.115008
Cuba,2014,4,False,1.33982591,0.3556438900000001
Cuba,2015,1,False,0.22815741,0.22815741
Cuba,2015,2,False,0.56844712,0.34028970999999997
Cuba,2015,3,False,0.77203412,0.20358700000000007
Cuba,2015,4,False,0.89284975,0.12081562999999995
Cuba,2016,1,False,0.303264,0.303264
Cuba,2016,2,False,1.05202909,0.74876509
Cuba,2016,3,False,1.11587178,0.06384268999999998
Cuba,2016,4,False,1.44233134,0.32645956
Cuba,2017,1,False,0.72644206,0.72644206
Cuba,2017,2,False,1.01220813,0.2857660700000001
Cuba,2017,3,False,1.13143423,0.11922609999999989
Cuba,2017,4,False,1.08499538,-0.04643884999999992
Cuba,2018,1,False,0.11061451,0.11061451
Cuba,2018,2,False,0.08670921,-0.023905300000000004
Cuba,2018,3,False,0.84433607,0.75762686
Cuba,2018,4,False,0.84310889,-0.0012271799999999944
Cuba,2019,1,False,0.3054922,0.3054922
Cuba,2019,2,False,1.32400766,1.01851546
Cuba,2019,3,False,2.55499781,1.2309901500000002
Cuba,2019,4,False,2.84581907,0.29082125999999997
Cuba,2020,1,False,0.91760184,0.91760184
Cuba,2020,2,False,0.98448336,0.06688152000000003
Cuba,2020,3,False,1.17169603,0.18721267000000008
Cuba,2020,4,False,1.45696303,0.28526699999999994
Cuba,2021,1,False,0.8778228,0.8778228
Cuba,2021,2,False,1.38314724,0.50532444
Cuba,2021,3,False,1.23371368,-0.14943356000000008
Cuba,2021,4,False,2.73274238,1.4990287
Cuba,2022,1,False,1.86547312,1.86547312
Cuba,2022,2,False,2.70056399,0.8350908699999999
Cuba,2022,3,False,4.42959665,1.7290326599999997
Cuba,2022,4,False,5.46594824,1.0363515900000007
Cuba,2023,1,False,1.95429582,1.95429582
Cuba,2023,2,False,3.77122326,1.8169274400000002
Cuba,2023,3,False,5.13990273,1.36867947
Cuba,2023,4,False,6.56408373,1.424181
Cuba,2024,1,False,1.72119453,1.72119453
Cuba,2024,2,False,3.4722865,1.75109197
Cuba,2024,3,False,5.50837735,2.03609085
Cuba,2024,4,False,6.50485685,0.9964795000000004
Cuba,2025,1,False,1.29489138,1.29489138
Cuba,2025,2,False,3.55428026,2.2593888800000004
Cuba,2025,3,False,6.14139065,2.58711039
Cuba,2025,4,False,9.65199173,3.5106010800000007
Dinamarca,2006,1,False,3.899057,3.899057
Dinamarca,2006,2,False,14.24282452,10.34376752
Dinamarca,2006,3,False,24.98962452,10.7468
Dinamarca,2006,4,False,91.60525352,66.61562900000001
Dinamarca,2007,1,False,18.357494,18.357494
Dinamarca,2007,2,False,50.662757,32.305263
Dinamarca,2007,3,False,64.884172,14.221415000000007
Dinamarca,2007,4,False,77.768782,12.884609999999995
Dinamarca,2008,1,False,15.005686,15.005686
Dinamarca,2008,2,False,54.011008,39.00532199999999
Dinamarca,2008,3,False,71.784371,17.773362999999996
Dinamarca,2008,4,False,83.332767,11.548396000000011
Dinamarca,2009,1,False,11.79411617,11.79411617
Dinamarca,2009,2,False,45.30929817,33.515181999999996
Dinamarca,2009,3,False,58.76276017,13.453462000000002
Dinamarca,2009,4,False,50.13377108,-8.628989089999997
Dinamarca,2010,1,False,-10.780783,-10.780783
Dinamarca,2010,2,False,-1.01074287,9.77004013
Dinamarca,2010,3,False,23.66414713,24.67489
Dinamarca,2010,4,False,21.94985813,-1.7142890000000008
Dinamarca,2011,1,False,67.963893,67.963893
Dinamarca,2011,2,False,129.395838,61.431945
Dinamarca,2011,3,False,147.192759,17.796920999999998
Dinamarca,2011,4,False,150.185832,2.9930730000000096
Dinamarca,2012,1,False,5.27097,5.27097
Dinamarca,2012,2,False,19.379964,14.108994000000001
Dinamarca,2012,3,False,113.2971174,93.9171534
Dinamarca,2012,4,False,159.7289674,46.43184999999998
Dinamarca,2013,1,False,9.651708,9.651708
Dinamarca,2013,2,False,34.048764,24.397056
Dinamarca,2013,3,False,44.752612,10.703848
Dinamarca,2013,4,False,56.81490397,12.062291970000004
Dinamarca,2014,1,False,37.76967965,37.76967965
Dinamarca,2014,2,False,28.59833565,-9.171344000000001
Dinamarca,2014,3,False,48.44402665,19.845691
Dinamarca,2014,4,False,42.59156651,-5.852460139999998
Dinamarca,2015,1,False,3.781623,3.781623
Dinamarca,2015,2,False,12.895845,9.114222
Dinamarca,2015,3,False,18.389773,5.493928000000002
Dinamarca,2015,4,False,34.649875,16.260102
Dinamarca,2016,1,False,8.39816167,8.39816167
Dinamarca,2016,2,False,32.43692367,24.038762
Dinamarca,2016,3,False,78.93426164,46.497337970000004
Dinamarca,2016,4,False,84.60912207,5.674860429999995
Dinamarca,2017,1,False,30.98237212,30.98237212
Dinamarca,2017,2,False,28.77055286,-2.211819260000002
Dinamarca,2017,3,False,16.60767805,-12.162874809999998
Dinamarca,2017,4,False,68.17714027,51.56946221999999
Dinamarca,2018,1,False,19.79423093,19.79423093
Dinamarca,2018,2,False,45.83767463,26.0434437
Dinamarca,2018,3,False,57.60002139,11.76234676
Dinamarca,2018,4,False,48.35378069,-9.246240700000001
Dinamarca,2019,1,False,40.84408408,40.84408408
Dinamarca,2019,2,False,49.89432247,9.050238389999997
Dinamarca,2019,3,False,70.14318619,20.248863719999996
Dinamarca,2019,4,False,80.6101484,10.466962210000005
Dinamarca,2020,1,False,63.7290277,63.7290277
Dinamarca,2020,2,False,60.38812986,-3.340897840000004
Dinamarca,2020,3,False,98.39952302,38.011393160000004
Dinamarca,2020,4,False,108.3505744,9.951051379999996
Dinamarca,2021,1,False,-137.8909382,-137.8909382
Dinamarca,2021,2,False,-123.8293228,14.061615399999994
Dinamarca,2021,3,False,-27.95738743,95.87193537
Dinamarca,2021,4,False,3.25973418,31.21712161
Dinamarca,2022,1,False,81.32234766,81.32234766
Dinamarca,2022,2,False,70.26263289,-11.05971477
Dinamarca,2022,3,False,98.20148143,27.938848539999995
Dinamarca,2022,4,False,-81.36607979,-179.56756122000002
Dinamarca,2023,1,False,99.04103615,99.04103615
Dinamarca,2023,2,False,107.4689055,8.427869350000009
Dinamarca,2023,3,False,99.00989115,-8.459014350000004
Dinamarca,2023,4,False,109.4393717,10.429480549999994
Dinamarca,2024,1,False,40.29491002,40.29491002
Dinamarca,2024,2,False,30.83994204,-9.454967980000003
Dinamarca,2024,3,False,27.57200909,-3.2679329499999987
Dinamarca,2024,4,False,-1.10952009,-28.681529180000002
Dinamarca,2025,1,False,2.36230332,2.36230332
Dinamarca,2025,2,False,-1.49585882,-3.85816214
Dinamarca,2025,3,False,13.23012769,14.72598651
Dinamarca,2025,4,False,15.32568987,2.09556218
Dominica,2006,1,False,0.0,0.0
Dominica,2006,2,False,0.0,0.0
Dominica,2006,3,False,0.0,0.0
Dominica,2006,4,False,0.0,0.0
Dominica,2007,1,False,0.0,0.0
Dominica,2007,2,False,0.0,0.0
Dominica,2007,3,False,0.0,0.0
Dominica,2007,4,False,0.0,0.0
Dominica,2008,1,False,0.0,0.0
Dominica,2008,2,False,0.0,0.0
Dominica,2008,3,False,0.0,0.0
Dominica,2008,4,False,0.0,0.0
Dominica,2009,1,False,0.0,0.0
Dominica,2009,2,False,0.0,0.0
Dominica,2009,3,False,0.0,0.0
Dominica,2009,4,False,0.0,0.0
Dominica,2010,1,False,0.0,0.0
Dominica,2010,2,False,0.0,0.0
Dominica,2010,3,False,0.0,0.0
Dominica,2010,4,False,0.0,0.0
Dominica,2011,1,False,0.0,0.0
Dominica,2011,2,False,0.0,0.0
Dominica,2011,3,False,0.0,0.0
Dominica,2011,4,False,0.0,0.0
Dominica,2012,1,False,0.0,0.0
Dominica,2012,2,False,0.0,0.0
Dominica,2012,3,False,0.0,0.0
Dominica,2012,4,False,0.0,0.0
Dominica,2013,1,False,0.0,0.0
Dominica,2013,2,False,0.0,0.0
Dominica,2013,3,False,0.0,0.0
Dominica,2013,4,False,0.0,0.0
Dominica,2014,1,False,0.0,0.0
Dominica,2014,2,False,0.0,0.0
Dominica,2014,3,False,0.0,0.0
Dominica,2014,4,False,0.0,0.0
Dominica,2015,1,False,0.0,0.0
Dominica,2015,2,False,0.0,0.0
Dominica,2015,3,False,0.0,0.0
Dominica,2015,4,False,0.0,0.0
Dominica,2016,1,False,0.0,0.0
Dominica,2016,2,False,0.0,0.0
Dominica,2016,3,False,0.0,0.0
Dominica,2016,4,False,0.0,0.0
Dominica,2017,1,False,0.0,0.0
Dominica,2017,2,False,0.0,0.0
Dominica,2017,3,False,0.0,0.0
Dominica,2017,4,False,0.0,0.0
Dominica,2018,1,False,0.0,0.0
Dominica,2018,2,False,0.0,0.0
Dominica,2018,3,False,0.0,0.0
Dominica,2018,4,False,0.0,0.0
Dominica,2019,1,False,0.0,0.0
Dominica,2019,2,False,0.0,0.0
Dominica,2019,3,False,0.0,0.0
Dominica,2019,4,False,0.0,0.0
Dominica,2020,1,False,0.0,0.0
Dominica,2020,2,False,0.0,0.0
Dominica,2020,3,False,0.0,0.0
Dominica,2020,4,False,0.0,0.0
Dominica,2021,1,True,,
Dominica,2021,2,True,,
Dominica,2021,3,True,,
Dominica,2021,4,True,,
Dominica,2022,1,False,0.0,0.0
Dominica,2022,2,False,0.0,0.0
Dominica,2022,3,True,,
Dominica,2022,4,True,,
Dominica,2023,1,False,0.0,0.0
Dominica,2023,2,False,0.0,0.0
Dominica,2023,3,False,0.0,0.0
Dominica,2023,4,False,0.0,0.0
Dominica,2024,1,False,0.0,0.0
Dominica,2024,2,False,0.0,0.0
Dominica,2024,3,False,0.0,0.0
Dominica,2024,4,False,0.0,0.0
Dominica,2025,1,False,0.0,0.0
Dominica,2025,2,False,0.0,0.0
Dominica,2025,3,False,0.0,0.0
Dominica,2025,4,False,0.0,0.0
Ecuador,2006,1,False,1.440247,1.440247
Ecuador,2006,2,False,0.093812,-1.346435
Ecuador,2006,3,False,-3.851836,-3.9456480000000003
Ecuador,2006,4,False,-2.955308,0.896528
Ecuador,2007,1,False,-0.005152,-0.005152
Ecuador,2007,2,False,0.263301,0.268453
Ecuador,2007,3,False,0.176294,-0.087007
Ecuador,2007,4,False,0.171205,-0.00508900000000001
Ecuador,2008,1,True,,
Ecuador,2008,2,False,0.18894721,
Ecuador,2008,3,False,2.74623226,2.5572850500000004
Ecuador,2008,4,False,2.75559493,0.009362669999999795
Ecuador,2009,1,False,0.05295262,0.05295262
Ecuador,2009,2,False,0.05297162,1.8999999999998185e-05
Ecuador,2009,3,False,1.45572862,1.4027569999999998
Ecuador,2009,4,False,1.45873862,0.003010000000000179
Ecuador,2010,1,True,,
Ecuador,2010,2,True,,
Ecuador,2010,3,False,-0.860579,
Ecuador,2010,4,False,3.459739,4.320318
Ecuador,2011,1,True,,
Ecuador,2011,2,False,0.00404997,
Ecuador,2011,3,False,0.22391091,0.21986094
Ecuador,2011,4,False,8.10543491,7.881524
Ecuador,2012,1,True,,
Ecuador,2012,2,False,1.524149,
Ecuador,2012,3,False,2.436173,0.9120240000000002
Ecuador,2012,4,False,8.389947,5.953773999999999
Ecuador,2013,1,False,0.138094,0.138094
Ecuador,2013,2,False,0.17289,0.034795999999999994
Ecuador,2013,3,False,0.329618,0.15672800000000003
Ecuador,2013,4,False,4.98840586,4.65878786
Ecuador,2014,1,False,0.0,0.0
Ecuador,2014,2,True,,
Ecuador,2014,3,True,,
Ecuador,2014,4,True,,
Ecuador,2015,1,False,0.160144,0.160144
Ecuador,2015,2,False,0.168185,0.008040999999999993
Ecuador,2015,3,False,0.17409051,0.005905510000000003
Ecuador,2015,4,False,43.89401451,43.719924
Ecuador,2016,1,True,,
Ecuador,2016,2,False,0.09833951,
Ecuador,2016,3,False,0.09833951,0.0
Ecuador,2016,4,False,0.09833951,0.0
Ecuador,2017,1,False,0.0,0.0
Ecuador,2017,2,True,,
Ecuador,2017,3,True,,
Ecuador,2017,4,False,0.04956592,
Ecuador,2018,1,False,-0.01812376,-0.01812376
Ecuador,2018,2,False,-0.16846792,-0.15034416
Ecuador,2018,3,False,-0.12129419,0.04717373
Ecuador,2018,4,False,-0.01776714,0.10352705
Ecuador,2019,1,False,1.85566214,1.85566214
Ecuador,2019,2,False,1.85566214,0.0
Ecuador,2019,3,False,4.08746036,2.23179822
Ecuador,2019,4,False,3.88565859,-0.20180176999999988
Ecuador,2020,1,True,,
Ecuador,2020,2,True,,
Ecuador,2020,3,True,,
Ecuador,2020,4,True,,
Ecuador,2021,1,False,0.04369443,0.04369443
Ecuador,2021,2,False,0.05413842,0.01044399
Ecuador,2021,3,False,2.35851006,2.30437164
Ecuador,2021,4,False,2.3606782,0.002168140000000207
Ecuador,2022,1,False,2.61344511,2.61344511
Ecuador,2022,2,False,2.77605937,0.16261426000000023
Ecuador,2022,3,False,3.42306608,0.6470067099999999
Ecuador,2022,4,False,3.50941659,0.08635050999999994
Ecuador,2023,1,False,4.20310338,4.20310338
Ecuador,2023,2,False,4.51772434,0.31462096000000006
Ecuador,2023,3,False,4.2202341,-0.29749024000000013
Ecuador,2023,4,False,4.22648461,0.006250510000000098
Ecuador,2024,1,False,3.16740061,3.16740061
Ecuador,2024,2,False,5.11885583,1.9514552200000002
Ecuador,2024,3,False,5.72255926,0.6037034299999995
Ecuador,2024,4,False,6.77164227,1.0490830100000004
Ecuador,2025,1,False,-1.7498007,-1.7498007
Ecuador,2025,2,False,-0.20818886,1.54161184
Ecuador,2025,3,False,2.09483117,2.30302003
Ecuador,2025,4,False,2.22577066,0.13093948999999983
Egipto,2006,1,False,0.0,0.0
Egipto,2006,2,True,,
Egipto,2006,3,False,0.018634,
Egipto,2006,4,False,0.018634,0.0
Egipto,2007,1,False,0.0,0.0
Egipto,2007,2,True,,
Egipto,2007,3,True,,
Egipto,2007,4,False,0.130651,
Egipto,2008,1,False,0.0,0.0
Egipto,2008,2,True,,
Egipto,2008,3,True,,
Egipto,2008,4,True,,
Egipto,2009,1,False,0.0,0.0
Egipto,2009,2,False,0.0,0.0
Egipto,2009,3,False,0.0,0.0
Egipto,2009,4,False,0.0,0.0
Egipto,2010,1,False,0.0,0.0
Egipto,2010,2,False,0.0,0.0
Egipto,2010,3,False,0.0,0.0
Egipto,2010,4,False,0.0,0.0
Egipto,2011,1,True,,
Egipto,2011,2,True,,
Egipto,2011,3,True,,
Egipto,2011,4,True,,
Egipto,2012,1,True,,
Egipto,2012,2,False,0.01202438,
Egipto,2012,3,False,0.01202438,0.0
Egipto,2012,4,False,0.01202438,0.0
Egipto,2013,1,False,0.0,0.0
Egipto,2013,2,True,,
Egipto,2013,3,True,,
Egipto,2013,4,True,,
Egipto,2014,1,False,0.0,0.0
Egipto,2014,2,False,0.0,0.0
Egipto,2014,3,False,0.0,0.0
Egipto,2014,4,False,0.0,0.0
Egipto,2015,1,False,0.0,0.0
Egipto,2015,2,False,0.0,0.0
Egipto,2015,3,False,0.0,0.0
Egipto,2015,4,True,,
Egipto,2016,1,True,,
Egipto,2016,2,True,,
Egipto,2016,3,True,,
Egipto,2016,4,True,,
Egipto,2017,1,False,0.0,0.0
Egipto,2017,2,False,0.0,0.0
Egipto,2017,3,False,0.0,0.0
Egipto,2017,4,False,0.0,0.0
Egipto,2018,1,True,,
Egipto,2018,2,True,,
Egipto,2018,3,True,,
Egipto,2018,4,True,,
Egipto,2019,1,False,0.0,0.0
Egipto,2019,2,True,,
Egipto,2019,3,True,,
Egipto,2019,4,True,,
Egipto,2020,1,False,0.0,0.0
Egipto,2020,2,False,0.0,0.0
Egipto,2020,3,False,0.0,0.0
Egipto,2020,4,False,0.0,0.0
Egipto,2021,1,False,0.0,0.0
Egipto,2021,2,False,0.0,0.0
Egipto,2021,3,False,0.0,0.0
Egipto,2021,4,False,0.0,0.0
Egipto,2022,1,False,0.0,0.0
Egipto,2022,2,False,0.0,0.0
Egipto,2022,3,False,0.0,0.0
Egipto,2022,4,False,0.0,0.0
Egipto,2023,1,False,0.0,0.0
Egipto,2023,2,False,0.0,0.0
Egipto,2023,3,True,,
Egipto,2023,4,True,,
Egipto,2024,1,False,0.0,0.0
Egipto,2024,2,False,0.0,0.0
Egipto,2024,3,False,0.0,0.0
Egipto,2024,4,True,,
Egipto,2025,1,False,0.0,0.0
Egipto,2025,2,False,0.0,0.0
Egipto,2025,3,False,0.0,0.0
Egipto,2025,4,False,0.0,0.0
El Salvador,2006,1,False,0.047447,0.047447
El Salvador,2006,2,False,0.312993,0.265546
El Salvador,2006,3,False,0.314129,0.0011359999999999704
El Salvador,2006,4,False,0.319905,0.005776000000000003
El Salvador,2007,1,True,,
El Salvador,2007,2,False,0.045191,
El Salvador,2007,3,False,0.081567,0.036376
El Salvador,2007,4,False,0.026976,-0.054591
El Salvador,2008,1,True,,
El Salvador,2008,2,False,0.730968,
El Salvador,2008,3,False,0.779701,0.048733000000000026
El Salvador,2008,4,False,0.853261,0.07356000000000007
El Salvador,2009,1,True,,
El Salvador,2009,2,True,,
El Salvador,2009,3,True,,
El Salvador,2009,4,True,,
El Salvador,2010,1,False,0.0,0.0
El Salvador,2010,2,True,,
El Salvador,2010,3,False,1.410235,
El Salvador,2010,4,False,1.411843,0.0016080000000000538
El Salvador,2011,1,False,0.003535,0.003535
El Salvador,2011,2,False,0.011141,0.007606
El Salvador,2011,3,False,0.014383,0.003242
El Salvador,2011,4,False,0.015559,0.001176
El Salvador,2012,1,False,0.0,0.0
El Salvador,2012,2,False,0.0,0.0
El Salvador,2012,3,True,,
El Salvador,2012,4,True,,
El Salvador,2013,1,True,,
El Salvador,2013,2,True,,
El Salvador,2013,3,False,0.01043113,
El Salvador,2013,4,False,0.01043113,0.0
El Salvador,2014,1,True,,
El Salvador,2014,2,False,-0.584656,
El Salvador,2014,3,False,-0.584656,0.0
El Salvador,2014,4,False,-0.435171,0.14948499999999998
El Salvador,2015,1,True,,
El Salvador,2015,2,True,,
El Salvador,2015,3,False,0.14372333,
El Salvador,2015,4,False,0.19648133,0.052758
El Salvador,2016,1,False,0.0,0.0
El Salvador,2016,2,False,0.0,0.0
El Salvador,2016,3,True,,
El Salvador,2016,4,False,0.10342796,
El Salvador,2017,1,True,,
El Salvador,2017,2,True,,
El Salvador,2017,3,False,4.20384483,
El Salvador,2017,4,False,4.39394083,0.1900959999999996
El Salvador,2018,1,False,0.0,0.0
El Salvador,2018,2,True,,
El Salvador,2018,3,False,0.05089698,
El Salvador,2018,4,False,0.11422616,0.06332917999999998
El Salvador,2019,1,True,,
El Salvador,2019,2,False,4.76085667,
El Salvador,2019,3,False,4.76085677,1.0000000028043132e-07
El Salvador,2019,4,False,4.83988457,0.07902779999999954
El Salvador,2020,1,False,0.0,0.0
El Salvador,2020,2,True,,
El Salvador,2020,3,True,,
El Salvador,2020,4,False,0.1570741,
El Salvador,2021,1,False,0.13251092,0.13251092
El Salvador,2021,2,False,0.21196523,0.07945431
El Salvador,2021,3,False,0.28693544,0.07497020999999998
El Salvador,2021,4,False,0.61504838,0.32811293999999996
El Salvador,2022,1,False,0.13182141,0.13182141
El Salvador,2022,2,False,0.22337655,0.09155514000000001
El Salvador,2022,3,False,0.34958554,0.12620898999999997
El Salvador,2022,4,False,0.58068419,0.23109865000000007
El Salvador,2023,1,True,,
El Salvador,2023,2,False,0.45018658,
El Salvador,2023,3,False,1.00422045,0.55403387
El Salvador,2023,4,False,1.00422045,0.0
El Salvador,2024,1,False,0.0,0.0
El Salvador,2024,2,False,0.0,0.0
El Salvador,2024,3,False,0.0,0.0
El Salvador,2024,4,False,0.51558196,0.51558196
El Salvador,2025,1,False,0.42330522,0.42330522
El Salvador,2025,2,False,0.53572899,0.11242376999999998
El Salvador,2025,3,False,0.89267832,0.35694933000000006
El Salvador,2025,4,False,0.8954085,0.0027301800000000265
Emiratos Árabes Unidos,2006,1,False,0.0,0.0
Emiratos Árabes Unidos,2006,2,True,,
Emiratos Árabes Unidos,2006,3,True,,
Emiratos Árabes Unidos,2006,4,True,,
Emiratos Árabes Unidos,2007,1,False,0.0,0.0
Emiratos Árabes Unidos,2007,2,False,0.0,0.0
Emiratos Árabes Unidos,2007,3,False,0.0,0.0
Emiratos Árabes Unidos,2007,4,False,0.0,0.0
Emiratos Árabes Unidos,2008,1,False,0.0,0.0
Emiratos Árabes Unidos,2008,2,False,0.0,0.0
Emiratos Árabes Unidos,2008,3,False,0.0,0.0
Emiratos Árabes Unidos,2008,4,False,0.0,0.0
Emiratos Árabes Unidos,2009,1,False,0.0,0.0
Emiratos Árabes Unidos,2009,2,False,0.0,0.0
Emiratos Árabes Unidos,2009,3,False,0.0,0.0
Emiratos Árabes Unidos,2009,4,False,0.0,0.0
Emiratos Árabes Unidos,2010,1,False,0.0,0.0
Emiratos Árabes Unidos,2010,2,False,0.0,0.0
Emiratos Árabes Unidos,2010,3,True,,
Emiratos Árabes Unidos,2010,4,True,,
Emiratos Árabes Unidos,2011,1,False,0.0,0.0
Emiratos Árabes Unidos,2011,2,True,,
Emiratos Árabes Unidos,2011,3,True,,
Emiratos Árabes Unidos,2011,4,True,,
Emiratos Árabes Unidos,2012,1,True,,
Emiratos Árabes Unidos,2012,2,True,,
Emiratos Árabes Unidos,2012,3,True,,
Emiratos Árabes Unidos,2012,4,True,,
Emiratos Árabes Unidos,2013,1,False,0.0,0.0
Emiratos Árabes Unidos,2013,2,True,,
Emiratos Árabes Unidos,2013,3,False,0.001258,
Emiratos Árabes Unidos,2013,4,False,0.045769,0.044510999999999995
Emiratos Árabes Unidos,2014,1,True,,
Emiratos Árabes Unidos,2014,2,False,2.432538,
Emiratos Árabes Unidos,2014,3,False,5.570227,3.137689
Emiratos Árabes Unidos,2014,4,False,9.869977,4.29975
Emiratos Árabes Unidos,2015,1,True,,
Emiratos Árabes Unidos,2015,2,True,,
Emiratos Árabes Unidos,2015,3,False,0.483682,
Emiratos Árabes Unidos,2015,4,False,2.38312,1.899438
Emiratos Árabes Unidos,2016,1,True,,
Emiratos Árabes Unidos,2016,2,True,,
Emiratos Árabes Unidos,2016,3,False,2.52065722,
Emiratos Árabes Unidos,2016,4,False,2.52065722,0.0
Emiratos Árabes Unidos,2017,1,False,0.0,0.0
Emiratos Árabes Unidos,2017,2,False,0.0,0.0
Emiratos Árabes Unidos,2017,3,False,0.0,0.0
Emiratos Árabes Unidos,2017,4,False,0.0,0.0
Emiratos Árabes Unidos,2018,1,True,,
Emiratos Árabes Unidos,2018,2,False,0.05106628,
Emiratos Árabes Unidos,2018,3,False,0.05106628,0.0
Emiratos Árabes Unidos,2018,4,False,0.05126828,0.0002020000000000008
Emiratos Árabes Unidos,2019,1,False,0.0,0.0
Emiratos Árabes Unidos,2019,2,False,0.0,0.0
Emiratos Árabes Unidos,2019,3,False,0.0,0.0
Emiratos Árabes Unidos,2019,4,False,0.0,0.0
Emiratos Árabes Unidos,2020,1,False,0.0,0.0
Emiratos Árabes Unidos,2020,2,True,,
Emiratos Árabes Unidos,2020,3,True,,
Emiratos Árabes Unidos,2020,4,False,2.22968941,
Emiratos Árabes Unidos,2021,1,False,0.08113678,0.08113678
Emiratos Árabes Unidos,2021,2,False,0.08208623,0.0009494499999999906
Emiratos Árabes Unidos,2021,3,False,0.11405553,0.031969300000000006
Emiratos Árabes Unidos,2021,4,False,0.40527383,0.2912183
Emiratos Árabes Unidos,2022,1,False,0.0,0.0
Emiratos Árabes Unidos,2022,2,True,,
Emiratos Árabes Unidos,2022,3,True,,
Emiratos Árabes Unidos,2022,4,True,,
Emiratos Árabes Unidos,2023,1,False,0.0,0.0
Emiratos Árabes Unidos,2023,2,False,6.53523757,6.53523757
Emiratos Árabes Unidos,2023,3,False,7.00883262,0.47359505000000013
Emiratos Árabes Unidos,2023,4,False,7.26040942,0.2515768000000005
Emiratos Árabes Unidos,2024,1,False,0.95003133,0.95003133
Emiratos Árabes Unidos,2024,2,False,6.64430209,5.69427076
Emiratos Árabes Unidos,2024,3,False,10.54475315,3.90045106
Emiratos Árabes Unidos,2024,4,False,10.75409672,0.2093435699999997
Emiratos Árabes Unidos,2025,1,False,5.79104338,5.79104338
Emiratos Árabes Unidos,2025,2,False,10.73429157,4.94324819
Emiratos Árabes Unidos,2025,3,False,28.07360543,17.33931386
Emiratos Árabes Unidos,2025,4,False,29.08055078,1.0069453499999987
Escocia,2006,1,False,0.0,0.0
Escocia,2006,2,False,0.0,0.0
Escocia,2006,3,False,0.0,0.0
Escocia,2006,4,False,0.0,0.0
Escocia,2007,1,False,0.0,0.0
Escocia,2007,2,False,0.0,0.0
Escocia,2007,3,False,0.0,0.0
Escocia,2007,4,False,0.0,0.0
Escocia,2008,1,False,0.0,0.0
Escocia,2008,2,False,0.0,0.0
Escocia,2008,3,False,0.0,0.0
Escocia,2008,4,False,0.0,0.0
Escocia,2009,1,False,0.0,0.0
Escocia,2009,2,False,0.0,0.0
Escocia,2009,3,False,0.0,0.0
Escocia,2009,4,False,0.0,0.0
Escocia,2010,1,False,0.0,0.0
Escocia,2010,2,False,0.0,0.0
Escocia,2010,3,False,0.0,0.0
Escocia,2010,4,False,0.0,0.0
Escocia,2011,1,False,0.0,0.0
Escocia,2011,2,False,0.0,0.0
Escocia,2011,3,False,0.0,0.0
Escocia,2011,4,False,0.0,0.0
Escocia,2012,1,False,0.0,0.0
Escocia,2012,2,False,0.0,0.0
Escocia,2012,3,False,0.0,0.0
Escocia,2012,4,False,0.0,0.0
Escocia,2013,1,False,0.0,0.0
Escocia,2013,2,False,0.0,0.0
Escocia,2013,3,False,0.0,0.0
Escocia,2013,4,False,0.0,0.0
Escocia,2014,1,False,0.0,0.0
Escocia,2014,2,False,0.0,0.0
Escocia,2014,3,False,0.0,0.0
Escocia,2014,4,False,0.0,0.0
Escocia,2015,1,False,0.0,0.0
Escocia,2015,2,False,0.0,0.0
Escocia,2015,3,False,0.0,0.0
Escocia,2015,4,False,0.0,0.0
Escocia,2016,1,False,0.0,0.0
Escocia,2016,2,False,0.0,0.0
Escocia,2016,3,False,0.0,0.0
Escocia,2016,4,False,0.0,0.0
Escocia,2017,1,False,0.0,0.0
Escocia,2017,2,False,0.0,0.0
Escocia,2017,3,True,,
Escocia,2017,4,True,,
Escocia,2018,1,False,0.0,0.0
Escocia,2018,2,False,0.0,0.0
Escocia,2018,3,False,0.0,0.0
Escocia,2018,4,False,0.0,0.0
Escocia,2019,1,True,,
Escocia,2019,2,True,,
Escocia,2019,3,True,,
Escocia,2019,4,True,,
Escocia,2020,1,False,0.0,0.0
Escocia,2020,2,True,,
Escocia,2020,3,True,,
Escocia,2020,4,True,,
Escocia,2021,1,True,,
Escocia,2021,2,True,,
Escocia,2021,3,True,,
Escocia,2021,4,True,,
Escocia,2022,1,False,0.0,0.0
Escocia,2022,2,False,0.0,0.0
Escocia,2022,3,False,0.0,0.0
Escocia,2022,4,True,,
Escocia,2023,1,True,,
Escocia,2023,2,True,,
Escocia,2023,3,True,,
Escocia,2023,4,True,,
Escocia,2024,1,True,,
Escocia,2024,2,True,,
Escocia,2024,3,True,,
Escocia,2024,4,True,,
Escocia,2025,1,False,0.0,0.0
Escocia,2025,2,True,,
Escocia,2025,3,True,,
Escocia,2025,4,True,,
Eslovaquia,2006,1,False,0.0,0.0
Eslovaquia,2006,2,True,,
Eslovaquia,2006,3,True,,
Eslovaquia,2006,4,True,,
Eslovaquia,2007,1,False,0.0,0.0
Eslovaquia,2007,2,False,0.0,0.0
Eslovaquia,2007,3,False,0.0,0.0
Eslovaquia,2007,4,False,0.0,0.0
Eslovaquia,2008,1,True,,
Eslovaquia,2008,2,True,,
Eslovaquia,2008,3,True,,
Eslovaquia,2008,4,True,,
Eslovaquia,2009,1,False,0.0,0.0
Eslovaquia,2009,2,False,0.0,0.0
Eslovaquia,2009,3,False,0.0,0.0
Eslovaquia,2009,4,False,0.0,0.0
Eslovaquia,2010,1,False,0.0,0.0
Eslovaquia,2010,2,False,0.0,0.0
Eslovaquia,2010,3,False,0.0,0.0
Eslovaquia,2010,4,False,0.0,0.0
Eslovaquia,2011,1,False,0.0,0.0
Eslovaquia,2011,2,False,0.0,0.0
Eslovaquia,2011,3,True,,
Eslovaquia,2011,4,True,,
Eslovaquia,2012,1,True,,
Eslovaquia,2012,2,True,,
Eslovaquia,2012,3,True,,
Eslovaquia,2012,4,True,,
Eslovaquia,2013,1,True,,
Eslovaquia,2013,2,False,-0.04810356,
Eslovaquia,2013,3,False,-0.04810356,0.0
Eslovaquia,2013,4,False,-0.0479654,0.00013815999999999828
Eslovaquia,2014,1,True,,
Eslovaquia,2014,2,False,0.01761048,
Eslovaquia,2014,3,False,0.01761048,0.0
Eslovaquia,2014,4,False,0.01761048,0.0
Eslovaquia,2015,1,True,,
Eslovaquia,2015,2,True,,
Eslovaquia,2015,3,True,,
Eslovaquia,2015,4,True,,
Eslovaquia,2016,1,False,0.0,0.0
Eslovaquia,2016,2,False,0.0,0.0
Eslovaquia,2016,3,True,,
Eslovaquia,2016,4,True,,
Eslovaquia,2017,1,True,,
Eslovaquia,2017,2,False,0.82196712,
Eslovaquia,2017,3,False,0.82196712,0.0
Eslovaquia,2017,4,False,0.87742066,0.05545353999999991
Eslovaquia,2018,1,True,,
Eslovaquia,2018,2,True,,
Eslovaquia,2018,3,False,0.16460876,
Eslovaquia,2018,4,False,0.16460876,0.0
Eslovaquia,2019,1,False,0.0,0.0
Eslovaquia,2019,2,False,0.0,0.0
Eslovaquia,2019,3,False,0.30826402,0.30826402
Eslovaquia,2019,4,False,0.30826402,0.0
Eslovaquia,2020,1,True,,
Eslovaquia,2020,2,False,0.5127878,
Eslovaquia,2020,3,False,0.51974948,0.00696167999999997
Eslovaquia,2020,4,False,0.51974948,0.0
Eslovaquia,2021,1,True,,
Eslovaquia,2021,2,False,0.27244264,
Eslovaquia,2021,3,False,0.27244264,0.0
Eslovaquia,2021,4,False,0.38715907,0.11471642999999998
Eslovaquia,2022,1,True,,
Eslovaquia,2022,2,False,-0.0786817,
Eslovaquia,2022,3,False,0.08254967,0.16123136999999998
Eslovaquia,2022,4,False,0.08254967,0.0
Eslovaquia,2023,1,False,0.37137378,0.37137378
Eslovaquia,2023,2,False,0.37419495,0.0028211700000000395
Eslovaquia,2023,3,False,0.57901259,0.20481764000000002
Eslovaquia,2023,4,False,0.71608006,0.13706746999999997
Eslovaquia,2024,1,True,,
Eslovaquia,2024,2,True,,
Eslovaquia,2024,3,False,0.2682817,
Eslovaquia,2024,4,False,0.40653755,0.13825585
Eslovaquia,2025,1,True,,
Eslovaquia,2025,2,False,0.36126141,
Eslovaquia,2025,3,False,0.36126141,0.0
Eslovaquia,2025,4,False,0.77698691,0.41572549999999997
Eslovenia,2006,1,False,0.0,0.0
Eslovenia,2006,2,False,0.0,0.0
Eslovenia,2006,3,False,0.0,0.0
Eslovenia,2006,4,False,0.0,0.0
Eslovenia,2007,1,False,0.0,0.0
Eslovenia,2007,2,False,0.0,0.0
Eslovenia,2007,3,False,0.0,0.0
Eslovenia,2007,4,False,0.0,0.0
Eslovenia,2008,1,True,,
Eslovenia,2008,2,True,,
Eslovenia,2008,3,True,,
Eslovenia,2008,4,True,,
Eslovenia,2009,1,False,0.0,0.0
Eslovenia,2009,2,False,0.0,0.0
Eslovenia,2009,3,False,0.0,0.0
Eslovenia,2009,4,True,,
Eslovenia,2010,1,False,0.0,0.0
Eslovenia,2010,2,True,,
Eslovenia,2010,3,False,0.007698,
Eslovenia,2010,4,False,0.007698,0.0
Eslovenia,2011,1,False,0.0,0.0
Eslovenia,2011,2,False,0.0,0.0
Eslovenia,2011,3,False,0.0,0.0
Eslovenia,2011,4,False,0.0,0.0
Eslovenia,2012,1,False,0.0,0.0
Eslovenia,2012,2,False,0.0,0.0
Eslovenia,2012,3,False,0.0,0.0
Eslovenia,2012,4,False,0.0,0.0
Eslovenia,2013,1,False,0.0,0.0
Eslovenia,2013,2,True,,
Eslovenia,2013,3,True,,
Eslovenia,2013,4,True,,
Eslovenia,2014,1,False,0.0,0.0
Eslovenia,2014,2,False,0.0,0.0
Eslovenia,2014,3,False,0.0,0.0
Eslovenia,2014,4,False,0.0,0.0
Eslovenia,2015,1,False,0.0,0.0
Eslovenia,2015,2,False,0.0,0.0
Eslovenia,2015,3,False,0.0,0.0
Eslovenia,2015,4,False,0.0,0.0
Eslovenia,2016,1,False,0.0,0.0
Eslovenia,2016,2,False,0.0,0.0
Eslovenia,2016,3,False,0.0,0.0
Eslovenia,2016,4,False,0.0,0.0
Eslovenia,2017,1,False,0.0,0.0
Eslovenia,2017,2,True,,
Eslovenia,2017,3,True,,
Eslovenia,2017,4,True,,
Eslovenia,2018,1,False,0.0,0.0
Eslovenia,2018,2,True,,
Eslovenia,2018,3,True,,
Eslovenia,2018,4,True,,
Eslovenia,2019,1,False,0.0,0.0
Eslovenia,2019,2,False,0.0,0.0
Eslovenia,2019,3,True,,
Eslovenia,2019,4,False,5.52306287,
Eslovenia,2020,1,True,,
Eslovenia,2020,2,False,1.65818218,
Eslovenia,2020,3,False,4.05886271,2.40068053
Eslovenia,2020,4,False,4.04281586,-0.016046849999999502
Eslovenia,2021,1,True,,
Eslovenia,2021,2,True,,
Eslovenia,2021,3,True,,
Eslovenia,2021,4,True,,
Eslovenia,2022,1,False,0.0,0.0
Eslovenia,2022,2,False,0.0,0.0
Eslovenia,2022,3,False,0.61005127,0.61005127
Eslovenia,2022,4,False,1.42211559,0.81206432
Eslovenia,2023,1,False,0.0,0.0
Eslovenia,2023,2,True,,
Eslovenia,2023,3,True,,
Eslovenia,2023,4,True,,
Eslovenia,2024,1,False,0.0,0.0
Eslovenia,2024,2,False,0.0,0.0
Eslovenia,2024,3,True,,
Eslovenia,2024,4,True,,
Eslovenia,2025,1,False,0.0,0.0
Eslovenia,2025,2,True,,
Eslovenia,2025,3,True,,
Eslovenia,2025,4,True,,
España,2006,1,False,1465.534681,1465.534681
España,2006,2,False,1543.667132,78.13245099999995
España,2006,3,False,1322.02098,-221.64615200000003
España,2006,4,False,1607.594854,285.57387399999993
España,2007,1,False,2491.488379,2491.488379
España,2007,2,False,2870.961163,379.47278400000005
España,2007,3,False,3011.95622,140.9950570000001
España,2007,4,False,5318.340019,2306.383799
España,2008,1,False,253.6673359,253.6673359
España,2008,2,False,2390.967375,2137.3000391
España,2008,3,False,2425.393006,34.42563099999961
España,2008,4,False,2674.596741,249.20373500000005
España,2009,1,False,261.3375881,261.3375881
España,2009,2,False,905.5411545,644.2035664
España,2009,3,False,1685.253941,779.7127865
España,2009,4,False,2538.305869,853.0519279999999
España,2010,1,False,2645.263717,2645.263717
España,2010,2,False,3797.253171,1151.989454
España,2010,3,False,3854.010847,56.757676000000174
España,2010,4,False,4187.795899,333.7850519999997
España,2011,1,False,171.8656641,171.8656641
España,2011,2,False,683.9613218,512.0956577
España,2011,3,False,928.6651945,244.70387270000003
España,2011,4,False,2351.804109,1423.1389145000003
España,2012,1,False,1177.641859,1177.641859
España,2012,2,False,1570.181237,392.53937799999994
España,2012,3,False,1866.691535,296.5102979999999
España,2012,4,False,-1275.398934,-3142.0904689999998
España,2013,1,False,-339.33189,-339.33189
España,2013,2,False,729.1203991,1068.4522891
España,2013,3,False,1351.327643,622.2072439000001
España,2013,4,False,1437.854573,86.52693
España,2014,1,False,3106.768858,3106.768858
España,2014,2,False,3324.833896,218.0650380000002
España,2014,3,False,3400.822509,75.98861299999999
España,2014,4,False,3471.949898,71.12738899999977
España,2015,1,False,2040.896099,2040.896099
España,2015,2,False,2773.912019,733.0159199999998
España,2015,3,False,3758.093369,984.1813500000003
España,2015,4,False,4196.920996,438.82762699999967
España,2016,1,False,1069.912518,1069.912518
España,2016,2,False,1797.543707,727.631189
España,2016,3,False,2067.534495,269.99078799999984
España,2016,4,False,3473.566638,1406.032143
España,2017,1,False,1987.02996,1987.02996
España,2017,2,False,2234.824298,247.79433799999993
España,2017,3,False,1972.597967,-262.2263310000001
España,2017,4,False,2479.630778,507.03281100000027
España,2018,1,False,2330.557528,2330.557528
España,2018,2,False,3219.130986,888.5734580000003
España,2018,3,False,3331.038475,111.90748899999971
España,2018,4,False,4499.47843,1168.4399550000003
España,2019,1,False,1608.910942,1608.910942
España,2019,2,False,2062.169274,453.2583319999999
España,2019,3,False,4090.707117,2028.537843
España,2019,4,False,4165.095671,74.38855400000011
España,2020,1,False,3841.727522,3841.727522
España,2020,2,False,4153.075459,311.34793699999955
España,2020,3,False,4305.024803,151.94934400000056
España,2020,4,False,3938.177999,-366.84680400000025
España,2021,1,False,3838.306195,3838.306195
España,2021,2,False,4150.720062,312.4138670000002
España,2021,3,False,4414.595714,263.8756519999997
España,2021,4,False,4714.615332,300.01961800000026
España,2022,1,False,1489.869611,1489.869611
España,2022,2,False,2030.990744,541.1211329999999
España,2022,3,False,2313.010118,282.0193740000002
España,2022,4,False,2094.207071,-218.80304700000033
España,2023,1,False,4226.804112,4226.804112
España,2023,2,False,3769.312003,-457.4921089999998
España,2023,3,False,3927.144304,157.83230099999992
España,2023,4,False,4013.673998,86.52969400000029
España,2024,1,False,-756.5768712,-756.5768712
España,2024,2,False,46.69908542,803.27595662
España,2024,3,False,-938.3611498,-985.06023522
España,2024,4,False,-790.0938568,148.267293
España,2025,1,False,2849.486178,2849.486178
España,2025,2,False,5138.309918,2288.82374
España,2025,3,False,5005.201928,-133.10798999999952
España,2025,4,False,3520.436269,-1484.7656590000006
Estados Unidos de América,2006,1,False,5329.669416,5329.669416
Estados Unidos de América,2006,2,False,8726.108395,3396.4389789999996
Estados Unidos de América,2006,3,False,10258.20463,1532.096235000001
Estados Unidos de América,2006,4,False,13477.97918,3219.77455
Estados Unidos de América,2007,1,False,5338.243787,5338.243787
Estados Unidos de América,2007,2,False,7269.601016,1931.3572289999993
Estados Unidos de América,2007,3,False,9955.394813,2685.793797000001
Estados Unidos de América,2007,4,False,13399.23245,3443.8376369999987
Estados Unidos de América,2008,1,False,5415.230079,5415.230079
Estados Unidos de América,2008,2,False,7494.372593,2079.142514
Estados Unidos de América,2008,3,False,11315.43536,3821.0627669999994
Estados Unidos de América,2008,4,False,12847.51638,1532.0810199999996
Estados Unidos de América,2009,1,False,3896.417551,3896.417551
Estados Unidos de América,2009,2,False,6330.006872,2433.589321
Estados Unidos de América,2009,3,False,6794.399604,464.39273200000025
Estados Unidos de América,2009,4,False,7391.741967,597.3423629999998
Estados Unidos de América,2010,1,False,3869.824058,3869.824058
Estados Unidos de América,2010,2,False,5330.488878,1460.66482
Estados Unidos de América,2010,3,False,7245.246241,1914.7573629999997
Estados Unidos de América,2010,4,False,10610.10187,3364.8556290000006
Estados Unidos de América,2011,1,False,5504.90551,5504.90551
Estados Unidos de América,2011,2,False,9364.437619,3859.5321090000007
Estados Unidos de América,2011,3,False,11260.87226,1896.4346409999998
Estados Unidos de América,2011,4,False,13659.18129,2398.3090300000003
Estados Unidos de América,2012,1,False,1905.16035,1905.16035
Estados Unidos de América,2012,2,False,4005.553945,2100.393595
Estados Unidos de América,2012,3,False,7430.839421,3425.2854759999996
Estados Unidos de América,2012,4,False,9598.032163,2167.192742
Estados Unidos de América,2013,1,False,4915.691472,4915.691472
Estados Unidos de América,2013,2,False,9236.59724,4320.905767999999
Estados Unidos de América,2013,3,False,10859.15945,1622.56221
Estados Unidos de América,2013,4,False,18227.87182,7368.712370000001
Estados Unidos de América,2014,1,False,5325.866108,5325.866108
Estados Unidos de América,2014,2,False,4825.528711,-500.33739700000024
Estados Unidos de América,2014,3,False,6138.475544,1312.946833
Estados Unidos de América,2014,4,False,10851.32912,4712.853576
Estados Unidos de América,2015,1,False,5817.024831,5817.024831
Estados Unidos de América,2015,2,False,8321.265971,2504.241140000001
Estados Unidos de América,2015,3,False,12046.40189,3725.1359189999985
Estados Unidos de América,2015,4,False,13968.20038,1921.798490000001
Estados Unidos de América,2016,1,False,4336.811277,4336.811277
Estados Unidos de América,2016,2,False,6537.590929,2200.779652
Estados Unidos de América,2016,3,False,7900.644458,1363.0535289999998
Estados Unidos de América,2016,4,False,10424.52414,2523.879682
Estados Unidos de América,2017,1,False,5961.243465,5961.243465
Estados Unidos de América,2017,2,False,9922.76951,3961.5260450000005
Estados Unidos de América,2017,3,False,12781.99094,2859.2214299999996
Estados Unidos de América,2017,4,False,15004.96743,2222.976490000001
Estados Unidos de América,2018,1,False,5082.489094,5082.489094
Estados Unidos de América,2018,2,False,7574.001939,2491.512845
Estados Unidos de América,2018,3,False,8575.426961,1001.4250219999994
Estados Unidos de América,2018,4,False,10878.79051,2303.3635490000015
Estados Unidos de América,2019,1,False,5588.380716,5588.380716
Estados Unidos de América,2019,2,False,8615.877674,3027.4969579999997
Estados Unidos de América,2019,3,False,10576.36047,1960.4827960000002
Estados Unidos de América,2019,4,False,12469.23156,1892.8710900000005
Estados Unidos de América,2020,1,False,6109.515973,6109.515973
Estados Unidos de América,2020,2,False,8864.742556,2755.2265829999997
Estados Unidos de América,2020,3,False,8576.346419,-288.3961369999997
Estados Unidos de América,2020,4,False,9009.400759,433.0543400000006
Estados Unidos de América,2021,1,False,5819.758297,5819.758297
Estados Unidos de América,2021,2,False,9288.615493,3468.857195999999
Estados Unidos de América,2021,3,False,12188.3974,2899.7819070000005
Estados Unidos de América,2021,4,False,13740.36021,1551.962810000001
Estados Unidos de América,2022,1,False,14314.79406,14314.79406
Estados Unidos de América,2022,2,False,16814.36225,2499.568189999998
Estados Unidos de América,2022,3,False,18106.75639,1292.3941400000003
Estados Unidos de América,2022,4,False,18326.11498,219.35858999999982
Estados Unidos de América,2023,1,False,9906.606594,9906.606594
Estados Unidos de América,2023,2,False,12929.91414,3023.307546
Estados Unidos de América,2023,3,False,12905.29208,-24.62206000000151
Estados Unidos de América,2023,4,False,14715.61854,1810.3264600000002
Estados Unidos de América,2024,1,False,13784.52327,13784.52327
Estados Unidos de América,2024,2,False,14371.40144,586.87817
Estados Unidos de América,2024,3,False,14905.44965,534.0482100000008
Estados Unidos de América,2024,4,False,16692.40949,1786.9598399999977
Estados Unidos de América,2025,1,False,8632.844721,8632.844721
Estados Unidos de América,2025,2,False,16427.53801,7794.693289000001
Estados Unidos de América,2025,3,False,18558.18318,2130.64517
Estados Unidos de América,2025,4,False,15954.14955,-2604.03363
Estonia,2006,1,False,0.0,0.0
Estonia,2006,2,False,0.0,0.0
Estonia,2006,3,False,0.0,0.0
Estonia,2006,4,False,0.0,0.0
Estonia,2007,1,False,0.0,0.0
Estonia,2007,2,False,0.0,0.0
Estonia,2007,3,False,0.0,0.0
Estonia,2007,4,False,0.0,0.0
Estonia,2008,1,False,0.0,0.0
Estonia,2008,2,False,0.0,0.0
Estonia,2008,3,False,0.0,0.0
Estonia,2008,4,False,0.0,0.0
Estonia,2009,1,False,0.0,0.0
Estonia,2009,2,False,0.0,0.0
Estonia,2009,3,False,0.0,0.0
Estonia,2009,4,False,0.0,0.0
Estonia,2010,1,False,0.0,0.0
Estonia,2010,2,False,0.0,0.0
Estonia,2010,3,False,0.0,0.0
Estonia,2010,4,False,0.0,0.0
Estonia,2011,1,False,0.0,0.0
Estonia,2011,2,False,0.0,0.0
Estonia,2011,3,False,0.0,0.0
Estonia,2011,4,False,0.0,0.0
Estonia,2012,1,False,0.0,0.0
Estonia,2012,2,False,0.0,0.0
Estonia,2012,3,False,0.0,0.0
Estonia,2012,4,True,,
Estonia,2013,1,False,0.0,0.0
Estonia,2013,2,False,0.0,0.0
Estonia,2013,3,True,,
Estonia,2013,4,True,,
Estonia,2014,1,False,0.0,0.0
Estonia,2014,2,False,0.0,0.0
Estonia,2014,3,False,0.0,0.0
Estonia,2014,4,True,,
Estonia,2015,1,False,0.0,0.0
Estonia,2015,2,False,0.0,0.0
Estonia,2015,3,False,0.0,0.0
Estonia,2015,4,False,0.0,0.0
Estonia,2016,1,False,0.0,0.0
Estonia,2016,2,False,0.0,0.0
Estonia,2016,3,False,0.0,0.0
Estonia,2016,4,False,0.0,0.0
Estonia,2017,1,False,0.0,0.0
Estonia,2017,2,False,0.0,0.0
Estonia,2017,3,True,,
Estonia,2017,4,False,0.03911282,
Estonia,2018,1,True,,
Estonia,2018,2,False,0.12505762,
Estonia,2018,3,False,0.13554759,0.010489969999999987
Estonia,2018,4,False,0.13554759,0.0
Estonia,2019,1,True,,
Estonia,2019,2,True,,
Estonia,2019,3,False,0.20402628,
Estonia,2019,4,False,0.20402628,0.0
Estonia,2020,1,False,0.0,0.0
Estonia,2020,2,False,0.0,0.0
Estonia,2020,3,True,,
Estonia,2020,4,True,,
Estonia,2021,1,False,0.0,0.0
Estonia,2021,2,True,,
Estonia,2021,3,False,0.01052405,
Estonia,2021,4,False,0.01052405,0.0
Estonia,2022,1,False,0.0,0.0
Estonia,2022,2,False,0.0,0.0
Estonia,2022,3,False,0.0,0.0
Estonia,2022,4,False,0.0,0.0
Estonia,2023,1,False,0.0,0.0
Estonia,2023,2,True,,
Estonia,2023,3,True,,
Estonia,2023,4,True,,
Estonia,2024,1,False,0.0,0.0
Estonia,2024,2,False,0.0,0.0
Estonia,2024,3,False,0.0,0.0
Estonia,2024,4,False,0.0,0.0
Estonia,2025,1,True,,
Estonia,2025,2,True,,
Estonia,2025,3,False,0.16988976,
Estonia,2025,4,False,0.16988976,0.0
Etiopía,2006,1,False,0.0,0.0
Etiopía,2006,2,False,0.0,0.0
Etiopía,2006,3,False,0.0,0.0
Etiopía,2006,4,False,0.0,0.0
Etiopía,2007,1,False,0.0,0.0
Etiopía,2007,2,False,0.0,0.0
Etiopía,2007,3,False,0.0,0.0
Etiopía,2007,4,False,0.0,0.0
Etiopía,2008,1,False,0.0,0.0
Etiopía,2008,2,False,0.0,0.0
Etiopía,2008,3,False,0.0,0.0
Etiopía,2008,4,False,0.0,0.0
Etiopía,2009,1,False,0.0,0.0
Etiopía,2009,2,False,0.0,0.0
Etiopía,2009,3,False,0.0,0.0
Etiopía,2009,4,False,0.0,0.0
Etiopía,2010,1,False,0.0,0.0
Etiopía,2010,2,False,0.0,0.0
Etiopía,2010,3,False,0.0,0.0
Etiopía,2010,4,False,0.0,0.0
Etiopía,2011,1,False,0.0,0.0
Etiopía,2011,2,False,0.0,0.0
Etiopía,2011,3,False,0.0,0.0
Etiopía,2011,4,False,0.0,0.0
Etiopía,2012,1,False,0.0,0.0
Etiopía,2012,2,False,0.0,0.0
Etiopía,2012,3,False,0.0,0.0
Etiopía,2012,4,False,0.0,0.0
Etiopía,2013,1,False,0.0,0.0
Etiopía,2013,2,False,0.0,0.0
Etiopía,2013,3,False,0.0,0.0
Etiopía,2013,4,False,0.0,0.0
Etiopía,2014,1,False,0.0,0.0
Etiopía,2014,2,False,0.0,0.0
Etiopía,2014,3,False,0.0,0.0
Etiopía,2014,4,False,0.0,0.0
Etiopía,2015,1,False,0.0,0.0
Etiopía,2015,2,False,0.0,0.0
Etiopía,2015,3,False,0.0,0.0
Etiopía,2015,4,False,0.0,0.0
Etiopía,2016,1,False,0.0,0.0
Etiopía,2016,2,False,0.0,0.0
Etiopía,2016,3,False,0.0,0.0
Etiopía,2016,4,False,0.0,0.0
Etiopía,2017,1,False,0.0,0.0
Etiopía,2017,2,False,0.0,0.0
Etiopía,2017,3,True,,
Etiopía,2017,4,True,,
Etiopía,2018,1,False,0.0,0.0
Etiopía,2018,2,False,0.0,0.0
Etiopía,2018,3,False,0.0,0.0
Etiopía,2018,4,False,0.0,0.0
Etiopía,2019,1,False,0.0,0.0
Etiopía,2019,2,False,0.0,0.0
Etiopía,2019,3,False,0.0,0.0
Etiopía,2019,4,True,,
Etiopía,2020,1,False,0.0,0.0
Etiopía,2020,2,False,0.0,0.0
Etiopía,2020,3,False,0.0,0.0
Etiopía,2020,4,True,,
Etiopía,2021,1,False,0.0,0.0
Etiopía,2021,2,False,0.0,0.0
Etiopía,2021,3,False,0.0,0.0
Etiopía,2021,4,False,0.0,0.0
Etiopía,2022,1,False,0.0,0.0
Etiopía,2022,2,False,0.0,0.0
Etiopía,2022,3,False,0.0,0.0
Etiopía,2022,4,False,0.0,0.0
Etiopía,2023,1,False,0.0,0.0
Etiopía,2023,2,False,0.0,0.0
Etiopía,2023,3,False,0.0,0.0
Etiopía,2023,4,False,0.0,0.0
Etiopía,2024,1,False,0.0,0.0
Etiopía,2024,2,False,0.0,0.0
Etiopía,2024,3,False,0.0,0.0
Etiopía,2024,4,False,0.0,0.0
Etiopía,2025,1,False,0.0,0.0
Etiopía,2025,2,False,0.0,0.0
Etiopía,2025,3,False,0.0,0.0
Etiopía,2025,4,False,0.0,0.0
Federación de Rusia,2006,1,True,,
Federación de Rusia,2006,2,False,0.352578,
Federación de Rusia,2006,3,False,0.352578,0.0
Federación de Rusia,2006,4,False,0.352578,0.0
Federación de Rusia,2007,1,True,,
Federación de Rusia,2007,2,True,,
Federación de Rusia,2007,3,True,,
Federación de Rusia,2007,4,True,,
Federación de Rusia,2008,1,False,0.122082,0.122082
Federación de Rusia,2008,2,False,0.25003,0.12794799999999998
Federación de Rusia,2008,3,False,0.252947,0.002917000000000003
Federación de Rusia,2008,4,False,0.257115,0.004168000000000005
Federación de Rusia,2009,1,True,,
Federación de Rusia,2009,2,True,,
Federación de Rusia,2009,3,False,0.001999,
Federación de Rusia,2009,4,False,0.001999,0.0
Federación de Rusia,2010,1,False,0.0,0.0
Federación de Rusia,2010,2,False,0.0,0.0
Federación de Rusia,2010,3,True,,
Federación de Rusia,2010,4,False,0.267658,
Federación de Rusia,2011,1,False,0.030347,0.030347
Federación de Rusia,2011,2,False,0.086161,0.055814
Federación de Rusia,2011,3,False,0.137906,0.051745
Federación de Rusia,2011,4,False,0.319328,0.181422
Federación de Rusia,2012,1,False,0.13148601,0.13148601
Federación de Rusia,2012,2,False,0.21123301,0.07974700000000001
Federación de Rusia,2012,3,False,1.79620765,1.58497464
Federación de Rusia,2012,4,False,1.80579765,0.009589999999999987
Federación de Rusia,2013,1,False,0.175225,0.175225
Federación de Rusia,2013,2,False,0.21168162,0.036456619999999995
Federación de Rusia,2013,3,False,0.33763162,0.12595000000000003
Federación de Rusia,2013,4,False,0.46914562,0.13151399999999996
Federación de Rusia,2014,1,False,0.197037,0.197037
Federación de Rusia,2014,2,False,0.35873223,0.16169523
Federación de Rusia,2014,3,False,0.35873223,0.0
Federación de Rusia,2014,4,False,0.72457718,0.36584495000000006
Federación de Rusia,2015,1,False,0.21918807,0.21918807
Federación de Rusia,2015,2,False,0.31448207,0.09529399999999999
Federación de Rusia,2015,3,False,0.51688607,0.20240399999999997
Federación de Rusia,2015,4,False,0.75599807,0.239112
Federación de Rusia,2016,1,True,,
Federación de Rusia,2016,2,True,,
Federación de Rusia,2016,3,False,1.65207575,
Federación de Rusia,2016,4,False,1.89672934,0.24465358999999998
Federación de Rusia,2017,1,True,,
Federación de Rusia,2017,2,False,4.13972596,
Federación de Rusia,2017,3,False,12.34186162,8.20213566
Federación de Rusia,2017,4,False,14.89453329,2.5526716700000005
Federación de Rusia,2018,1,False,2.63858328,2.63858328
Federación de Rusia,2018,2,False,19.03949263,16.400909350000003
Federación de Rusia,2018,3,False,31.77209524,12.732602609999997
Federación de Rusia,2018,4,False,62.98889528,31.216800040000003
Federación de Rusia,2019,1,False,7.953318,7.953318
Federación de Rusia,2019,2,False,17.25716183,9.303843830000002
Federación de Rusia,2019,3,False,18.11427713,0.8571153000000002
Federación de Rusia,2019,4,False,44.7375694,26.623292269999997
Federación de Rusia,2020,1,False,1.60411574,1.60411574
Federación de Rusia,2020,2,False,1.6845581,0.08044236000000016
Federación de Rusia,2020,3,False,1.62579068,-0.058767420000000126
Federación de Rusia,2020,4,False,1.74562655,0.11983587000000018
Federación de Rusia,2021,1,False,0.34667905,0.34667905
Federación de Rusia,2021,2,False,0.55574479,0.20906574
Federación de Rusia,2021,3,False,0.93680192,0.38105712999999997
Federación de Rusia,2021,4,False,1.06423808,0.12743616000000002
Federación de Rusia,2022,1,False,1.23577416,1.23577416
Federación de Rusia,2022,2,False,1.54647282,0.3106986599999999
Federación de Rusia,2022,3,False,2.29916346,0.75269064
Federación de Rusia,2022,4,False,2.76728123,0.4681177700000001
Federación de Rusia,2023,1,False,1.87020007,1.87020007
Federación de Rusia,2023,2,False,3.67414471,1.80394464
Federación de Rusia,2023,3,False,5.60167114,1.9275264299999995
Federación de Rusia,2023,4,False,12.79815377,7.196482630000001
Federación de Rusia,2024,1,False,6.17604057,6.17604057
Federación de Rusia,2024,2,False,24.84647569,18.67043512
Federación de Rusia,2024,3,False,25.62320657,0.7767308800000023
Federación de Rusia,2024,4,False,94.33064985,68.70744328
Federación de Rusia,2025,1,False,141.3857563,141.3857563
Federación de Rusia,2025,2,False,142.7543445,1.368588200000005
Federación de Rusia,2025,3,False,146.9768845,4.222540000000009
Federación de Rusia,2025,4,False,147.4270603,0.4501757999999825
Filipinas,2006,1,True,,
Filipinas,2006,2,True,,
Filipinas,2006,3,False,0.012118,
Filipinas,2006,4,False,0.016118,0.004
Filipinas,2007,1,True,,
Filipinas,2007,2,True,,
Filipinas,2007,3,True,,
Filipinas,2007,4,False,0.141194,
Filipinas,2008,1,False,0.0,0.0
Filipinas,2008,2,True,,
Filipinas,2008,3,False,0.0971,
Filipinas,2008,4,False,0.1271,0.029999999999999985
Filipinas,2009,1,False,0.0,0.0
Filipinas,2009,2,False,0.0,0.0
Filipinas,2009,3,True,,
Filipinas,2009,4,False,0.095558,
Filipinas,2010,1,True,,
Filipinas,2010,2,True,,
Filipinas,2010,3,True,,
Filipinas,2010,4,True,,
Filipinas,2011,1,True,,
Filipinas,2011,2,True,,
Filipinas,2011,3,False,69.070689,
Filipinas,2011,4,False,69.199059,0.12837000000000387
Filipinas,2012,1,False,0.0,0.0
Filipinas,2012,2,False,0.0,0.0
Filipinas,2012,3,False,0.0,0.0
Filipinas,2012,4,False,0.0,0.0
Filipinas,2013,1,False,0.0,0.0
Filipinas,2013,2,False,0.0,0.0
Filipinas,2013,3,False,149.050471,149.050471
Filipinas,2013,4,False,149.250683,0.20021200000002182
Filipinas,2014,1,False,0.0,0.0
Filipinas,2014,2,False,0.0,0.0
Filipinas,2014,3,True,,
Filipinas,2014,4,True,,
Filipinas,2015,1,True,,
Filipinas,2015,2,True,,
Filipinas,2015,3,True,,
Filipinas,2015,4,True,,
Filipinas,2016,1,False,0.0,0.0
Filipinas,2016,2,True,,
Filipinas,2016,3,True,,
Filipinas,2016,4,True,,
Filipinas,2017,1,True,,
Filipinas,2017,2,False,1.60942703,
Filipinas,2017,3,False,1.81687193,0.20744490000000004
Filipinas,2017,4,False,1.81687193,0.0
Filipinas,2018,1,False,0.68653554,0.68653554
Filipinas,2018,2,False,0.76021877,0.07368322999999999
Filipinas,2018,3,False,0.76021877,0.0
Filipinas,2018,4,False,0.76021877,0.0
Filipinas,2019,1,True,,
Filipinas,2019,2,False,0.22095913,
Filipinas,2019,3,False,0.22095913,0.0
Filipinas,2019,4,False,0.38576037,0.16480124000000002
Filipinas,2020,1,True,,
Filipinas,2020,2,True,,
Filipinas,2020,3,True,,
Filipinas,2020,4,True,,
Filipinas,2021,1,True,,
Filipinas,2021,2,False,0.28337741,
Filipinas,2021,3,False,0.47979548,0.19641807
Filipinas,2021,4,False,0.57769913,0.09790364999999995
Filipinas,2022,1,False,0.33345358,0.33345358
Filipinas,2022,2,False,0.85487156,0.52141798
Filipinas,2022,3,False,1.04203233,0.1871607700000001
Filipinas,2022,4,False,1.04406288,0.0020305499999999643
Filipinas,2023,1,True,,
Filipinas,2023,2,False,3.29531953,
Filipinas,2023,3,False,3.81309854,0.5177790099999999
Filipinas,2023,4,False,3.98099197,0.1678934299999999
Filipinas,2024,1,False,161.4946345,161.4946345
Filipinas,2024,2,False,161.7765343,0.28189980000001924
Filipinas,2024,3,False,162.1358402,0.3593058999999812
Filipinas,2024,4,False,162.1931492,0.05730900000000361
Filipinas,2025,1,True,,
Filipinas,2025,2,False,243.1626323,
Filipinas,2025,3,False,243.1626323,0.0
Filipinas,2025,4,False,243.3732931,0.21066079999999943
Finlandia,2006,1,False,-15.415457,-15.415457
Finlandia,2006,2,False,-40.1187,-24.703242999999997
Finlandia,2006,3,False,-88.355377,-48.23667700000001
Finlandia,2006,4,False,-43.889543,44.465834
Finlandia,2007,1,False,-5.133509,-5.133509
Finlandia,2007,2,False,34.032986,39.166495
Finlandia,2007,3,False,68.873682,34.840696
Finlandia,2007,4,False,107.109251,38.235569
Finlandia,2008,1,False,56.293806,56.293806
Finlandia,2008,2,False,48.764256,-7.529549999999993
Finlandia,2008,3,False,120.212765,71.448509
Finlandia,2008,4,False,101.674269,-18.53849600000001
Finlandia,2009,1,False,-116.9619171,-116.9619171
Finlandia,2009,2,False,-122.0318851,-5.069968000000003
Finlandia,2009,3,False,-116.7881961,5.243689000000003
Finlandia,2009,4,False,-165.4765421,-48.688345999999996
Finlandia,2010,1,False,87.556722,87.556722
Finlandia,2010,2,False,103.378686,15.821964000000008
Finlandia,2010,3,False,88.78942455,-14.589261449999995
Finlandia,2010,4,False,153.6772856,64.88786105
Finlandia,2011,1,False,-25.948839,-25.948839
Finlandia,2011,2,False,-106.172313,-80.22347400000001
Finlandia,2011,3,False,-116.614168,-10.441855000000004
Finlandia,2011,4,False,14.510783,131.124951
Finlandia,2012,1,False,-6.51999155,-6.51999155
Finlandia,2012,2,False,-3.78841155,2.73158
Finlandia,2012,3,False,54.36294945,58.151361
Finlandia,2012,4,False,120.2387892,65.87583975
Finlandia,2013,1,False,18.67622967,18.67622967
Finlandia,2013,2,False,35.43948767,16.763257999999997
Finlandia,2013,3,False,93.05664567,57.617157999999996
Finlandia,2013,4,False,80.62121367,-12.435431999999992
Finlandia,2014,1,False,-15.489921,-15.489921
Finlandia,2014,2,False,1.006259,16.496180000000003
Finlandia,2014,3,False,8.773487,7.767227999999999
Finlandia,2014,4,False,23.60336585,14.82987885
Finlandia,2015,1,False,4.16356,4.16356
Finlandia,2015,2,False,1.262555,-2.9010050000000005
Finlandia,2015,3,False,191.3291808,190.0666258
Finlandia,2015,4,False,188.8291498,-2.5000309999999786
Finlandia,2016,1,True,,
Finlandia,2016,2,False,-234.520365,
Finlandia,2016,3,False,-118.7184105,115.8019545
Finlandia,2016,4,False,-110.1029074,8.615503099999998
Finlandia,2017,1,False,0.51445163,0.51445163
Finlandia,2017,2,False,3.65305075,3.13859912
Finlandia,2017,3,False,1.81642879,-1.8366219599999998
Finlandia,2017,4,False,-1.29595645,-3.11238524
Finlandia,2018,1,False,13.2447956,13.2447956
Finlandia,2018,2,False,-12.42314117,-25.667936769999997
Finlandia,2018,3,False,40.16752881,52.59066998
Finlandia,2018,4,False,67.13153659,26.964007779999996
Finlandia,2019,1,False,27.27645626,27.27645626
Finlandia,2019,2,False,47.02462003,19.74816377
Finlandia,2019,3,False,46.45235957,-0.5722604600000025
Finlandia,2019,4,False,60.39664881,13.944289240000003
Finlandia,2020,1,False,-42.14597568,-42.14597568
Finlandia,2020,2,False,4.62021742,46.7661931
Finlandia,2020,3,False,-22.18374676,-26.803964179999998
Finlandia,2020,4,False,-42.56550415,-20.381757390000004
Finlandia,2021,1,True,,
Finlandia,2021,2,False,-12.42093396,
Finlandia,2021,3,False,3.80967906,16.23061302
Finlandia,2021,4,False,-171.4492434,-175.25892246
Finlandia,2022,1,False,-7.73266324,-7.73266324
Finlandia,2022,2,False,-17.42913794,-9.6964747
Finlandia,2022,3,False,-22.10848801,-4.679350069999998
Finlandia,2022,4,False,-11.74776619,10.360721819999998
Finlandia,2023,1,False,-1.16784645,-1.16784645
Finlandia,2023,2,False,-18.09458327,-16.926736820000002
Finlandia,2023,3,False,-8.62181729,9.472765980000002
Finlandia,2023,4,False,27.16201691,35.7838342
Finlandia,2024,1,False,10.18924568,10.18924568
Finlandia,2024,2,False,22.49861935,12.309373669999998
Finlandia,2024,3,False,-6.47192034,-28.97053969
Finlandia,2024,4,False,-27.2860511,-20.81413076
Finlandia,2025,1,False,-1.16219087,-1.16219087
Finlandia,2025,2,False,12.54345964,13.70565051
Finlandia,2025,3,False,-2.43661264,-14.98007228
Finlandia,2025,4,False,-2.57348006,-0.13686742000000018
"Fiyi, República de",2006,1,False,0.0,0.0
"Fiyi, República de",2006,2,False,0.0,0.0
"Fiyi, República de",2006,3,False,0.0,0.0
"Fiyi, República de",2006,4,False,0.0,0.0
"Fiyi, República de",2007,1,False,0.0,0.0
"Fiyi, República de",2007,2,False,0.0,0.0
"Fiyi, República de",2007,3,False,0.0,0.0
"Fiyi, República de",2007,4,False,0.0,0.0
"Fiyi, República de",2008,1,False,0.0,0.0
"Fiyi, República de",2008,2,False,0.0,0.0
"Fiyi, República de",2008,3,False,0.0,0.0
"Fiyi, República de",2008,4,False,0.0,0.0
"Fiyi, República de",2009,1,False,0.0,0.0
"Fiyi, República de",2009,2,False,0.0,0.0
"Fiyi, República de",2009,3,False,0.0,0.0
"Fiyi, República de",2009,4,False,0.0,0.0
"Fiyi, República de",2010,1,False,0.0,0.0
"Fiyi, República de",2010,2,False,0.0,0.0
"Fiyi, República de",2010,3,False,0.0,0.0
"Fiyi, República de",2010,4,False,0.0,0.0
"Fiyi, República de",2011,1,False,0.0,0.0
"Fiyi, República de",2011,2,False,0.0,0.0
"Fiyi, República de",2011,3,False,0.0,0.0
"Fiyi, República de",2011,4,False,0.0,0.0
"Fiyi, República de",2012,1,False,0.0,0.0
"Fiyi, República de",2012,2,False,0.0,0.0
"Fiyi, República de",2012,3,False,0.0,0.0
"Fiyi, República de",2012,4,False,0.0,0.0
"Fiyi, República de",2013,1,False,0.0,0.0
"Fiyi, República de",2013,2,False,0.0,0.0
"Fiyi, República de",2013,3,False,0.0,0.0
"Fiyi, República de",2013,4,False,0.0,0.0
"Fiyi, República de",2014,1,False,0.0,0.0
"Fiyi, República de",2014,2,False,0.0,0.0
"Fiyi, República de",2014,3,False,0.0,0.0
"Fiyi, República de",2014,4,False,0.0,0.0
"Fiyi, República de",2015,1,False,0.0,0.0
"Fiyi, República de",2015,2,False,0.0,0.0
"Fiyi, República de",2015,3,False,0.0,0.0
"Fiyi, República de",2015,4,False,0.0,0.0
"Fiyi, República de",2016,1,False,0.0,0.0
"Fiyi, República de",2016,2,False,0.0,0.0
"Fiyi, República de",2016,3,False,0.0,0.0
"Fiyi, República de",2016,4,False,0.0,0.0
"Fiyi, República de",2017,1,False,0.0,0.0
"Fiyi, República de",2017,2,False,0.0,0.0
"Fiyi, República de",2017,3,False,0.0,0.0
"Fiyi, República de",2017,4,False,0.0,0.0
"Fiyi, República de",2018,1,False,0.0,0.0
"Fiyi, República de",2018,2,False,0.0,0.0
"Fiyi, República de",2018,3,False,0.0,0.0
"Fiyi, República de",2018,4,False,0.0,0.0
"Fiyi, República de",2019,1,False,0.0,0.0
"Fiyi, República de",2019,2,False,0.0,0.0
"Fiyi, República de",2019,3,False,0.0,0.0
"Fiyi, República de",2019,4,False,0.0,0.0
"Fiyi, República de",2020,1,False,0.0,0.0
"Fiyi, República de",2020,2,False,0.0,0.0
"Fiyi, República de",2020,3,False,0.0,0.0
"Fiyi, República de",2020,4,False,0.0,0.0
"Fiyi, República de",2021,1,False,0.0,0.0
"Fiyi, República de",2021,2,False,0.0,0.0
"Fiyi, República de",2021,3,False,0.0,0.0
"Fiyi, República de",2021,4,False,0.0,0.0
"Fiyi, República de",2022,1,False,0.0,0.0
"Fiyi, República de",2022,2,False,0.0,0.0
"Fiyi, República de",2022,3,False,0.0,0.0
"Fiyi, República de",2022,4,False,0.0,0.0
"Fiyi, República de",2023,1,False,0.0,0.0
"Fiyi, República de",2023,2,False,0.0,0.0
"Fiyi, República de",2023,3,False,0.0,0.0
"Fiyi, República de",2023,4,True,,
"Fiyi, República de",2024,1,False,0.0,0.0
"Fiyi, República de",2024,2,False,0.0,0.0
"Fiyi, República de",2024,3,False,0.0,0.0
"Fiyi, República de",2024,4,True,,
"Fiyi, República de",2025,1,False,0.0,0.0
"Fiyi, República de",2025,2,False,0.0,0.0
"Fiyi, República de",2025,3,False,0.0,0.0
"Fiyi, República de",2025,4,False,0.0,0.0
Francia,2006,1,False,-410.9310655,-410.9310655
Francia,2006,2,False,-361.7801955,49.15087
Francia,2006,3,False,-350.34752,11.432675500000016
Francia,2006,4,False,-278.953802,71.39371799999998
Francia,2007,1,False,150.049392,150.049392
Francia,2007,2,False,289.2259109,139.17651889999996
Francia,2007,3,False,353.1596979,63.93378700000005
Francia,2007,4,False,390.9743434,37.81464549999998
Francia,2008,1,False,684.944648,684.944648
Francia,2008,2,False,551.8851634,-133.05948460000002
Francia,2008,3,False,730.2256124,178.34044900000004
Francia,2008,4,False,923.3037586,193.0781462
Francia,2009,1,False,216.7545557,216.7545557
Francia,2009,2,False,406.179836,189.42528030000003
Francia,2009,3,False,461.741635,55.56179899999995
Francia,2009,4,False,661.285905,199.54426999999998
Francia,2010,1,False,140.2494777,140.2494777
Francia,2010,2,False,262.8390163,122.58953860000003
Francia,2010,3,False,344.3510514,81.51203509999999
Francia,2010,4,False,419.3994097,75.04835829999996
Francia,2011,1,False,254.8951884,254.8951884
Francia,2011,2,False,476.4045362,221.5093478
Francia,2011,3,False,677.5276374,201.1231012
Francia,2011,4,False,695.2812947,17.753657299999986
Francia,2012,1,False,380.3315536,380.3315536
Francia,2012,2,False,704.47468,324.1431264
Francia,2012,3,False,889.9166336,185.44195359999992
Francia,2012,4,False,894.6671042,4.750470600000085
Francia,2013,1,False,380.2106758,380.2106758
Francia,2013,2,False,622.552971,242.34229519999997
Francia,2013,3,False,667.298661,44.74569000000008
Francia,2013,4,False,959.2589449,291.9602838999999
Francia,2014,1,False,393.4175457,393.4175457
Francia,2014,2,False,920.5678659,527.1503202
Francia,2014,3,False,980.4378194,59.86995349999995
Francia,2014,4,False,1129.275937,148.83811760000015
Francia,2015,1,False,328.377077,328.377077
Francia,2015,2,False,939.1977268,610.8206498000001
Francia,2015,3,False,948.8508729,9.653146099999958
Francia,2015,4,False,973.8948534,25.043980499999975
Francia,2016,1,False,264.1840444,264.1840444
Francia,2016,2,False,472.6809434,208.49689899999998
Francia,2016,3,False,662.8930099,190.21206650000005
Francia,2016,4,False,557.2164674,-105.67654249999998
Francia,2017,1,False,443.9243777,443.9243777
Francia,2017,2,False,333.8446538,-110.07972389999998
Francia,2017,3,False,527.0590821,193.21442829999995
Francia,2017,4,False,658.7128781,131.65379600000006
Francia,2018,1,False,486.2026545,486.2026545
Francia,2018,2,False,527.5474252,41.344770700000026
Francia,2018,3,False,695.8370115,168.2895863
Francia,2018,4,False,679.0179232,-16.819088299999976
Francia,2019,1,False,485.6044046,485.6044046
Francia,2019,2,False,663.7425598,178.13815519999997
Francia,2019,3,False,815.6220747,151.8795149
Francia,2019,4,False,1093.017539,277.39546429999996
Francia,2020,1,False,278.1305832,278.1305832
Francia,2020,2,False,409.4373437,131.3067605
Francia,2020,3,False,314.8940032,-94.5433405
Francia,2020,4,False,461.2353226,146.34131940000003
Francia,2021,1,False,327.8745374,327.8745374
Francia,2021,2,False,268.2065822,-59.667955199999994
Francia,2021,3,False,512.688946,244.48236379999997
Francia,2021,4,False,720.3223829,207.6334369
Francia,2022,1,False,708.6654396,708.6654396
Francia,2022,2,False,964.4566946,255.79125499999998
Francia,2022,3,False,952.0628228,-12.393871799999943
Francia,2022,4,False,804.9582279,-147.10459490000005
Francia,2023,1,False,299.588424,299.588424
Francia,2023,2,False,604.4951905,304.90676650000006
Francia,2023,3,False,1113.51282,509.0176294999999
Francia,2023,4,False,1152.933662,39.42084199999999
Francia,2024,1,False,-792.1347705,-792.1347705
Francia,2024,2,False,-1003.541077,-211.40630650000003
Francia,2024,3,False,-627.4890611,376.0520159
Francia,2024,4,False,-562.8701267,64.61893439999994
Francia,2025,1,False,247.3637339,247.3637339
Francia,2025,2,False,480.8680485,233.5043146
Francia,2025,3,False,763.013754,282.14570549999996
Francia,2025,4,False,1236.908775,473.89502100000016
Gabón,2006,1,False,0.0,0.0
Gabón,2006,2,False,0.0,0.0
Gabón,2006,3,False,0.0,0.0
Gabón,2006,4,False,0.0,0.0
Gabón,2007,1,False,0.0,0.0
Gabón,2007,2,False,0.0,0.0
Gabón,2007,3,False,0.0,0.0
Gabón,2007,4,False,0.0,0.0
Gabón,2008,1,False,0.0,0.0
Gabón,2008,2,False,0.0,0.0
Gabón,2008,3,False,0.0,0.0
Gabón,2008,4,False,0.0,0.0
Gabón,2009,1,False,0.0,0.0
Gabón,2009,2,False,0.0,0.0
Gabón,2009,3,False,0.0,0.0
Gabón,2009,4,False,0.0,0.0
Gabón,2010,1,False,0.0,0.0
Gabón,2010,2,False,0.0,0.0
Gabón,2010,3,False,0.0,0.0
Gabón,2010,4,False,0.0,0.0
Gabón,2011,1,False,0.0,0.0
Gabón,2011,2,False,0.0,0.0
Gabón,2011,3,False,0.0,0.0
Gabón,2011,4,False,0.0,0.0
Gabón,2012,1,False,0.0,0.0
Gabón,2012,2,False,0.0,0.0
Gabón,2012,3,False,0.0,0.0
Gabón,2012,4,False,0.0,0.0
Gabón,2013,1,False,0.0,0.0
Gabón,2013,2,False,0.0,0.0
Gabón,2013,3,False,0.0,0.0
Gabón,2013,4,False,0.0,0.0
Gabón,2014,1,False,0.0,0.0
Gabón,2014,2,False,0.0,0.0
Gabón,2014,3,False,0.0,0.0
Gabón,2014,4,False,0.0,0.0
Gabón,2015,1,False,0.0,0.0
Gabón,2015,2,False,0.0,0.0
Gabón,2015,3,False,0.0,0.0
Gabón,2015,4,False,0.0,0.0
Gabón,2016,1,False,0.0,0.0
Gabón,2016,2,False,0.0,0.0
Gabón,2016,3,False,0.0,0.0
Gabón,2016,4,False,0.0,0.0
Gabón,2017,1,False,0.0,0.0
Gabón,2017,2,False,0.0,0.0
Gabón,2017,3,False,0.0,0.0
Gabón,2017,4,True,,
Gabón,2018,1,False,0.0,0.0
Gabón,2018,2,False,0.0,0.0
Gabón,2018,3,False,0.0,0.0
Gabón,2018,4,False,0.0,0.0
Gabón,2019,1,False,0.0,0.0
Gabón,2019,2,False,0.0,0.0
Gabón,2019,3,False,0.0,0.0
Gabón,2019,4,False,0.0,0.0
Gabón,2020,1,False,0.0,0.0
Gabón,2020,2,False,0.0,0.0
Gabón,2020,3,False,0.0,0.0
Gabón,2020,4,False,0.0,0.0
Gabón,2021,1,False,0.0,0.0
Gabón,2021,2,False,0.0,0.0
Gabón,2021,3,False,0.0,0.0
Gabón,2021,4,False,0.0,0.0
Gabón,2022,1,False,0.0,0.0
Gabón,2022,2,False,0.0,0.0
Gabón,2022,3,False,0.0,0.0
Gabón,2022,4,False,0.0,0.0
Gabón,2023,1,False,0.0,0.0
Gabón,2023,2,False,0.0,0.0
Gabón,2023,3,False,0.0,0.0
Gabón,2023,4,False,0.0,0.0
Gabón,2024,1,False,0.0,0.0
Gabón,2024,2,False,0.0,0.0
Gabón,2024,3,False,0.0,0.0
Gabón,2024,4,False,0.0,0.0
Gabón,2025,1,False,0.0,0.0
Gabón,2025,2,False,0.0,0.0
Gabón,2025,3,False,0.0,0.0
Gabón,2025,4,False,0.0,0.0
Georgia,2006,1,False,0.0,0.0
Georgia,2006,2,False,0.0,0.0
Georgia,2006,3,False,0.0,0.0
Georgia,2006,4,True,,
Georgia,2007,1,False,0.0,0.0
Georgia,2007,2,False,0.0,0.0
Georgia,2007,3,False,0.0,0.0
Georgia,2007,4,False,0.0,0.0
Georgia,2008,1,False,0.0,0.0
Georgia,2008,2,False,0.0,0.0
Georgia,2008,3,False,0.0,0.0
Georgia,2008,4,False,0.0,0.0
Georgia,2009,1,False,0.0,0.0
Georgia,2009,2,False,0.0,0.0
Georgia,2009,3,False,0.0,0.0
Georgia,2009,4,False,0.0,0.0
Georgia,2010,1,False,0.0,0.0
Georgia,2010,2,False,0.0,0.0
Georgia,2010,3,False,0.0,0.0
Georgia,2010,4,False,0.0,0.0
Georgia,2011,1,False,0.0,0.0
Georgia,2011,2,False,0.0,0.0
Georgia,2011,3,False,0.0,0.0
Georgia,2011,4,True,,
Georgia,2012,1,False,0.0,0.0
Georgia,2012,2,False,0.0,0.0
Georgia,2012,3,False,0.0,0.0
Georgia,2012,4,False,0.0,0.0
Georgia,2013,1,False,0.0,0.0
Georgia,2013,2,False,0.0,0.0
Georgia,2013,3,False,0.0,0.0
Georgia,2013,4,False,0.0,0.0
Georgia,2014,1,False,0.0,0.0
Georgia,2014,2,False,0.0,0.0
Georgia,2014,3,False,0.0,0.0
Georgia,2014,4,True,,
Georgia,2015,1,False,0.0,0.0
Georgia,2015,2,False,0.0,0.0
Georgia,2015,3,False,0.0,0.0
Georgia,2015,4,False,0.0,0.0
Georgia,2016,1,False,0.0,0.0
Georgia,2016,2,False,0.0,0.0
Georgia,2016,3,False,0.0,0.0
Georgia,2016,4,False,0.0,0.0
Georgia,2017,1,False,0.0,0.0
Georgia,2017,2,False,0.0,0.0
Georgia,2017,3,False,0.0,0.0
Georgia,2017,4,False,0.0,0.0
Georgia,2018,1,False,0.0,0.0
Georgia,2018,2,False,0.0,0.0
Georgia,2018,3,False,0.0,0.0
Georgia,2018,4,False,0.0,0.0
Georgia,2019,1,False,0.0,0.0
Georgia,2019,2,False,0.0,0.0
Georgia,2019,3,False,0.0,0.0
Georgia,2019,4,False,0.0,0.0
Georgia,2020,1,False,0.0,0.0
Georgia,2020,2,False,0.0,0.0
Georgia,2020,3,False,0.0,0.0
Georgia,2020,4,False,0.0,0.0
Georgia,2021,1,False,0.0,0.0
Georgia,2021,2,False,0.0,0.0
Georgia,2021,3,False,0.0,0.0
Georgia,2021,4,False,0.0,0.0
Georgia,2022,1,False,0.0,0.0
Georgia,2022,2,False,0.0,0.0
Georgia,2022,3,False,0.0,0.0
Georgia,2022,4,False,0.0,0.0
Georgia,2023,1,False,0.0,0.0
Georgia,2023,2,False,0.0,0.0
Georgia,2023,3,False,0.0,0.0
Georgia,2023,4,False,0.0,0.0
Georgia,2024,1,False,0.0,0.0
Georgia,2024,2,False,0.0,0.0
Georgia,2024,3,False,0.0,0.0
Georgia,2024,4,False,0.0,0.0
Georgia,2025,1,False,0.0,0.0
Georgia,2025,2,False,0.0,0.0
Georgia,2025,3,False,0.0,0.0
Georgia,2025,4,False,0.0,0.0
Ghana,2006,1,False,0.0,0.0
Ghana,2006,2,False,0.0,0.0
Ghana,2006,3,False,0.0,0.0
Ghana,2006,4,False,0.0,0.0
Ghana,2007,1,False,0.0,0.0
Ghana,2007,2,False,0.0,0.0
Ghana,2007,3,False,0.0,0.0
Ghana,2007,4,False,0.0,0.0
Ghana,2008,1,False,0.0,0.0
Ghana,2008,2,False,0.0,0.0
Ghana,2008,3,True,,
Ghana,2008,4,True,,
Ghana,2009,1,False,0.0,0.0
Ghana,2009,2,False,0.0,0.0
Ghana,2009,3,False,0.0,0.0
Ghana,2009,4,False,0.0,0.0
Ghana,2010,1,False,0.0,0.0
Ghana,2010,2,False,0.0,0.0
Ghana,2010,3,False,0.0,0.0
Ghana,2010,4,False,0.0,0.0
Ghana,2011,1,False,0.0,0.0
Ghana,2011,2,False,0.0,0.0
Ghana,2011,3,False,0.0,0.0
Ghana,2011,4,False,0.0,0.0
Ghana,2012,1,False,0.0,0.0
Ghana,2012,2,False,0.0,0.0
Ghana,2012,3,False,0.0,0.0
Ghana,2012,4,False,0.0,0.0
Ghana,2013,1,False,0.0,0.0
Ghana,2013,2,False,0.0,0.0
Ghana,2013,3,False,0.0,0.0
Ghana,2013,4,False,0.0,0.0
Ghana,2014,1,False,0.0,0.0
Ghana,2014,2,False,0.0,0.0
Ghana,2014,3,False,0.0,0.0
Ghana,2014,4,False,0.0,0.0
Ghana,2015,1,False,0.0,0.0
Ghana,2015,2,False,0.0,0.0
Ghana,2015,3,False,0.0,0.0
Ghana,2015,4,False,0.0,0.0
Ghana,2016,1,False,0.0,0.0
Ghana,2016,2,False,0.0,0.0
Ghana,2016,3,False,0.0,0.0
Ghana,2016,4,False,0.0,0.0
Ghana,2017,1,False,0.0,0.0
Ghana,2017,2,False,0.0,0.0
Ghana,2017,3,False,0.0,0.0
Ghana,2017,4,False,0.0,0.0
Ghana,2018,1,False,0.0,0.0
Ghana,2018,2,False,0.0,0.0
Ghana,2018,3,False,0.0,0.0
Ghana,2018,4,False,0.0,0.0
Ghana,2019,1,False,0.0,0.0
Ghana,2019,2,False,0.0,0.0
Ghana,2019,3,False,0.0,0.0
Ghana,2019,4,False,0.0,0.0
Ghana,2020,1,False,0.0,0.0
Ghana,2020,2,False,0.0,0.0
Ghana,2020,3,False,0.0,0.0
Ghana,2020,4,False,0.0,0.0
Ghana,2021,1,False,0.0,0.0
Ghana,2021,2,False,0.0,0.0
Ghana,2021,3,False,0.0,0.0
Ghana,2021,4,False,0.0,0.0
Ghana,2022,1,False,0.0,0.0
Ghana,2022,2,False,0.0,0.0
Ghana,2022,3,False,0.0,0.0
Ghana,2022,4,False,0.0,0.0
Ghana,2023,1,False,0.0,0.0
Ghana,2023,2,False,0.0,0.0
Ghana,2023,3,False,0.0,0.0
Ghana,2023,4,False,0.0,0.0
Ghana,2024,1,False,0.0,0.0
Ghana,2024,2,False,0.0,0.0
Ghana,2024,3,False,0.0,0.0
Ghana,2024,4,False,0.0,0.0
Ghana,2025,1,False,0.0,0.0
Ghana,2025,2,False,0.0,0.0
Ghana,2025,3,False,0.0,0.0
Ghana,2025,4,False,0.0,0.0
Gibraltar,2006,1,False,0.0,0.0
Gibraltar,2006,2,False,0.0,0.0
Gibraltar,2006,3,False,0.0,0.0
Gibraltar,2006,4,False,0.0,0.0
Gibraltar,2007,1,False,0.0,0.0
Gibraltar,2007,2,False,0.0,0.0
Gibraltar,2007,3,False,0.0,0.0
Gibraltar,2007,4,False,0.0,0.0
Gibraltar,2008,1,False,0.0,0.0
Gibraltar,2008,2,False,0.0,0.0
Gibraltar,2008,3,False,0.0,0.0
Gibraltar,2008,4,False,0.0,0.0
Gibraltar,2009,1,False,0.0,0.0
Gibraltar,2009,2,False,0.0,0.0
Gibraltar,2009,3,False,0.0,0.0
Gibraltar,2009,4,False,0.0,0.0
Gibraltar,2010,1,False,0.0,0.0
Gibraltar,2010,2,False,0.0,0.0
Gibraltar,2010,3,False,0.0,0.0
Gibraltar,2010,4,False,0.0,0.0
Gibraltar,2011,1,False,0.0,0.0
Gibraltar,2011,2,False,0.0,0.0
Gibraltar,2011,3,False,0.0,0.0
Gibraltar,2011,4,False,0.0,0.0
Gibraltar,2012,1,False,0.0,0.0
Gibraltar,2012,2,False,0.0,0.0
Gibraltar,2012,3,False,0.0,0.0
Gibraltar,2012,4,False,0.0,0.0
Gibraltar,2013,1,False,0.0,0.0
Gibraltar,2013,2,False,0.0,0.0
Gibraltar,2013,3,False,0.0,0.0
Gibraltar,2013,4,False,0.0,0.0
Gibraltar,2014,1,False,0.0,0.0
Gibraltar,2014,2,False,0.0,0.0
Gibraltar,2014,3,False,0.0,0.0
Gibraltar,2014,4,False,0.0,0.0
Gibraltar,2015,1,False,0.0,0.0
Gibraltar,2015,2,False,0.0,0.0
Gibraltar,2015,3,False,0.0,0.0
Gibraltar,2015,4,False,0.0,0.0
Gibraltar,2016,1,False,0.0,0.0
Gibraltar,2016,2,False,0.0,0.0
Gibraltar,2016,3,False,0.0,0.0
Gibraltar,2016,4,False,0.0,0.0
Gibraltar,2017,1,False,0.0,0.0
Gibraltar,2017,2,False,0.0,0.0
Gibraltar,2017,3,False,0.0,0.0
Gibraltar,2017,4,False,0.0,0.0
Gibraltar,2018,1,False,0.0,0.0
Gibraltar,2018,2,False,0.0,0.0
Gibraltar,2018,3,False,0.0,0.0
Gibraltar,2018,4,False,0.0,0.0
Gibraltar,2019,1,False,0.0,0.0
Gibraltar,2019,2,False,0.0,0.0
Gibraltar,2019,3,False,0.0,0.0
Gibraltar,2019,4,False,0.0,0.0
Gibraltar,2020,1,False,0.0,0.0
Gibraltar,2020,2,False,0.0,0.0
Gibraltar,2020,3,False,0.0,0.0
Gibraltar,2020,4,False,0.0,0.0
Gibraltar,2021,1,False,0.0,0.0
Gibraltar,2021,2,False,0.0,0.0
Gibraltar,2021,3,False,0.0,0.0
Gibraltar,2021,4,False,0.0,0.0
Gibraltar,2022,1,False,0.0,0.0
Gibraltar,2022,2,False,0.0,0.0
Gibraltar,2022,3,True,,
Gibraltar,2022,4,True,,
Gibraltar,2023,1,False,0.0,0.0
Gibraltar,2023,2,False,0.0,0.0
Gibraltar,2023,3,False,0.0,0.0
Gibraltar,2023,4,False,0.0,0.0
Gibraltar,2024,1,False,0.0,0.0
Gibraltar,2024,2,False,0.0,0.0
Gibraltar,2024,3,False,0.0,0.0
Gibraltar,2024,4,False,0.0,0.0
Gibraltar,2025,1,False,0.0,0.0
Gibraltar,2025,2,False,0.0,0.0
Gibraltar,2025,3,False,0.0,0.0
Gibraltar,2025,4,False,0.0,0.0
Granada,2006,1,False,0.0,0.0
Granada,2006,2,False,0.0,0.0
Granada,2006,3,False,0.0,0.0
Granada,2006,4,False,0.0,0.0
Granada,2007,1,False,0.0,0.0
Granada,2007,2,False,0.0,0.0
Granada,2007,3,False,0.0,0.0
Granada,2007,4,False,0.0,0.0
Granada,2008,1,False,0.0,0.0
Granada,2008,2,False,0.0,0.0
Granada,2008,3,False,0.0,0.0
Granada,2008,4,False,0.0,0.0
Granada,2009,1,False,0.0,0.0
Granada,2009,2,False,0.0,0.0
Granada,2009,3,False,0.0,0.0
Granada,2009,4,False,0.0,0.0
Granada,2010,1,False,0.0,0.0
Granada,2010,2,False,0.0,0.0
Granada,2010,3,False,0.0,0.0
Granada,2010,4,False,0.0,0.0
Granada,2011,1,True,,
Granada,2011,2,True,,
Granada,2011,3,True,,
Granada,2011,4,True,,
Granada,2012,1,False,0.0,0.0
Granada,2012,2,False,0.0,0.0
Granada,2012,3,False,0.0,0.0
Granada,2012,4,False,0.0,0.0
Granada,2013,1,False,0.0,0.0
Granada,2013,2,False,0.0,0.0
Granada,2013,3,False,0.0,0.0
Granada,2013,4,False,0.0,0.0
Granada,2014,1,False,0.0,0.0
Granada,2014,2,False,0.0,0.0
Granada,2014,3,False,0.0,0.0
Granada,2014,4,False,0.0,0.0
Granada,2015,1,False,0.0,0.0
Granada,2015,2,False,0.0,0.0
Granada,2015,3,False,0.0,0.0
Granada,2015,4,False,0.0,0.0
Granada,2016,1,False,0.0,0.0
Granada,2016,2,False,0.0,0.0
Granada,2016,3,False,0.0,0.0
Granada,2016,4,False,0.0,0.0
Granada,2017,1,False,0.0,0.0
Granada,2017,2,False,0.0,0.0
Granada,2017,3,False,0.0,0.0
Granada,2017,4,False,0.0,0.0
Granada,2018,1,False,0.0,0.0
Granada,2018,2,False,0.0,0.0
Granada,2018,3,False,0.0,0.0
Granada,2018,4,True,,
Granada,2019,1,False,0.0,0.0
Granada,2019,2,False,0.0,0.0
Granada,2019,3,False,0.0,0.0
Granada,2019,4,False,0.0,0.0
Granada,2020,1,False,0.0,0.0
Granada,2020,2,False,0.0,0.0
Granada,2020,3,False,0.0,0.0
Granada,2020,4,False,0.0,0.0
Granada,2021,1,False,0.0,0.0
Granada,2021,2,False,0.0,0.0
Granada,2021,3,False,0.0,0.0
Granada,2021,4,False,0.0,0.0
Granada,2022,1,False,0.0,0.0
Granada,2022,2,False,0.0,0.0
Granada,2022,3,False,0.0,0.0
Granada,2022,4,False,0.0,0.0
Granada,2023,1,False,0.0,0.0
Granada,2023,2,False,0.0,0.0
Granada,2023,3,False,0.0,0.0
Granada,2023,4,False,0.0,0.0
Granada,2024,1,False,0.0,0.0
Granada,2024,2,False,0.0,0.0
Granada,2024,3,True,,
Granada,2024,4,True,,
Granada,2025,1,False,0.0,0.0
Granada,2025,2,False,0.0,0.0
Granada,2025,3,False,0.0,0.0
Granada,2025,4,False,0.0,0.0
Grecia,2006,1,False,0.0,0.0
Grecia,2006,2,False,0.0,0.0
Grecia,2006,3,True,,
Grecia,2006,4,True,,
Grecia,2007,1,True,,
Grecia,2007,2,True,,
Grecia,2007,3,True,,
Grecia,2007,4,False,0.096276,
Grecia,2008,1,True,,
Grecia,2008,2,True,,
Grecia,2008,3,True,,
Grecia,2008,4,True,,
Grecia,2009,1,True,,
Grecia,2009,2,True,,
Grecia,2009,3,False,0.39780903,
Grecia,2009,4,False,0.40036203,0.002552999999999972
Grecia,2010,1,True,,
Grecia,2010,2,True,,
Grecia,2010,3,True,,
Grecia,2010,4,True,,
Grecia,2011,1,False,0.0,0.0
Grecia,2011,2,True,,
Grecia,2011,3,True,,
Grecia,2011,4,True,,
Grecia,2012,1,False,0.0,0.0
Grecia,2012,2,True,,
Grecia,2012,3,True,,
Grecia,2012,4,True,,
Grecia,2013,1,False,0.0,0.0
Grecia,2013,2,False,0.0,0.0
Grecia,2013,3,False,0.0,0.0
Grecia,2013,4,False,0.0,0.0
Grecia,2014,1,True,,
Grecia,2014,2,True,,
Grecia,2014,3,True,,
Grecia,2014,4,True,,
Grecia,2015,1,False,0.0,0.0
Grecia,2015,2,False,0.0,0.0
Grecia,2015,3,False,0.0,0.0
Grecia,2015,4,False,0.0,0.0
Grecia,2016,1,False,0.0,0.0
Grecia,2016,2,False,0.0,0.0
Grecia,2016,3,True,,
Grecia,2016,4,False,0.17820897,
Grecia,2017,1,False,0.0,0.0
Grecia,2017,2,False,0.0,0.0
Grecia,2017,3,False,0.0,0.0
Grecia,2017,4,False,0.0,0.0
Grecia,2018,1,True,,
Grecia,2018,2,True,,
Grecia,2018,3,False,2.65259418,
Grecia,2018,4,False,4.32041398,1.6678197999999997
Grecia,2019,1,True,,
Grecia,2019,2,True,,
Grecia,2019,3,True,,
Grecia,2019,4,True,,
Grecia,2020,1,True,,
Grecia,2020,2,True,,
Grecia,2020,3,False,3.7546117,
Grecia,2020,4,False,38.63536887,34.88075717
Grecia,2021,1,True,,
Grecia,2021,2,True,,
Grecia,2021,3,True,,
Grecia,2021,4,True,,
Grecia,2022,1,False,-21.19621527,-21.19621527
Grecia,2022,2,False,-21.19621527,0.0
Grecia,2022,3,False,-17.78185764,3.4143576300000014
Grecia,2022,4,False,-10.43396062,7.347897019999998
Grecia,2023,1,True,,
Grecia,2023,2,True,,
Grecia,2023,3,True,,
Grecia,2023,4,True,,
Grecia,2024,1,False,0.0,0.0
Grecia,2024,2,True,,
Grecia,2024,3,False,14.17398008,
Grecia,2024,4,False,14.27225485,0.09827476999999973
Grecia,2025,1,True,,
Grecia,2025,2,False,2.57656599,
Grecia,2025,3,False,2.57656599,0.0
Grecia,2025,4,False,3.89797365,1.3214076599999998
Guatemala,2006,1,False,0.653964,0.653964
Guatemala,2006,2,False,1.242336,0.5883720000000001
Guatemala,2006,3,False,1.29487,0.05253399999999986
Guatemala,2006,4,False,1.364373,0.06950300000000009
Guatemala,2007,1,False,0.059907,0.059907
Guatemala,2007,2,False,0.182035,0.122128
Guatemala,2007,3,False,0.361267,0.179232
Guatemala,2007,4,False,0.419782,0.058514999999999984
Guatemala,2008,1,False,0.121796,0.121796
Guatemala,2008,2,False,0.226975,0.10517900000000001
Guatemala,2008,3,False,0.311581,0.08460599999999999
Guatemala,2008,4,False,0.719219,0.40763800000000006
Guatemala,2009,1,False,1.788065,1.788065
Guatemala,2009,2,False,1.980599,0.19253399999999998
Guatemala,2009,3,False,8.301435,6.320836
Guatemala,2009,4,False,8.43102546,0.12959046000000107
Guatemala,2010,1,False,10.889446,10.889446
Guatemala,2010,2,False,15.21176,4.322314
Guatemala,2010,3,False,15.402047,0.19028699999999965
Guatemala,2010,4,False,26.961242,11.559194999999999
Guatemala,2011,1,False,0.408965,0.408965
Guatemala,2011,2,False,0.80169275,0.39272774999999993
Guatemala,2011,3,False,2.87152275,2.06983
Guatemala,2011,4,False,14.42429344,11.55277069
Guatemala,2012,1,False,0.119656,0.119656
Guatemala,2012,2,False,0.843851,0.724195
Guatemala,2012,3,False,10.682007,9.838156
Guatemala,2012,4,False,11.021991,0.3399839999999994
Guatemala,2013,1,False,0.014687,0.014687
Guatemala,2013,2,False,-4.01758023,-4.03226723
Guatemala,2013,3,False,-4.83527691,-0.8176966800000001
Guatemala,2013,4,False,-4.11718063,0.7180962800000001
Guatemala,2014,1,False,0.005165,0.005165
Guatemala,2014,2,False,0.018698,0.013533
Guatemala,2014,3,False,0.022696,0.0039980000000000016
Guatemala,2014,4,False,-0.03654197,-0.05923797
Guatemala,2015,1,False,0.0,0.0
Guatemala,2015,2,True,,
Guatemala,2015,3,False,3.461011,
Guatemala,2015,4,False,3.981247,0.5202360000000001
Guatemala,2016,1,True,,
Guatemala,2016,2,False,0.149769,
Guatemala,2016,3,False,-2.646527,-2.796296
Guatemala,2016,4,False,-2.36904405,0.27748295
Guatemala,2017,1,False,0.73864277,0.73864277
Guatemala,2017,2,False,10.75882295,10.02018018
Guatemala,2017,3,False,5.46081575,-5.298007200000001
Guatemala,2017,4,False,5.51625061,0.055434860000000086
Guatemala,2018,1,False,0.49251466,0.49251466
Guatemala,2018,2,False,0.54058911,0.04807444999999999
Guatemala,2018,3,False,0.67292481,0.13233570000000006
Guatemala,2018,4,False,0.7396881,0.06676328999999992
Guatemala,2019,1,True,,
Guatemala,2019,2,False,0.05875727,
Guatemala,2019,3,False,0.13236014,0.07360286999999999
Guatemala,2019,4,False,1.43760908,1.30524894
Guatemala,2020,1,False,0.86103788,0.86103788
Guatemala,2020,2,False,0.86103788,0.0
Guatemala,2020,3,False,0.94584298,0.08480509999999997
Guatemala,2020,4,False,1.00463192,0.05878894000000001
Guatemala,2021,1,True,,
Guatemala,2021,2,False,-0.0062115,
Guatemala,2021,3,False,0.49694653,0.50315803
Guatemala,2021,4,False,0.57124153,0.074295
Guatemala,2022,1,False,6.93148602,6.93148602
Guatemala,2022,2,False,48.24161296,41.310126939999996
Guatemala,2022,3,False,48.36377141,0.12215845000000058
Guatemala,2022,4,False,48.36783636,0.004064950000000067
Guatemala,2023,1,False,0.79340509,0.79340509
Guatemala,2023,2,False,1.37878534,0.58538025
Guatemala,2023,3,False,6.59740322,5.21861788
Guatemala,2023,4,False,6.99391687,0.3965136499999993
Guatemala,2024,1,False,0.2053162,0.2053162
Guatemala,2024,2,False,4.33676756,4.13145136
Guatemala,2024,3,False,4.45328535,0.11651778999999962
Guatemala,2024,4,False,4.73105368,0.2777683299999998
Guatemala,2025,1,False,0.32866574,0.32866574
Guatemala,2025,2,False,0.71187734,0.38321160000000004
Guatemala,2025,3,False,0.04962249,-0.6622548500000001
Guatemala,2025,4,False,0.35706667,0.30744417999999996
Guyana,2006,1,False,0.0,0.0
Guyana,2006,2,False,0.0,0.0
Guyana,2006,3,False,0.0,0.0
Guyana,2006,4,False,0.0,0.0
Guyana,2007,1,False,0.0,0.0
Guyana,2007,2,False,0.0,0.0
Guyana,2007,3,False,0.0,0.0
Guyana,2007,4,False,0.0,0.0
Guyana,2008,1,False,0.0,0.0
Guyana,2008,2,False,0.0,0.0
Guyana,2008,3,False,0.0,0.0
Guyana,2008,4,False,0.0,0.0
Guyana,2009,1,False,0.0,0.0
Guyana,2009,2,False,0.0,0.0
Guyana,2009,3,False,0.0,0.0
Guyana,2009,4,False,0.0,0.0
Guyana,2010,1,True,,
Guyana,2010,2,True,,
Guyana,2010,3,True,,
Guyana,2010,4,True,,
Guyana,2011,1,False,0.0,0.0
Guyana,2011,2,False,0.0,0.0
Guyana,2011,3,False,0.0,0.0
Guyana,2011,4,False,0.0,0.0
Guyana,2012,1,False,0.0,0.0
Guyana,2012,2,False,0.0,0.0
Guyana,2012,3,False,0.0,0.0
Guyana,2012,4,False,0.0,0.0
Guyana,2013,1,False,0.0,0.0
Guyana,2013,2,False,0.0,0.0
Guyana,2013,3,False,0.0,0.0
Guyana,2013,4,False,0.0,0.0
Guyana,2014,1,False,0.0,0.0
Guyana,2014,2,False,0.0,0.0
Guyana,2014,3,False,0.0,0.0
Guyana,2014,4,False,0.0,0.0
Guyana,2015,1,False,0.0,0.0
Guyana,2015,2,False,0.0,0.0
Guyana,2015,3,False,0.0,0.0
Guyana,2015,4,False,0.0,0.0
Guyana,2016,1,False,0.0,0.0
Guyana,2016,2,False,0.0,0.0
Guyana,2016,3,False,0.0,0.0
Guyana,2016,4,False,0.0,0.0
Guyana,2017,1,False,0.0,0.0
Guyana,2017,2,False,0.0,0.0
Guyana,2017,3,False,0.0,0.0
Guyana,2017,4,False,0.0,0.0
Guyana,2018,1,False,0.0,0.0
Guyana,2018,2,False,0.0,0.0
Guyana,2018,3,False,0.0,0.0
Guyana,2018,4,False,0.0,0.0
Guyana,2019,1,False,0.0,0.0
Guyana,2019,2,False,0.0,0.0
Guyana,2019,3,False,0.0,0.0
Guyana,2019,4,False,0.0,0.0
Guyana,2020,1,False,0.0,0.0
Guyana,2020,2,False,0.0,0.0
Guyana,2020,3,False,0.0,0.0
Guyana,2020,4,False,0.0,0.0
Guyana,2021,1,False,0.0,0.0
Guyana,2021,2,False,0.0,0.0
Guyana,2021,3,False,0.0,0.0
Guyana,2021,4,False,0.0,0.0
Guyana,2022,1,False,0.0,0.0
Guyana,2022,2,False,0.0,0.0
Guyana,2022,3,False,0.0,0.0
Guyana,2022,4,False,0.0,0.0
Guyana,2023,1,False,0.0,0.0
Guyana,2023,2,False,0.0,0.0
Guyana,2023,3,False,0.0,0.0
Guyana,2023,4,False,0.0,0.0
Guyana,2024,1,False,0.0,0.0
Guyana,2024,2,False,0.0,0.0
Guyana,2024,3,False,0.0,0.0
Guyana,2024,4,False,0.0,0.0
Guyana,2025,1,False,0.0,0.0
Guyana,2025,2,False,0.0,0.0
Guyana,2025,3,False,0.0,0.0
Guyana,2025,4,False,0.0,0.0
Guyana Francesa,2006,1,False,0.0,0.0
Guyana Francesa,2006,2,False,0.0,0.0
Guyana Francesa,2006,3,False,0.0,0.0
Guyana Francesa,2006,4,False,0.0,0.0
Guyana Francesa,2007,1,False,0.0,0.0
Guyana Francesa,2007,2,False,0.0,0.0
Guyana Francesa,2007,3,False,0.0,0.0
Guyana Francesa,2007,4,False,0.0,0.0
Guyana Francesa,2008,1,False,0.0,0.0
Guyana Francesa,2008,2,False,0.0,0.0
Guyana Francesa,2008,3,False,0.0,0.0
Guyana Francesa,2008,4,False,0.0,0.0
Guyana Francesa,2009,1,False,0.0,0.0
Guyana Francesa,2009,2,False,0.0,0.0
Guyana Francesa,2009,3,False,0.0,0.0
Guyana Francesa,2009,4,False,0.0,0.0
Guyana Francesa,2010,1,False,0.0,0.0
Guyana Francesa,2010,2,False,0.0,0.0
Guyana Francesa,2010,3,False,0.0,0.0
Guyana Francesa,2010,4,False,0.0,0.0
Guyana Francesa,2011,1,False,0.0,0.0
Guyana Francesa,2011,2,False,0.0,0.0
Guyana Francesa,2011,3,False,0.0,0.0
Guyana Francesa,2011,4,False,0.0,0.0
Guyana Francesa,2012,1,False,0.0,0.0
Guyana Francesa,2012,2,False,0.0,0.0
Guyana Francesa,2012,3,False,0.0,0.0
Guyana Francesa,2012,4,False,0.0,0.0
Guyana Francesa,2013,1,False,0.0,0.0
Guyana Francesa,2013,2,False,0.0,0.0
Guyana Francesa,2013,3,False,0.0,0.0
Guyana Francesa,2013,4,False,0.0,0.0
Guyana Francesa,2014,1,False,0.0,0.0
Guyana Francesa,2014,2,False,0.0,0.0
Guyana Francesa,2014,3,False,0.0,0.0
Guyana Francesa,2014,4,False,0.0,0.0
Guyana Francesa,2015,1,False,0.0,0.0
Guyana Francesa,2015,2,False,0.0,0.0
Guyana Francesa,2015,3,False,0.0,0.0
Guyana Francesa,2015,4,False,0.0,0.0
Guyana Francesa,2016,1,False,0.0,0.0
Guyana Francesa,2016,2,False,0.0,0.0
Guyana Francesa,2016,3,False,0.0,0.0
Guyana Francesa,2016,4,False,0.0,0.0
Guyana Francesa,2017,1,False,0.0,0.0
Guyana Francesa,2017,2,False,0.0,0.0
Guyana Francesa,2017,3,True,,
Guyana Francesa,2017,4,True,,
Guyana Francesa,2018,1,False,0.0,0.0
Guyana Francesa,2018,2,False,0.0,0.0
Guyana Francesa,2018,3,False,0.0,0.0
Guyana Francesa,2018,4,False,0.0,0.0
Guyana Francesa,2019,1,False,0.0,0.0
Guyana Francesa,2019,2,False,0.0,0.0
Guyana Francesa,2019,3,False,0.0,0.0
Guyana Francesa,2019,4,False,0.0,0.0
Guyana Francesa,2020,1,False,0.0,0.0
Guyana Francesa,2020,2,False,0.0,0.0
Guyana Francesa,2020,3,False,0.0,0.0
Guyana Francesa,2020,4,False,0.0,0.0
Guyana Francesa,2021,1,False,0.0,0.0
Guyana Francesa,2021,2,False,0.0,0.0
Guyana Francesa,2021,3,False,0.0,0.0
Guyana Francesa,2021,4,False,0.0,0.0
Guyana Francesa,2022,1,False,0.0,0.0
Guyana Francesa,2022,2,False,0.0,0.0
Guyana Francesa,2022,3,False,0.0,0.0
Guyana Francesa,2022,4,False,0.0,0.0
Guyana Francesa,2023,1,False,0.0,0.0
Guyana Francesa,2023,2,False,0.0,0.0
Guyana Francesa,2023,3,False,0.0,0.0
Guyana Francesa,2023,4,False,0.0,0.0
Guyana Francesa,2024,1,False,0.0,0.0
Guyana Francesa,2024,2,False,0.0,0.0
Guyana Francesa,2024,3,False,0.0,0.0
Guyana Francesa,2024,4,False,0.0,0.0
Guyana Francesa,2025,1,False,0.0,0.0
Guyana Francesa,2025,2,False,0.0,0.0
Guyana Francesa,2025,3,False,0.0,0.0
Guyana Francesa,2025,4,False,0.0,0.0
Haití,2006,1,False,0.0,0.0
Haití,2006,2,True,,
Haití,2006,3,True,,
Haití,2006,4,True,,
Haití,2007,1,False,0.0,0.0
Haití,2007,2,True,,
Haití,2007,3,True,,
Haití,2007,4,True,,
Haití,2008,1,False,0.0,0.0
Haití,2008,2,False,0.0,0.0
Haití,2008,3,False,0.0,0.0
Haití,2008,4,False,0.0,0.0
Haití,2009,1,False,0.0,0.0
Haití,2009,2,False,0.0,0.0
Haití,2009,3,False,0.0,0.0
Haití,2009,4,False,0.0,0.0
Haití,2010,1,False,0.0,0.0
Haití,2010,2,False,0.0,0.0
Haití,2010,3,False,0.0,0.0
Haití,2010,4,False,0.0,0.0
Haití,2011,1,False,0.0,0.0
Haití,2011,2,False,0.0,0.0
Haití,2011,3,False,0.0,0.0
Haití,2011,4,True,,
Haití,2012,1,False,0.0,0.0
Haití,2012,2,False,0.0,0.0
Haití,2012,3,False,0.0,0.0
Haití,2012,4,False,0.0,0.0
Haití,2013,1,False,0.0,0.0
Haití,2013,2,False,0.0,0.0
Haití,2013,3,False,0.0,0.0
Haití,2013,4,False,0.0,0.0
Haití,2014,1,False,0.0,0.0
Haití,2014,2,False,0.0,0.0
Haití,2014,3,False,0.0,0.0
Haití,2014,4,False,0.0,0.0
Haití,2015,1,False,0.0,0.0
Haití,2015,2,False,0.0,0.0
Haití,2015,3,True,,
Haití,2015,4,True,,
Haití,2016,1,False,0.0,0.0
Haití,2016,2,False,0.0,0.0
Haití,2016,3,False,0.0,0.0
Haití,2016,4,False,0.0,0.0
Haití,2017,1,False,0.0,0.0
Haití,2017,2,False,0.0,0.0
Haití,2017,3,False,0.0,0.0
Haití,2017,4,False,0.0,0.0
Haití,2018,1,False,0.0,0.0
Haití,2018,2,False,0.0,0.0
Haití,2018,3,False,0.0,0.0
Haití,2018,4,False,0.0,0.0
Haití,2019,1,False,0.0,0.0
Haití,2019,2,False,0.0,0.0
Haití,2019,3,False,0.0,0.0
Haití,2019,4,False,0.0,0.0
Haití,2020,1,False,0.0,0.0
Haití,2020,2,False,0.0,0.0
Haití,2020,3,False,0.0,0.0
Haití,2020,4,False,0.0,0.0
Haití,2021,1,False,0.0,0.0
Haití,2021,2,False,0.0,0.0
Haití,2021,3,False,0.0,0.0
Haití,2021,4,False,0.0,0.0
Haití,2022,1,False,0.0,0.0
Haití,2022,2,False,0.0,0.0
Haití,2022,3,True,,
Haití,2022,4,True,,
Haití,2023,1,False,0.0,0.0
Haití,2023,2,False,0.0,0.0
Haití,2023,3,False,0.0,0.0
Haití,2023,4,False,0.0,0.0
Haití,2024,1,True,,
Haití,2024,2,True,,
Haití,2024,3,True,,
Haití,2024,4,True,,
Haití,2025,1,True,,
Haití,2025,2,True,,
Haití,2025,3,True,,
Haití,2025,4,True,,
Honduras,2006,1,True,,
Honduras,2006,2,False,0.574531,
Honduras,2006,3,False,0.960688,0.386157
Honduras,2006,4,False,0.988462,0.027773999999999965
Honduras,2007,1,False,0.464214,0.464214
Honduras,2007,2,False,0.719749,0.25553499999999996
Honduras,2007,3,False,0.964545,0.244796
Honduras,2007,4,False,1.850166,0.885621
Honduras,2008,1,False,0.03109277,0.03109277
Honduras,2008,2,False,0.04270177,0.011609000000000001
Honduras,2008,3,False,0.04270177,0.0
Honduras,2008,4,False,0.04270177,0.0
Honduras,2009,1,True,,
Honduras,2009,2,True,,
Honduras,2009,3,True,,
Honduras,2009,4,False,0.14128092,
Honduras,2010,1,True,,
Honduras,2010,2,True,,
Honduras,2010,3,False,0.264165,
Honduras,2010,4,False,0.266183,0.0020180000000000198
Honduras,2011,1,False,0.00384616,0.00384616
Honduras,2011,2,False,0.00384616,0.0
Honduras,2011,3,False,0.04408016,0.040234
Honduras,2011,4,False,0.36555516,0.321475
Honduras,2012,1,False,0.0,0.0
Honduras,2012,2,True,,
Honduras,2012,3,True,,
Honduras,2012,4,False,0.550099,
Honduras,2013,1,True,,
Honduras,2013,2,False,0.268519,
Honduras,2013,3,False,0.314067,0.04554799999999998
Honduras,2013,4,False,0.3254,0.011333000000000037
Honduras,2014,1,True,,
Honduras,2014,2,True,,
Honduras,2014,3,True,,
Honduras,2014,4,True,,
Honduras,2015,1,False,0.0,0.0
Honduras,2015,2,True,,
Honduras,2015,3,True,,
Honduras,2015,4,True,,
Honduras,2016,1,False,0.21749577,0.21749577
Honduras,2016,2,False,0.24047968,0.022983909999999996
Honduras,2016,3,False,0.30611402,0.06563433999999999
Honduras,2016,4,False,0.31585202,0.009738000000000024
Honduras,2017,1,False,0.0,0.0
Honduras,2017,2,True,,
Honduras,2017,3,True,,
Honduras,2017,4,False,0.79597634,
Honduras,2018,1,True,,
Honduras,2018,2,True,,
Honduras,2018,3,False,0.26871151,
Honduras,2018,4,False,0.52726913,0.25855762
Honduras,2019,1,True,,
Honduras,2019,2,True,,
Honduras,2019,3,False,0.87679265,
Honduras,2019,4,False,1.24371443,0.3669217800000001
Honduras,2020,1,False,0.0,0.0
Honduras,2020,2,True,,
Honduras,2020,3,False,0.31933795,
Honduras,2020,4,False,0.37390543,0.05456748
Honduras,2021,1,False,0.26164785,0.26164785
Honduras,2021,2,False,0.29168989,0.030042039999999992
Honduras,2021,3,False,0.5161864,0.22449651000000004
Honduras,2021,4,False,0.73309694,0.21691053999999999
Honduras,2022,1,True,,
Honduras,2022,2,False,0.28436108,
Honduras,2022,3,False,1.0631611,0.77880002
Honduras,2022,4,False,1.26627833,0.20311722999999993
Honduras,2023,1,True,,
Honduras,2023,2,False,1.0856292,
Honduras,2023,3,False,1.60588128,0.5202520799999999
Honduras,2023,4,False,2.64062862,1.0347473400000002
Honduras,2024,1,False,1.35247609,1.35247609
Honduras,2024,2,False,-4.16734741,-5.519823499999999
Honduras,2024,3,False,-3.89995767,0.2673897399999996
Honduras,2024,4,False,-3.24793329,0.6520243799999998
Honduras,2025,1,True,,
Honduras,2025,2,False,1.04436315,
Honduras,2025,3,False,2.23109138,1.1867282300000002
Honduras,2025,4,False,2.87827005,0.6471786699999997
"Hong Kong, China",2006,1,False,2.056944,2.056944
"Hong Kong, China",2006,2,False,8.324444,6.2675
"Hong Kong, China",2006,3,False,48.9931,40.668656
"Hong Kong, China",2006,4,False,61.127471,12.134371000000002
"Hong Kong, China",2007,1,False,-6.113707,-6.113707
"Hong Kong, China",2007,2,False,22.356735,28.470442
"Hong Kong, China",2007,3,False,65.905099,43.54836400000001
"Hong Kong, China",2007,4,False,120.632826,54.72772699999999
"Hong Kong, China",2008,1,False,10.718542,10.718542
"Hong Kong, China",2008,2,False,18.132438,7.413896000000001
"Hong Kong, China",2008,3,False,21.320221,3.1877829999999996
"Hong Kong, China",2008,4,False,33.952236,12.632014999999999
"Hong Kong, China",2009,1,False,12.737547,12.737547
"Hong Kong, China",2009,2,False,17.1149,4.377352999999999
"Hong Kong, China",2009,3,False,18.759667,1.6447670000000016
"Hong Kong, China",2009,4,False,25.435324,6.675657000000001
"Hong Kong, China",2010,1,False,0.91706,0.91706
"Hong Kong, China",2010,2,False,1.407459,0.49039900000000003
"Hong Kong, China",2010,3,False,0.915365,-0.49209400000000003
"Hong Kong, China",2010,4,False,4.871022,3.955657
"Hong Kong, China",2011,1,False,-0.76371057,-0.76371057
"Hong Kong, China",2011,2,False,1.45782543,2.221536
"Hong Kong, China",2011,3,False,13.49338643,12.035561
"Hong Kong, China",2011,4,False,41.01524843,27.521862
"Hong Kong, China",2012,1,False,14.680636,14.680636
"Hong Kong, China",2012,2,False,16.051163,1.3705269999999992
"Hong Kong, China",2012,3,False,26.922411,10.871248000000001
"Hong Kong, China",2012,4,False,34.723818,7.801407000000001
"Hong Kong, China",2013,1,False,0.681231,0.681231
"Hong Kong, China",2013,2,False,-10.79718792,-11.478418920000001
"Hong Kong, China",2013,3,False,-5.52283492,5.2743530000000005
"Hong Kong, China",2013,4,False,8.19162559,13.714460509999999
"Hong Kong, China",2014,1,False,20.358417,20.358417
"Hong Kong, China",2014,2,False,20.367247,0.008829999999999671
"Hong Kong, China",2014,3,False,32.381228,12.013981000000001
"Hong Kong, China",2014,4,False,34.677827,2.2965990000000005
"Hong Kong, China",2015,1,False,0.033774,0.033774
"Hong Kong, China",2015,2,False,11.44810777,11.41433377
"Hong Kong, China",2015,3,False,9.63018977,-1.8179180000000006
"Hong Kong, China",2015,4,False,29.73711453,20.10692476
"Hong Kong, China",2016,1,False,65.11433122,65.11433122
"Hong Kong, China",2016,2,False,77.98393908,12.869607860000002
"Hong Kong, China",2016,3,False,104.9822144,26.998275320000005
"Hong Kong, China",2016,4,False,99.42630943,-5.55590497
"Hong Kong, China",2017,1,False,67.50509674,67.50509674
"Hong Kong, China",2017,2,False,69.52357597,2.018479229999997
"Hong Kong, China",2017,3,False,74.69532342,5.171747449999998
"Hong Kong, China",2017,4,False,74.72590981,0.03058639000001051
"Hong Kong, China",2018,1,False,109.6496326,109.6496326
"Hong Kong, China",2018,2,False,120.0825146,10.432881999999992
"Hong Kong, China",2018,3,False,107.9116551,-12.170859499999992
"Hong Kong, China",2018,4,False,114.7934594,6.881804299999999
"Hong Kong, China",2019,1,False,93.46866277,93.46866277
"Hong Kong, China",2019,2,False,105.6468092,12.178146430000012
"Hong Kong, China",2019,3,False,103.5010257,-2.1457835000000074
"Hong Kong, China",2019,4,False,75.20983297,-28.291192730000006
"Hong Kong, China",2020,1,False,43.4475342,43.4475342
"Hong Kong, China",2020,2,False,39.88964255,-3.557891650000002
"Hong Kong, China",2020,3,False,55.47609662,15.586454070000002
"Hong Kong, China",2020,4,False,67.16127223,11.685175609999995
"Hong Kong, China",2021,1,False,-52.81893457,-52.81893457
"Hong Kong, China",2021,2,False,-25.87390751,26.945027060000005
"Hong Kong, China",2021,3,False,24.62952828,50.50343579
"Hong Kong, China",2021,4,False,29.05969485,4.430166570000001
"Hong Kong, China",2022,1,False,104.3885221,104.3885221
"Hong Kong, China",2022,2,False,111.2534846,6.86496249999999
"Hong Kong, China",2022,3,False,110.5910773,-0.6624072999999981
"Hong Kong, China",2022,4,False,112.6459969,2.054919600000005
"Hong Kong, China",2023,1,False,298.1048052,298.1048052
"Hong Kong, China",2023,2,False,334.8883226,36.783517399999994
"Hong Kong, China",2023,3,False,262.6655002,-72.22282239999998
"Hong Kong, China",2023,4,False,276.567255,13.901754799999992
"Hong Kong, China",2024,1,False,119.2273918,119.2273918
"Hong Kong, China",2024,2,False,207.3886719,88.16128009999998
"Hong Kong, China",2024,3,False,247.0547511,39.66607920000001
"Hong Kong, China",2024,4,False,266.1165345,19.061783399999996
"Hong Kong, China",2025,1,False,421.7875806,421.7875806
"Hong Kong, China",2025,2,False,367.5410237,-54.24655690000003
"Hong Kong, China",2025,3,False,338.5721947,-28.96882899999997
"Hong Kong, China",2025,4,False,483.2125501,144.64035539999998
Hungría,2006,1,True,,
Hungría,2006,2,True,,
Hungría,2006,3,False,0.35754155,
Hungría,2006,4,False,0.36076455,0.0032230000000000314
Hungría,2007,1,False,0.004514,0.004514
Hungría,2007,2,False,0.004514,0.0
Hungría,2007,3,False,0.004514,0.0
Hungría,2007,4,False,0.028334,0.02382
Hungría,2008,1,True,,
Hungría,2008,2,True,,
Hungría,2008,3,True,,
Hungría,2008,4,True,,
Hungría,2009,1,False,0.0,0.0
Hungría,2009,2,False,0.0,0.0
Hungría,2009,3,True,,
Hungría,2009,4,True,,
Hungría,2010,1,False,0.0,0.0
Hungría,2010,2,False,0.0,0.0
Hungría,2010,3,False,0.032434,0.032434
Hungría,2010,4,False,0.125106,0.092672
Hungría,2011,1,False,0.0,0.0
Hungría,2011,2,True,,
Hungría,2011,3,True,,
Hungría,2011,4,True,,
Hungría,2012,1,False,0.0,0.0
Hungría,2012,2,True,,
Hungría,2012,3,True,,
Hungría,2012,4,False,0.00025612,
Hungría,2013,1,True,,
Hungría,2013,2,False,0.642708,
Hungría,2013,3,False,0.642708,0.0
Hungría,2013,4,False,0.642708,0.0
Hungría,2014,1,False,0.063022,0.063022
Hungría,2014,2,False,0.063022,0.0
Hungría,2014,3,False,0.064953,0.0019310000000000022
Hungría,2014,4,False,0.066802,0.0018490000000000034
Hungría,2015,1,True,,
Hungría,2015,2,False,0.062283,
Hungría,2015,3,False,0.062283,0.0
Hungría,2015,4,False,0.062283,0.0
Hungría,2016,1,True,,
Hungría,2016,2,True,,
Hungría,2016,3,False,0.011382,
Hungría,2016,4,False,0.11229374,0.10091174
Hungría,2017,1,False,0.0,0.0
Hungría,2017,2,True,,
Hungría,2017,3,False,0.20267826,
Hungría,2017,4,False,0.20531848,0.0026402199999999987
Hungría,2018,1,True,,
Hungría,2018,2,False,0.51806704,
Hungría,2018,3,False,0.58062538,0.06255833999999993
Hungría,2018,4,False,0.56052568,-0.020099699999999943
Hungría,2019,1,False,0.0,0.0
Hungría,2019,2,True,,
Hungría,2019,3,False,-0.08490798,
Hungría,2019,4,False,0.23701484,0.32192282
Hungría,2020,1,False,0.0,0.0
Hungría,2020,2,True,,
Hungría,2020,3,True,,
Hungría,2020,4,False,0.22941847,
Hungría,2021,1,False,0.20985556,0.20985556
Hungría,2021,2,False,0.21735125,0.007495689999999999
Hungría,2021,3,False,0.3072555,0.08990425000000002
Hungría,2021,4,False,0.6064781,0.2992226
Hungría,2022,1,True,,
Hungría,2022,2,False,0.37188294,
Hungría,2022,3,False,0.44990529,0.07802235000000002
Hungría,2022,4,False,0.44990529,0.0
Hungría,2023,1,True,,
Hungría,2023,2,False,-0.12890418,
Hungría,2023,3,False,0.16987148,0.29877566
Hungría,2023,4,False,0.27224557,0.10237409
Hungría,2024,1,True,,
Hungría,2024,2,True,,
Hungría,2024,3,False,0.72574034,
Hungría,2024,4,False,1.85712526,1.1313849200000001
Hungría,2025,1,False,1.02461698,1.02461698
Hungría,2025,2,False,1.29070288,0.2660859
Hungría,2025,3,False,1.36685493,0.07615204999999992
Hungría,2025,4,False,1.36685493,0.0
India,2006,1,False,0.078499,0.078499
India,2006,2,False,0.347862,0.269363
India,2006,3,False,0.329105,-0.018757000000000024
India,2006,4,False,0.442399,0.113294
India,2007,1,False,0.554413,0.554413
India,2007,2,False,1.664026,1.109613
India,2007,3,False,72.441807,70.77778099999999
India,2007,4,False,82.692172,10.250365000000002
India,2008,1,False,11.86648697,11.86648697
India,2008,2,False,43.74285997,31.876372999999997
India,2008,3,False,9.40325097,-34.339608999999996
India,2008,4,False,7.64294597,-1.7603049999999998
India,2009,1,False,2.318916,2.318916
India,2009,2,False,9.996219,7.677303
India,2009,3,False,57.688477,47.692257999999995
India,2009,4,False,60.625193,2.936716000000004
India,2010,1,False,-1.676096,-1.676096
India,2010,2,False,-1.35198368,0.32411232
India,2010,3,False,-0.98854968,0.36343400000000003
India,2010,4,False,-39.36847568,-38.379926000000005
India,2011,1,False,10.399383,10.399383
India,2011,2,False,10.64413215,0.24474915000000053
India,2011,3,False,13.72818815,3.0840559999999986
India,2011,4,False,17.31783215,3.5896440000000016
India,2012,1,False,2.54454327,2.54454327
India,2012,2,False,5.452084,2.90754073
India,2012,3,False,5.758753,0.3066689999999994
India,2012,4,False,10.483975,4.725222
India,2013,1,False,1.353125,1.353125
India,2013,2,False,2.43199183,1.07886683
India,2013,3,False,1.83259673,-0.5993951
India,2013,4,False,6.26703173,4.434435000000001
India,2014,1,False,4.792533,4.792533
India,2014,2,False,4.329043,-0.4634899999999993
India,2014,3,False,14.69397263,10.364929629999999
India,2014,4,False,14.94100063,0.24702800000000025
India,2015,1,False,20.0908358,20.0908358
India,2015,2,False,22.4474558,2.3566199999999995
India,2015,3,False,22.4476468,0.00019100000000094042
India,2015,4,False,22.45063088,0.002984079999997391
India,2016,1,False,11.697936,11.697936
India,2016,2,False,15.17278,3.474843999999999
India,2016,3,False,19.898103,4.7253229999999995
India,2016,4,False,27.19804961,7.299946610000003
India,2017,1,False,16.8383449,16.8383449
India,2017,2,False,33.94813946,17.10979456
India,2017,3,False,43.53211788,9.583978420000001
India,2017,4,False,47.57139223,4.0392743499999995
India,2018,1,False,24.38735326,24.38735326
India,2018,2,False,24.51413851,0.12678524999999752
India,2018,3,False,25.05401175,0.5398732400000021
India,2018,4,False,25.13387151,0.07985975999999795
India,2019,1,False,20.95271773,20.95271773
India,2019,2,False,33.17579173,12.223074
India,2019,3,False,38.18291603,5.007124300000001
India,2019,4,False,39.47654675,1.293630719999996
India,2020,1,False,13.29363818,13.29363818
India,2020,2,False,13.30712323,0.013485049999999887
India,2020,3,False,1.65542491,-11.65169832
India,2020,4,False,62.44347048,60.78804557
India,2021,1,False,30.71683687,30.71683687
India,2021,2,False,7.89650581,-22.82033106
India,2021,3,False,6.40199476,-1.4945110499999998
India,2021,4,False,14.07965186,7.6776571
India,2022,1,False,4.38265872,4.38265872
India,2022,2,False,-3.81321128,-8.19587
India,2022,3,False,-9.23489997,-5.421688690000001
India,2022,4,False,-6.616152,2.618747970000001
India,2023,1,False,-40.56287313,-40.56287313
India,2023,2,False,-63.97675585,-23.413882720000004
India,2023,3,False,-69.40191723,-5.425161379999992
India,2023,4,False,-60.64544208,8.756475149999993
India,2024,1,False,4.04222551,4.04222551
India,2024,2,False,20.41561708,16.373391570000003
India,2024,3,False,22.05429705,1.6386799699999983
India,2024,4,False,38.89856017,16.844263120000004
India,2025,1,False,-9.37859459,-9.37859459
India,2025,2,False,-1.31162497,8.06696962
India,2025,3,False,25.61918574,26.93081071
India,2025,4,False,54.71694443,29.09775869
Indonesia,2006,1,False,0.0,0.0
Indonesia,2006,2,False,0.0,0.0
Indonesia,2006,3,True,,
Indonesia,2006,4,True,,
Indonesia,2007,1,False,0.0,0.0
Indonesia,2007,2,False,0.0,0.0
Indonesia,2007,3,False,0.0,0.0
Indonesia,2007,4,False,0.0,0.0
Indonesia,2008,1,False,0.0,0.0
Indonesia,2008,2,False,0.0,0.0
Indonesia,2008,3,False,0.0,0.0
Indonesia,2008,4,False,0.0,0.0
Indonesia,2009,1,False,0.0,0.0
Indonesia,2009,2,False,0.0,0.0
Indonesia,2009,3,False,0.0,0.0
Indonesia,2009,4,False,0.0,0.0
Indonesia,2010,1,False,0.0,0.0
Indonesia,2010,2,False,0.0,0.0
Indonesia,2010,3,True,,
Indonesia,2010,4,True,,
Indonesia,2011,1,False,0.0,0.0
Indonesia,2011,2,False,0.0,0.0
Indonesia,2011,3,False,0.0,0.0
Indonesia,2011,4,False,0.0,0.0
Indonesia,2012,1,False,0.0,0.0
Indonesia,2012,2,False,0.0,0.0
Indonesia,2012,3,False,0.0,0.0
Indonesia,2012,4,False,0.0,0.0
Indonesia,2013,1,True,,
Indonesia,2013,2,True,,
Indonesia,2013,3,True,,
Indonesia,2013,4,True,,
Indonesia,2014,1,False,0.0,0.0
Indonesia,2014,2,False,0.0,0.0
Indonesia,2014,3,False,0.0,0.0
Indonesia,2014,4,False,0.0,0.0
Indonesia,2015,1,False,0.0,0.0
Indonesia,2015,2,False,0.0,0.0
Indonesia,2015,3,False,0.0,0.0
Indonesia,2015,4,False,0.0,0.0
Indonesia,2016,1,False,0.0,0.0
Indonesia,2016,2,False,0.0,0.0
Indonesia,2016,3,False,0.0,0.0
Indonesia,2016,4,False,0.0,0.0
Indonesia,2017,1,False,0.0,0.0
Indonesia,2017,2,True,,
Indonesia,2017,3,True,,
Indonesia,2017,4,True,,
Indonesia,2018,1,False,0.0,0.0
Indonesia,2018,2,False,0.0,0.0
Indonesia,2018,3,False,0.0,0.0
Indonesia,2018,4,False,0.0,0.0
Indonesia,2019,1,False,0.0,0.0
Indonesia,2019,2,False,0.0,0.0
Indonesia,2019,3,False,0.0,0.0
Indonesia,2019,4,False,0.0,0.0
Indonesia,2020,1,False,0.0,0.0
Indonesia,2020,2,False,0.0,0.0
Indonesia,2020,3,False,0.0,0.0
Indonesia,2020,4,False,0.0,0.0
Indonesia,2021,1,False,0.0,0.0
Indonesia,2021,2,False,0.0,0.0
Indonesia,2021,3,False,0.00279702,0.00279702
Indonesia,2021,4,False,0.82944926,0.8266522399999999
Indonesia,2022,1,True,,
Indonesia,2022,2,False,5.37849002,
Indonesia,2022,3,False,23.3814563,18.00296628
Indonesia,2022,4,False,33.73282821,10.351371910000001
Indonesia,2023,1,True,,
Indonesia,2023,2,True,,
Indonesia,2023,3,True,,
Indonesia,2023,4,True,,
Indonesia,2024,1,True,,
Indonesia,2024,2,False,1.06283021,
Indonesia,2024,3,False,1.06547361,0.0026433999999999624
Indonesia,2024,4,False,1.06547361,0.0
Indonesia,2025,1,False,0.0,0.0
Indonesia,2025,2,True,,
Indonesia,2025,3,False,0.00526403,
Indonesia,2025,4,False,0.00526403,0.0
Irak,2006,1,False,0.0,0.0
Irak,2006,2,False,0.0,0.0
Irak,2006,3,False,0.0,0.0
Irak,2006,4,False,0.0,0.0
Irak,2007,1,False,0.0,0.0
Irak,2007,2,False,0.0,0.0
Irak,2007,3,False,0.0,0.0
Irak,2007,4,False,0.0,0.0
Irak,2008,1,False,0.0,0.0
Irak,2008,2,False,0.0,0.0
Irak,2008,3,False,0.0,0.0
Irak,2008,4,False,0.0,0.0
Irak,2009,1,False,0.0,0.0
Irak,2009,2,False,0.0,0.0
Irak,2009,3,False,0.0,0.0
Irak,2009,4,False,0.0,0.0
Irak,2010,1,False,0.0,0.0
Irak,2010,2,False,0.0,0.0
Irak,2010,3,False,0.0,0.0
Irak,2010,4,False,0.0,0.0
Irak,2011,1,False,0.0,0.0
Irak,2011,2,False,0.0,0.0
Irak,2011,3,False,0.0,0.0
Irak,2011,4,False,0.0,0.0
Irak,2012,1,False,0.0,0.0
Irak,2012,2,False,0.0,0.0
Irak,2012,3,False,0.0,0.0
Irak,2012,4,False,0.0,0.0
Irak,2013,1,False,0.0,0.0
Irak,2013,2,False,0.0,0.0
Irak,2013,3,False,0.0,0.0
Irak,2013,4,False,0.0,0.0
Irak,2014,1,False,0.0,0.0
Irak,2014,2,False,0.0,0.0
Irak,2014,3,False,0.0,0.0
Irak,2014,4,False,0.0,0.0
Irak,2015,1,False,0.0,0.0
Irak,2015,2,False,0.0,0.0
Irak,2015,3,False,0.0,0.0
Irak,2015,4,False,0.0,0.0
Irak,2016,1,False,0.0,0.0
Irak,2016,2,False,0.0,0.0
Irak,2016,3,False,0.0,0.0
Irak,2016,4,False,0.0,0.0
Irak,2017,1,False,0.0,0.0
Irak,2017,2,False,0.0,0.0
Irak,2017,3,False,0.0,0.0
Irak,2017,4,False,0.0,0.0
Irak,2018,1,False,0.0,0.0
Irak,2018,2,True,,
Irak,2018,3,True,,
Irak,2018,4,True,,
Irak,2019,1,False,0.0,0.0
Irak,2019,2,False,0.0,0.0
Irak,2019,3,False,0.0,0.0
Irak,2019,4,False,0.0,0.0
Irak,2020,1,False,0.0,0.0
Irak,2020,2,False,0.0,0.0
Irak,2020,3,False,0.0,0.0
Irak,2020,4,False,0.0,0.0
Irak,2021,1,False,0.0,0.0
Irak,2021,2,False,0.0,0.0
Irak,2021,3,True,,
Irak,2021,4,True,,
Irak,2022,1,False,0.0,0.0
Irak,2022,2,True,,
Irak,2022,3,True,,
Irak,2022,4,True,,
Irak,2023,1,False,0.0,0.0
Irak,2023,2,False,0.0,0.0
Irak,2023,3,False,0.0,0.0
Irak,2023,4,False,0.0,0.0
Irak,2024,1,False,0.0,0.0
Irak,2024,2,False,0.0,0.0
Irak,2024,3,False,0.0,0.0
Irak,2024,4,False,0.0,0.0
Irak,2025,1,False,0.0,0.0
Irak,2025,2,False,0.0,0.0
Irak,2025,3,False,0.0,0.0
Irak,2025,4,False,0.0,0.0
Irlanda,2006,1,False,71.116905,71.116905
Irlanda,2006,2,False,140.562788,69.44588300000001
Irlanda,2006,3,False,221.094014,80.53122599999998
Irlanda,2006,4,False,305.4041034,84.31008940000001
Irlanda,2007,1,False,92.803248,92.803248
Irlanda,2007,2,False,160.7997143,67.99646630000001
Irlanda,2007,3,False,233.7882233,72.988509
Irlanda,2007,4,False,332.3182593,98.53003600000002
Irlanda,2008,1,False,98.467263,98.467263
Irlanda,2008,2,False,184.061233,85.59396999999998
Irlanda,2008,3,False,281.930959,97.86972599999999
Irlanda,2008,4,False,331.872029,49.941070000000025
Irlanda,2009,1,False,141.252158,141.252158
Irlanda,2009,2,False,243.665612,102.413454
Irlanda,2009,3,False,277.361921,33.696308999999985
Irlanda,2009,4,False,563.3374459,285.97552490000004
Irlanda,2010,1,False,40.000882,40.000882
Irlanda,2010,2,False,70.162419,30.161537000000003
Irlanda,2010,3,False,102.1722943,32.009875300000004
Irlanda,2010,4,False,148.2881803,46.11588599999999
Irlanda,2011,1,False,91.605416,91.605416
Irlanda,2011,2,False,133.0631499,41.45773390000001
Irlanda,2011,3,False,167.3339439,34.270793999999995
Irlanda,2011,4,False,228.9168909,61.58294699999999
Irlanda,2012,1,False,124.636158,124.636158
Irlanda,2012,2,False,150.671832,26.035674
Irlanda,2012,3,False,197.204343,46.532511
Irlanda,2012,4,False,222.89279,25.688446999999996
Irlanda,2013,1,False,83.3546511,83.3546511
Irlanda,2013,2,False,168.5003645,85.14571339999999
Irlanda,2013,3,False,277.6020635,109.101699
Irlanda,2013,4,False,323.1231155,45.521052
Irlanda,2014,1,False,93.68358612,93.68358612
Irlanda,2014,2,False,156.7723891,63.08880298
Irlanda,2014,3,False,224.3027787,67.5303896
Irlanda,2014,4,False,285.8093867,61.506608
Irlanda,2015,1,False,30.22383056,30.22383056
Irlanda,2015,2,False,116.8516877,86.62785714
Irlanda,2015,3,False,132.8181117,15.966424000000004
Irlanda,2015,4,False,271.8427466,139.0246349
Irlanda,2016,1,False,384.8880218,384.8880218
Irlanda,2016,2,False,439.08179,54.19376820000002
Irlanda,2016,3,False,486.229171,47.147380999999996
Irlanda,2016,4,False,625.0219207,138.7927497
Irlanda,2017,1,False,56.73026937,56.73026937
Irlanda,2017,2,False,121.1865388,64.45626942999999
Irlanda,2017,3,False,166.9037647,45.71722590000002
Irlanda,2017,4,False,223.94724,57.04347529999998
Irlanda,2018,1,False,64.13949147,64.13949147
Irlanda,2018,2,False,119.0961811,54.95668963
Irlanda,2018,3,False,160.0141991,40.91801800000002
Irlanda,2018,4,False,242.6744133,82.66021419999998
Irlanda,2019,1,False,163.9542948,163.9542948
Irlanda,2019,2,False,206.6406855,42.686390699999976
Irlanda,2019,3,False,277.4514151,70.81072960000003
Irlanda,2019,4,False,341.5478222,64.09640709999996
Irlanda,2020,1,False,10.99205577,10.99205577
Irlanda,2020,2,False,78.19516874,67.20311297
Irlanda,2020,3,False,-42.4088188,-120.60398753999999
Irlanda,2020,4,False,-31.56023731,10.848581489999997
Irlanda,2021,1,False,89.3772366,89.3772366
Irlanda,2021,2,False,227.9396297,138.5623931
Irlanda,2021,3,False,273.8663498,45.92672010000001
Irlanda,2021,4,False,390.4262266,116.55987679999998
Irlanda,2022,1,False,174.2270236,174.2270236
Irlanda,2022,2,False,628.3225954,454.09557179999996
Irlanda,2022,3,False,701.3117908,72.98919540000009
Irlanda,2022,4,False,1445.684825,744.3730342
Irlanda,2023,1,False,146.9491199,146.9491199
Irlanda,2023,2,False,145.0984134,-1.8507065000000011
Irlanda,2023,3,False,223.3403793,78.2419659
Irlanda,2023,4,False,264.7469256,41.4065463
Irlanda,2024,1,False,288.8600457,288.8600457
Irlanda,2024,2,False,294.815983,5.955937300000016
Irlanda,2024,3,False,333.6847698,38.86878680000001
Irlanda,2024,4,False,366.91647,33.23170019999998
Irlanda,2025,1,False,27.03496319,27.03496319
Irlanda,2025,2,False,81.24025565,54.205292459999995
Irlanda,2025,3,False,155.3687178,74.12846215000002
Irlanda,2025,4,False,228.788122,73.41940419999997
"Irán, República Islámica de",2006,1,False,0.0,0.0
"Irán, República Islámica de",2006,2,False,0.0,0.0
"Irán, República Islámica de",2006,3,False,0.0,0.0
"Irán, República Islámica de",2006,4,True,,
"Irán, República Islámica de",2007,1,False,0.0,0.0
"Irán, República Islámica de",2007,2,True,,
"Irán, República Islámica de",2007,3,True,,
"Irán, República Islámica de",2007,4,True,,
"Irán, República Islámica de",2008,1,False,0.0,0.0
"Irán, República Islámica de",2008,2,False,0.0,0.0
"Irán, República Islámica de",2008,3,False,0.0,0.0
"Irán, República Islámica de",2008,4,False,0.0,0.0
"Irán, República Islámica de",2009,1,False,0.0,0.0
"Irán, República Islámica de",2009,2,False,0.0,0.0
"Irán, República Islámica de",2009,3,False,0.0,0.0
"Irán, República Islámica de",2009,4,False,0.0,0.0
"Irán, República Islámica de",2010,1,True,,
"Irán, República Islámica de",2010,2,True,,
"Irán, República Islámica de",2010,3,False,0.00287931,
"Irán, República Islámica de",2010,4,False,0.00287931,0.0
"Irán, República Islámica de",2011,1,False,0.13553467,0.13553467
"Irán, República Islámica de",2011,2,False,0.55671567,0.421181
"Irán, República Islámica de",2011,3,False,0.59974667,0.04303100000000004
"Irán, República Islámica de",2011,4,False,0.62175867,0.02201199999999992
"Irán, República Islámica de",2012,1,True,,
"Irán, República Islámica de",2012,2,False,0.867187,
"Irán, República Islámica de",2012,3,False,0.867187,0.0
"Irán, República Islámica de",2012,4,False,0.82855399,-0.03863301000000008
"Irán, República Islámica de",2013,1,False,0.0,0.0
"Irán, República Islámica de",2013,2,False,0.0,0.0
"Irán, República Islámica de",2013,3,False,0.0,0.0
"Irán, República Islámica de",2013,4,False,0.0,0.0
"Irán, República Islámica de",2014,1,False,0.0,0.0
"Irán, República Islámica de",2014,2,False,0.0,0.0
"Irán, República Islámica de",2014,3,True,,
"Irán, República Islámica de",2014,4,True,,
"Irán, República Islámica de",2015,1,False,0.0,0.0
"Irán, República Islámica de",2015,2,False,0.0,0.0
"Irán, República Islámica de",2015,3,False,0.0,0.0
"Irán, República Islámica de",2015,4,False,0.0,0.0
"Irán, República Islámica de",2016,1,False,0.0,0.0
"Irán, República Islámica de",2016,2,False,0.0,0.0
"Irán, República Islámica de",2016,3,False,0.0,0.0
"Irán, República Islámica de",2016,4,False,0.0,0.0
"Irán, República Islámica de",2017,1,False,0.0,0.0
"Irán, República Islámica de",2017,2,False,0.0,0.0
"Irán, República Islámica de",2017,3,False,0.0,0.0
"Irán, República Islámica de",2017,4,False,0.0,0.0
"Irán, República Islámica de",2018,1,False,0.0,0.0
"Irán, República Islámica de",2018,2,True,,
"Irán, República Islámica de",2018,3,True,,
"Irán, República Islámica de",2018,4,True,,
"Irán, República Islámica de",2019,1,False,0.0,0.0
"Irán, República Islámica de",2019,2,False,0.0,0.0
"Irán, República Islámica de",2019,3,False,0.0,0.0
"Irán, República Islámica de",2019,4,False,0.0,0.0
"Irán, República Islámica de",2020,1,False,0.0,0.0
"Irán, República Islámica de",2020,2,False,0.0,0.0
"Irán, República Islámica de",2020,3,False,0.0,0.0
"Irán, República Islámica de",2020,4,False,0.0,0.0
"Irán, República Islámica de",2021,1,False,0.0,0.0
"Irán, República Islámica de",2021,2,True,,
"Irán, República Islámica de",2021,3,True,,
"Irán, República Islámica de",2021,4,True,,
"Irán, República Islámica de",2022,1,False,0.0,0.0
"Irán, República Islámica de",2022,2,False,0.0,0.0
"Irán, República Islámica de",2022,3,True,,
"Irán, República Islámica de",2022,4,True,,
"Irán, República Islámica de",2023,1,False,0.0,0.0
"Irán, República Islámica de",2023,2,False,0.0,0.0
"Irán, República Islámica de",2023,3,False,0.0,0.0
"Irán, República Islámica de",2023,4,False,0.0,0.0
"Irán, República Islámica de",2024,1,False,0.0,0.0
"Irán, República Islámica de",2024,2,True,,
"Irán, República Islámica de",2024,3,True,,
"Irán, República Islámica de",2024,4,True,,
"Irán, República Islámica de",2025,1,False,0.0,0.0
"Irán, República Islámica de",2025,2,True,,
"Irán, República Islámica de",2025,3,True,,
"Irán, República Islámica de",2025,4,True,,
Islandia,2006,1,False,0.0,0.0
Islandia,2006,2,True,,
Islandia,2006,3,True,,
Islandia,2006,4,True,,
Islandia,2007,1,False,0.0,0.0
Islandia,2007,2,False,0.0,0.0
Islandia,2007,3,False,0.0,0.0
Islandia,2007,4,False,0.0,0.0
Islandia,2008,1,False,0.0,0.0
Islandia,2008,2,False,0.0,0.0
Islandia,2008,3,False,0.0,0.0
Islandia,2008,4,False,0.0,0.0
Islandia,2009,1,False,0.0,0.0
Islandia,2009,2,False,0.0,0.0
Islandia,2009,3,False,0.0,0.0
Islandia,2009,4,False,0.0,0.0
Islandia,2010,1,False,0.0,0.0
Islandia,2010,2,False,0.0,0.0
Islandia,2010,3,False,0.0,0.0
Islandia,2010,4,False,0.0,0.0
Islandia,2011,1,False,0.0,0.0
Islandia,2011,2,True,,
Islandia,2011,3,True,,
Islandia,2011,4,True,,
Islandia,2012,1,True,,
Islandia,2012,2,True,,
Islandia,2012,3,True,,
Islandia,2012,4,True,,
Islandia,2013,1,False,0.0,0.0
Islandia,2013,2,False,0.0,0.0
Islandia,2013,3,False,0.0,0.0
Islandia,2013,4,False,0.0,0.0
Islandia,2014,1,False,0.0,0.0
Islandia,2014,2,False,0.0,0.0
Islandia,2014,3,False,0.0,0.0
Islandia,2014,4,True,,
Islandia,2015,1,False,0.0,0.0
Islandia,2015,2,False,0.0,0.0
Islandia,2015,3,False,0.0,0.0
Islandia,2015,4,False,0.0,0.0
Islandia,2016,1,False,0.0,0.0
Islandia,2016,2,False,0.0,0.0
Islandia,2016,3,False,0.0,0.0
Islandia,2016,4,False,0.0,0.0
Islandia,2017,1,False,0.0,0.0
Islandia,2017,2,False,0.0,0.0
Islandia,2017,3,False,0.0,0.0
Islandia,2017,4,True,,
Islandia,2018,1,False,0.0,0.0
Islandia,2018,2,False,0.0,0.0
Islandia,2018,3,True,,
Islandia,2018,4,True,,
Islandia,2019,1,False,0.0,0.0
Islandia,2019,2,False,0.0,0.0
Islandia,2019,3,False,0.0,0.0
Islandia,2019,4,False,0.0,0.0
Islandia,2020,1,False,0.0,0.0
Islandia,2020,2,False,0.0,0.0
Islandia,2020,3,False,0.0,0.0
Islandia,2020,4,True,,
Islandia,2021,1,True,,
Islandia,2021,2,True,,
Islandia,2021,3,True,,
Islandia,2021,4,True,,
Islandia,2022,1,False,0.0,0.0
Islandia,2022,2,False,0.0,0.0
Islandia,2022,3,False,0.0,0.0
Islandia,2022,4,False,0.0,0.0
Islandia,2023,1,False,0.0,0.0
Islandia,2023,2,False,0.0,0.0
Islandia,2023,3,False,0.0,0.0
Islandia,2023,4,False,0.0,0.0
Islandia,2024,1,False,0.0,0.0
Islandia,2024,2,False,0.0,0.0
Islandia,2024,3,False,0.0,0.0
Islandia,2024,4,False,0.0,0.0
Islandia,2025,1,False,0.0,0.0
Islandia,2025,2,False,0.0,0.0
Islandia,2025,3,False,0.0,0.0
Islandia,2025,4,True,,
Islas Caimán,2006,1,False,0.0,0.0
Islas Caimán,2006,2,False,0.0,0.0
Islas Caimán,2006,3,False,0.0,0.0
Islas Caimán,2006,4,False,0.0,0.0
Islas Caimán,2007,1,False,0.0,0.0
Islas Caimán,2007,2,False,0.0,0.0
Islas Caimán,2007,3,False,0.0,0.0
Islas Caimán,2007,4,False,0.0,0.0
Islas Caimán,2008,1,False,0.0,0.0
Islas Caimán,2008,2,False,0.0,0.0
Islas Caimán,2008,3,False,0.0,0.0
Islas Caimán,2008,4,False,0.0,0.0
Islas Caimán,2009,1,False,0.0,0.0
Islas Caimán,2009,2,False,0.0,0.0
Islas Caimán,2009,3,False,0.0,0.0
Islas Caimán,2009,4,False,0.0,0.0
Islas Caimán,2010,1,False,0.0,0.0
Islas Caimán,2010,2,False,0.0,0.0
Islas Caimán,2010,3,False,0.0,0.0
Islas Caimán,2010,4,False,0.0,0.0
Islas Caimán,2011,1,False,0.0,0.0
Islas Caimán,2011,2,False,0.0,0.0
Islas Caimán,2011,3,False,0.0,0.0
Islas Caimán,2011,4,False,0.0,0.0
Islas Caimán,2012,1,False,0.0,0.0
Islas Caimán,2012,2,False,0.0,0.0
Islas Caimán,2012,3,False,0.0,0.0
Islas Caimán,2012,4,False,0.0,0.0
Islas Caimán,2013,1,False,0.0,0.0
Islas Caimán,2013,2,False,0.0,0.0
Islas Caimán,2013,3,False,0.0,0.0
Islas Caimán,2013,4,False,0.0,0.0
Islas Caimán,2014,1,False,0.0,0.0
Islas Caimán,2014,2,False,0.0,0.0
Islas Caimán,2014,3,False,0.0,0.0
Islas Caimán,2014,4,False,0.0,0.0
Islas Caimán,2015,1,False,0.0,0.0
Islas Caimán,2015,2,False,0.0,0.0
Islas Caimán,2015,3,False,0.0,0.0
Islas Caimán,2015,4,False,0.0,0.0
Islas Caimán,2016,1,False,0.0,0.0
Islas Caimán,2016,2,True,,
Islas Caimán,2016,3,True,,
Islas Caimán,2016,4,True,,
Islas Caimán,2017,1,False,0.0,0.0
Islas Caimán,2017,2,False,0.0,0.0
Islas Caimán,2017,3,False,0.0,0.0
Islas Caimán,2017,4,False,0.0,0.0
Islas Caimán,2018,1,False,0.0,0.0
Islas Caimán,2018,2,False,0.0,0.0
Islas Caimán,2018,3,False,0.0,0.0
Islas Caimán,2018,4,False,0.0,0.0
Islas Caimán,2019,1,False,0.0,0.0
Islas Caimán,2019,2,False,0.0,0.0
Islas Caimán,2019,3,False,0.0,0.0
Islas Caimán,2019,4,False,0.0,0.0
Islas Caimán,2020,1,False,0.0,0.0
Islas Caimán,2020,2,False,0.0,0.0
Islas Caimán,2020,3,True,,
Islas Caimán,2020,4,True,,
Islas Caimán,2021,1,True,,
Islas Caimán,2021,2,False,0.00495749,
Islas Caimán,2021,3,False,0.00745353,0.0024960399999999997
Islas Caimán,2021,4,False,0.1077455,0.10029197
Islas Caimán,2022,1,False,0.63145543,0.63145543
Islas Caimán,2022,2,False,0.63145543,0.0
Islas Caimán,2022,3,False,0.63634619,0.004890759999999994
Islas Caimán,2022,4,False,0.64003478,0.0036885899999999916
Islas Caimán,2023,1,True,,
Islas Caimán,2023,2,True,,
Islas Caimán,2023,3,False,10.41934859,
Islas Caimán,2023,4,False,10.41940546,5.686999999987563e-05
Islas Caimán,2024,1,False,5.26353064,5.26353064
Islas Caimán,2024,2,False,5.2635887,5.805999999974887e-05
Islas Caimán,2024,3,False,15.22043059,9.95684189
Islas Caimán,2024,4,False,15.22058004,0.0001494500000003285
Islas Caimán,2025,1,False,4.31353781,4.31353781
Islas Caimán,2025,2,False,1.63831561,-2.6752221999999994
Islas Caimán,2025,3,False,1.63831561,0.0
Islas Caimán,2025,4,False,1.64700299,0.008687380000000022
Islas Vírgenes Británicas,2006,1,False,0.0,0.0
Islas Vírgenes Británicas,2006,2,False,0.0,0.0
Islas Vírgenes Británicas,2006,3,False,0.0,0.0
Islas Vírgenes Británicas,2006,4,False,0.0,0.0
Islas Vírgenes Británicas,2007,1,False,0.0,0.0
Islas Vírgenes Británicas,2007,2,False,0.0,0.0
Islas Vírgenes Británicas,2007,3,False,0.0,0.0
Islas Vírgenes Británicas,2007,4,False,0.0,0.0
Islas Vírgenes Británicas,2008,1,False,0.0,0.0
Islas Vírgenes Británicas,2008,2,False,0.0,0.0
Islas Vírgenes Británicas,2008,3,False,0.0,0.0
Islas Vírgenes Británicas,2008,4,False,0.0,0.0
Islas Vírgenes Británicas,2009,1,False,0.0,0.0
Islas Vírgenes Británicas,2009,2,False,0.0,0.0
Islas Vírgenes Británicas,2009,3,False,0.0,0.0
Islas Vírgenes Británicas,2009,4,False,0.0,0.0
Islas Vírgenes Británicas,2010,1,False,0.0,0.0
Islas Vírgenes Británicas,2010,2,False,0.0,0.0
Islas Vírgenes Británicas,2010,3,False,0.0,0.0
Islas Vírgenes Británicas,2010,4,False,0.0,0.0
Islas Vírgenes Británicas,2011,1,False,0.0,0.0
Islas Vírgenes Británicas,2011,2,False,0.0,0.0
Islas Vírgenes Británicas,2011,3,False,0.0,0.0
Islas Vírgenes Británicas,2011,4,False,0.0,0.0
Islas Vírgenes Británicas,2012,1,False,0.0,0.0
Islas Vírgenes Británicas,2012,2,False,0.0,0.0
Islas Vírgenes Británicas,2012,3,False,0.0,0.0
Islas Vírgenes Británicas,2012,4,False,0.0,0.0
Islas Vírgenes Británicas,2013,1,False,0.0,0.0
Islas Vírgenes Británicas,2013,2,False,0.0,0.0
Islas Vírgenes Británicas,2013,3,False,0.0,0.0
Islas Vírgenes Británicas,2013,4,False,0.0,0.0
Islas Vírgenes Británicas,2014,1,False,0.0,0.0
Islas Vírgenes Británicas,2014,2,False,0.0,0.0
Islas Vírgenes Británicas,2014,3,False,0.0,0.0
Islas Vírgenes Británicas,2014,4,False,0.0,0.0
Islas Vírgenes Británicas,2015,1,False,0.0,0.0
Islas Vírgenes Británicas,2015,2,False,0.0,0.0
Islas Vírgenes Británicas,2015,3,False,0.0,0.0
Islas Vírgenes Británicas,2015,4,False,0.0,0.0
Islas Vírgenes Británicas,2016,1,False,0.0,0.0
Islas Vírgenes Británicas,2016,2,False,0.0,0.0
Islas Vírgenes Británicas,2016,3,False,0.0,0.0
Islas Vírgenes Británicas,2016,4,False,0.0,0.0
Islas Vírgenes Británicas,2017,1,False,0.0,0.0
Islas Vírgenes Británicas,2017,2,False,0.0,0.0
Islas Vírgenes Británicas,2017,3,False,0.0,0.0
Islas Vírgenes Británicas,2017,4,False,0.0,0.0
Islas Vírgenes Británicas,2018,1,True,,
Islas Vírgenes Británicas,2018,2,True,,
Islas Vírgenes Británicas,2018,3,True,,
Islas Vírgenes Británicas,2018,4,True,,
Islas Vírgenes Británicas,2019,1,False,0.0,0.0
Islas Vírgenes Británicas,2019,2,False,0.0,0.0
Islas Vírgenes Británicas,2019,3,False,0.0,0.0
Islas Vírgenes Británicas,2019,4,False,0.0,0.0
Islas Vírgenes Británicas,2020,1,False,0.0,0.0
Islas Vírgenes Británicas,2020,2,False,0.0,0.0
Islas Vírgenes Británicas,2020,3,False,0.0,0.0
Islas Vírgenes Británicas,2020,4,False,0.0,0.0
Islas Vírgenes Británicas,2021,1,False,0.0,0.0
Islas Vírgenes Británicas,2021,2,False,0.0,0.0
Islas Vírgenes Británicas,2021,3,True,,
Islas Vírgenes Británicas,2021,4,True,,
Islas Vírgenes Británicas,2022,1,False,0.0,0.0
Islas Vírgenes Británicas,2022,2,False,0.0,0.0
Islas Vírgenes Británicas,2022,3,False,0.0,0.0
Islas Vírgenes Británicas,2022,4,True,,
Islas Vírgenes Británicas,2023,1,True,,
Islas Vírgenes Británicas,2023,2,True,,
Islas Vírgenes Británicas,2023,3,False,0.00053475,
Islas Vírgenes Británicas,2023,4,False,0.00055187,1.7120000000000026e-05
Islas Vírgenes Británicas,2024,1,False,0.0,0.0
Islas Vírgenes Británicas,2024,2,True,,
Islas Vírgenes Británicas,2024,3,False,0.11906577,
Islas Vírgenes Británicas,2024,4,False,0.11970858,0.0006428099999999937
Islas Vírgenes Británicas,2025,1,False,0.00053853,0.00053853
Islas Vírgenes Británicas,2025,2,False,0.00053853,0.0
Islas Vírgenes Británicas,2025,3,False,4.98727696,4.98673843
Islas Vírgenes Británicas,2025,4,False,10.01645745,5.029180490000001
Islas Vírgenes de los Estados Unidos,2006,1,False,0.0,0.0
Islas Vírgenes de los Estados Unidos,2006,2,False,0.0,0.0
Islas Vírgenes de los Estados Unidos,2006,3,False,0.0,0.0
Islas Vírgenes de los Estados Unidos,2006,4,False,0.0,0.0
Islas Vírgenes de los Estados Unidos,2007,1,False,0.0,0.0
Islas Vírgenes de los Estados Unidos,2007,2,False,0.0,0.0
Islas Vírgenes de los Estados Unidos,2007,3,False,0.0,0.0
Islas Vírgenes de los Estados Unidos,2007,4,False,0.0,0.0
Islas Vírgenes de los Estados Unidos,2008,1,False,0.0,0.0
Islas Vírgenes de los Estados Unidos,2008,2,False,0.0,0.0
Islas Vírgenes de los Estados Unidos,2008,3,False,0.0,0.0
Islas Vírgenes de los Estados Unidos,2008,4,False,0.0,0.0
Islas Vírgenes de los Estados Unidos,2009,1,False,0.0,0.0
Islas Vírgenes de los Estados Unidos,2009,2,False,0.0,0.0
Islas Vírgenes de los Estados Unidos,2009,3,False,0.0,0.0
Islas Vírgenes de los Estados Unidos,2009,4,False,0.0,0.0
Islas Vírgenes de los Estados Unidos,2010,1,False,0.0,0.0
Islas Vírgenes de los Estados Unidos,2010,2,False,0.0,0.0
Islas Vírgenes de los Estados Unidos,2010,3,False,0.0,0.0
Islas Vírgenes de los Estados Unidos,2010,4,False,0.0,0.0
Islas Vírgenes de los Estados Unidos,2011,1,False,0.0,0.0
Islas Vírgenes de los Estados Unidos,2011,2,False,0.0,0.0
Islas Vírgenes de los Estados Unidos,2011,3,False,0.0,0.0
Islas Vírgenes de los Estados Unidos,2011,4,False,0.0,0.0
Islas Vírgenes de los Estados Unidos,2012,1,False,0.0,0.0
Islas Vírgenes de los Estados Unidos,2012,2,False,0.0,0.0
Islas Vírgenes de los Estados Unidos,2012,3,False,0.0,0.0
Islas Vírgenes de los Estados Unidos,2012,4,False,0.0,0.0
Islas Vírgenes de los Estados Unidos,2013,1,False,0.0,0.0
Islas Vírgenes de los Estados Unidos,2013,2,False,0.0,0.0
Islas Vírgenes de los Estados Unidos,2013,3,False,0.0,0.0
Islas Vírgenes de los Estados Unidos,2013,4,False,0.0,0.0
Islas Vírgenes de los Estados Unidos,2014,1,False,0.0,0.0
Islas Vírgenes de los Estados Unidos,2014,2,False,0.0,0.0
Islas Vírgenes de los Estados Unidos,2014,3,False,0.0,0.0
Islas Vírgenes de los Estados Unidos,2014,4,False,0.0,0.0
Islas Vírgenes de los Estados Unidos,2015,1,False,0.0,0.0
Islas Vírgenes de los Estados Unidos,2015,2,False,0.0,0.0
Islas Vírgenes de los Estados Unidos,2015,3,False,0.0,0.0
Islas Vírgenes de los Estados Unidos,2015,4,False,0.0,0.0
Islas Vírgenes de los Estados Unidos,2016,1,False,0.0,0.0
Islas Vírgenes de los Estados Unidos,2016,2,False,0.0,0.0
Islas Vírgenes de los Estados Unidos,2016,3,False,0.0,0.0
Islas Vírgenes de los Estados Unidos,2016,4,False,0.0,0.0
Islas Vírgenes de los Estados Unidos,2017,1,False,0.0,0.0
Islas Vírgenes de los Estados Unidos,2017,2,False,0.0,0.0
Islas Vírgenes de los Estados Unidos,2017,3,False,0.0,0.0
Islas Vírgenes de los Estados Unidos,2017,4,False,0.0,0.0
Islas Vírgenes de los Estados Unidos,2018,1,False,0.0,0.0
Islas Vírgenes de los Estados Unidos,2018,2,False,0.0,0.0
Islas Vírgenes de los Estados Unidos,2018,3,False,0.0,0.0
Islas Vírgenes de los Estados Unidos,2018,4,False,0.0,0.0
Islas Vírgenes de los Estados Unidos,2019,1,False,0.0,0.0
Islas Vírgenes de los Estados Unidos,2019,2,False,0.0,0.0
Islas Vírgenes de los Estados Unidos,2019,3,False,0.0,0.0
Islas Vírgenes de los Estados Unidos,2019,4,False,0.0,0.0
Islas Vírgenes de los Estados Unidos,2020,1,False,0.0,0.0
Islas Vírgenes de los Estados Unidos,2020,2,False,0.0,0.0
Islas Vírgenes de los Estados Unidos,2020,3,False,0.0,0.0
Islas Vírgenes de los Estados Unidos,2020,4,False,0.0,0.0
Islas Vírgenes de los Estados Unidos,2021,1,False,0.0,0.0
Islas Vírgenes de los Estados Unidos,2021,2,False,0.0,0.0
Islas Vírgenes de los Estados Unidos,2021,3,False,0.0,0.0
Islas Vírgenes de los Estados Unidos,2021,4,False,0.0,0.0
Islas Vírgenes de los Estados Unidos,2022,1,False,0.0,0.0
Islas Vírgenes de los Estados Unidos,2022,2,False,0.0,0.0
Islas Vírgenes de los Estados Unidos,2022,3,False,0.0,0.0
Islas Vírgenes de los Estados Unidos,2022,4,False,0.0,0.0
Islas Vírgenes de los Estados Unidos,2023,1,False,0.0,0.0
Islas Vírgenes de los Estados Unidos,2023,2,False,0.0,0.0
Islas Vírgenes de los Estados Unidos,2023,3,False,0.0,0.0
Islas Vírgenes de los Estados Unidos,2023,4,False,0.0,0.0
Islas Vírgenes de los Estados Unidos,2024,1,False,0.0,0.0
Islas Vírgenes de los Estados Unidos,2024,2,False,0.0,0.0
Islas Vírgenes de los Estados Unidos,2024,3,False,0.0,0.0
Islas Vírgenes de los Estados Unidos,2024,4,False,0.0,0.0
Islas Vírgenes de los Estados Unidos,2025,1,False,0.0,0.0
Islas Vírgenes de los Estados Unidos,2025,2,True,,
Islas Vírgenes de los Estados Unidos,2025,3,True,,
Islas Vírgenes de los Estados Unidos,2025,4,True,,
Israel,2006,1,False,-0.565508,-0.565508
Israel,2006,2,False,-0.402265,0.16324300000000003
Israel,2006,3,False,4.349673,4.751938
Israel,2006,4,False,6.793237,2.4435640000000003
Israel,2007,1,False,-9.859195,-9.859195
Israel,2007,2,False,-9.840345,0.018850000000000477
Israel,2007,3,False,-8.685969,1.1543759999999992
Israel,2007,4,False,-8.605973,0.07999599999999951
Israel,2008,1,False,-1.145466,-1.145466
Israel,2008,2,False,-0.353951,0.7915150000000001
Israel,2008,3,False,-0.091819,0.26213200000000003
Israel,2008,4,False,-64.887498,-64.79567899999999
Israel,2009,1,False,0.017243,0.017243
Israel,2009,2,False,174.044017,174.026774
Israel,2009,3,False,173.987613,-0.056403999999986354
Israel,2009,4,False,175.084836,1.0972229999999854
Israel,2010,1,False,27.338527,27.338527
Israel,2010,2,False,27.809873,0.4713460000000005
Israel,2010,3,False,27.732489,-0.07738399999999857
Israel,2010,4,False,27.9063304,0.1738414000000006
Israel,2011,1,False,25.998096,25.998096
Israel,2011,2,False,16.28889899,-9.70919701
Israel,2011,3,False,-1.84604301,-18.134942
Israel,2011,4,False,9.45634999,11.302393
Israel,2012,1,False,63.19686498,63.19686498
Israel,2012,2,False,63.46446898,0.2676039999999986
Israel,2012,3,False,63.87153093,0.40706194999999923
Israel,2012,4,False,112.0582043,48.18667337
Israel,2013,1,False,7.120934,7.120934
Israel,2013,2,False,-52.92612606,-60.04706006
Israel,2013,3,False,-49.03008306,3.896042999999999
Israel,2013,4,False,-7.92758706,41.102496
Israel,2014,1,False,3.46432162,3.46432162
Israel,2014,2,False,35.31987563,31.85555401
Israel,2014,3,False,35.33821165,0.018336019999999564
Israel,2014,4,False,35.47259465,0.1343829999999997
Israel,2015,1,False,-0.43734262,-0.43734262
Israel,2015,2,False,10.62841768,11.0657603
Israel,2015,3,False,10.75675555,0.1283378699999993
Israel,2015,4,False,-11.21640769,-21.973163239999998
Israel,2016,1,False,2016.800916,2016.800916
Israel,2016,2,False,2009.818301,-6.982614999999896
Israel,2016,3,False,2011.607275,1.788974000000053
Israel,2016,4,False,2009.39979,-2.2074850000001334
Israel,2017,1,False,4.23050633,4.23050633
Israel,2017,2,False,12.9539546,8.723448269999999
Israel,2017,3,False,14.60002942,1.6460748200000008
Israel,2017,4,False,14.87927241,0.2792429900000002
Israel,2018,1,False,-1.26060121,-1.26060121
Israel,2018,2,False,0.8181709,2.07877211
Israel,2018,3,False,-0.79070246,-1.60887336
Israel,2018,4,False,-0.17961329,0.61108917
Israel,2019,1,False,-3.93156126,-3.93156126
Israel,2019,2,False,-4.096132,-0.16457073999999983
Israel,2019,3,False,-6.7567887,-2.6606567000000005
Israel,2019,4,False,-6.1136731,0.6431156000000007
Israel,2020,1,False,6.00702798,6.00702798
Israel,2020,2,False,4.37721045,-1.6298175300000004
Israel,2020,3,False,-0.14572684,-4.52293729
Israel,2020,4,False,2.90430182,3.05002866
Israel,2021,1,False,23.33180218,23.33180218
Israel,2021,2,False,25.8808082,2.54900602
Israel,2021,3,False,31.50542373,5.62461553
Israel,2021,4,False,41.1205591,9.61513537
Israel,2022,1,False,8.76845156,8.76845156
Israel,2022,2,False,19.83106174,11.062610179999998
Israel,2022,3,False,32.6475693,12.816507560000002
Israel,2022,4,False,10.34076318,-22.30680612
Israel,2023,1,False,-3.96291166,-3.96291166
Israel,2023,2,False,-14.28060784,-10.31769618
Israel,2023,3,False,-5.51293583,8.76767201
Israel,2023,4,False,-7.07777699,-1.5648411600000003
Israel,2024,1,False,30.28186755,30.28186755
Israel,2024,2,False,45.49273499,15.210867440000001
Israel,2024,3,False,55.34108561,9.848350619999998
Israel,2024,4,False,57.21411725,1.8730316400000007
Israel,2025,1,False,16.43226731,16.43226731
Israel,2025,2,False,55.43428113,39.00201382
Israel,2025,3,False,63.63485877,8.200577639999999
Israel,2025,4,False,66.41984476,2.7849859900000027
Italia,2006,1,False,17.43908216,17.43908216
Italia,2006,2,False,40.06282816,22.623746
Italia,2006,3,False,44.80471316,4.741884999999996
Italia,2006,4,False,62.30438016,17.499667000000002
Italia,2007,1,False,22.93072505,22.93072505
Italia,2007,2,False,41.90538698,18.974661930000003
Italia,2007,3,False,59.56500898,17.659622
Italia,2007,4,False,79.0359712,19.470962220000004
Italia,2008,1,False,28.40179771,28.40179771
Italia,2008,2,False,53.16321371,24.761416
Italia,2008,3,False,134.2765233,81.11330959
Italia,2008,4,False,144.0285799,9.752056600000003
Italia,2009,1,False,31.26998394,31.26998394
Italia,2009,2,False,34.4799951,3.210011159999997
Italia,2009,3,False,57.93355945,23.45356435
Italia,2009,4,False,75.65027645,17.71671700000001
Italia,2010,1,False,14.20012697,14.20012697
Italia,2010,2,False,56.2814537,42.08132673
Italia,2010,3,False,96.27840235,39.99694864999999
Italia,2010,4,False,85.84252853,-10.435873819999998
Italia,2011,1,False,28.74759725,28.74759725
Italia,2011,2,False,52.39650475,23.6489075
Italia,2011,3,False,227.3637727,174.96726795
Italia,2011,4,False,240.4365159,13.07274319999999
Italia,2012,1,False,134.5872981,134.5872981
Italia,2012,2,False,166.6360629,32.048764800000015
Italia,2012,3,False,247.9453736,81.3093107
Italia,2012,4,False,360.2060376,112.26066399999999
Italia,2013,1,False,75.63209645,75.63209645
Italia,2013,2,False,92.89803716,17.265940709999995
Italia,2013,3,False,141.7673883,48.86935113999999
Italia,2013,4,False,306.3392352,164.57184690000003
Italia,2014,1,False,92.1548913,92.1548913
Italia,2014,2,False,89.36767944,-2.7872118599999993
Italia,2014,3,False,209.4219792,120.05429976
Italia,2014,4,False,253.5996157,44.17763649999998
Italia,2015,1,False,1.58671465,1.58671465
Italia,2015,2,False,-2.71081292,-4.29752757
Italia,2015,3,False,188.7331039,191.44391682
Italia,2015,4,False,509.2845229,320.551419
Italia,2016,1,False,-23.56155264,-23.56155264
Italia,2016,2,False,59.08644611,82.64799875
Italia,2016,3,False,182.7070757,123.62062959
Italia,2016,4,False,186.6947745,3.987698800000004
Italia,2017,1,False,197.0265465,197.0265465
Italia,2017,2,False,370.2218998,173.19535330000002
Italia,2017,3,False,458.2015684,87.97966859999997
Italia,2017,4,False,614.6629751,156.46140670000005
Italia,2018,1,False,78.81111485,78.81111485
Italia,2018,2,False,302.7173253,223.90621045000003
Italia,2018,3,False,382.7802582,80.06293289999996
Italia,2018,4,False,771.4501096,388.6698514
Italia,2019,1,False,311.9224578,311.9224578
Italia,2019,2,False,499.176487,187.2540292
Italia,2019,3,False,912.4029433,413.22645629999994
Italia,2019,4,False,1025.467773,113.06482970000013
Italia,2020,1,False,177.1638921,177.1638921
Italia,2020,2,False,316.2500722,139.08618009999998
Italia,2020,3,False,377.4193661,61.169293900000014
Italia,2020,4,False,358.4451354,-18.974230699999964
Italia,2021,1,False,142.1923941,142.1923941
Italia,2021,2,False,302.3671637,160.1747696
Italia,2021,3,False,155.9611148,-146.4060489
Italia,2021,4,False,197.6154805,41.6543657
Italia,2022,1,False,57.41785821,57.41785821
Italia,2022,2,False,22.98096437,-34.436893839999996
Italia,2022,3,False,28.46869265,5.4877282800000025
Italia,2022,4,False,86.69241543,58.223722779999996
Italia,2023,1,False,144.6270844,144.6270844
Italia,2023,2,False,-311.7529545,-456.3800389
Italia,2023,3,False,-319.7517812,-7.998826699999995
Italia,2023,4,False,-170.4740994,149.27768179999998
Italia,2024,1,False,-44.82920087,-44.82920087
Italia,2024,2,False,-54.67496072,-9.84575985
Italia,2024,3,False,-32.44129244,22.233668280000003
Italia,2024,4,False,-135.5063334,-103.06504095999999
Italia,2025,1,False,68.63997943,68.63997943
Italia,2025,2,False,162.4783248,93.83834537
Italia,2025,3,False,182.1836954,19.70537060000001
Italia,2025,4,False,204.8575569,22.673861499999987
Jamaica,2006,1,False,0.0,0.0
Jamaica,2006,2,False,0.0,0.0
Jamaica,2006,3,False,0.0,0.0
Jamaica,2006,4,False,0.0,0.0
Jamaica,2007,1,False,0.0,0.0
Jamaica,2007,2,False,0.0,0.0
Jamaica,2007,3,False,0.0,0.0
Jamaica,2007,4,False,0.0,0.0
Jamaica,2008,1,False,0.0,0.0
Jamaica,2008,2,False,0.0,0.0
Jamaica,2008,3,False,0.0,0.0
Jamaica,2008,4,False,0.0,0.0
Jamaica,2009,1,False,0.0,0.0
Jamaica,2009,2,False,0.0,0.0
Jamaica,2009,3,False,0.0,0.0
Jamaica,2009,4,False,0.0,0.0
Jamaica,2010,1,False,0.0,0.0
Jamaica,2010,2,False,0.0,0.0
Jamaica,2010,3,False,0.0,0.0
Jamaica,2010,4,False,0.0,0.0
Jamaica,2011,1,False,0.0,0.0
Jamaica,2011,2,False,0.0,0.0
Jamaica,2011,3,False,0.0,0.0
Jamaica,2011,4,False,0.0,0.0
Jamaica,2012,1,False,0.0,0.0
Jamaica,2012,2,False,0.0,0.0
Jamaica,2012,3,False,0.0,0.0
Jamaica,2012,4,False,0.0,0.0
Jamaica,2013,1,False,0.0,0.0
Jamaica,2013,2,False,0.0,0.0
Jamaica,2013,3,False,0.0,0.0
Jamaica,2013,4,False,0.0,0.0
Jamaica,2014,1,True,,
Jamaica,2014,2,True,,
Jamaica,2014,3,True,,
Jamaica,2014,4,True,,
Jamaica,2015,1,False,0.0,0.0
Jamaica,2015,2,False,0.0,0.0
Jamaica,2015,3,False,0.0,0.0
Jamaica,2015,4,True,,
Jamaica,2016,1,False,0.0,0.0
Jamaica,2016,2,False,0.0,0.0
Jamaica,2016,3,False,0.0,0.0
Jamaica,2016,4,False,0.0,0.0
Jamaica,2017,1,False,0.0,0.0
Jamaica,2017,2,True,,
Jamaica,2017,3,True,,
Jamaica,2017,4,True,,
Jamaica,2018,1,True,,
Jamaica,2018,2,True,,
Jamaica,2018,3,False,37.24429596,
Jamaica,2018,4,False,48.37877451,11.134478549999997
Jamaica,2019,1,True,,
Jamaica,2019,2,True,,
Jamaica,2019,3,True,,
Jamaica,2019,4,True,,
Jamaica,2020,1,True,,
Jamaica,2020,2,True,,
Jamaica,2020,3,True,,
Jamaica,2020,4,True,,
Jamaica,2021,1,False,0.0,0.0
Jamaica,2021,2,False,0.0,0.0
Jamaica,2021,3,False,0.0,0.0
Jamaica,2021,4,True,,
Jamaica,2022,1,True,,
Jamaica,2022,2,True,,
Jamaica,2022,3,False,5.06660122,
Jamaica,2022,4,False,5.06660122,0.0
Jamaica,2023,1,False,0.0,0.0
Jamaica,2023,2,True,,
Jamaica,2023,3,True,,
Jamaica,2023,4,False,0.09149871,
Jamaica,2024,1,True,,
Jamaica,2024,2,True,,
Jamaica,2024,3,False,39.05069646,
Jamaica,2024,4,False,39.05069646,0.0
Jamaica,2025,1,False,0.0,0.0
Jamaica,2025,2,False,73.72703458,73.72703458
Jamaica,2025,3,False,84.01320307,10.286168490000009
Jamaica,2025,4,False,84.01320307,0.0
Japón,2006,1,False,130.1318,130.1318
Japón,2006,2,False,258.548847,128.41704700000003
Japón,2006,3,False,378.118933,119.570086
Japón,2006,4,False,572.234892,194.11595899999992
Japón,2007,1,False,144.362064,144.362064
Japón,2007,2,False,338.91548,194.553416
Japón,2007,3,False,521.185561,182.270081
Japón,2007,4,False,787.190217,266.00465599999995
Japón,2008,1,False,557.118788,557.118788
Japón,2008,2,False,539.263466,-17.855322
Japón,2008,3,False,641.956262,102.69279600000004
Japón,2008,4,False,836.699102,194.74284
Japón,2009,1,False,640.0995834,640.0995834
Japón,2009,2,False,637.0863014,-3.013282000000004
Japón,2009,3,False,809.1830237,172.0967223
Japón,2009,4,False,775.6758616,-33.50716210000007
Japón,2010,1,False,348.3817982,348.3817982
Japón,2010,2,False,477.38926,129.0074618
Japón,2010,3,False,1204.842963,727.4537030000001
Japón,2010,4,False,1226.918274,22.075311000000056
Japón,2011,1,False,257.6503585,257.6503585
Japón,2011,2,False,274.2236215,16.573262999999997
Japón,2011,3,False,643.6362042,369.4125827
Japón,2011,4,False,891.9845636,248.34835940000005
Japón,2012,1,False,641.1420481,641.1420481
Japón,2012,2,False,1075.931921,434.7898729000001
Japón,2012,3,False,1465.900846,389.9689249999999
Japón,2012,4,False,2184.3357,718.4348540000001
Japón,2013,1,False,804.638897,804.638897
Japón,2013,2,False,982.4580424,177.8191453999999
Japón,2013,3,False,1450.058963,467.6009206
Japón,2013,4,False,1735.230238,285.17127500000015
Japón,2014,1,False,993.4116612,993.4116612
Japón,2014,2,False,1570.593284,577.1816228
Japón,2014,3,False,1926.258669,355.665385
Japón,2014,4,False,2567.316315,641.057646
Japón,2015,1,False,1046.729906,1046.729906
Japón,2015,2,False,1373.061117,326.33121099999994
Japón,2015,3,False,1713.643271,340.58215399999995
Japón,2015,4,False,2191.014664,477.3713929999999
Japón,2016,1,False,658.7595806,658.7595806
Japón,2016,2,False,1086.929767,428.17018640000003
Japón,2016,3,False,1487.362898,400.433131
Japón,2016,4,False,2025.121533,537.7586349999999
Japón,2017,1,False,1037.084036,1037.084036
Japón,2017,2,False,1431.473149,394.38911299999995
Japón,2017,3,False,1793.363164,361.8900150000002
Japón,2017,4,False,2486.43498,693.0718159999999
Japón,2018,1,False,673.6224132,673.6224132
Japón,2018,2,False,1389.726616,716.1042027999999
Japón,2018,3,False,1771.058779,381.33216300000004
Japón,2018,4,False,2331.334974,560.2761949999999
Japón,2019,1,False,311.7970458,311.7970458
Japón,2019,2,False,701.4140158,389.61697000000004
Japón,2019,3,False,1417.745572,716.3315562
Japón,2019,4,False,1784.951694,367.20612200000005
Japón,2020,1,False,552.9319479,552.9319479
Japón,2020,2,False,409.3834641,-143.54848379999993
Japón,2020,3,False,407.7562757,-1.6271884000000227
Japón,2020,4,False,1323.085142,915.3288662999998
Japón,2021,1,False,494.2858348,494.2858348
Japón,2021,2,False,583.3527987,89.06696390000002
Japón,2021,3,False,1387.89279,804.5399913000001
Japón,2021,4,False,1462.015773,74.12298299999998
Japón,2022,1,False,544.3353565,544.3353565
Japón,2022,2,False,973.4884782,429.15312170000004
Japón,2022,3,False,1668.61401,695.1255318
Japón,2022,4,False,2221.742341,553.1283310000001
Japón,2023,1,False,507.6920598,507.6920598
Japón,2023,2,False,2429.386869,1921.6948092
Japón,2023,3,False,2945.126162,515.7392930000001
Japón,2023,4,False,2705.407655,-239.71850700000005
Japón,2024,1,False,1994.653198,1994.653198
Japón,2024,2,False,3258.214513,1263.561315
Japón,2024,3,False,4670.772395,1412.557882
Japón,2024,4,False,4274.854334,-395.9180610000003
Japón,2025,1,False,784.8498956,784.8498956
Japón,2025,2,False,1658.058494,873.2085984000001
Japón,2025,3,False,3095.738685,1437.6801909999997
Japón,2025,4,False,2320.785264,-774.9534209999997
Jordania,2006,1,False,0.0,0.0
Jordania,2006,2,True,,
Jordania,2006,3,True,,
Jordania,2006,4,True,,
Jordania,2007,1,False,0.0,0.0
Jordania,2007,2,False,0.0,0.0
Jordania,2007,3,False,0.0,0.0
Jordania,2007,4,False,0.0,0.0
Jordania,2008,1,False,0.0,0.0
Jordania,2008,2,True,,
Jordania,2008,3,True,,
Jordania,2008,4,True,,
Jordania,2009,1,False,0.0,0.0
Jordania,2009,2,False,0.0,0.0
Jordania,2009,3,False,0.0,0.0
Jordania,2009,4,False,0.0,0.0
Jordania,2010,1,False,0.0,0.0
Jordania,2010,2,False,0.0,0.0
Jordania,2010,3,False,0.0,0.0
Jordania,2010,4,True,,
Jordania,2011,1,False,0.0,0.0
Jordania,2011,2,False,0.0,0.0
Jordania,2011,3,True,,
Jordania,2011,4,True,,
Jordania,2012,1,True,,
Jordania,2012,2,True,,
Jordania,2012,3,True,,
Jordania,2012,4,True,,
Jordania,2013,1,False,0.0,0.0
Jordania,2013,2,False,0.0,0.0
Jordania,2013,3,False,0.0,0.0
Jordania,2013,4,False,0.0,0.0
Jordania,2014,1,False,0.0,0.0
Jordania,2014,2,False,0.0,0.0
Jordania,2014,3,False,0.0,0.0
Jordania,2014,4,False,0.0,0.0
Jordania,2015,1,False,0.0,0.0
Jordania,2015,2,False,0.0,0.0
Jordania,2015,3,False,0.0,0.0
Jordania,2015,4,False,0.0,0.0
Jordania,2016,1,False,0.0,0.0
Jordania,2016,2,False,0.0,0.0
Jordania,2016,3,False,0.0,0.0
Jordania,2016,4,False,0.0,0.0
Jordania,2017,1,False,0.0,0.0
Jordania,2017,2,False,0.0,0.0
Jordania,2017,3,False,0.0,0.0
Jordania,2017,4,False,0.0,0.0
Jordania,2018,1,False,0.0,0.0
Jordania,2018,2,False,0.0,0.0
Jordania,2018,3,False,0.0,0.0
Jordania,2018,4,False,0.0,0.0
Jordania,2019,1,True,,
Jordania,2019,2,True,,
Jordania,2019,3,True,,
Jordania,2019,4,True,,
Jordania,2020,1,False,0.0,0.0
Jordania,2020,2,False,0.0,0.0
Jordania,2020,3,False,0.0,0.0
Jordania,2020,4,False,0.0,0.0
Jordania,2021,1,False,0.0,0.0
Jordania,2021,2,False,0.0,0.0
Jordania,2021,3,True,,
Jordania,2021,4,True,,
Jordania,2022,1,True,,
Jordania,2022,2,True,,
Jordania,2022,3,True,,
Jordania,2022,4,True,,
Jordania,2023,1,False,0.0,0.0
Jordania,2023,2,False,0.0,0.0
Jordania,2023,3,False,0.0,0.0
Jordania,2023,4,True,,
Jordania,2024,1,True,,
Jordania,2024,2,False,0.68138582,
Jordania,2024,3,False,1.18701441,0.5056285899999999
Jordania,2024,4,False,1.3968148,0.20980039000000006
Jordania,2025,1,False,0.0,0.0
Jordania,2025,2,False,0.0,0.0
Jordania,2025,3,True,,
Jordania,2025,4,True,,
"Kazajstán, República de",2006,1,False,0.0,0.0
"Kazajstán, República de",2006,2,False,0.0,0.0
"Kazajstán, República de",2006,3,False,0.0,0.0
"Kazajstán, República de",2006,4,False,0.0,0.0
"Kazajstán, República de",2007,1,False,0.0,0.0
"Kazajstán, República de",2007,2,False,0.0,0.0
"Kazajstán, República de",2007,3,False,0.0,0.0
"Kazajstán, República de",2007,4,False,0.0,0.0
"Kazajstán, República de",2008,1,False,0.0,0.0
"Kazajstán, República de",2008,2,False,0.0,0.0
"Kazajstán, República de",2008,3,True,,
"Kazajstán, República de",2008,4,True,,
"Kazajstán, República de",2009,1,False,0.0,0.0
"Kazajstán, República de",2009,2,False,0.0,0.0
"Kazajstán, República de",2009,3,False,0.0,0.0
"Kazajstán, República de",2009,4,False,0.0,0.0
"Kazajstán, República de",2010,1,False,0.0,0.0
"Kazajstán, República de",2010,2,False,0.0,0.0
"Kazajstán, República de",2010,3,False,0.0,0.0
"Kazajstán, República de",2010,4,False,0.0,0.0
"Kazajstán, República de",2011,1,False,0.0,0.0
"Kazajstán, República de",2011,2,False,0.0,0.0
"Kazajstán, República de",2011,3,False,0.0,0.0
"Kazajstán, República de",2011,4,False,0.0,0.0
"Kazajstán, República de",2012,1,False,0.0,0.0
"Kazajstán, República de",2012,2,False,0.0,0.0
"Kazajstán, República de",2012,3,False,0.0,0.0
"Kazajstán, República de",2012,4,False,0.0,0.0
"Kazajstán, República de",2013,1,False,0.0,0.0
"Kazajstán, República de",2013,2,False,0.0,0.0
"Kazajstán, República de",2013,3,False,0.0,0.0
"Kazajstán, República de",2013,4,False,0.0,0.0
"Kazajstán, República de",2014,1,False,0.0,0.0
"Kazajstán, República de",2014,2,False,0.0,0.0
"Kazajstán, República de",2014,3,False,0.0,0.0
"Kazajstán, República de",2014,4,False,0.0,0.0
"Kazajstán, República de",2015,1,False,0.0,0.0
"Kazajstán, República de",2015,2,False,0.0,0.0
"Kazajstán, República de",2015,3,False,0.0,0.0
"Kazajstán, República de",2015,4,False,0.0,0.0
"Kazajstán, República de",2016,1,False,0.0,0.0
"Kazajstán, República de",2016,2,False,0.0,0.0
"Kazajstán, República de",2016,3,False,0.0,0.0
"Kazajstán, República de",2016,4,False,0.0,0.0
"Kazajstán, República de",2017,1,False,0.0,0.0
"Kazajstán, República de",2017,2,False,0.0,0.0
"Kazajstán, República de",2017,3,True,,
"Kazajstán, República de",2017,4,True,,
"Kazajstán, República de",2018,1,False,0.0,0.0
"Kazajstán, República de",2018,2,True,,
"Kazajstán, República de",2018,3,True,,
"Kazajstán, República de",2018,4,True,,
"Kazajstán, República de",2019,1,False,0.0,0.0
"Kazajstán, República de",2019,2,False,0.0,0.0
"Kazajstán, República de",2019,3,False,0.0,0.0
"Kazajstán, República de",2019,4,False,0.0,0.0
"Kazajstán, República de",2020,1,False,0.0,0.0
"Kazajstán, República de",2020,2,False,0.0,0.0
"Kazajstán, República de",2020,3,False,0.0,0.0
"Kazajstán, República de",2020,4,True,,
"Kazajstán, República de",2021,1,False,0.0,0.0
"Kazajstán, República de",2021,2,False,0.0,0.0
"Kazajstán, República de",2021,3,False,0.0,0.0
"Kazajstán, República de",2021,4,False,0.0,0.0
"Kazajstán, República de",2022,1,False,0.0,0.0
"Kazajstán, República de",2022,2,False,0.0,0.0
"Kazajstán, República de",2022,3,False,0.0,0.0
"Kazajstán, República de",2022,4,False,0.0,0.0
"Kazajstán, República de",2023,1,False,0.0,0.0
"Kazajstán, República de",2023,2,False,0.0,0.0
"Kazajstán, República de",2023,3,False,0.0,0.0
"Kazajstán, República de",2023,4,True,,
"Kazajstán, República de",2024,1,False,0.0,0.0
"Kazajstán, República de",2024,2,True,,
"Kazajstán, República de",2024,3,True,,
"Kazajstán, República de",2024,4,True,,
"Kazajstán, República de",2025,1,True,,
"Kazajstán, República de",2025,2,True,,
"Kazajstán, República de",2025,3,True,,
"Kazajstán, República de",2025,4,True,,
Kenia,2006,1,False,0.0,0.0
Kenia,2006,2,False,0.0,0.0
Kenia,2006,3,False,0.0,0.0
Kenia,2006,4,False,0.0,0.0
Kenia,2007,1,True,,
Kenia,2007,2,True,,
Kenia,2007,3,True,,
Kenia,2007,4,True,,
Kenia,2008,1,False,0.0,0.0
Kenia,2008,2,False,0.0,0.0
Kenia,2008,3,False,0.0,0.0
Kenia,2008,4,False,0.0,0.0
Kenia,2009,1,True,,
Kenia,2009,2,True,,
Kenia,2009,3,True,,
Kenia,2009,4,True,,
Kenia,2010,1,False,0.0,0.0
Kenia,2010,2,False,0.0,0.0
Kenia,2010,3,False,0.0,0.0
Kenia,2010,4,False,0.0,0.0
Kenia,2011,1,False,0.0,0.0
Kenia,2011,2,False,0.0,0.0
Kenia,2011,3,True,,
Kenia,2011,4,True,,
Kenia,2012,1,False,0.0,0.0
Kenia,2012,2,False,0.0,0.0
Kenia,2012,3,False,0.0,0.0
Kenia,2012,4,False,0.0,0.0
Kenia,2013,1,False,0.0,0.0
Kenia,2013,2,False,0.0,0.0
Kenia,2013,3,False,0.0,0.0
Kenia,2013,4,False,0.0,0.0
Kenia,2014,1,False,0.0,0.0
Kenia,2014,2,False,0.0,0.0
Kenia,2014,3,False,0.0,0.0
Kenia,2014,4,False,0.0,0.0
Kenia,2015,1,False,0.0,0.0
Kenia,2015,2,False,0.0,0.0
Kenia,2015,3,False,0.0,0.0
Kenia,2015,4,False,0.0,0.0
Kenia,2016,1,False,0.0,0.0
Kenia,2016,2,False,0.0,0.0
Kenia,2016,3,False,0.0,0.0
Kenia,2016,4,False,0.0,0.0
Kenia,2017,1,False,0.0,0.0
Kenia,2017,2,False,0.0,0.0
Kenia,2017,3,False,0.0,0.0
Kenia,2017,4,False,0.0,0.0
Kenia,2018,1,False,0.0,0.0
Kenia,2018,2,False,0.0,0.0
Kenia,2018,3,False,0.0,0.0
Kenia,2018,4,False,0.0,0.0
Kenia,2019,1,False,0.0,0.0
Kenia,2019,2,False,0.0,0.0
Kenia,2019,3,False,0.0,0.0
Kenia,2019,4,False,0.0,0.0
Kenia,2020,1,False,0.0,0.0
Kenia,2020,2,True,,
Kenia,2020,3,True,,
Kenia,2020,4,True,,
Kenia,2021,1,False,0.0,0.0
Kenia,2021,2,False,0.0,0.0
Kenia,2021,3,False,0.0,0.0
Kenia,2021,4,False,0.0,0.0
Kenia,2022,1,False,0.0,0.0
Kenia,2022,2,False,0.0,0.0
Kenia,2022,3,False,0.0,0.0
Kenia,2022,4,False,0.0,0.0
Kenia,2023,1,True,,
Kenia,2023,2,True,,
Kenia,2023,3,True,,
Kenia,2023,4,True,,
Kenia,2024,1,False,0.0,0.0
Kenia,2024,2,False,0.0,0.0
Kenia,2024,3,True,,
Kenia,2024,4,True,,
Kenia,2025,1,True,,
Kenia,2025,2,True,,
Kenia,2025,3,True,,
Kenia,2025,4,True,,
Kuwait,2006,1,False,0.0,0.0
Kuwait,2006,2,False,0.0,0.0
Kuwait,2006,3,False,0.0,0.0
Kuwait,2006,4,False,0.0,0.0
Kuwait,2007,1,False,0.0,0.0
Kuwait,2007,2,False,0.0,0.0
Kuwait,2007,3,False,0.0,0.0
Kuwait,2007,4,False,0.0,0.0
Kuwait,2008,1,False,0.0,0.0
Kuwait,2008,2,False,0.0,0.0
Kuwait,2008,3,False,0.0,0.0
Kuwait,2008,4,False,0.0,0.0
Kuwait,2009,1,False,0.0,0.0
Kuwait,2009,2,False,0.0,0.0
Kuwait,2009,3,False,0.0,0.0
Kuwait,2009,4,False,0.0,0.0
Kuwait,2010,1,False,0.0,0.0
Kuwait,2010,2,False,0.0,0.0
Kuwait,2010,3,False,0.0,0.0
Kuwait,2010,4,False,0.0,0.0
Kuwait,2011,1,False,0.0,0.0
Kuwait,2011,2,False,0.0,0.0
Kuwait,2011,3,False,0.0,0.0
Kuwait,2011,4,True,,
Kuwait,2012,1,False,0.0,0.0
Kuwait,2012,2,False,0.0,0.0
Kuwait,2012,3,False,0.0,0.0
Kuwait,2012,4,False,0.0,0.0
Kuwait,2013,1,False,0.0,0.0
Kuwait,2013,2,False,0.0,0.0
Kuwait,2013,3,False,0.0,0.0
Kuwait,2013,4,False,0.0,0.0
Kuwait,2014,1,False,0.0,0.0
Kuwait,2014,2,False,0.0,0.0
Kuwait,2014,3,False,0.0,0.0
Kuwait,2014,4,False,0.0,0.0
Kuwait,2015,1,False,0.0,0.0
Kuwait,2015,2,False,0.0,0.0
Kuwait,2015,3,False,0.0,0.0
Kuwait,2015,4,False,0.0,0.0
Kuwait,2016,1,False,0.0,0.0
Kuwait,2016,2,False,0.0,0.0
Kuwait,2016,3,False,0.0,0.0
Kuwait,2016,4,False,0.0,0.0
Kuwait,2017,1,False,0.0,0.0
Kuwait,2017,2,False,0.0,0.0
Kuwait,2017,3,False,0.0,0.0
Kuwait,2017,4,False,0.0,0.0
Kuwait,2018,1,False,0.0,0.0
Kuwait,2018,2,False,0.0,0.0
Kuwait,2018,3,False,0.0,0.0
Kuwait,2018,4,False,0.0,0.0
Kuwait,2019,1,False,0.0,0.0
Kuwait,2019,2,False,0.0,0.0
Kuwait,2019,3,False,0.0,0.0
Kuwait,2019,4,False,0.0,0.0
Kuwait,2020,1,False,0.0,0.0
Kuwait,2020,2,False,0.0,0.0
Kuwait,2020,3,False,0.0,0.0
Kuwait,2020,4,False,0.0,0.0
Kuwait,2021,1,False,0.0,0.0
Kuwait,2021,2,False,0.0,0.0
Kuwait,2021,3,False,0.0,0.0
Kuwait,2021,4,False,0.0,0.0
Kuwait,2022,1,False,0.0,0.0
Kuwait,2022,2,False,0.0,0.0
Kuwait,2022,3,False,0.0,0.0
Kuwait,2022,4,False,0.0,0.0
Kuwait,2023,1,False,0.0,0.0
Kuwait,2023,2,False,0.0,0.0
Kuwait,2023,3,False,0.0,0.0
Kuwait,2023,4,False,0.0,0.0
Kuwait,2024,1,False,0.0,0.0
Kuwait,2024,2,False,0.0,0.0
Kuwait,2024,3,False,0.0,0.0
Kuwait,2024,4,False,0.0,0.0
Kuwait,2025,1,False,0.0,0.0
Kuwait,2025,2,False,0.0,0.0
Kuwait,2025,3,True,,
Kuwait,2025,4,True,,
Letonia,2006,1,False,0.0,0.0
Letonia,2006,2,False,0.0,0.0
Letonia,2006,3,False,0.0,0.0
Letonia,2006,4,False,0.0,0.0
Letonia,2007,1,False,0.0,0.0
Letonia,2007,2,False,0.0,0.0
Letonia,2007,3,False,0.0,0.0
Letonia,2007,4,False,0.0,0.0
Letonia,2008,1,False,0.0,0.0
Letonia,2008,2,False,0.0,0.0
Letonia,2008,3,False,0.0,0.0
Letonia,2008,4,False,0.0,0.0
Letonia,2009,1,False,0.0,0.0
Letonia,2009,2,False,0.0,0.0
Letonia,2009,3,False,0.0,0.0
Letonia,2009,4,False,0.0,0.0
Letonia,2010,1,False,0.0,0.0
Letonia,2010,2,False,0.0,0.0
Letonia,2010,3,False,0.0,0.0
Letonia,2010,4,False,0.0,0.0
Letonia,2011,1,False,0.0,0.0
Letonia,2011,2,False,0.0,0.0
Letonia,2011,3,False,0.0,0.0
Letonia,2011,4,False,0.0,0.0
Letonia,2012,1,False,0.0,0.0
Letonia,2012,2,False,0.0,0.0
Letonia,2012,3,False,0.0,0.0
Letonia,2012,4,False,0.0,0.0
Letonia,2013,1,False,0.0,0.0
Letonia,2013,2,False,0.0,0.0
Letonia,2013,3,False,0.0,0.0
Letonia,2013,4,False,0.0,0.0
Letonia,2014,1,False,0.0,0.0
Letonia,2014,2,False,0.0,0.0
Letonia,2014,3,False,0.0,0.0
Letonia,2014,4,False,0.0,0.0
Letonia,2015,1,False,0.0,0.0
Letonia,2015,2,False,0.0,0.0
Letonia,2015,3,False,0.0,0.0
Letonia,2015,4,False,0.0,0.0
Letonia,2016,1,False,0.0,0.0
Letonia,2016,2,False,0.0,0.0
Letonia,2016,3,True,,
Letonia,2016,4,True,,
Letonia,2017,1,False,0.0,0.0
Letonia,2017,2,False,0.0,0.0
Letonia,2017,3,False,0.0,0.0
Letonia,2017,4,False,0.0,0.0
Letonia,2018,1,True,,
Letonia,2018,2,True,,
Letonia,2018,3,True,,
Letonia,2018,4,False,0.06419914,
Letonia,2019,1,False,0.0,0.0
Letonia,2019,2,False,0.0,0.0
Letonia,2019,3,False,0.0,0.0
Letonia,2019,4,True,,
Letonia,2020,1,False,0.0,0.0
Letonia,2020,2,True,,
Letonia,2020,3,True,,
Letonia,2020,4,True,,
Letonia,2021,1,False,0.0,0.0
Letonia,2021,2,False,0.0,0.0
Letonia,2021,3,False,0.0,0.0
Letonia,2021,4,False,0.0,0.0
Letonia,2022,1,True,,
Letonia,2022,2,True,,
Letonia,2022,3,True,,
Letonia,2022,4,True,,
Letonia,2023,1,True,,
Letonia,2023,2,True,,
Letonia,2023,3,True,,
Letonia,2023,4,True,,
Letonia,2024,1,False,0.0,0.0
Letonia,2024,2,True,,
Letonia,2024,3,True,,
Letonia,2024,4,True,,
Letonia,2025,1,False,0.0,0.0
Letonia,2025,2,False,0.13607442,0.13607442
Letonia,2025,3,False,0.26871565,0.13264122999999997
Letonia,2025,4,False,0.41068507,0.14196942
Liberia,2006,1,False,0.0,0.0
Liberia,2006,2,False,0.0,0.0
Liberia,2006,3,False,0.0,0.0
Liberia,2006,4,False,0.0,0.0
Liberia,2007,1,False,0.0,0.0
Liberia,2007,2,False,0.0,0.0
Liberia,2007,3,False,0.0,0.0
Liberia,2007,4,False,0.0,0.0
Liberia,2008,1,False,0.0,0.0
Liberia,2008,2,False,0.0,0.0
Liberia,2008,3,False,0.0,0.0
Liberia,2008,4,False,0.0,0.0
Liberia,2009,1,False,0.0,0.0
Liberia,2009,2,False,0.0,0.0
Liberia,2009,3,False,0.0,0.0
Liberia,2009,4,False,0.0,0.0
Liberia,2010,1,False,0.0,0.0
Liberia,2010,2,False,0.0,0.0
Liberia,2010,3,False,0.0,0.0
Liberia,2010,4,False,0.0,0.0
Liberia,2011,1,False,0.0,0.0
Liberia,2011,2,False,0.0,0.0
Liberia,2011,3,False,0.0,0.0
Liberia,2011,4,False,0.0,0.0
Liberia,2012,1,False,0.0,0.0
Liberia,2012,2,False,0.0,0.0
Liberia,2012,3,False,0.0,0.0
Liberia,2012,4,False,0.0,0.0
Liberia,2013,1,False,0.0,0.0
Liberia,2013,2,False,0.0,0.0
Liberia,2013,3,False,0.0,0.0
Liberia,2013,4,False,0.0,0.0
Liberia,2014,1,False,0.0,0.0
Liberia,2014,2,False,0.0,0.0
Liberia,2014,3,False,0.0,0.0
Liberia,2014,4,False,0.0,0.0
Liberia,2015,1,False,0.0,0.0
Liberia,2015,2,False,0.0,0.0
Liberia,2015,3,False,0.0,0.0
Liberia,2015,4,False,0.0,0.0
Liberia,2016,1,False,0.0,0.0
Liberia,2016,2,False,0.0,0.0
Liberia,2016,3,False,0.0,0.0
Liberia,2016,4,False,0.0,0.0
Liberia,2017,1,False,0.0,0.0
Liberia,2017,2,False,0.0,0.0
Liberia,2017,3,False,0.0,0.0
Liberia,2017,4,False,0.0,0.0
Liberia,2018,1,False,0.0,0.0
Liberia,2018,2,False,0.0,0.0
Liberia,2018,3,False,0.0,0.0
Liberia,2018,4,False,0.0,0.0
Liberia,2019,1,False,0.0,0.0
Liberia,2019,2,False,0.0,0.0
Liberia,2019,3,False,0.0,0.0
Liberia,2019,4,False,0.0,0.0
Liberia,2020,1,False,0.0,0.0
Liberia,2020,2,False,0.0,0.0
Liberia,2020,3,False,0.0,0.0
Liberia,2020,4,False,0.0,0.0
Liberia,2021,1,False,0.0,0.0
Liberia,2021,2,False,0.0,0.0
Liberia,2021,3,True,,
Liberia,2021,4,True,,
Liberia,2022,1,False,0.0,0.0
Liberia,2022,2,False,0.0,0.0
Liberia,2022,3,False,0.0,0.0
Liberia,2022,4,False,0.0,0.0
Liberia,2023,1,True,,
Liberia,2023,2,True,,
Liberia,2023,3,True,,
Liberia,2023,4,True,,
Liberia,2024,1,False,0.0,0.0
Liberia,2024,2,False,0.0,0.0
Liberia,2024,3,False,0.0,0.0
Liberia,2024,4,False,0.0,0.0
Liberia,2025,1,False,0.0,0.0
Liberia,2025,2,True,,
Liberia,2025,3,True,,
Liberia,2025,4,True,,
Libia,2006,1,False,0.0,0.0
Libia,2006,2,False,0.0,0.0
Libia,2006,3,False,0.0,0.0
Libia,2006,4,False,0.0,0.0
Libia,2007,1,False,0.0,0.0
Libia,2007,2,False,0.0,0.0
Libia,2007,3,False,0.0,0.0
Libia,2007,4,False,0.0,0.0
Libia,2008,1,False,0.0,0.0
Libia,2008,2,False,0.0,0.0
Libia,2008,3,False,0.0,0.0
Libia,2008,4,False,0.0,0.0
Libia,2009,1,False,0.0,0.0
Libia,2009,2,False,0.0,0.0
Libia,2009,3,False,0.0,0.0
Libia,2009,4,False,0.0,0.0
Libia,2010,1,False,0.0,0.0
Libia,2010,2,False,0.0,0.0
Libia,2010,3,False,0.0,0.0
Libia,2010,4,False,0.0,0.0
Libia,2011,1,False,0.0,0.0
Libia,2011,2,False,0.0,0.0
Libia,2011,3,False,0.0,0.0
Libia,2011,4,False,0.0,0.0
Libia,2012,1,False,0.0,0.0
Libia,2012,2,False,0.0,0.0
Libia,2012,3,False,0.0,0.0
Libia,2012,4,False,0.0,0.0
Libia,2013,1,True,,
Libia,2013,2,True,,
Libia,2013,3,True,,
Libia,2013,4,True,,
Libia,2014,1,False,0.0,0.0
Libia,2014,2,False,0.0,0.0
Libia,2014,3,False,0.0,0.0
Libia,2014,4,False,0.0,0.0
Libia,2015,1,False,0.0,0.0
Libia,2015,2,False,0.0,0.0
Libia,2015,3,False,0.0,0.0
Libia,2015,4,False,0.0,0.0
Libia,2016,1,False,0.0,0.0
Libia,2016,2,False,0.0,0.0
Libia,2016,3,False,0.0,0.0
Libia,2016,4,False,0.0,0.0
Libia,2017,1,False,0.0,0.0
Libia,2017,2,False,0.0,0.0
Libia,2017,3,False,0.0,0.0
Libia,2017,4,False,0.0,0.0
Libia,2018,1,False,0.0,0.0
Libia,2018,2,False,0.0,0.0
Libia,2018,3,False,0.0,0.0
Libia,2018,4,False,0.0,0.0
Libia,2019,1,False,0.0,0.0
Libia,2019,2,False,0.0,0.0
Libia,2019,3,False,0.0,0.0
Libia,2019,4,False,0.0,0.0
Libia,2020,1,False,0.0,0.0
Libia,2020,2,False,0.0,0.0
Libia,2020,3,False,0.0,0.0
Libia,2020,4,False,0.0,0.0
Libia,2021,1,False,0.0,0.0
Libia,2021,2,False,0.0,0.0
Libia,2021,3,False,0.0,0.0
Libia,2021,4,False,0.0,0.0
Libia,2022,1,False,0.0,0.0
Libia,2022,2,False,0.0,0.0
Libia,2022,3,False,0.0,0.0
Libia,2022,4,False,0.0,0.0
Libia,2023,1,False,0.0,0.0
Libia,2023,2,False,0.0,0.0
Libia,2023,3,False,0.0,0.0
Libia,2023,4,False,0.0,0.0
Libia,2024,1,False,0.0,0.0
Libia,2024,2,False,0.0,0.0
Libia,2024,3,False,0.0,0.0
Libia,2024,4,False,0.0,0.0
Libia,2025,1,False,0.0,0.0
Libia,2025,2,False,0.0,0.0
Libia,2025,3,False,0.0,0.0
Libia,2025,4,False,0.0,0.0
Liechtenstein,2006,1,False,0.0,0.0
Liechtenstein,2006,2,False,0.0,0.0
Liechtenstein,2006,3,False,0.0,0.0
Liechtenstein,2006,4,False,0.0,0.0
Liechtenstein,2007,1,False,0.0,0.0
Liechtenstein,2007,2,False,0.0,0.0
Liechtenstein,2007,3,False,0.0,0.0
Liechtenstein,2007,4,False,0.0,0.0
Liechtenstein,2008,1,False,0.0,0.0
Liechtenstein,2008,2,True,,
Liechtenstein,2008,3,True,,
Liechtenstein,2008,4,True,,
Liechtenstein,2009,1,False,0.0,0.0
Liechtenstein,2009,2,False,0.0,0.0
Liechtenstein,2009,3,False,0.0,0.0
Liechtenstein,2009,4,False,0.0,0.0
Liechtenstein,2010,1,False,0.0,0.0
Liechtenstein,2010,2,False,0.0,0.0
Liechtenstein,2010,3,False,0.0,0.0
Liechtenstein,2010,4,False,0.0,0.0
Liechtenstein,2011,1,False,0.0,0.0
Liechtenstein,2011,2,False,0.0,0.0
Liechtenstein,2011,3,False,0.0,0.0
Liechtenstein,2011,4,False,0.0,0.0
Liechtenstein,2012,1,False,0.0,0.0
Liechtenstein,2012,2,True,,
Liechtenstein,2012,3,True,,
Liechtenstein,2012,4,True,,
Liechtenstein,2013,1,False,0.0,0.0
Liechtenstein,2013,2,False,0.0,0.0
Liechtenstein,2013,3,True,,
Liechtenstein,2013,4,True,,
Liechtenstein,2014,1,False,0.0,0.0
Liechtenstein,2014,2,False,0.0,0.0
Liechtenstein,2014,3,False,0.0,0.0
Liechtenstein,2014,4,False,0.0,0.0
Liechtenstein,2015,1,False,0.0,0.0
Liechtenstein,2015,2,False,0.0,0.0
Liechtenstein,2015,3,False,0.0,0.0
Liechtenstein,2015,4,False,0.0,0.0
Liechtenstein,2016,1,False,0.0,0.0
Liechtenstein,2016,2,False,0.0,0.0
Liechtenstein,2016,3,False,0.0,0.0
Liechtenstein,2016,4,False,0.0,0.0
Liechtenstein,2017,1,False,0.0,0.0
Liechtenstein,2017,2,False,0.0,0.0
Liechtenstein,2017,3,False,0.0,0.0
Liechtenstein,2017,4,False,0.0,0.0
Liechtenstein,2018,1,False,0.0,0.0
Liechtenstein,2018,2,False,0.0,0.0
Liechtenstein,2018,3,False,0.0,0.0
Liechtenstein,2018,4,False,0.0,0.0
Liechtenstein,2019,1,False,0.0,0.0
Liechtenstein,2019,2,False,0.0,0.0
Liechtenstein,2019,3,False,0.0,0.0
Liechtenstein,2019,4,False,0.0,0.0
Liechtenstein,2020,1,False,0.0,0.0
Liechtenstein,2020,2,False,0.0,0.0
Liechtenstein,2020,3,False,0.0,0.0
Liechtenstein,2020,4,False,0.0,0.0
Liechtenstein,2021,1,False,0.0,0.0
Liechtenstein,2021,2,False,0.0,0.0
Liechtenstein,2021,3,False,0.0,0.0
Liechtenstein,2021,4,False,0.0,0.0
Liechtenstein,2022,1,False,0.0,0.0
Liechtenstein,2022,2,False,0.0,0.0
Liechtenstein,2022,3,False,0.0,0.0
Liechtenstein,2022,4,False,0.0,0.0
Liechtenstein,2023,1,False,0.0,0.0
Liechtenstein,2023,2,False,0.0,0.0
Liechtenstein,2023,3,True,,
Liechtenstein,2023,4,True,,
Liechtenstein,2024,1,True,,
Liechtenstein,2024,2,True,,
Liechtenstein,2024,3,True,,
Liechtenstein,2024,4,True,,
Liechtenstein,2025,1,False,0.0,0.0
Liechtenstein,2025,2,True,,
Liechtenstein,2025,3,False,4.48653917,
Liechtenstein,2025,4,False,4.48653917,0.0
Lituania,2006,1,False,0.0,0.0
Lituania,2006,2,False,0.0,0.0
Lituania,2006,3,False,0.0,0.0
Lituania,2006,4,False,0.0,0.0
Lituania,2007,1,True,,
Lituania,2007,2,True,,
Lituania,2007,3,True,,
Lituania,2007,4,True,,
Lituania,2008,1,False,0.0,0.0
Lituania,2008,2,False,0.0,0.0
Lituania,2008,3,False,0.0,0.0
Lituania,2008,4,False,0.0,0.0
Lituania,2009,1,False,0.0,0.0
Lituania,2009,2,False,0.0,0.0
Lituania,2009,3,False,0.0,0.0
Lituania,2009,4,False,0.0,0.0
Lituania,2010,1,False,0.0,0.0
Lituania,2010,2,False,0.0,0.0
Lituania,2010,3,False,0.0,0.0
Lituania,2010,4,False,0.0,0.0
Lituania,2011,1,False,0.0,0.0
Lituania,2011,2,True,,
Lituania,2011,3,True,,
Lituania,2011,4,True,,
Lituania,2012,1,False,0.0,0.0
Lituania,2012,2,False,0.0,0.0
Lituania,2012,3,False,0.0,0.0
Lituania,2012,4,False,0.0,0.0
Lituania,2013,1,False,0.0,0.0
Lituania,2013,2,False,0.0,0.0
Lituania,2013,3,False,0.0,0.0
Lituania,2013,4,False,0.0,0.0
Lituania,2014,1,False,0.0,0.0
Lituania,2014,2,True,,
Lituania,2014,3,True,,
Lituania,2014,4,True,,
Lituania,2015,1,True,,
Lituania,2015,2,True,,
Lituania,2015,3,True,,
Lituania,2015,4,True,,
Lituania,2016,1,False,0.0,0.0
Lituania,2016,2,False,0.0,0.0
Lituania,2016,3,False,0.0,0.0
Lituania,2016,4,False,0.0,0.0
Lituania,2017,1,False,0.0,0.0
Lituania,2017,2,False,0.0,0.0
Lituania,2017,3,True,,
Lituania,2017,4,True,,
Lituania,2018,1,False,0.0,0.0
Lituania,2018,2,False,0.0,0.0
Lituania,2018,3,True,,
Lituania,2018,4,True,,
Lituania,2019,1,False,0.0,0.0
Lituania,2019,2,True,,
Lituania,2019,3,False,0.10397171,
Lituania,2019,4,False,0.49904947,0.39507776
Lituania,2020,1,True,,
Lituania,2020,2,True,,
Lituania,2020,3,False,0.22989609,
Lituania,2020,4,False,0.22989609,0.0
Lituania,2021,1,False,0.0,0.0
Lituania,2021,2,True,,
Lituania,2021,3,True,,
Lituania,2021,4,False,0.15389423,
Lituania,2022,1,False,0.0,0.0
Lituania,2022,2,False,0.0,0.0
Lituania,2022,3,True,,
Lituania,2022,4,False,0.2604157,
Lituania,2023,1,False,0.0,0.0
Lituania,2023,2,True,,
Lituania,2023,3,True,,
Lituania,2023,4,True,,
Lituania,2024,1,True,,
Lituania,2024,2,True,,
Lituania,2024,3,True,,
Lituania,2024,4,True,,
Lituania,2025,1,True,,
Lituania,2025,2,True,,
Lituania,2025,3,False,0.26347625,
Lituania,2025,4,False,0.26347625,0.0
Luxemburgo,2006,1,False,20.009359,20.009359
Luxemburgo,2006,2,False,38.189333,18.179973999999998
Luxemburgo,2006,3,False,41.771614,3.582281000000002
Luxemburgo,2006,4,False,67.884691,26.113077000000004
Luxemburgo,2007,1,False,29.603796,29.603796
Luxemburgo,2007,2,False,1552.54391,1522.940114
Luxemburgo,2007,3,False,1610.675791,58.131880999999794
Luxemburgo,2007,4,False,1639.394857,28.71906600000011
Luxemburgo,2008,1,False,-5.455013,-5.455013
Luxemburgo,2008,2,False,31.087182,36.542195
Luxemburgo,2008,3,False,74.699265,43.612083
Luxemburgo,2008,4,False,131.878039,57.178774000000004
Luxemburgo,2009,1,False,55.602347,55.602347
Luxemburgo,2009,2,False,57.877113,2.2747659999999996
Luxemburgo,2009,3,False,58.832142,0.9550289999999961
Luxemburgo,2009,4,False,59.04168425,0.20954225000000548
Luxemburgo,2010,1,False,-12.142623,-12.142623
Luxemburgo,2010,2,False,-11.458789,0.6838340000000009
Luxemburgo,2010,3,False,-7.403741,4.055047999999999
Luxemburgo,2010,4,False,28.242221,35.645962
Luxemburgo,2011,1,False,55.95685527,55.95685527
Luxemburgo,2011,2,False,100.1892123,44.232357029999996
Luxemburgo,2011,3,False,108.4128232,8.223610900000011
Luxemburgo,2011,4,False,124.7467702,16.333946999999995
Luxemburgo,2012,1,False,12.247469,12.247469
Luxemburgo,2012,2,False,13.460398,1.212928999999999
Luxemburgo,2012,3,False,16.956086,3.4956879999999995
Luxemburgo,2012,4,False,19.47343572,2.517349720000002
Luxemburgo,2013,1,False,-7.85772194,-7.85772194
Luxemburgo,2013,2,False,3.12192606,10.979648000000001
Luxemburgo,2013,3,False,10.17771306,7.0557870000000005
Luxemburgo,2013,4,False,1320.909463,1310.7317499399999
Luxemburgo,2014,1,False,3.727295,3.727295
Luxemburgo,2014,2,False,11.805089,8.077794
Luxemburgo,2014,3,False,21.819653,10.014563999999998
Luxemburgo,2014,4,False,7.199678,-14.619975
Luxemburgo,2015,1,False,56.71400488,56.71400488
Luxemburgo,2015,2,False,61.10052588,4.386521000000002
Luxemburgo,2015,3,False,98.84301288,37.742487000000004
Luxemburgo,2015,4,False,140.6845259,41.84151302000001
Luxemburgo,2016,1,False,2.85921477,2.85921477
Luxemburgo,2016,2,False,8.04106977,5.1818550000000005
Luxemburgo,2016,3,False,16.4796916,8.438621829999999
Luxemburgo,2016,4,False,31.62421735,15.14452575
Luxemburgo,2017,1,False,6.11937714,6.11937714
Luxemburgo,2017,2,False,11.79444414,5.675066999999999
Luxemburgo,2017,3,False,17.4497732,5.65532906
Luxemburgo,2017,4,False,15.76523241,-1.6845407899999998
Luxemburgo,2018,1,False,69.70384186,69.70384186
Luxemburgo,2018,2,False,142.6974399,72.99359804000001
Luxemburgo,2018,3,False,207.8632624,65.16582249999999
Luxemburgo,2018,4,False,300.5787507,92.7154883
Luxemburgo,2019,1,False,14.32084814,14.32084814
Luxemburgo,2019,2,False,24.85905634,10.538208199999998
Luxemburgo,2019,3,False,49.76512297,24.90606663
Luxemburgo,2019,4,False,59.37934975,9.614226780000003
Luxemburgo,2020,1,False,16.13407007,16.13407007
Luxemburgo,2020,2,False,30.29438316,14.160313089999999
Luxemburgo,2020,3,False,48.62658263,18.332199470000003
Luxemburgo,2020,4,False,50.02364948,1.3970668500000016
Luxemburgo,2021,1,False,989.3470829,989.3470829
Luxemburgo,2021,2,False,998.1720436,8.82496070000002
Luxemburgo,2021,3,False,1001.551811,3.3797673999999915
Luxemburgo,2021,4,False,997.158414,-4.39339700000005
Luxemburgo,2022,1,False,0.92995838,0.92995838
Luxemburgo,2022,2,False,8.02694171,7.096983329999999
Luxemburgo,2022,3,False,8.16816171,0.14122000000000057
Luxemburgo,2022,4,False,9.33492604,1.1667643299999995
Luxemburgo,2023,1,False,6.59290544,6.59290544
Luxemburgo,2023,2,False,19.12985907,12.53695363
Luxemburgo,2023,3,False,42.81697581,23.687116740000004
Luxemburgo,2023,4,False,52.14572681,9.328750999999997
Luxemburgo,2024,1,False,60.66258127,60.66258127
Luxemburgo,2024,2,False,64.28522483,3.6226435600000073
Luxemburgo,2024,3,False,73.68023302,9.395008189999999
Luxemburgo,2024,4,False,79.40183305,5.7216000299999905
Luxemburgo,2025,1,False,16.88753644,16.88753644
Luxemburgo,2025,2,False,86.17905466,69.29151822
Luxemburgo,2025,3,False,94.94367713,8.764622469999992
Luxemburgo,2025,4,False,98.95066953,4.0069924000000015
Líbano,2006,1,True,,
Líbano,2006,2,True,,
Líbano,2006,3,True,,
Líbano,2006,4,True,,
Líbano,2007,1,True,,
Líbano,2007,2,True,,
Líbano,2007,3,True,,
Líbano,2007,4,False,0.090557,
Líbano,2008,1,False,0.0,0.0
Líbano,2008,2,False,0.0,0.0
Líbano,2008,3,False,0.0,0.0
Líbano,2008,4,True,,
Líbano,2009,1,False,0.0,0.0
Líbano,2009,2,False,0.0,0.0
Líbano,2009,3,False,0.0,0.0
Líbano,2009,4,True,,
Líbano,2010,1,False,0.0,0.0
Líbano,2010,2,False,0.0,0.0
Líbano,2010,3,True,,
Líbano,2010,4,True,,
Líbano,2011,1,False,0.0,0.0
Líbano,2011,2,True,,
Líbano,2011,3,True,,
Líbano,2011,4,True,,
Líbano,2012,1,False,0.0,0.0
Líbano,2012,2,False,0.0,0.0
Líbano,2012,3,False,0.0,0.0
Líbano,2012,4,True,,
Líbano,2013,1,False,0.0,0.0
Líbano,2013,2,True,,
Líbano,2013,3,True,,
Líbano,2013,4,True,,
Líbano,2014,1,False,0.0,0.0
Líbano,2014,2,True,,
Líbano,2014,3,True,,
Líbano,2014,4,True,,
Líbano,2015,1,False,0.0,0.0
Líbano,2015,2,True,,
Líbano,2015,3,True,,
Líbano,2015,4,True,,
Líbano,2016,1,False,0.0,0.0
Líbano,2016,2,False,0.0,0.0
Líbano,2016,3,False,0.0,0.0
Líbano,2016,4,False,0.0,0.0
Líbano,2017,1,False,0.0,0.0
Líbano,2017,2,True,,
Líbano,2017,3,True,,
Líbano,2017,4,True,,
Líbano,2018,1,True,,
Líbano,2018,2,False,-0.00316226,
Líbano,2018,3,False,-0.00316226,0.0
Líbano,2018,4,False,-0.00316226,0.0
Líbano,2019,1,False,0.0,0.0
Líbano,2019,2,False,0.0,0.0
Líbano,2019,3,False,0.0,0.0
Líbano,2019,4,False,0.0,0.0
Líbano,2020,1,True,,
Líbano,2020,2,True,,
Líbano,2020,3,True,,
Líbano,2020,4,False,0.10680444,
Líbano,2021,1,False,0.0,0.0
Líbano,2021,2,True,,
Líbano,2021,3,True,,
Líbano,2021,4,True,,
Líbano,2022,1,False,0.0,0.0
Líbano,2022,2,True,,
Líbano,2022,3,True,,
Líbano,2022,4,False,0.64204544,
Líbano,2023,1,True,,
Líbano,2023,2,True,,
Líbano,2023,3,False,0.49231473,
Líbano,2023,4,False,0.49231473,0.0
Líbano,2024,1,True,,
Líbano,2024,2,False,0.0641324,
Líbano,2024,3,False,0.21374857,0.14961617
Líbano,2024,4,False,0.2735493,0.059800729999999996
Líbano,2025,1,True,,
Líbano,2025,2,True,,
Líbano,2025,3,True,,
Líbano,2025,4,True,,
Malasia,2006,1,True,,
Malasia,2006,2,True,,
Malasia,2006,3,True,,
Malasia,2006,4,True,,
Malasia,2007,1,False,0.0,0.0
Malasia,2007,2,False,0.0,0.0
Malasia,2007,3,False,0.0,0.0
Malasia,2007,4,False,0.0,0.0
Malasia,2008,1,True,,
Malasia,2008,2,True,,
Malasia,2008,3,True,,
Malasia,2008,4,False,0.510184,
Malasia,2009,1,False,0.0,0.0
Malasia,2009,2,False,0.0,0.0
Malasia,2009,3,True,,
Malasia,2009,4,True,,
Malasia,2010,1,True,,
Malasia,2010,2,True,,
Malasia,2010,3,True,,
Malasia,2010,4,True,,
Malasia,2011,1,False,0.0,0.0
Malasia,2011,2,False,0.23746828,0.23746828
Malasia,2011,3,False,0.28583253,0.04836424999999997
Malasia,2011,4,False,0.28583253,0.0
Malasia,2012,1,False,0.0,0.0
Malasia,2012,2,True,,
Malasia,2012,3,True,,
Malasia,2012,4,True,,
Malasia,2013,1,True,,
Malasia,2013,2,False,0.019422,
Malasia,2013,3,False,0.040017,0.020595
Malasia,2013,4,False,0.040017,0.0
Malasia,2014,1,False,0.0,0.0
Malasia,2014,2,False,0.191696,0.191696
Malasia,2014,3,False,0.191696,0.0
Malasia,2014,4,False,-0.017268,-0.208964
Malasia,2015,1,True,,
Malasia,2015,2,False,11.879163,
Malasia,2015,3,False,7.136362,-4.742801
Malasia,2015,4,False,-13.018759,-20.155121
Malasia,2016,1,True,,
Malasia,2016,2,False,21.3374322,
Malasia,2016,3,False,48.8633632,27.525931000000003
Malasia,2016,4,False,86.77868317,37.91531996999999
Malasia,2017,1,True,,
Malasia,2017,2,True,,
Malasia,2017,3,True,,
Malasia,2017,4,False,81.0329577,
Malasia,2018,1,True,,
Malasia,2018,2,False,2.97751896,
Malasia,2018,3,False,2.98081322,0.0032942600000001043
Malasia,2018,4,False,2.98333831,0.0025250900000002297
Malasia,2019,1,True,,
Malasia,2019,2,False,10.01601944,
Malasia,2019,3,False,8.61344529,-1.4025741500000013
Malasia,2019,4,False,123.2600411,114.64659581
Malasia,2020,1,False,22.06015291,22.06015291
Malasia,2020,2,False,82.14308,60.08292709
Malasia,2020,3,False,179.6060356,97.46295560000002
Malasia,2020,4,False,209.1859154,29.579879799999986
Malasia,2021,1,True,,
Malasia,2021,2,True,,
Malasia,2021,3,True,,
Malasia,2021,4,True,,
Malasia,2022,1,False,48.72330392,48.72330392
Malasia,2022,2,False,48.72330392,0.0
Malasia,2022,3,False,48.72330392,0.0
Malasia,2022,4,False,50.65765712,1.9343532000000039
Malasia,2023,1,False,0.0,0.0
Malasia,2023,2,True,,
Malasia,2023,3,True,,
Malasia,2023,4,False,2.52127357,
Malasia,2024,1,False,0.0,0.0
Malasia,2024,2,False,0.0,0.0
Malasia,2024,3,False,0.0,0.0
Malasia,2024,4,False,0.0,0.0
Malasia,2025,1,False,0.0,0.0
Malasia,2025,2,True,,
Malasia,2025,3,True,,
Malasia,2025,4,True,,
Maldivas,2006,1,False,0.0,0.0
Maldivas,2006,2,False,0.0,0.0
Maldivas,2006,3,True,,
Maldivas,2006,4,True,,
Maldivas,2007,1,False,0.0,0.0
Maldivas,2007,2,False,0.0,0.0
Maldivas,2007,3,False,0.0,0.0
Maldivas,2007,4,False,0.0,0.0
Maldivas,2008,1,False,0.0,0.0
Maldivas,2008,2,False,0.0,0.0
Maldivas,2008,3,False,0.0,0.0
Maldivas,2008,4,False,0.0,0.0
Maldivas,2009,1,False,0.0,0.0
Maldivas,2009,2,False,0.0,0.0
Maldivas,2009,3,False,0.0,0.0
Maldivas,2009,4,False,0.0,0.0
Maldivas,2010,1,False,0.0,0.0
Maldivas,2010,2,False,0.0,0.0
Maldivas,2010,3,False,0.0,0.0
Maldivas,2010,4,False,0.0,0.0
Maldivas,2011,1,False,0.0,0.0
Maldivas,2011,2,False,0.0,0.0
Maldivas,2011,3,False,0.0,0.0
Maldivas,2011,4,False,0.0,0.0
Maldivas,2012,1,False,0.0,0.0
Maldivas,2012,2,False,0.0,0.0
Maldivas,2012,3,False,0.0,0.0
Maldivas,2012,4,False,0.0,0.0
Maldivas,2013,1,False,0.0,0.0
Maldivas,2013,2,False,0.0,0.0
Maldivas,2013,3,False,0.0,0.0
Maldivas,2013,4,False,0.0,0.0
Maldivas,2014,1,False,0.0,0.0
Maldivas,2014,2,False,0.0,0.0
Maldivas,2014,3,False,0.0,0.0
Maldivas,2014,4,False,0.0,0.0
Maldivas,2015,1,False,0.0,0.0
Maldivas,2015,2,False,0.0,0.0
Maldivas,2015,3,False,0.0,0.0
Maldivas,2015,4,False,0.0,0.0
Maldivas,2016,1,False,0.0,0.0
Maldivas,2016,2,False,0.0,0.0
Maldivas,2016,3,False,0.0,0.0
Maldivas,2016,4,False,0.0,0.0
Maldivas,2017,1,False,0.0,0.0
Maldivas,2017,2,False,0.0,0.0
Maldivas,2017,3,False,0.0,0.0
Maldivas,2017,4,False,0.0,0.0
Maldivas,2018,1,False,0.0,0.0
Maldivas,2018,2,False,0.0,0.0
Maldivas,2018,3,False,0.0,0.0
Maldivas,2018,4,False,0.0,0.0
Maldivas,2019,1,False,0.0,0.0
Maldivas,2019,2,False,0.0,0.0
Maldivas,2019,3,False,0.0,0.0
Maldivas,2019,4,False,0.0,0.0
Maldivas,2020,1,False,0.0,0.0
Maldivas,2020,2,False,0.0,0.0
Maldivas,2020,3,False,0.0,0.0
Maldivas,2020,4,False,0.0,0.0
Maldivas,2021,1,False,0.0,0.0
Maldivas,2021,2,False,0.0,0.0
Maldivas,2021,3,False,0.0,0.0
Maldivas,2021,4,False,0.0,0.0
Maldivas,2022,1,False,0.0,0.0
Maldivas,2022,2,False,0.0,0.0
Maldivas,2022,3,False,0.0,0.0
Maldivas,2022,4,False,0.0,0.0
Maldivas,2023,1,False,0.0,0.0
Maldivas,2023,2,False,0.0,0.0
Maldivas,2023,3,False,0.0,0.0
Maldivas,2023,4,False,0.0,0.0
Maldivas,2024,1,False,0.0,0.0
Maldivas,2024,2,False,0.0,0.0
Maldivas,2024,3,False,0.0,0.0
Maldivas,2024,4,False,0.0,0.0
Maldivas,2025,1,False,0.0,0.0
Maldivas,2025,2,False,0.0,0.0
Maldivas,2025,3,False,0.0,0.0
Maldivas,2025,4,False,0.0,0.0
Malta,2006,1,False,0.0,0.0
Malta,2006,2,False,0.0,0.0
Malta,2006,3,True,,
Malta,2006,4,True,,
Malta,2007,1,True,,
Malta,2007,2,True,,
Malta,2007,3,False,7.063899,
Malta,2007,4,False,9.828865,2.7649660000000003
Malta,2008,1,True,,
Malta,2008,2,False,50.622799,
Malta,2008,3,False,80.753741,30.130942000000005
Malta,2008,4,False,94.320704,13.566963000000001
Malta,2009,1,False,3.000664,3.000664
Malta,2009,2,False,6.153033,3.1523689999999998
Malta,2009,3,False,14.159501,8.006468000000002
Malta,2009,4,False,20.416601,6.257099999999999
Malta,2010,1,True,,
Malta,2010,2,True,,
Malta,2010,3,False,11.301762,
Malta,2010,4,False,11.315768,0.014006000000000185
Malta,2011,1,True,,
Malta,2011,2,True,,
Malta,2011,3,True,,
Malta,2011,4,False,51.571028,
Malta,2012,1,False,0.0,0.0
Malta,2012,2,True,,
Malta,2012,3,True,,
Malta,2012,4,True,,
Malta,2013,1,False,0.0,0.0
Malta,2013,2,True,,
Malta,2013,3,True,,
Malta,2013,4,False,0.032439,
Malta,2014,1,True,,
Malta,2014,2,True,,
Malta,2014,3,True,,
Malta,2014,4,True,,
Malta,2015,1,True,,
Malta,2015,2,True,,
Malta,2015,3,True,,
Malta,2015,4,True,,
Malta,2016,1,True,,
Malta,2016,2,True,,
Malta,2016,3,True,,
Malta,2016,4,False,18.92013723,
Malta,2017,1,False,0.0,0.0
Malta,2017,2,False,0.0,0.0
Malta,2017,3,False,0.0,0.0
Malta,2017,4,True,,
Malta,2018,1,True,,
Malta,2018,2,True,,
Malta,2018,3,True,,
Malta,2018,4,False,0.06118241,
Malta,2019,1,False,0.0,0.0
Malta,2019,2,True,,
Malta,2019,3,True,,
Malta,2019,4,False,4.11518603,
Malta,2020,1,False,0.0,0.0
Malta,2020,2,False,0.0,0.0
Malta,2020,3,True,,
Malta,2020,4,False,-50.03541214,
Malta,2021,1,False,0.0,0.0
Malta,2021,2,True,,
Malta,2021,3,True,,
Malta,2021,4,True,,
Malta,2022,1,False,0.0,0.0
Malta,2022,2,False,0.0,0.0
Malta,2022,3,True,,
Malta,2022,4,True,,
Malta,2023,1,True,,
Malta,2023,2,True,,
Malta,2023,3,False,0.3725742,
Malta,2023,4,False,0.3725742,0.0
Malta,2024,1,False,0.0,0.0
Malta,2024,2,False,0.0,0.0
Malta,2024,3,True,,
Malta,2024,4,True,,
Malta,2025,1,False,0.0,0.0
Malta,2025,2,False,1.98485575,1.98485575
Malta,2025,3,False,1.98490932,5.3570000000169316e-05
Malta,2025,4,False,2.62373175,0.63882243
Marruecos,2006,1,True,,
Marruecos,2006,2,True,,
Marruecos,2006,3,True,,
Marruecos,2006,4,True,,
Marruecos,2007,1,True,,
Marruecos,2007,2,True,,
Marruecos,2007,3,True,,
Marruecos,2007,4,True,,
Marruecos,2008,1,False,0.0,0.0
Marruecos,2008,2,False,0.0,0.0
Marruecos,2008,3,True,,
Marruecos,2008,4,True,,
Marruecos,2009,1,False,0.0,0.0
Marruecos,2009,2,False,0.0,0.0
Marruecos,2009,3,False,0.0,0.0
Marruecos,2009,4,False,0.0,0.0
Marruecos,2010,1,False,0.0,0.0
Marruecos,2010,2,False,0.0,0.0
Marruecos,2010,3,False,0.0,0.0
Marruecos,2010,4,False,0.0,0.0
Marruecos,2011,1,False,0.0,0.0
Marruecos,2011,2,False,0.0,0.0
Marruecos,2011,3,False,0.0,0.0
Marruecos,2011,4,False,0.0,0.0
Marruecos,2012,1,False,0.0,0.0
Marruecos,2012,2,False,0.0,0.0
Marruecos,2012,3,False,0.0,0.0
Marruecos,2012,4,False,0.0,0.0
Marruecos,2013,1,False,0.0,0.0
Marruecos,2013,2,False,0.0,0.0
Marruecos,2013,3,True,,
Marruecos,2013,4,True,,
Marruecos,2014,1,False,0.0,0.0
Marruecos,2014,2,False,0.0,0.0
Marruecos,2014,3,False,0.0,0.0
Marruecos,2014,4,False,0.0,0.0
Marruecos,2015,1,False,0.0,0.0
Marruecos,2015,2,False,0.0,0.0
Marruecos,2015,3,True,,
Marruecos,2015,4,True,,
Marruecos,2016,1,False,0.0,0.0
Marruecos,2016,2,True,,
Marruecos,2016,3,True,,
Marruecos,2016,4,True,,
Marruecos,2017,1,False,0.0,0.0
Marruecos,2017,2,False,0.0,0.0
Marruecos,2017,3,False,0.0,0.0
Marruecos,2017,4,False,0.0,0.0
Marruecos,2018,1,False,0.0,0.0
Marruecos,2018,2,False,0.0,0.0
Marruecos,2018,3,False,0.0,0.0
Marruecos,2018,4,False,0.0,0.0
Marruecos,2019,1,False,0.0,0.0
Marruecos,2019,2,False,0.0,0.0
Marruecos,2019,3,True,,
Marruecos,2019,4,True,,
Marruecos,2020,1,False,0.0,0.0
Marruecos,2020,2,False,0.0,0.0
Marruecos,2020,3,False,0.0,0.0
Marruecos,2020,4,False,0.0,0.0
Marruecos,2021,1,False,0.0,0.0
Marruecos,2021,2,False,0.0,0.0
Marruecos,2021,3,False,0.0,0.0
Marruecos,2021,4,False,0.0,0.0
Marruecos,2022,1,True,,
Marruecos,2022,2,True,,
Marruecos,2022,3,True,,
Marruecos,2022,4,True,,
Marruecos,2023,1,False,0.0,0.0
Marruecos,2023,2,False,0.0,0.0
Marruecos,2023,3,False,0.0,0.0
Marruecos,2023,4,False,0.0,0.0
Marruecos,2024,1,False,0.0,0.0
Marruecos,2024,2,False,0.0,0.0
Marruecos,2024,3,False,0.0,0.0
Marruecos,2024,4,False,0.0,0.0
Marruecos,2025,1,False,0.0,0.0
Marruecos,2025,2,False,0.0,0.0
Marruecos,2025,3,False,0.0,0.0
Marruecos,2025,4,False,0.0,0.0
Mauricio,2006,1,False,0.0,0.0
Mauricio,2006,2,False,0.0,0.0
Mauricio,2006,3,False,0.0,0.0
Mauricio,2006,4,False,0.0,0.0
Mauricio,2007,1,False,0.0,0.0
Mauricio,2007,2,False,0.0,0.0
Mauricio,2007,3,True,,
Mauricio,2007,4,True,,
Mauricio,2008,1,False,0.0,0.0
Mauricio,2008,2,False,0.0,0.0
Mauricio,2008,3,False,0.0,0.0
Mauricio,2008,4,False,0.0,0.0
Mauricio,2009,1,False,0.0,0.0
Mauricio,2009,2,False,0.0,0.0
Mauricio,2009,3,False,0.0,0.0
Mauricio,2009,4,False,0.0,0.0
Mauricio,2010,1,False,0.0,0.0
Mauricio,2010,2,False,0.0,0.0
Mauricio,2010,3,False,0.0,0.0
Mauricio,2010,4,True,,
Mauricio,2011,1,False,0.0,0.0
Mauricio,2011,2,False,0.0,0.0
Mauricio,2011,3,False,0.0,0.0
Mauricio,2011,4,False,0.0,0.0
Mauricio,2012,1,False,0.0,0.0
Mauricio,2012,2,False,0.0,0.0
Mauricio,2012,3,False,0.0,0.0
Mauricio,2012,4,False,0.0,0.0
Mauricio,2013,1,False,0.0,0.0
Mauricio,2013,2,True,,
Mauricio,2013,3,True,,
Mauricio,2013,4,True,,
Mauricio,2014,1,False,0.0,0.0
Mauricio,2014,2,False,0.0,0.0
Mauricio,2014,3,False,0.0,0.0
Mauricio,2014,4,False,0.0,0.0
Mauricio,2015,1,False,0.0,0.0
Mauricio,2015,2,False,0.0,0.0
Mauricio,2015,3,False,0.0,0.0
Mauricio,2015,4,False,0.0,0.0
Mauricio,2016,1,False,0.0,0.0
Mauricio,2016,2,False,0.0,0.0
Mauricio,2016,3,True,,
Mauricio,2016,4,True,,
Mauricio,2017,1,False,0.0,0.0
Mauricio,2017,2,False,0.0,0.0
Mauricio,2017,3,False,0.0,0.0
Mauricio,2017,4,False,0.0,0.0
Mauricio,2018,1,False,0.0,0.0
Mauricio,2018,2,False,0.0,0.0
Mauricio,2018,3,False,0.0,0.0
Mauricio,2018,4,False,0.0,0.0
Mauricio,2019,1,True,,
Mauricio,2019,2,True,,
Mauricio,2019,3,True,,
Mauricio,2019,4,True,,
Mauricio,2020,1,False,0.0,0.0
Mauricio,2020,2,True,,
Mauricio,2020,3,True,,
Mauricio,2020,4,True,,
Mauricio,2021,1,False,0.0,0.0
Mauricio,2021,2,True,,
Mauricio,2021,3,True,,
Mauricio,2021,4,True,,
Mauricio,2022,1,True,,
Mauricio,2022,2,True,,
Mauricio,2022,3,True,,
Mauricio,2022,4,True,,
Mauricio,2023,1,True,,
Mauricio,2023,2,True,,
Mauricio,2023,3,True,,
Mauricio,2023,4,True,,
Mauricio,2024,1,True,,
Mauricio,2024,2,True,,
Mauricio,2024,3,True,,
Mauricio,2024,4,True,,
Mauricio,2025,1,False,0.0,0.0
Mauricio,2025,2,False,0.0,0.0
Mauricio,2025,3,False,0.0,0.0
Mauricio,2025,4,False,0.0,0.0
Mauritania,2006,1,False,0.0,0.0
Mauritania,2006,2,False,0.0,0.0
Mauritania,2006,3,False,0.0,0.0
Mauritania,2006,4,False,0.0,0.0
Mauritania,2007,1,False,0.0,0.0
Mauritania,2007,2,False,0.0,0.0
Mauritania,2007,3,True,,
Mauritania,2007,4,True,,
Mauritania,2008,1,False,0.0,0.0
Mauritania,2008,2,False,0.0,0.0
Mauritania,2008,3,False,0.0,0.0
Mauritania,2008,4,False,0.0,0.0
Mauritania,2009,1,False,0.0,0.0
Mauritania,2009,2,False,0.0,0.0
Mauritania,2009,3,False,0.0,0.0
Mauritania,2009,4,False,0.0,0.0
Mauritania,2010,1,False,0.0,0.0
Mauritania,2010,2,False,0.0,0.0
Mauritania,2010,3,False,0.0,0.0
Mauritania,2010,4,False,0.0,0.0
Mauritania,2011,1,False,0.0,0.0
Mauritania,2011,2,False,0.0,0.0
Mauritania,2011,3,False,0.0,0.0
Mauritania,2011,4,False,0.0,0.0
Mauritania,2012,1,False,0.0,0.0
Mauritania,2012,2,False,0.0,0.0
Mauritania,2012,3,False,0.0,0.0
Mauritania,2012,4,False,0.0,0.0
Mauritania,2013,1,False,0.0,0.0
Mauritania,2013,2,False,0.0,0.0
Mauritania,2013,3,False,0.0,0.0
Mauritania,2013,4,False,0.0,0.0
Mauritania,2014,1,False,0.0,0.0
Mauritania,2014,2,False,0.0,0.0
Mauritania,2014,3,False,0.0,0.0
Mauritania,2014,4,False,0.0,0.0
Mauritania,2015,1,False,0.0,0.0
Mauritania,2015,2,False,0.0,0.0
Mauritania,2015,3,False,0.0,0.0
Mauritania,2015,4,False,0.0,0.0
Mauritania,2016,1,False,0.0,0.0
Mauritania,2016,2,False,0.0,0.0
Mauritania,2016,3,False,0.0,0.0
Mauritania,2016,4,False,0.0,0.0
Mauritania,2017,1,False,0.0,0.0
Mauritania,2017,2,False,0.0,0.0
Mauritania,2017,3,False,0.0,0.0
Mauritania,2017,4,False,0.0,0.0
Mauritania,2018,1,False,0.0,0.0
Mauritania,2018,2,False,0.0,0.0
Mauritania,2018,3,False,0.0,0.0
Mauritania,2018,4,False,0.0,0.0
Mauritania,2019,1,False,0.0,0.0
Mauritania,2019,2,False,0.0,0.0
Mauritania,2019,3,False,0.0,0.0
Mauritania,2019,4,False,0.0,0.0
Mauritania,2020,1,False,0.0,0.0
Mauritania,2020,2,False,0.0,0.0
Mauritania,2020,3,False,0.0,0.0
Mauritania,2020,4,False,0.0,0.0
Mauritania,2021,1,False,0.0,0.0
Mauritania,2021,2,False,0.0,0.0
Mauritania,2021,3,False,0.0,0.0
Mauritania,2021,4,False,0.0,0.0
Mauritania,2022,1,False,0.0,0.0
Mauritania,2022,2,False,0.0,0.0
Mauritania,2022,3,False,0.0,0.0
Mauritania,2022,4,False,0.0,0.0
Mauritania,2023,1,False,0.0,0.0
Mauritania,2023,2,False,0.0,0.0
Mauritania,2023,3,False,0.0,0.0
Mauritania,2023,4,False,0.0,0.0
Mauritania,2024,1,False,0.0,0.0
Mauritania,2024,2,False,0.0,0.0
Mauritania,2024,3,False,0.0,0.0
Mauritania,2024,4,False,0.0,0.0
Mauritania,2025,1,False,0.0,0.0
Mauritania,2025,2,False,0.0,0.0
Mauritania,2025,3,False,0.0,0.0
Mauritania,2025,4,False,0.0,0.0
Moldavia,2006,1,False,0.0,0.0
Moldavia,2006,2,False,0.0,0.0
Moldavia,2006,3,False,0.0,0.0
Moldavia,2006,4,False,0.0,0.0
Moldavia,2007,1,False,0.0,0.0
Moldavia,2007,2,False,0.0,0.0
Moldavia,2007,3,False,0.0,0.0
Moldavia,2007,4,False,0.0,0.0
Moldavia,2008,1,False,0.0,0.0
Moldavia,2008,2,False,0.0,0.0
Moldavia,2008,3,False,0.0,0.0
Moldavia,2008,4,False,0.0,0.0
Moldavia,2009,1,False,0.0,0.0
Moldavia,2009,2,False,0.0,0.0
Moldavia,2009,3,False,0.0,0.0
Moldavia,2009,4,False,0.0,0.0
Moldavia,2010,1,False,0.0,0.0
Moldavia,2010,2,False,0.0,0.0
Moldavia,2010,3,False,0.0,0.0
Moldavia,2010,4,False,0.0,0.0
Moldavia,2011,1,False,0.0,0.0
Moldavia,2011,2,False,0.0,0.0
Moldavia,2011,3,False,0.0,0.0
Moldavia,2011,4,False,0.0,0.0
Moldavia,2012,1,False,0.0,0.0
Moldavia,2012,2,False,0.0,0.0
Moldavia,2012,3,False,0.0,0.0
Moldavia,2012,4,False,0.0,0.0
Moldavia,2013,1,False,0.0,0.0
Moldavia,2013,2,False,0.0,0.0
Moldavia,2013,3,False,0.0,0.0
Moldavia,2013,4,False,0.0,0.0
Moldavia,2014,1,True,,
Moldavia,2014,2,True,,
Moldavia,2014,3,True,,
Moldavia,2014,4,True,,
Moldavia,2015,1,False,0.0,0.0
Moldavia,2015,2,False,0.0,0.0
Moldavia,2015,3,False,0.0,0.0
Moldavia,2015,4,False,0.0,0.0
Moldavia,2016,1,False,0.0,0.0
Moldavia,2016,2,False,0.0,0.0
Moldavia,2016,3,False,0.0,0.0
Moldavia,2016,4,False,0.0,0.0
Moldavia,2017,1,False,0.0,0.0
Moldavia,2017,2,False,0.0,0.0
Moldavia,2017,3,False,0.0,0.0
Moldavia,2017,4,False,0.0,0.0
Moldavia,2018,1,False,0.0,0.0
Moldavia,2018,2,False,0.0,0.0
Moldavia,2018,3,False,0.0,0.0
Moldavia,2018,4,False,0.0,0.0
Moldavia,2019,1,False,0.0,0.0
Moldavia,2019,2,False,0.0,0.0
Moldavia,2019,3,False,0.0,0.0
Moldavia,2019,4,False,0.0,0.0
Moldavia,2020,1,False,0.0,0.0
Moldavia,2020,2,False,0.0,0.0
Moldavia,2020,3,False,0.0,0.0
Moldavia,2020,4,False,0.0,0.0
Moldavia,2021,1,False,0.0,0.0
Moldavia,2021,2,False,0.0,0.0
Moldavia,2021,3,False,0.0,0.0
Moldavia,2021,4,False,0.0,0.0
Moldavia,2022,1,False,0.0,0.0
Moldavia,2022,2,False,0.0,0.0
Moldavia,2022,3,False,0.0,0.0
Moldavia,2022,4,True,,
Moldavia,2023,1,True,,
Moldavia,2023,2,True,,
Moldavia,2023,3,True,,
Moldavia,2023,4,True,,
Moldavia,2024,1,False,0.0,0.0
Moldavia,2024,2,False,0.0,0.0
Moldavia,2024,3,False,0.0,0.0
Moldavia,2024,4,False,0.0,0.0
Moldavia,2025,1,False,0.0,0.0
Moldavia,2025,2,False,0.0,0.0
Moldavia,2025,3,False,0.0,0.0
Moldavia,2025,4,False,0.0,0.0
"Montenegro, República de",2006,1,False,0.0,0.0
"Montenegro, República de",2006,2,False,0.0,0.0
"Montenegro, República de",2006,3,False,0.0,0.0
"Montenegro, República de",2006,4,False,0.0,0.0
"Montenegro, República de",2007,1,False,0.0,0.0
"Montenegro, República de",2007,2,False,0.0,0.0
"Montenegro, República de",2007,3,False,0.0,0.0
"Montenegro, República de",2007,4,False,0.0,0.0
"Montenegro, República de",2008,1,False,0.0,0.0
"Montenegro, República de",2008,2,False,0.0,0.0
"Montenegro, República de",2008,3,False,0.0,0.0
"Montenegro, República de",2008,4,False,0.0,0.0
"Montenegro, República de",2009,1,False,0.0,0.0
"Montenegro, República de",2009,2,False,0.0,0.0
"Montenegro, República de",2009,3,False,0.0,0.0
"Montenegro, República de",2009,4,False,0.0,0.0
"Montenegro, República de",2010,1,False,0.0,0.0
"Montenegro, República de",2010,2,False,0.0,0.0
"Montenegro, República de",2010,3,False,0.0,0.0
"Montenegro, República de",2010,4,False,0.0,0.0
"Montenegro, República de",2011,1,False,0.0,0.0
"Montenegro, República de",2011,2,False,0.0,0.0
"Montenegro, República de",2011,3,False,0.0,0.0
"Montenegro, República de",2011,4,False,0.0,0.0
"Montenegro, República de",2012,1,False,0.0,0.0
"Montenegro, República de",2012,2,False,0.0,0.0
"Montenegro, República de",2012,3,False,0.0,0.0
"Montenegro, República de",2012,4,False,0.0,0.0
"Montenegro, República de",2013,1,False,0.0,0.0
"Montenegro, República de",2013,2,False,0.0,0.0
"Montenegro, República de",2013,3,False,0.0,0.0
"Montenegro, República de",2013,4,False,0.0,0.0
"Montenegro, República de",2014,1,False,0.0,0.0
"Montenegro, República de",2014,2,False,0.0,0.0
"Montenegro, República de",2014,3,False,0.0,0.0
"Montenegro, República de",2014,4,False,0.0,0.0
"Montenegro, República de",2015,1,False,0.0,0.0
"Montenegro, República de",2015,2,False,0.0,0.0
"Montenegro, República de",2015,3,False,0.0,0.0
"Montenegro, República de",2015,4,False,0.0,0.0
"Montenegro, República de",2016,1,False,0.0,0.0
"Montenegro, República de",2016,2,False,0.0,0.0
"Montenegro, República de",2016,3,False,0.0,0.0
"Montenegro, República de",2016,4,False,0.0,0.0
"Montenegro, República de",2017,1,False,0.0,0.0
"Montenegro, República de",2017,2,False,0.0,0.0
"Montenegro, República de",2017,3,True,,
"Montenegro, República de",2017,4,True,,
"Montenegro, República de",2018,1,False,0.0,0.0
"Montenegro, República de",2018,2,False,0.0,0.0
"Montenegro, República de",2018,3,False,0.0,0.0
"Montenegro, República de",2018,4,False,0.0,0.0
"Montenegro, República de",2019,1,False,0.0,0.0
"Montenegro, República de",2019,2,False,0.0,0.0
"Montenegro, República de",2019,3,False,0.0,0.0
"Montenegro, República de",2019,4,False,0.0,0.0
"Montenegro, República de",2020,1,False,0.0,0.0
"Montenegro, República de",2020,2,False,0.0,0.0
"Montenegro, República de",2020,3,False,0.0,0.0
"Montenegro, República de",2020,4,False,0.0,0.0
"Montenegro, República de",2021,1,False,0.0,0.0
"Montenegro, República de",2021,2,False,0.0,0.0
"Montenegro, República de",2021,3,False,0.0,0.0
"Montenegro, República de",2021,4,False,0.0,0.0
"Montenegro, República de",2022,1,False,0.0,0.0
"Montenegro, República de",2022,2,False,0.0,0.0
"Montenegro, República de",2022,3,False,0.0,0.0
"Montenegro, República de",2022,4,False,0.0,0.0
"Montenegro, República de",2023,1,False,0.0,0.0
"Montenegro, República de",2023,2,False,0.0,0.0
"Montenegro, República de",2023,3,False,0.0,0.0
"Montenegro, República de",2023,4,False,0.0,0.0
"Montenegro, República de",2024,1,False,0.0,0.0
"Montenegro, República de",2024,2,False,0.0,0.0
"Montenegro, República de",2024,3,False,0.0,0.0
"Montenegro, República de",2024,4,False,0.0,0.0
"Montenegro, República de",2025,1,False,0.0,0.0
"Montenegro, República de",2025,2,False,0.0,0.0
"Montenegro, República de",2025,3,False,0.0,0.0
"Montenegro, República de",2025,4,False,0.0,0.0
Mónaco,2006,1,True,,
Mónaco,2006,2,True,,
Mónaco,2006,3,True,,
Mónaco,2006,4,True,,
Mónaco,2007,1,True,,
Mónaco,2007,2,True,,
Mónaco,2007,3,True,,
Mónaco,2007,4,True,,
Mónaco,2008,1,False,0.0,0.0
Mónaco,2008,2,False,0.0,0.0
Mónaco,2008,3,False,0.0,0.0
Mónaco,2008,4,False,0.0,0.0
Mónaco,2009,1,False,0.0,0.0
Mónaco,2009,2,False,0.0,0.0
Mónaco,2009,3,False,0.0,0.0
Mónaco,2009,4,False,0.0,0.0
Mónaco,2010,1,False,0.0,0.0
Mónaco,2010,2,False,0.0,0.0
Mónaco,2010,3,False,0.0,0.0
Mónaco,2010,4,False,0.0,0.0
Mónaco,2011,1,False,0.0,0.0
Mónaco,2011,2,False,0.0,0.0
Mónaco,2011,3,False,0.0,0.0
Mónaco,2011,4,False,0.0,0.0
Mónaco,2012,1,False,0.0,0.0
Mónaco,2012,2,False,0.0,0.0
Mónaco,2012,3,False,0.0,0.0
Mónaco,2012,4,False,0.0,0.0
Mónaco,2013,1,False,0.0,0.0
Mónaco,2013,2,False,0.0,0.0
Mónaco,2013,3,False,0.0,0.0
Mónaco,2013,4,False,0.0,0.0
Mónaco,2014,1,False,0.0,0.0
Mónaco,2014,2,True,,
Mónaco,2014,3,True,,
Mónaco,2014,4,True,,
Mónaco,2015,1,False,0.0,0.0
Mónaco,2015,2,False,0.0,0.0
Mónaco,2015,3,False,0.0,0.0
Mónaco,2015,4,False,0.0,0.0
Mónaco,2016,1,False,0.0,0.0
Mónaco,2016,2,False,0.0,0.0
Mónaco,2016,3,False,0.0,0.0
Mónaco,2016,4,False,0.0,0.0
Mónaco,2017,1,False,0.0,0.0
Mónaco,2017,2,False,0.0,0.0
Mónaco,2017,3,False,0.0,0.0
Mónaco,2017,4,False,0.0,0.0
Mónaco,2018,1,False,0.0,0.0
Mónaco,2018,2,False,0.0,0.0
Mónaco,2018,3,False,0.0,0.0
Mónaco,2018,4,False,0.0,0.0
Mónaco,2019,1,False,0.0,0.0
Mónaco,2019,2,False,0.0,0.0
Mónaco,2019,3,False,0.0,0.0
Mónaco,2019,4,False,0.0,0.0
Mónaco,2020,1,False,0.0,0.0
Mónaco,2020,2,False,0.0,0.0
Mónaco,2020,3,False,0.0,0.0
Mónaco,2020,4,False,0.0,0.0
Mónaco,2021,1,False,0.0,0.0
Mónaco,2021,2,False,0.0,0.0
Mónaco,2021,3,False,0.0,0.0
Mónaco,2021,4,True,,
Mónaco,2022,1,False,0.0,0.0
Mónaco,2022,2,False,0.0,0.0
Mónaco,2022,3,False,0.0,0.0
Mónaco,2022,4,False,0.0,0.0
Mónaco,2023,1,False,0.0,0.0
Mónaco,2023,2,False,0.0,0.0
Mónaco,2023,3,False,0.0,0.0
Mónaco,2023,4,False,0.0,0.0
Mónaco,2024,1,False,0.0,0.0
Mónaco,2024,2,False,0.0,0.0
Mónaco,2024,3,False,0.0,0.0
Mónaco,2024,4,False,0.0,0.0
Mónaco,2025,1,False,0.0,0.0
Mónaco,2025,2,True,,
Mónaco,2025,3,True,,
Mónaco,2025,4,True,,
Namibia,2006,1,False,0.0,0.0
Namibia,2006,2,False,0.0,0.0
Namibia,2006,3,False,0.0,0.0
Namibia,2006,4,False,0.0,0.0
Namibia,2007,1,False,0.0,0.0
Namibia,2007,2,False,0.0,0.0
Namibia,2007,3,False,0.0,0.0
Namibia,2007,4,False,0.0,0.0
Namibia,2008,1,False,0.0,0.0
Namibia,2008,2,False,0.0,0.0
Namibia,2008,3,False,0.0,0.0
Namibia,2008,4,False,0.0,0.0
Namibia,2009,1,False,0.0,0.0
Namibia,2009,2,False,0.0,0.0
Namibia,2009,3,False,0.0,0.0
Namibia,2009,4,False,0.0,0.0
Namibia,2010,1,False,0.0,0.0
Namibia,2010,2,False,0.0,0.0
Namibia,2010,3,False,0.0,0.0
Namibia,2010,4,False,0.0,0.0
Namibia,2011,1,False,0.0,0.0
Namibia,2011,2,False,0.0,0.0
Namibia,2011,3,False,0.0,0.0
Namibia,2011,4,False,0.0,0.0
Namibia,2012,1,False,0.0,0.0
Namibia,2012,2,False,0.0,0.0
Namibia,2012,3,False,0.0,0.0
Namibia,2012,4,False,0.0,0.0
Namibia,2013,1,False,0.0,0.0
Namibia,2013,2,False,0.0,0.0
Namibia,2013,3,False,0.0,0.0
Namibia,2013,4,False,0.0,0.0
Namibia,2014,1,False,0.0,0.0
Namibia,2014,2,False,0.0,0.0
Namibia,2014,3,False,0.0,0.0
Namibia,2014,4,False,0.0,0.0
Namibia,2015,1,False,0.0,0.0
Namibia,2015,2,False,0.0,0.0
Namibia,2015,3,False,0.0,0.0
Namibia,2015,4,False,0.0,0.0
Namibia,2016,1,False,0.0,0.0
Namibia,2016,2,False,0.0,0.0
Namibia,2016,3,False,0.0,0.0
Namibia,2016,4,False,0.0,0.0
Namibia,2017,1,False,0.0,0.0
Namibia,2017,2,False,0.0,0.0
Namibia,2017,3,False,0.0,0.0
Namibia,2017,4,False,0.0,0.0
Namibia,2018,1,False,0.0,0.0
Namibia,2018,2,True,,
Namibia,2018,3,True,,
Namibia,2018,4,True,,
Namibia,2019,1,False,0.0,0.0
Namibia,2019,2,False,0.0,0.0
Namibia,2019,3,False,0.0,0.0
Namibia,2019,4,False,0.0,0.0
Namibia,2020,1,False,0.0,0.0
Namibia,2020,2,False,0.0,0.0
Namibia,2020,3,False,0.0,0.0
Namibia,2020,4,False,0.0,0.0
Namibia,2021,1,False,0.0,0.0
Namibia,2021,2,False,0.0,0.0
Namibia,2021,3,False,0.0,0.0
Namibia,2021,4,False,0.0,0.0
Namibia,2022,1,False,0.0,0.0
Namibia,2022,2,False,0.0,0.0
Namibia,2022,3,False,0.0,0.0
Namibia,2022,4,False,0.0,0.0
Namibia,2023,1,False,0.0,0.0
Namibia,2023,2,False,0.0,0.0
Namibia,2023,3,False,0.0,0.0
Namibia,2023,4,False,0.0,0.0
Namibia,2024,1,False,0.0,0.0
Namibia,2024,2,False,0.0,0.0
Namibia,2024,3,False,0.0,0.0
Namibia,2024,4,False,0.0,0.0
Namibia,2025,1,False,0.0,0.0
Namibia,2025,2,False,0.0,0.0
Namibia,2025,3,False,0.0,0.0
Namibia,2025,4,False,0.0,0.0
"Nepal, República Federal Democrática de",2006,1,False,0.0,0.0
"Nepal, República Federal Democrática de",2006,2,False,0.0,0.0
"Nepal, República Federal Democrática de",2006,3,False,0.0,0.0
"Nepal, República Federal Democrática de",2006,4,False,0.0,0.0
"Nepal, República Federal Democrática de",2007,1,False,0.0,0.0
"Nepal, República Federal Democrática de",2007,2,False,0.0,0.0
"Nepal, República Federal Democrática de",2007,3,False,0.0,0.0
"Nepal, República Federal Democrática de",2007,4,False,0.0,0.0
"Nepal, República Federal Democrática de",2008,1,False,0.0,0.0
"Nepal, República Federal Democrática de",2008,2,False,0.0,0.0
"Nepal, República Federal Democrática de",2008,3,False,0.0,0.0
"Nepal, República Federal Democrática de",2008,4,False,0.0,0.0
"Nepal, República Federal Democrática de",2009,1,False,0.0,0.0
"Nepal, República Federal Democrática de",2009,2,False,0.0,0.0
"Nepal, República Federal Democrática de",2009,3,False,0.0,0.0
"Nepal, República Federal Democrática de",2009,4,False,0.0,0.0
"Nepal, República Federal Democrática de",2010,1,False,0.0,0.0
"Nepal, República Federal Democrática de",2010,2,False,0.0,0.0
"Nepal, República Federal Democrática de",2010,3,False,0.0,0.0
"Nepal, República Federal Democrática de",2010,4,False,0.0,0.0
"Nepal, República Federal Democrática de",2011,1,False,0.0,0.0
"Nepal, República Federal Democrática de",2011,2,False,0.0,0.0
"Nepal, República Federal Democrática de",2011,3,False,0.0,0.0
"Nepal, República Federal Democrática de",2011,4,False,0.0,0.0
"Nepal, República Federal Democrática de",2012,1,False,0.0,0.0
"Nepal, República Federal Democrática de",2012,2,False,0.0,0.0
"Nepal, República Federal Democrática de",2012,3,False,0.0,0.0
"Nepal, República Federal Democrática de",2012,4,False,0.0,0.0
"Nepal, República Federal Democrática de",2013,1,False,0.0,0.0
"Nepal, República Federal Democrática de",2013,2,False,0.0,0.0
"Nepal, República Federal Democrática de",2013,3,False,0.0,0.0
"Nepal, República Federal Democrática de",2013,4,False,0.0,0.0
"Nepal, República Federal Democrática de",2014,1,False,0.0,0.0
"Nepal, República Federal Democrática de",2014,2,False,0.0,0.0
"Nepal, República Federal Democrática de",2014,3,False,0.0,0.0
"Nepal, República Federal Democrática de",2014,4,True,,
"Nepal, República Federal Democrática de",2015,1,False,0.0,0.0
"Nepal, República Federal Democrática de",2015,2,False,0.0,0.0
"Nepal, República Federal Democrática de",2015,3,False,0.0,0.0
"Nepal, República Federal Democrática de",2015,4,False,0.0,0.0
"Nepal, República Federal Democrática de",2016,1,False,0.0,0.0
"Nepal, República Federal Democrática de",2016,2,False,0.0,0.0
"Nepal, República Federal Democrática de",2016,3,False,0.0,0.0
"Nepal, República Federal Democrática de",2016,4,False,0.0,0.0
"Nepal, República Federal Democrática de",2017,1,False,0.0,0.0
"Nepal, República Federal Democrática de",2017,2,False,0.0,0.0
"Nepal, República Federal Democrática de",2017,3,False,0.0,0.0
"Nepal, República Federal Democrática de",2017,4,True,,
"Nepal, República Federal Democrática de",2018,1,False,0.0,0.0
"Nepal, República Federal Democrática de",2018,2,False,0.0,0.0
"Nepal, República Federal Democrática de",2018,3,False,0.0,0.0
"Nepal, República Federal Democrática de",2018,4,False,0.0,0.0
"Nepal, República Federal Democrática de",2019,1,False,0.0,0.0
"Nepal, República Federal Democrática de",2019,2,False,0.0,0.0
"Nepal, República Federal Democrática de",2019,3,False,0.0,0.0
"Nepal, República Federal Democrática de",2019,4,False,0.0,0.0
"Nepal, República Federal Democrática de",2020,1,True,,
"Nepal, República Federal Democrática de",2020,2,True,,
"Nepal, República Federal Democrática de",2020,3,True,,
"Nepal, República Federal Democrática de",2020,4,True,,
"Nepal, República Federal Democrática de",2021,1,False,0.0,0.0
"Nepal, República Federal Democrática de",2021,2,False,0.0,0.0
"Nepal, República Federal Democrática de",2021,3,True,,
"Nepal, República Federal Democrática de",2021,4,True,,
"Nepal, República Federal Democrática de",2022,1,False,0.0,0.0
"Nepal, República Federal Democrática de",2022,2,False,0.0,0.0
"Nepal, República Federal Democrática de",2022,3,False,0.0,0.0
"Nepal, República Federal Democrática de",2022,4,False,0.0,0.0
"Nepal, República Federal Democrática de",2023,1,False,0.0,0.0
"Nepal, República Federal Democrática de",2023,2,False,0.0,0.0
"Nepal, República Federal Democrática de",2023,3,False,0.0,0.0
"Nepal, República Federal Democrática de",2023,4,False,0.0,0.0
"Nepal, República Federal Democrática de",2024,1,False,0.0,0.0
"Nepal, República Federal Democrática de",2024,2,False,0.0,0.0
"Nepal, República Federal Democrática de",2024,3,False,0.0,0.0
"Nepal, República Federal Democrática de",2024,4,False,0.0,0.0
"Nepal, República Federal Democrática de",2025,1,False,0.0,0.0
"Nepal, República Federal Democrática de",2025,2,False,0.0,0.0
"Nepal, República Federal Democrática de",2025,3,False,0.0,0.0
"Nepal, República Federal Democrática de",2025,4,False,0.0,0.0
Nicaragua,2006,1,True,,
Nicaragua,2006,2,False,0.032944,
Nicaragua,2006,3,False,0.039307,0.006363000000000001
Nicaragua,2006,4,False,0.078278,0.038971
Nicaragua,2007,1,True,,
Nicaragua,2007,2,False,0.218836,
Nicaragua,2007,3,False,0.219763,0.0009269999999999834
Nicaragua,2007,4,False,0.219782,1.9000000000019e-05
Nicaragua,2008,1,True,,
Nicaragua,2008,2,True,,
Nicaragua,2008,3,True,,
Nicaragua,2008,4,False,0.000542,
Nicaragua,2009,1,False,0.0,0.0
Nicaragua,2009,2,True,,
Nicaragua,2009,3,True,,
Nicaragua,2009,4,False,-0.07374411,
Nicaragua,2010,1,False,0.0,0.0
Nicaragua,2010,2,True,,
Nicaragua,2010,3,True,,
Nicaragua,2010,4,True,,
Nicaragua,2011,1,True,,
Nicaragua,2011,2,False,4.38556215,
Nicaragua,2011,3,False,4.38556215,0.0
Nicaragua,2011,4,False,4.38556215,0.0
Nicaragua,2012,1,True,,
Nicaragua,2012,2,False,8.07741691,
Nicaragua,2012,3,False,8.07741691,0.0
Nicaragua,2012,4,False,8.07768991,0.0002729999999999677
Nicaragua,2013,1,True,,
Nicaragua,2013,2,True,,
Nicaragua,2013,3,True,,
Nicaragua,2013,4,False,6.4261183,
Nicaragua,2014,1,True,,
Nicaragua,2014,2,True,,
Nicaragua,2014,3,True,,
Nicaragua,2014,4,True,,
Nicaragua,2015,1,True,,
Nicaragua,2015,2,True,,
Nicaragua,2015,3,True,,
Nicaragua,2015,4,True,,
Nicaragua,2016,1,False,0.0,0.0
Nicaragua,2016,2,False,0.0,0.0
Nicaragua,2016,3,False,0.0,0.0
Nicaragua,2016,4,False,0.0,0.0
Nicaragua,2017,1,True,,
Nicaragua,2017,2,True,,
Nicaragua,2017,3,True,,
Nicaragua,2017,4,False,3.51913856,
Nicaragua,2018,1,True,,
Nicaragua,2018,2,True,,
Nicaragua,2018,3,False,0.10173106,
Nicaragua,2018,4,False,0.10173106,0.0
Nicaragua,2019,1,True,,
Nicaragua,2019,2,False,20.65649785,
Nicaragua,2019,3,False,20.65649785,0.0
Nicaragua,2019,4,False,20.53482135,-0.12167649999999952
Nicaragua,2020,1,True,,
Nicaragua,2020,2,True,,
Nicaragua,2020,3,True,,
Nicaragua,2020,4,False,4.22553692,
Nicaragua,2021,1,True,,
Nicaragua,2021,2,True,,
Nicaragua,2021,3,True,,
Nicaragua,2021,4,False,-1.56938861,
Nicaragua,2022,1,True,,
Nicaragua,2022,2,True,,
Nicaragua,2022,3,False,-3.63727163,
Nicaragua,2022,4,False,-3.63727163,0.0
Nicaragua,2023,1,False,0.0,0.0
Nicaragua,2023,2,False,0.0,0.0
Nicaragua,2023,3,True,,
Nicaragua,2023,4,True,,
Nicaragua,2024,1,True,,
Nicaragua,2024,2,False,1.35369008,
Nicaragua,2024,3,False,1.49985229,0.14616220999999996
Nicaragua,2024,4,False,1.49985229,0.0
Nicaragua,2025,1,True,,
Nicaragua,2025,2,False,0.77040997,
Nicaragua,2025,3,False,0.90683475,0.13642478000000002
Nicaragua,2025,4,False,1.74745752,0.84062277
Nigeria,2006,1,False,0.0,0.0
Nigeria,2006,2,False,0.0,0.0
Nigeria,2006,3,True,,
Nigeria,2006,4,True,,
Nigeria,2007,1,False,0.0,0.0
Nigeria,2007,2,False,0.0,0.0
Nigeria,2007,3,False,0.0,0.0
Nigeria,2007,4,False,0.0,0.0
Nigeria,2008,1,False,0.0,0.0
Nigeria,2008,2,True,,
Nigeria,2008,3,True,,
Nigeria,2008,4,True,,
Nigeria,2009,1,True,,
Nigeria,2009,2,True,,
Nigeria,2009,3,True,,
Nigeria,2009,4,True,,
Nigeria,2010,1,True,,
Nigeria,2010,2,True,,
Nigeria,2010,3,True,,
Nigeria,2010,4,False,0.009113,
Nigeria,2011,1,False,0.0,0.0
Nigeria,2011,2,True,,
Nigeria,2011,3,False,0.016954,
Nigeria,2011,4,False,0.016954,0.0
Nigeria,2012,1,False,0.0,0.0
Nigeria,2012,2,True,,
Nigeria,2012,3,False,0.186891,
Nigeria,2012,4,False,0.186891,0.0
Nigeria,2013,1,False,0.0,0.0
Nigeria,2013,2,True,,
Nigeria,2013,3,True,,
Nigeria,2013,4,True,,
Nigeria,2014,1,False,0.0,0.0
Nigeria,2014,2,False,0.0,0.0
Nigeria,2014,3,False,0.0,0.0
Nigeria,2014,4,False,0.0,0.0
Nigeria,2015,1,False,0.0,0.0
Nigeria,2015,2,True,,
Nigeria,2015,3,True,,
Nigeria,2015,4,True,,
Nigeria,2016,1,False,0.0,0.0
Nigeria,2016,2,False,0.0,0.0
Nigeria,2016,3,False,0.0,0.0
Nigeria,2016,4,False,0.0,0.0
Nigeria,2017,1,False,0.0,0.0
Nigeria,2017,2,False,0.0,0.0
Nigeria,2017,3,False,0.0,0.0
Nigeria,2017,4,False,0.0,0.0
Nigeria,2018,1,False,0.0,0.0
Nigeria,2018,2,True,,
Nigeria,2018,3,True,,
Nigeria,2018,4,True,,
Nigeria,2019,1,False,0.0,0.0
Nigeria,2019,2,False,0.0,0.0
Nigeria,2019,3,False,0.0,0.0
Nigeria,2019,4,False,0.0,0.0
Nigeria,2020,1,False,0.0,0.0
Nigeria,2020,2,False,0.0,0.0
Nigeria,2020,3,False,0.0,0.0
Nigeria,2020,4,True,,
Nigeria,2021,1,False,0.0,0.0
Nigeria,2021,2,False,0.0,0.0
Nigeria,2021,3,False,0.0,0.0
Nigeria,2021,4,False,0.0,0.0
Nigeria,2022,1,False,0.0,0.0
Nigeria,2022,2,True,,
Nigeria,2022,3,True,,
Nigeria,2022,4,False,0.75325211,
Nigeria,2023,1,True,,
Nigeria,2023,2,False,0.9290215,
Nigeria,2023,3,False,1.14750944,0.21848794000000016
Nigeria,2023,4,False,1.14750944,0.0
Nigeria,2024,1,False,0.0,0.0
Nigeria,2024,2,False,0.0,0.0
Nigeria,2024,3,False,0.0,0.0
Nigeria,2024,4,False,0.0,0.0
Nigeria,2025,1,False,0.0,0.0
Nigeria,2025,2,True,,
Nigeria,2025,3,False,1.09605005,
Nigeria,2025,4,False,1.18955875,0.09350869999999989
Noruega,2006,1,False,-7.276905,-7.276905
Noruega,2006,2,False,2.555413,9.832318
Noruega,2006,3,False,3.167548,0.6121349999999999
Noruega,2006,4,False,8.431681,5.264132999999999
Noruega,2007,1,False,4.383698,4.383698
Noruega,2007,2,False,8.837513,4.453815
Noruega,2007,3,False,8.312268,-0.525245
Noruega,2007,4,False,33.695893,25.383625
Noruega,2008,1,False,-7.398564,-7.398564
Noruega,2008,2,False,-5.791056,1.6075080000000002
Noruega,2008,3,False,-11.68534,-5.894284
Noruega,2008,4,False,-6.116603,5.5687370000000005
Noruega,2009,1,False,42.838739,42.838739
Noruega,2009,2,False,42.73437,-0.10436899999999838
Noruega,2009,3,False,96.582562,53.848192
Noruega,2009,4,False,115.478759,18.896197
Noruega,2010,1,False,15.239156,15.239156
Noruega,2010,2,False,10.742415,-4.496741
Noruega,2010,3,False,12.929014,2.186599000000001
Noruega,2010,4,False,8.951329,-3.977685000000001
Noruega,2011,1,False,36.527668,36.527668
Noruega,2011,2,False,95.607741,59.080073000000006
Noruega,2011,3,False,162.999636,67.391895
Noruega,2011,4,False,236.65983,73.66019399999999
Noruega,2012,1,False,67.15203902,67.15203902
Noruega,2012,2,False,78.40955502,11.257515999999995
Noruega,2012,3,False,62.24653502,-16.163019999999996
Noruega,2012,4,False,63.90168402,1.6551489999999944
Noruega,2013,1,False,22.47603,22.47603
Noruega,2013,2,False,22.262327,-0.21370300000000242
Noruega,2013,3,False,23.16032,0.8979929999999996
Noruega,2013,4,False,12.325528,-10.834791999999998
Noruega,2014,1,True,,
Noruega,2014,2,False,3.46812824,
Noruega,2014,3,False,2.65770062,-0.81042762
Noruega,2014,4,False,30.25017962,27.592479
Noruega,2015,1,False,5.099408,5.099408
Noruega,2015,2,False,8.820857,3.721449
Noruega,2015,3,False,14.5965809,5.775723899999999
Noruega,2015,4,False,85.49996421,70.90338331000001
Noruega,2016,1,False,5.24675312,5.24675312
Noruega,2016,2,False,-5.4514128,-10.698165920000001
Noruega,2016,3,False,10.77920778,16.23062058
Noruega,2016,4,False,21.74200213,10.96279435
Noruega,2017,1,False,3.39677747,3.39677747
Noruega,2017,2,False,11.93251823,8.53574076
Noruega,2017,3,False,43.3826094,31.45009117
Noruega,2017,4,False,45.99292316,2.610313759999997
Noruega,2018,1,False,-0.91573175,-0.91573175
Noruega,2018,2,False,37.66654137,38.582273119999996
Noruega,2018,3,False,29.80369316,-7.862848209999996
Noruega,2018,4,False,57.83616107,28.03246791
Noruega,2019,1,False,8.07402115,8.07402115
Noruega,2019,2,False,6.27568318,-1.7983379700000004
Noruega,2019,3,False,28.55321814,22.277534959999997
Noruega,2019,4,False,14.50904882,-14.044169319999998
Noruega,2020,1,False,1.38709295,1.38709295
Noruega,2020,2,False,6.84061728,5.4535243300000005
Noruega,2020,3,False,4.55776411,-2.28285317
Noruega,2020,4,False,9.89882947,5.341065360000001
Noruega,2021,1,True,,
Noruega,2021,2,False,-2.68470502,
Noruega,2021,3,False,-11.55690309,-8.87219807
Noruega,2021,4,False,-12.79854905,-1.2416459599999996
Noruega,2022,1,True,,
Noruega,2022,2,False,116.8127676,
Noruega,2022,3,False,115.1441133,-1.6686543
Noruega,2022,4,False,129.3741232,14.230009900000013
Noruega,2023,1,True,,
Noruega,2023,2,False,-11.99944184,
Noruega,2023,3,False,17.37120213,29.37064397
Noruega,2023,4,False,14.82512448,-2.546077650000001
Noruega,2024,1,False,51.19266405,51.19266405
Noruega,2024,2,False,70.72602718,19.533363130000005
Noruega,2024,3,False,98.47406663,27.748039449999993
Noruega,2024,4,False,117.3809195,18.90685287000001
Noruega,2025,1,False,0.24706115,0.24706115
Noruega,2025,2,False,9.60177773,9.35471658
Noruega,2025,3,False,11.87662653,2.274848799999999
Noruega,2025,4,False,12.6096825,0.7330559700000006
Nueva Zelandia,2006,1,False,0.426088,0.426088
Nueva Zelandia,2006,2,False,0.70106007,0.27497207
Nueva Zelandia,2006,3,False,0.77035507,0.069295
Nueva Zelandia,2006,4,False,0.89105307,0.12069799999999997
Nueva Zelandia,2007,1,False,0.178108,0.178108
Nueva Zelandia,2007,2,False,0.644776,0.466668
Nueva Zelandia,2007,3,False,0.718497,0.07372100000000004
Nueva Zelandia,2007,4,False,1.173435,0.45493799999999995
Nueva Zelandia,2008,1,False,-1.009901,-1.009901
Nueva Zelandia,2008,2,False,-0.320397,0.6895039999999999
Nueva Zelandia,2008,3,False,13.715271,14.035668
Nueva Zelandia,2008,4,False,29.591689,15.876418
Nueva Zelandia,2009,1,False,2.280429,2.280429
Nueva Zelandia,2009,2,False,2.263606,-0.016823000000000032
Nueva Zelandia,2009,3,False,-5.476454,-7.74006
Nueva Zelandia,2009,4,False,-8.670262,-3.193807999999999
Nueva Zelandia,2010,1,True,,
Nueva Zelandia,2010,2,False,9.101221,
Nueva Zelandia,2010,3,False,8.548322,-0.552899
Nueva Zelandia,2010,4,False,31.115141,22.566819000000002
Nueva Zelandia,2011,1,False,1.91778185,1.91778185
Nueva Zelandia,2011,2,False,3.06933185,1.1515500000000003
Nueva Zelandia,2011,3,False,3.07914085,0.009808999999999735
Nueva Zelandia,2011,4,False,42.79737885,39.718238
Nueva Zelandia,2012,1,False,-38.05572,-38.05572
Nueva Zelandia,2012,2,False,-37.253278,0.8024419999999992
Nueva Zelandia,2012,3,False,-37.16851,0.08476800000000395
Nueva Zelandia,2012,4,False,-36.875669,0.2928409999999957
Nueva Zelandia,2013,1,True,,
Nueva Zelandia,2013,2,False,-1.48206804,
Nueva Zelandia,2013,3,False,-1.43459204,0.04747599999999985
Nueva Zelandia,2013,4,False,-4.63141204,-3.1968199999999998
Nueva Zelandia,2014,1,True,,
Nueva Zelandia,2014,2,False,5.417281,
Nueva Zelandia,2014,3,False,0.481059,-4.936222
Nueva Zelandia,2014,4,False,1.684283,1.203224
Nueva Zelandia,2015,1,False,0.0,0.0
Nueva Zelandia,2015,2,True,,
Nueva Zelandia,2015,3,False,4.02093117,
Nueva Zelandia,2015,4,False,4.30595801,0.28502684000000045
Nueva Zelandia,2016,1,False,0.0,0.0
Nueva Zelandia,2016,2,True,,
Nueva Zelandia,2016,3,True,,
Nueva Zelandia,2016,4,False,1.14537105,
Nueva Zelandia,2017,1,False,0.0,0.0
Nueva Zelandia,2017,2,False,0.0,0.0
Nueva Zelandia,2017,3,False,-6.98283903,-6.98283903
Nueva Zelandia,2017,4,False,-6.98178294,0.001056089999999621
Nueva Zelandia,2018,1,False,4.01388153,4.01388153
Nueva Zelandia,2018,2,False,4.23841445,0.2245329199999997
Nueva Zelandia,2018,3,False,4.23841445,0.0
Nueva Zelandia,2018,4,False,4.23841445,0.0
Nueva Zelandia,2019,1,True,,
Nueva Zelandia,2019,2,True,,
Nueva Zelandia,2019,3,False,3.44668732,
Nueva Zelandia,2019,4,False,3.67744709,0.2307597699999997
Nueva Zelandia,2020,1,False,11.30375302,11.30375302
Nueva Zelandia,2020,2,False,13.32321261,2.0194595900000003
Nueva Zelandia,2020,3,False,13.32545029,0.0022376799999985764
Nueva Zelandia,2020,4,False,10.86749517,-2.4579551199999994
Nueva Zelandia,2021,1,True,,
Nueva Zelandia,2021,2,False,18.68944848,
Nueva Zelandia,2021,3,False,18.78582274,0.09637426000000104
Nueva Zelandia,2021,4,False,22.86963854,4.0838158
Nueva Zelandia,2022,1,True,,
Nueva Zelandia,2022,2,False,6.06873987,
Nueva Zelandia,2022,3,False,11.20749151,5.138751640000001
Nueva Zelandia,2022,4,False,11.70740288,0.4999113699999995
Nueva Zelandia,2023,1,True,,
Nueva Zelandia,2023,2,False,0.66747715,
Nueva Zelandia,2023,3,False,1.41214803,0.74467088
Nueva Zelandia,2023,4,False,2.1025441,0.6903960699999998
Nueva Zelandia,2024,1,False,4.37722929,4.37722929
Nueva Zelandia,2024,2,False,4.37722929,0.0
Nueva Zelandia,2024,3,False,4.77744965,0.4002203600000005
Nueva Zelandia,2024,4,False,5.86736899,1.0899193399999998
Nueva Zelandia,2025,1,True,,
Nueva Zelandia,2025,2,True,,
Nueva Zelandia,2025,3,False,1.5961162,
Nueva Zelandia,2025,4,False,2.44605648,0.8499402800000002
Omán,2006,1,False,0.0,0.0
Omán,2006,2,False,0.0,0.0
Omán,2006,3,False,0.0,0.0
Omán,2006,4,False,0.0,0.0
Omán,2007,1,False,0.0,0.0
Omán,2007,2,False,0.0,0.0
Omán,2007,3,False,0.0,0.0
Omán,2007,4,False,0.0,0.0
Omán,2008,1,False,0.0,0.0
Omán,2008,2,False,0.0,0.0
Omán,2008,3,False,0.0,0.0
Omán,2008,4,False,0.0,0.0
Omán,2009,1,False,0.0,0.0
Omán,2009,2,False,0.0,0.0
Omán,2009,3,False,0.0,0.0
Omán,2009,4,False,0.0,0.0
Omán,2010,1,False,0.0,0.0
Omán,2010,2,False,0.0,0.0
Omán,2010,3,False,0.0,0.0
Omán,2010,4,True,,
Omán,2011,1,False,0.0,0.0
Omán,2011,2,False,0.0,0.0
Omán,2011,3,False,0.0,0.0
Omán,2011,4,False,0.0,0.0
Omán,2012,1,False,0.0,0.0
Omán,2012,2,False,0.0,0.0
Omán,2012,3,False,0.0,0.0
Omán,2012,4,False,0.0,0.0
Omán,2013,1,False,0.0,0.0
Omán,2013,2,False,0.0,0.0
Omán,2013,3,False,0.0,0.0
Omán,2013,4,False,0.0,0.0
Omán,2014,1,False,0.0,0.0
Omán,2014,2,False,0.0,0.0
Omán,2014,3,False,0.0,0.0
Omán,2014,4,False,0.0,0.0
Omán,2015,1,False,0.0,0.0
Omán,2015,2,False,0.0,0.0
Omán,2015,3,False,0.0,0.0
Omán,2015,4,False,0.0,0.0
Omán,2016,1,False,0.0,0.0
Omán,2016,2,False,0.0,0.0
Omán,2016,3,False,0.0,0.0
Omán,2016,4,False,0.0,0.0
Omán,2017,1,False,0.0,0.0
Omán,2017,2,False,0.0,0.0
Omán,2017,3,False,0.0,0.0
Omán,2017,4,False,0.0,0.0
Omán,2018,1,False,0.0,0.0
Omán,2018,2,False,0.0,0.0
Omán,2018,3,False,0.0,0.0
Omán,2018,4,False,0.0,0.0
Omán,2019,1,False,0.0,0.0
Omán,2019,2,False,0.0,0.0
Omán,2019,3,False,0.0,0.0
Omán,2019,4,False,0.0,0.0
Omán,2020,1,False,0.0,0.0
Omán,2020,2,False,0.0,0.0
Omán,2020,3,False,0.0,0.0
Omán,2020,4,False,0.0,0.0
Omán,2021,1,False,0.0,0.0
Omán,2021,2,False,0.0,0.0
Omán,2021,3,False,0.0,0.0
Omán,2021,4,False,0.0,0.0
Omán,2022,1,False,0.0,0.0
Omán,2022,2,False,0.0,0.0
Omán,2022,3,False,0.0,0.0
Omán,2022,4,False,0.0,0.0
Omán,2023,1,False,0.0,0.0
Omán,2023,2,False,0.0,0.0
Omán,2023,3,False,0.0,0.0
Omán,2023,4,False,0.0,0.0
Omán,2024,1,False,0.0,0.0
Omán,2024,2,False,0.0,0.0
Omán,2024,3,False,0.0,0.0
Omán,2024,4,False,0.0,0.0
Omán,2025,1,False,0.0,0.0
Omán,2025,2,False,0.0,0.0
Omán,2025,3,False,0.0,0.0
Omán,2025,4,False,0.0,0.0
Otro origen,2006,1,False,103.768114,103.768114
Otro origen,2006,2,False,114.268855,10.500741000000005
Otro origen,2006,3,False,120.092177,5.8233220000000046
Otro origen,2006,4,False,143.797515,23.705337999999998
Otro origen,2007,1,False,709.775752,709.775752
Otro origen,2007,2,False,754.381743,44.60599100000002
Otro origen,2007,3,False,775.585044,21.20330100000001
Otro origen,2007,4,False,871.537789,95.95274499999994
Otro origen,2008,1,False,51.317708,51.317708
Otro origen,2008,2,False,237.603682,186.28597399999998
Otro origen,2008,3,False,416.304536,178.700854
Otro origen,2008,4,False,2919.921948,2503.617412
Otro origen,2009,1,False,-16.073584,-16.073584
Otro origen,2009,2,False,445.102382,461.17596599999996
Otro origen,2009,3,False,508.040348,62.93796600000002
Otro origen,2009,4,False,498.35147,-9.688877999999988
Otro origen,2010,1,False,224.934596,224.934596
Otro origen,2010,2,False,354.011458,129.076862
Otro origen,2010,3,False,398.453989,44.442530999999974
Otro origen,2010,4,False,706.9964715,308.5424825
Otro origen,2011,1,False,789.9838255,789.9838255
Otro origen,2011,2,False,750.9554346,-39.02839089999998
Otro origen,2011,3,False,775.275341,24.319906400000036
Otro origen,2011,4,False,839.1186241,63.84328310000001
Otro origen,2012,1,False,1527.109297,1527.109297
Otro origen,2012,2,False,1661.54405,134.434753
Otro origen,2012,3,False,1790.274905,128.73085500000002
Otro origen,2012,4,False,2494.173004,703.8980990000002
Otro origen,2013,1,False,1652.215522,1652.215522
Otro origen,2013,2,False,519.710132,-1132.5053899999998
Otro origen,2013,3,False,-160.957238,-680.66737
Otro origen,2013,4,False,83.0294617,243.98669969999997
Otro origen,2014,1,False,1147.312885,1147.312885
Otro origen,2014,2,False,1645.481529,498.16864399999986
Otro origen,2014,3,False,1698.353606,52.87207699999999
Otro origen,2014,4,False,1699.272147,0.9185410000000047
Otro origen,2015,1,False,341.4452003,341.4452003
Otro origen,2015,2,False,406.3768423,64.93164200000001
Otro origen,2015,3,False,412.8841198,6.5072774999999865
Otro origen,2015,4,False,445.6020325,32.7179127
Otro origen,2016,1,False,199.904107,199.904107
Otro origen,2016,2,False,544.8297625,344.9256555
Otro origen,2016,3,False,578.5765113,33.74674879999998
Otro origen,2016,4,False,890.3284468,311.75193550000006
Otro origen,2017,1,False,717.2295583,717.2295583
Otro origen,2017,2,False,928.2586012,211.02904290000004
Otro origen,2017,3,False,844.3753228,-83.8832784
Otro origen,2017,4,False,512.4422345,-331.9330883
Otro origen,2018,1,False,918.6359276,918.6359276
Otro origen,2018,2,False,868.2837409,-50.35218669999995
Otro origen,2018,3,False,532.3539007,-335.92984019999994
Otro origen,2018,4,False,382.4031494,-149.95075130000004
Otro origen,2019,1,False,98.16590104,98.16590104
Otro origen,2019,2,False,143.6794951,45.51359406
Otro origen,2019,3,False,160.0248299,16.34533479999999
Otro origen,2019,4,False,209.8697443,49.84491440000002
Otro origen,2020,1,False,140.7386911,140.7386911
Otro origen,2020,2,False,154.6811559,13.942464799999982
Otro origen,2020,3,False,250.3522842,95.67112830000002
Otro origen,2020,4,False,633.7790416,383.42675740000004
Otro origen,2021,1,False,1252.957161,1252.957161
Otro origen,2021,2,False,1191.863676,-61.0934850000001
Otro origen,2021,3,False,1511.856527,319.992851
Otro origen,2021,4,False,1628.080284,116.22375699999998
Otro origen,2022,1,False,354.4715383,354.4715383
Otro origen,2022,2,False,306.738284,-47.7332543
Otro origen,2022,3,False,315.6899484,8.95166439999997
Otro origen,2022,4,False,453.2723527,137.5824043
Otro origen,2023,1,False,90.40863974,90.40863974
Otro origen,2023,2,False,2062.255921,1971.84728126
Otro origen,2023,3,False,1760.357825,-301.8980959999999
Otro origen,2023,4,False,1639.39371,-120.96411499999999
Otro origen,2024,1,False,2260.097389,2260.097389
Otro origen,2024,2,False,2267.524713,7.427323999999771
Otro origen,2024,3,False,1330.503749,-937.0209639999998
Otro origen,2024,4,False,373.0269305,-957.4768185
Otro origen,2025,1,False,1966.526979,1966.526979
Otro origen,2025,2,False,2151.502173,184.97519399999987
Otro origen,2025,3,False,2895.582811,744.0806380000004
Otro origen,2025,4,False,1875.214992,-1020.3678190000003
Pakistán,2006,1,True,,
Pakistán,2006,2,False,1.42781,
Pakistán,2006,3,False,1.442733,0.01492300000000002
Pakistán,2006,4,False,1.446045,0.0033119999999999816
Pakistán,2007,1,False,0.0,0.0
Pakistán,2007,2,False,0.0,0.0
Pakistán,2007,3,False,0.0,0.0
Pakistán,2007,4,True,,
Pakistán,2008,1,True,,
Pakistán,2008,2,False,0.022734,
Pakistán,2008,3,False,0.022734,0.0
Pakistán,2008,4,False,0.022734,0.0
Pakistán,2009,1,True,,
Pakistán,2009,2,True,,
Pakistán,2009,3,True,,
Pakistán,2009,4,True,,
Pakistán,2010,1,False,0.092919,0.092919
Pakistán,2010,2,False,0.094819,0.001899999999999999
Pakistán,2010,3,False,0.239848,0.14502900000000002
Pakistán,2010,4,False,0.256048,0.016199999999999992
Pakistán,2011,1,True,,
Pakistán,2011,2,True,,
Pakistán,2011,3,False,0.031743,
Pakistán,2011,4,False,0.044557,0.012813999999999999
Pakistán,2012,1,True,,
Pakistán,2012,2,True,,
Pakistán,2012,3,True,,
Pakistán,2012,4,True,,
Pakistán,2013,1,True,,
Pakistán,2013,2,True,,
Pakistán,2013,3,True,,
Pakistán,2013,4,True,,
Pakistán,2014,1,True,,
Pakistán,2014,2,True,,
Pakistán,2014,3,True,,
Pakistán,2014,4,True,,
Pakistán,2015,1,True,,
Pakistán,2015,2,True,,
Pakistán,2015,3,True,,
Pakistán,2015,4,True,,
Pakistán,2016,1,True,,
Pakistán,2016,2,True,,
Pakistán,2016,3,True,,
Pakistán,2016,4,True,,
Pakistán,2017,1,False,0.0,0.0
Pakistán,2017,2,False,0.0,0.0
Pakistán,2017,3,False,0.0,0.0
Pakistán,2017,4,False,0.0,0.0
Pakistán,2018,1,True,,
Pakistán,2018,2,True,,
Pakistán,2018,3,True,,
Pakistán,2018,4,True,,
Pakistán,2019,1,False,0.0,0.0
Pakistán,2019,2,False,0.0,0.0
Pakistán,2019,3,False,0.0,0.0
Pakistán,2019,4,False,0.0,0.0
Pakistán,2020,1,False,0.0,0.0
Pakistán,2020,2,False,0.0,0.0
Pakistán,2020,3,False,0.0,0.0
Pakistán,2020,4,False,0.0,0.0
Pakistán,2021,1,True,,
Pakistán,2021,2,True,,
Pakistán,2021,3,True,,
Pakistán,2021,4,True,,
Pakistán,2022,1,True,,
Pakistán,2022,2,True,,
Pakistán,2022,3,True,,
Pakistán,2022,4,True,,
Pakistán,2023,1,False,0.0,0.0
Pakistán,2023,2,False,0.0,0.0
Pakistán,2023,3,True,,
Pakistán,2023,4,False,0.23416145,
Pakistán,2024,1,False,0.0,0.0
Pakistán,2024,2,False,0.0,0.0
Pakistán,2024,3,False,0.0,0.0
Pakistán,2024,4,False,0.0,0.0
Pakistán,2025,1,True,,
Pakistán,2025,2,True,,
Pakistán,2025,3,True,,
Pakistán,2025,4,True,,
Panamá,2006,1,False,29.238275,29.238275
Panamá,2006,2,False,18.065783,-11.172492000000002
Panamá,2006,3,False,14.541444,-3.5243389999999994
Panamá,2006,4,False,21.959959,7.418515000000001
Panamá,2007,1,False,105.239845,105.239845
Panamá,2007,2,False,183.610544,78.370699
Panamá,2007,3,False,183.64458,0.03403599999998619
Panamá,2007,4,False,177.525579,-6.119000999999997
Panamá,2008,1,False,0.57763471,0.57763471
Panamá,2008,2,False,3.80564271,3.228008
Panamá,2008,3,False,10.46897471,6.663332
Panamá,2008,4,False,42.26849171,31.799517
Panamá,2009,1,False,5.98857046,5.98857046
Panamá,2009,2,False,7.66481346,1.6762430000000004
Panamá,2009,3,False,8.36209446,0.6972809999999994
Panamá,2009,4,False,17.53678359,9.174689129999999
Panamá,2010,1,False,1.663459,1.663459
Panamá,2010,2,False,2.34437161,0.68091261
Panamá,2010,3,False,11.17422761,8.829856000000001
Panamá,2010,4,False,19.42649623,8.25226862
Panamá,2011,1,False,21.13976914,21.13976914
Panamá,2011,2,False,83.30308206,62.163312919999996
Panamá,2011,3,False,82.64755706,-0.6555249999999972
Panamá,2011,4,False,84.84340751,2.195850450000009
Panamá,2012,1,False,19.649763,19.649763
Panamá,2012,2,False,22.727535,3.0777719999999995
Panamá,2012,3,False,56.47834634,33.75081134
Panamá,2012,4,False,82.47188104,25.993534699999998
Panamá,2013,1,False,0.243261,0.243261
Panamá,2013,2,False,12.367812,12.124551
Panamá,2013,3,False,8.46567559,-3.9021364100000007
Panamá,2013,4,False,27.05137959,18.585704
Panamá,2014,1,False,31.754176,31.754176
Panamá,2014,2,False,58.2047357,26.4505597
Panamá,2014,3,False,73.89057862,15.685842919999999
Panamá,2014,4,False,130.7780136,56.88743498000001
Panamá,2015,1,False,2.37810964,2.37810964
Panamá,2015,2,False,9.67929364,7.301183999999999
Panamá,2015,3,False,11.36920471,1.6899110700000008
Panamá,2015,4,False,6.556551,-4.81265371
Panamá,2016,1,False,0.24561288,0.24561288
Panamá,2016,2,False,-2.31169177,-2.55730465
Panamá,2016,3,False,-3.97917601,-1.6674842400000003
Panamá,2016,4,False,-3.89844662,0.08072939000000012
Panamá,2017,1,False,-3.06630517,-3.06630517
Panamá,2017,2,False,-3.4161332,-0.34982802999999985
Panamá,2017,3,False,-2.43594742,0.9801857799999998
Panamá,2017,4,False,13.83091229,16.266859710000002
Panamá,2018,1,False,59.23078642,59.23078642
Panamá,2018,2,False,55.11943926,-4.111347160000001
Panamá,2018,3,False,59.06094786,3.941508599999999
Panamá,2018,4,False,83.86123638,24.800288519999995
Panamá,2019,1,False,1.70848254,1.70848254
Panamá,2019,2,False,22.51037592,20.801893380000003
Panamá,2019,3,False,40.1079183,17.59754238
Panamá,2019,4,False,34.92757608,-5.18034222
Panamá,2020,1,False,21.73597148,21.73597148
Panamá,2020,2,False,42.46580857,20.72983709
Panamá,2020,3,False,52.69194242,10.226133849999997
Panamá,2020,4,False,43.18259721,-9.50934521
Panamá,2021,1,True,,
Panamá,2021,2,False,9.52683956,
Panamá,2021,3,False,9.53480383,0.007964269999998663
Panamá,2021,4,False,20.87615206,11.34134823
Panamá,2022,1,False,2.35798222,2.35798222
Panamá,2022,2,False,17.53199345,15.174011230000001
Panamá,2022,3,False,82.38923225,64.8572388
Panamá,2022,4,False,87.62051239,5.2312801399999955
Panamá,2023,1,False,-4.59667318,-4.59667318
Panamá,2023,2,False,-4.69280899,-0.09613580999999982
Panamá,2023,3,False,33.58616423,38.27897322
Panamá,2023,4,False,39.42021872,5.83405449
Panamá,2024,1,False,26.65612643,26.65612643
Panamá,2024,2,False,37.78558691,11.129460479999999
Panamá,2024,3,False,39.44597167,1.6603847599999995
Panamá,2024,4,False,49.04329619,9.59732452
Panamá,2025,1,False,-26.19424434,-26.19424434
Panamá,2025,2,False,-10.5356116,15.658632740000002
Panamá,2025,3,False,3.11295674,13.648568339999999
Panamá,2025,4,False,7.60849449,4.49553775
Paraguay,2006,1,True,,
Paraguay,2006,2,True,,
Paraguay,2006,3,True,,
Paraguay,2006,4,False,-0.00266,
Paraguay,2007,1,True,,
Paraguay,2007,2,True,,
Paraguay,2007,3,False,0.013817,
Paraguay,2007,4,False,0.013817,0.0
Paraguay,2008,1,True,,
Paraguay,2008,2,False,0.102379,
Paraguay,2008,3,False,0.121923,0.019544000000000006
Paraguay,2008,4,False,0.088213,-0.033710000000000004
Paraguay,2009,1,True,,
Paraguay,2009,2,False,0.547216,
Paraguay,2009,3,False,0.501691,-0.04552500000000004
Paraguay,2009,4,False,0.501691,0.0
Paraguay,2010,1,True,,
Paraguay,2010,2,True,,
Paraguay,2010,3,False,0.018597,
Paraguay,2010,4,False,0.018597,0.0
Paraguay,2011,1,True,,
Paraguay,2011,2,True,,
Paraguay,2011,3,False,0.262429,
Paraguay,2011,4,False,0.262429,0.0
Paraguay,2012,1,True,,
Paraguay,2012,2,False,-0.014617,
Paraguay,2012,3,False,-0.091512,-0.07689499999999999
Paraguay,2012,4,False,0.090415,0.181927
Paraguay,2013,1,False,0.0,0.0
Paraguay,2013,2,False,0.0,0.0
Paraguay,2013,3,False,0.0,0.0
Paraguay,2013,4,False,0.0,0.0
Paraguay,2014,1,False,0.0,0.0
Paraguay,2014,2,False,0.0,0.0
Paraguay,2014,3,False,0.0,0.0
Paraguay,2014,4,False,0.0,0.0
Paraguay,2015,1,True,,
Paraguay,2015,2,False,0.02468,
Paraguay,2015,3,False,0.02468,0.0
Paraguay,2015,4,False,0.02468,0.0
Paraguay,2016,1,False,0.0,0.0
Paraguay,2016,2,True,,
Paraguay,2016,3,True,,
Paraguay,2016,4,True,,
Paraguay,2017,1,False,0.0,0.0
Paraguay,2017,2,False,0.0,0.0
Paraguay,2017,3,False,0.0,0.0
Paraguay,2017,4,True,,
Paraguay,2018,1,False,0.0,0.0
Paraguay,2018,2,False,0.0,0.0
Paraguay,2018,3,False,0.0,0.0
Paraguay,2018,4,False,0.0,0.0
Paraguay,2019,1,True,,
Paraguay,2019,2,True,,
Paraguay,2019,3,True,,
Paraguay,2019,4,False,0.09208554,
Paraguay,2020,1,False,0.0,0.0
Paraguay,2020,2,False,0.0,0.0
Paraguay,2020,3,False,0.0,0.0
Paraguay,2020,4,False,0.0,0.0
Paraguay,2021,1,True,,
Paraguay,2021,2,True,,
Paraguay,2021,3,False,0.14631314,
Paraguay,2021,4,False,0.14631314,0.0
Paraguay,2022,1,False,0.17600285,0.17600285
Paraguay,2022,2,False,0.20980457,0.03380172000000001
Paraguay,2022,3,False,0.55365614,0.34385157
Paraguay,2022,4,False,0.61942022,0.06576408
Paraguay,2023,1,True,,
Paraguay,2023,2,True,,
Paraguay,2023,3,False,0.37189565,
Paraguay,2023,4,False,0.37189565,0.0
Paraguay,2024,1,False,0.0,0.0
Paraguay,2024,2,True,,
Paraguay,2024,3,False,0.20451973,
Paraguay,2024,4,False,0.20451973,0.0
Paraguay,2025,1,False,0.0,0.0
Paraguay,2025,2,True,,
Paraguay,2025,3,True,,
Paraguay,2025,4,True,,
Países Bajos,2006,1,False,4.699771,4.699771
Países Bajos,2006,2,False,58.122132,53.422361
Países Bajos,2006,3,False,123.92901,65.80687800000001
Países Bajos,2006,4,False,215.241594,91.31258399999999
Países Bajos,2007,1,False,68.690945,68.690945
Países Bajos,2007,2,False,148.148153,79.45720800000001
Países Bajos,2007,3,False,228.357775,80.209622
Países Bajos,2007,4,False,474.767068,246.409293
Países Bajos,2008,1,False,19.45037,19.45037
Países Bajos,2008,2,False,57.265433,37.815063
Países Bajos,2008,3,False,73.329018,16.063585000000003
Países Bajos,2008,4,False,197.287056,123.958038
Países Bajos,2009,1,False,46.4442844,46.4442844
Países Bajos,2009,2,False,112.5123413,66.0680569
Países Bajos,2009,3,False,135.9511888,23.43884750000001
Países Bajos,2009,4,False,353.4616084,217.51041959999998
Países Bajos,2010,1,False,111.599495,111.599495
Países Bajos,2010,2,False,5248.035612,5136.436116999999
Países Bajos,2010,3,False,5350.195114,102.15950200000043
Países Bajos,2010,4,False,5528.801342,178.60622799999965
Países Bajos,2011,1,False,17.43017673,17.43017673
Países Bajos,2011,2,False,-6.38867269,-23.81884942
Países Bajos,2011,3,False,-6.02819823,0.36047445999999983
Países Bajos,2011,4,False,420.5647409,426.59293913
Países Bajos,2012,1,False,38.60467909,38.60467909
Países Bajos,2012,2,False,206.2798838,167.67520471
Países Bajos,2012,3,False,323.2881238,117.00824
Países Bajos,2012,4,False,605.7784736,282.4903498
Países Bajos,2013,1,False,40.24048755,40.24048755
Países Bajos,2013,2,False,170.7182481,130.47776055000003
Países Bajos,2013,3,False,762.9936306,592.2753825
Países Bajos,2013,4,False,1318.026415,555.0327844000001
Países Bajos,2014,1,False,117.234902,117.234902
Países Bajos,2014,2,False,722.5012001,605.2662981
Países Bajos,2014,3,False,531.905123,-190.5960771
Países Bajos,2014,4,False,595.1751364,63.27001340000004
Países Bajos,2015,1,False,404.0491635,404.0491635
Países Bajos,2015,2,False,577.8283538,173.77919029999993
Países Bajos,2015,3,False,520.5833346,-57.2450192
Países Bajos,2015,4,False,521.8133262,1.2299916000000621
Países Bajos,2016,1,False,334.751796,334.751796
Países Bajos,2016,2,False,301.5572321,-33.19456389999999
Países Bajos,2016,3,False,347.6875948,46.13036269999998
Países Bajos,2016,4,False,526.2883307,178.60073589999996
Países Bajos,2017,1,False,426.7961442,426.7961442
Países Bajos,2017,2,False,131.7144958,-295.0816484
Países Bajos,2017,3,False,107.1391433,-24.575352500000008
Países Bajos,2017,4,False,112.856442,5.717298700000001
Países Bajos,2018,1,False,950.094652,950.094652
Países Bajos,2018,2,False,938.944764,-11.149888000000033
Países Bajos,2018,3,False,997.1666017,58.22183770000004
Países Bajos,2018,4,False,1036.350261,39.183659300000045
Países Bajos,2019,1,False,696.4945819,696.4945819
Países Bajos,2019,2,False,1020.037108,323.54252610000003
Países Bajos,2019,3,False,1056.636098,36.59898999999996
Países Bajos,2019,4,False,1548.399957,491.76385900000014
Países Bajos,2020,1,False,430.6266355,430.6266355
Países Bajos,2020,2,False,456.3019985,25.675363000000004
Países Bajos,2020,3,False,783.5876818,327.2856833
Países Bajos,2020,4,False,855.1959104,71.60822859999996
Países Bajos,2021,1,False,107.2329816,107.2329816
Países Bajos,2021,2,False,154.1747845,46.941802899999985
Países Bajos,2021,3,False,183.9107563,29.735971800000016
Países Bajos,2021,4,False,154.5382276,-29.372528700000004
Países Bajos,2022,1,False,210.0746061,210.0746061
Países Bajos,2022,2,False,330.9423207,120.86771459999997
Países Bajos,2022,3,False,172.3955424,-158.54677829999997
Países Bajos,2022,4,False,29.0772932,-143.31824920000003
Países Bajos,2023,1,False,974.6613017,974.6613017
Países Bajos,2023,2,False,993.3024157,18.641114000000016
Países Bajos,2023,3,False,678.8068871,-314.49552859999994
Países Bajos,2023,4,False,821.6356537,142.8287666
Países Bajos,2024,1,False,653.9587718,653.9587718
Países Bajos,2024,2,False,572.1642981,-81.79447370000003
Países Bajos,2024,3,False,1979.814948,1407.6506499
Países Bajos,2024,4,False,1176.8831,-802.931848
Países Bajos,2025,1,False,1802.110982,1802.110982
Países Bajos,2025,2,False,1327.01544,-475.095542
Países Bajos,2025,3,False,2088.833724,761.8182840000002
Países Bajos,2025,4,False,1980.203862,-108.629862
Perú,2006,1,False,0.121421,0.121421
Perú,2006,2,False,0.17522821,0.053807209999999994
Perú,2006,3,False,0.31796821,0.14273999999999998
Perú,2006,4,False,0.45250621,0.13453800000000005
Perú,2007,1,False,0.130263,0.130263
Perú,2007,2,False,1.209959,1.079696
Perú,2007,3,False,1.408494,0.1985349999999999
Perú,2007,4,False,3.489234,2.0807400000000005
Perú,2008,1,False,0.323523,0.323523
Perú,2008,2,False,0.326687,0.003164
Perú,2008,3,False,0.331648,0.004960999999999993
Perú,2008,4,False,0.474886,0.14323799999999998
Perú,2009,1,False,0.49137327,0.49137327
Perú,2009,2,False,1.82767482,1.33630155
Perú,2009,3,False,1.93432982,0.10665500000000017
Perú,2009,4,False,2.23582989,0.3015000700000001
Perú,2010,1,False,0.244607,0.244607
Perú,2010,2,False,0.305307,0.060700000000000004
Perú,2010,3,False,2.420684,2.115377
Perú,2010,4,False,2.8855158,0.4648317999999998
Perú,2011,1,False,3.10092615,3.10092615
Perú,2011,2,False,4.79467651,1.6937503600000006
Perú,2011,3,False,6.95718512,2.1625086099999997
Perú,2011,4,False,7.16175212,0.20456699999999994
Perú,2012,1,False,4.56568441,4.56568441
Perú,2012,2,False,4.62290841,0.05722399999999972
Perú,2012,3,False,7.40896441,2.7860560000000003
Perú,2012,4,False,7.99894741,0.5899830000000001
Perú,2013,1,False,1.46984583,1.46984583
Perú,2013,2,False,2.05139583,0.5815500000000002
Perú,2013,3,False,9.43024419,7.378848359999999
Perú,2013,4,False,9.70848719,0.2782429999999998
Perú,2014,1,True,,
Perú,2014,2,False,5.10978683,
Perú,2014,3,False,13.26143234,8.151645510000002
Perú,2014,4,False,15.15783756,1.8964052200000001
Perú,2015,1,True,,
Perú,2015,2,False,2.1240473,
Perú,2015,3,False,2.6525928,0.5285454999999999
Perú,2015,4,False,2.9042868,0.2516940000000001
Perú,2016,1,False,3.61010934,3.61010934
Perú,2016,2,False,6.42707145,2.8169621099999995
Perú,2016,3,False,6.46761396,0.04054251000000075
Perú,2016,4,False,6.87607945,0.4084654899999993
Perú,2017,1,False,4.08953861,4.08953861
Perú,2017,2,False,8.91774191,4.8282033
Perú,2017,3,False,7.82266178,-1.0950801300000004
Perú,2017,4,False,8.2924678,0.46980602000000093
Perú,2018,1,False,0.06596261,0.06596261
Perú,2018,2,False,8.84938393,8.78342132
Perú,2018,3,False,28.28363378,19.43424985
Perú,2018,4,False,30.44847675,2.1648429700000023
Perú,2019,1,False,0.51573379,0.51573379
Perú,2019,2,False,8.16971622,7.65398243
Perú,2019,3,False,10.54939748,2.37968126
Perú,2019,4,False,11.06324272,0.5138452400000002
Perú,2020,1,False,11.3808549,11.3808549
Perú,2020,2,False,14.09963173,2.7187768300000013
Perú,2020,3,False,13.67957897,-0.4200527600000008
Perú,2020,4,False,11.0888203,-2.5907586699999996
Perú,2021,1,False,8.42325307,8.42325307
Perú,2021,2,False,12.65595183,4.23269876
Perú,2021,3,False,16.87522215,4.21927032
Perú,2021,4,False,18.97903519,2.103813040000002
Perú,2022,1,False,3.28933613,3.28933613
Perú,2022,2,False,5.1311076,1.8417714699999999
Perú,2022,3,False,21.19097749,16.05986989
Perú,2022,4,False,23.1414996,1.9505221099999979
Perú,2023,1,False,9.05790454,9.05790454
Perú,2023,2,False,14.84881862,5.79091408
Perú,2023,3,False,16.80285313,1.9540345099999996
Perú,2023,4,False,15.36620093,-1.4366521999999993
Perú,2024,1,False,1.20269001,1.20269001
Perú,2024,2,False,17.39211976,16.18942975
Perú,2024,3,False,-56.97548321,-74.36760297000001
Perú,2024,4,False,-55.79595833,1.1795248800000024
Perú,2025,1,False,0.32123379,0.32123379
Perú,2025,2,False,34.76578344,34.44454965
Perú,2025,3,False,35.12315959,0.35737615000000034
Perú,2025,4,False,35.34636974,0.22321014999999989
Polonia,2006,1,False,0.013117,0.013117
Polonia,2006,2,False,0.013117,0.0
Polonia,2006,3,False,0.013117,0.0
Polonia,2006,4,False,0.013117,0.0
Polonia,2007,1,False,0.113498,0.113498
Polonia,2007,2,False,0.288396,0.174898
Polonia,2007,3,False,0.240252,-0.04814399999999999
Polonia,2007,4,False,0.242237,0.0019850000000000145
Polonia,2008,1,True,,
Polonia,2008,2,True,,
Polonia,2008,3,False,0.007111,
Polonia,2008,4,False,0.007111,0.0
Polonia,2009,1,False,0.0,0.0
Polonia,2009,2,True,,
Polonia,2009,3,True,,
Polonia,2009,4,True,,
Polonia,2010,1,True,,
Polonia,2010,2,False,1.05082601,
Polonia,2010,3,False,1.16189501,0.11106900000000008
Polonia,2010,4,False,1.40485509,0.24296008000000002
Polonia,2011,1,False,0.0,0.0
Polonia,2011,2,True,,
Polonia,2011,3,False,0.412003,
Polonia,2011,4,False,0.67859494,0.26659193999999997
Polonia,2012,1,False,0.15363152,0.15363152
Polonia,2012,2,False,0.15557152,0.0019399999999999973
Polonia,2012,3,False,0.15635152,0.0007800000000000029
Polonia,2012,4,False,0.42127435,0.26492283000000005
Polonia,2013,1,True,,
Polonia,2013,2,False,0.04939523,
Polonia,2013,3,False,0.04939523,0.0
Polonia,2013,4,False,1.22506,1.17566477
Polonia,2014,1,True,,
Polonia,2014,2,False,0.0830501,
Polonia,2014,3,False,0.0856021,0.0025519999999999987
Polonia,2014,4,False,0.0856021,0.0
Polonia,2015,1,False,0.0,0.0
Polonia,2015,2,True,,
Polonia,2015,3,False,-0.23369105,
Polonia,2015,4,False,-0.23067105,0.0030200000000000227
Polonia,2016,1,True,,
Polonia,2016,2,False,0.24472577,
Polonia,2016,3,False,0.2473681,0.0026423299999999983
Polonia,2016,4,False,0.38726243,0.13989432999999998
Polonia,2017,1,False,0.0377035,0.0377035
Polonia,2017,2,False,0.12934381,0.09164031
Polonia,2017,3,False,0.34438876,0.21504495
Polonia,2017,4,False,0.60813941,0.26375065000000003
Polonia,2018,1,False,-0.28328511,-0.28328511
Polonia,2018,2,False,-0.16760759,0.11567752
Polonia,2018,3,False,-0.36900251,-0.20139492
Polonia,2018,4,False,-0.50269435,-0.13369183999999995
Polonia,2019,1,True,,
Polonia,2019,2,False,0.30552541,
Polonia,2019,3,False,0.59049851,0.2849731
Polonia,2019,4,False,0.59916666,0.008668149999999986
Polonia,2020,1,False,0.64883623,0.64883623
Polonia,2020,2,False,10.92457332,10.27573709
Polonia,2020,3,False,12.4467662,1.5221928800000004
Polonia,2020,4,False,14.55220155,2.1054353499999987
Polonia,2021,1,False,2.24996627,2.24996627
Polonia,2021,2,False,2.28416705,0.034200780000000375
Polonia,2021,3,False,2.86732104,0.58315399
Polonia,2021,4,False,5.45532649,2.58800545
Polonia,2022,1,False,0.27307607,0.27307607
Polonia,2022,2,False,3.23260026,2.9595241899999998
Polonia,2022,3,False,3.63845911,0.40585885
Polonia,2022,4,False,3.76671113,0.12825202000000013
Polonia,2023,1,False,2.00864752,2.00864752
Polonia,2023,2,False,2.13278568,0.12413816000000022
Polonia,2023,3,False,2.70486953,0.5720838499999998
Polonia,2023,4,False,3.31222638,0.60735685
Polonia,2024,1,False,0.53059322,0.53059322
Polonia,2024,2,False,2.14166957,1.6110763499999998
Polonia,2024,3,False,3.00884058,0.8671710100000003
Polonia,2024,4,False,4.45946949,1.4506289099999998
Polonia,2025,1,False,1.11341314,1.11341314
Polonia,2025,2,False,2.26986078,1.15644764
Polonia,2025,3,False,6.35310562,4.08324484
Polonia,2025,4,False,10.00817334,3.655067720000001
Portugal,2006,1,False,0.035071,0.035071
Portugal,2006,2,False,0.039184,0.004112999999999999
Portugal,2006,3,False,0.039414,0.00023000000000000104
Portugal,2006,4,False,0.042954,0.0035400000000000015
Portugal,2007,1,False,0.014554,0.014554
Portugal,2007,2,False,0.655792,0.6412380000000001
Portugal,2007,3,False,0.72805146,0.07225945999999994
Portugal,2007,4,False,0.90734746,0.179296
Portugal,2008,1,False,0.053389,0.053389
Portugal,2008,2,False,0.065442,0.012053000000000001
Portugal,2008,3,False,0.065442,0.0
Portugal,2008,4,False,0.127031,0.061589000000000005
Portugal,2009,1,False,0.003877,0.003877
Portugal,2009,2,False,0.19654,0.192663
Portugal,2009,3,False,0.469052,0.27251200000000003
Portugal,2009,4,False,0.726419,0.257367
Portugal,2010,1,False,0.168144,0.168144
Portugal,2010,2,False,0.2527558,0.08461179999999999
Portugal,2010,3,False,1.2252288,0.972473
Portugal,2010,4,False,2.9956848,1.7704559999999998
Portugal,2011,1,False,1.952021,1.952021
Portugal,2011,2,False,2.28691484,0.3348938400000001
Portugal,2011,3,False,2.50640484,0.21948999999999996
Portugal,2011,4,False,3.11243784,0.606033
Portugal,2012,1,False,1.237683,1.237683
Portugal,2012,2,False,2.90742443,1.6697414299999997
Portugal,2012,3,False,2.93688943,0.029465000000000074
Portugal,2012,4,False,11.66416871,8.727279280000001
Portugal,2013,1,False,0.010053,0.010053
Portugal,2013,2,False,0.733816,0.723763
Portugal,2013,3,False,0.877182,0.143366
Portugal,2013,4,False,1.015926,0.1387440000000001
Portugal,2014,1,False,0.014048,0.014048
Portugal,2014,2,False,1.20623456,1.19218656
Portugal,2014,3,False,1.23679384,0.030559280000000077
Portugal,2014,4,False,1.23950106,0.00270722000000001
Portugal,2015,1,False,0.028161,0.028161
Portugal,2015,2,False,-0.9362782,-0.9644391999999999
Portugal,2015,3,False,-0.8127562,0.12352199999999991
Portugal,2015,4,False,-0.6346262,0.17813
Portugal,2016,1,False,0.03377429,0.03377429
Portugal,2016,2,False,0.04234381,0.008569520000000004
Portugal,2016,3,False,7.24726335,7.20491954
Portugal,2016,4,False,7.32799274,0.08072939000000012
Portugal,2017,1,True,,
Portugal,2017,2,False,0.76493,
Portugal,2017,3,False,1.05437011,0.28944011000000003
Portugal,2017,4,False,11.47798253,10.42361242
Portugal,2018,1,False,19.16453436,19.16453436
Portugal,2018,2,False,22.00898002,2.844445659999998
Portugal,2018,3,False,22.62759974,0.6186197200000016
Portugal,2018,4,False,26.9312244,4.3036246600000005
Portugal,2019,1,True,,
Portugal,2019,2,False,4.05084055,
Portugal,2019,3,False,4.07555344,0.024712889999999987
Portugal,2019,4,False,25.12467531,21.04912187
Portugal,2020,1,True,,
Portugal,2020,2,False,4.30662375,
Portugal,2020,3,False,-11.41723628,-15.723860029999999
Portugal,2020,4,False,-11.41602153,0.001214749999999043
Portugal,2021,1,False,0.92330485,0.92330485
Portugal,2021,2,False,0.92009904,-0.0032058099999999756
Portugal,2021,3,False,1.3849748,0.46487575999999997
Portugal,2021,4,False,-4.97024421,-6.35521901
Portugal,2022,1,False,0.58238327,0.58238327
Portugal,2022,2,False,0.52787167,-0.05451159999999999
Portugal,2022,3,False,2.55808897,2.0302173
Portugal,2022,4,False,2.80989847,0.2518094999999998
Portugal,2023,1,True,,
Portugal,2023,2,False,0.56925042,
Portugal,2023,3,False,1.01208532,0.4428348999999999
Portugal,2023,4,False,2.63965714,1.6275718200000002
Portugal,2024,1,False,-2.34873243,-2.34873243
Portugal,2024,2,False,-21.7921663,-19.44343387
Portugal,2024,3,False,-21.79200769,0.00015861000000327863
Portugal,2024,4,False,-21.63189124,0.16011644999999675
Portugal,2025,1,False,0.88695585,0.88695585
Portugal,2025,2,False,3.43134757,2.5443917199999997
Portugal,2025,3,False,3.85699243,0.42564486000000024
Portugal,2025,4,False,5.60979902,1.7528065899999996
Puerto Rico,2006,1,True,,
Puerto Rico,2006,2,True,,
Puerto Rico,2006,3,False,0.571715,
Puerto Rico,2006,4,False,0.571715,0.0
Puerto Rico,2007,1,False,0.0,0.0
Puerto Rico,2007,2,True,,
Puerto Rico,2007,3,True,,
Puerto Rico,2007,4,False,0.581409,
Puerto Rico,2008,1,False,0.0,0.0
Puerto Rico,2008,2,True,,
Puerto Rico,2008,3,False,0.61828728,
Puerto Rico,2008,4,False,0.61828728,0.0
Puerto Rico,2009,1,True,,
Puerto Rico,2009,2,True,,
Puerto Rico,2009,3,True,,
Puerto Rico,2009,4,True,,
Puerto Rico,2010,1,True,,
Puerto Rico,2010,2,True,,
Puerto Rico,2010,3,True,,
Puerto Rico,2010,4,True,,
Puerto Rico,2011,1,False,0.0,0.0
Puerto Rico,2011,2,False,0.0,0.0
Puerto Rico,2011,3,False,0.0,0.0
Puerto Rico,2011,4,False,0.0,0.0
Puerto Rico,2012,1,False,0.0,0.0
Puerto Rico,2012,2,False,0.0,0.0
Puerto Rico,2012,3,True,,
Puerto Rico,2012,4,True,,
Puerto Rico,2013,1,False,0.0,0.0
Puerto Rico,2013,2,True,,
Puerto Rico,2013,3,True,,
Puerto Rico,2013,4,True,,
Puerto Rico,2014,1,False,0.0,0.0
Puerto Rico,2014,2,False,0.0,0.0
Puerto Rico,2014,3,False,0.0,0.0
Puerto Rico,2014,4,False,0.0,0.0
Puerto Rico,2015,1,False,0.0,0.0
Puerto Rico,2015,2,False,0.0,0.0
Puerto Rico,2015,3,True,,
Puerto Rico,2015,4,True,,
Puerto Rico,2016,1,False,0.0,0.0
Puerto Rico,2016,2,False,0.011056,0.011056
Puerto Rico,2016,3,False,0.011056,0.0
Puerto Rico,2016,4,False,0.011056,0.0
Puerto Rico,2017,1,False,0.0,0.0
Puerto Rico,2017,2,False,0.0,0.0
Puerto Rico,2017,3,False,0.00081368,0.00081368
Puerto Rico,2017,4,False,0.00081368,0.0
Puerto Rico,2018,1,True,,
Puerto Rico,2018,2,True,,
Puerto Rico,2018,3,True,,
Puerto Rico,2018,4,True,,
Puerto Rico,2019,1,False,0.0,0.0
Puerto Rico,2019,2,True,,
Puerto Rico,2019,3,True,,
Puerto Rico,2019,4,True,,
Puerto Rico,2020,1,True,,
Puerto Rico,2020,2,True,,
Puerto Rico,2020,3,True,,
Puerto Rico,2020,4,True,,
Puerto Rico,2021,1,True,,
Puerto Rico,2021,2,True,,
Puerto Rico,2021,3,True,,
Puerto Rico,2021,4,True,,
Puerto Rico,2022,1,False,0.0,0.0
Puerto Rico,2022,2,True,,
Puerto Rico,2022,3,True,,
Puerto Rico,2022,4,True,,
Puerto Rico,2023,1,False,0.0,0.0
Puerto Rico,2023,2,False,0.0,0.0
Puerto Rico,2023,3,False,0.0,0.0
Puerto Rico,2023,4,False,0.0,0.0
Puerto Rico,2024,1,False,0.0,0.0
Puerto Rico,2024,2,False,0.0,0.0
Puerto Rico,2024,3,False,0.0,0.0
Puerto Rico,2024,4,False,0.0,0.0
Puerto Rico,2025,1,False,0.0,0.0
Puerto Rico,2025,2,False,0.0,0.0
Puerto Rico,2025,3,False,0.0,0.0
Puerto Rico,2025,4,False,0.0,0.0
Qatar,2006,1,False,0.0,0.0
Qatar,2006,2,False,0.0,0.0
Qatar,2006,3,False,0.0,0.0
Qatar,2006,4,False,0.0,0.0
Qatar,2007,1,False,0.0,0.0
Qatar,2007,2,False,0.0,0.0
Qatar,2007,3,False,0.0,0.0
Qatar,2007,4,False,0.0,0.0
Qatar,2008,1,False,0.0,0.0
Qatar,2008,2,False,0.0,0.0
Qatar,2008,3,False,0.0,0.0
Qatar,2008,4,False,0.0,0.0
Qatar,2009,1,False,0.0,0.0
Qatar,2009,2,False,0.0,0.0
Qatar,2009,3,False,0.0,0.0
Qatar,2009,4,False,0.0,0.0
Qatar,2010,1,False,0.0,0.0
Qatar,2010,2,False,0.0,0.0
Qatar,2010,3,False,0.0,0.0
Qatar,2010,4,True,,
Qatar,2011,1,False,0.0,0.0
Qatar,2011,2,False,0.0,0.0
Qatar,2011,3,False,0.0,0.0
Qatar,2011,4,False,0.0,0.0
Qatar,2012,1,False,0.0,0.0
Qatar,2012,2,False,0.0,0.0
Qatar,2012,3,False,0.0,0.0
Qatar,2012,4,False,0.0,0.0
Qatar,2013,1,False,0.0,0.0
Qatar,2013,2,False,0.0,0.0
Qatar,2013,3,False,0.0,0.0
Qatar,2013,4,False,0.0,0.0
Qatar,2014,1,False,0.0,0.0
Qatar,2014,2,False,0.0,0.0
Qatar,2014,3,False,0.0,0.0
Qatar,2014,4,False,0.0,0.0
Qatar,2015,1,False,0.0,0.0
Qatar,2015,2,False,0.0,0.0
Qatar,2015,3,False,0.0,0.0
Qatar,2015,4,False,0.0,0.0
Qatar,2016,1,False,0.0,0.0
Qatar,2016,2,False,0.0,0.0
Qatar,2016,3,False,0.0,0.0
Qatar,2016,4,False,0.0,0.0
Qatar,2017,1,False,0.0,0.0
Qatar,2017,2,True,,
Qatar,2017,3,True,,
Qatar,2017,4,True,,
Qatar,2018,1,True,,
Qatar,2018,2,True,,
Qatar,2018,3,True,,
Qatar,2018,4,True,,
Qatar,2019,1,False,0.0,0.0
Qatar,2019,2,False,0.0,0.0
Qatar,2019,3,False,0.0,0.0
Qatar,2019,4,False,0.0,0.0
Qatar,2020,1,True,,
Qatar,2020,2,True,,
Qatar,2020,3,True,,
Qatar,2020,4,True,,
Qatar,2021,1,True,,
Qatar,2021,2,True,,
Qatar,2021,3,True,,
Qatar,2021,4,True,,
Qatar,2022,1,True,,
Qatar,2022,2,True,,
Qatar,2022,3,True,,
Qatar,2022,4,True,,
Qatar,2023,1,True,,
Qatar,2023,2,True,,
Qatar,2023,3,True,,
Qatar,2023,4,True,,
Qatar,2024,1,True,,
Qatar,2024,2,True,,
Qatar,2024,3,False,2.14800554,
Qatar,2024,4,False,2.14800554,0.0
Qatar,2025,1,True,,
Qatar,2025,2,True,,
Qatar,2025,3,True,,
Qatar,2025,4,True,,
Reino Unido de la Gran Bretaña e Irlanda del Norte,2006,1,False,71.43726343,71.43726343
Reino Unido de la Gran Bretaña e Irlanda del Norte,2006,2,False,537.3877851,465.95052166999994
Reino Unido de la Gran Bretaña e Irlanda del Norte,2006,3,False,626.9678609,89.58007580000003
Reino Unido de la Gran Bretaña e Irlanda del Norte,2006,4,False,721.1284068,94.16054589999999
Reino Unido de la Gran Bretaña e Irlanda del Norte,2007,1,False,-94.108972,-94.108972
Reino Unido de la Gran Bretaña e Irlanda del Norte,2007,2,False,440.3050158,534.4139878
Reino Unido de la Gran Bretaña e Irlanda del Norte,2007,3,False,486.0878343,45.78281850000002
Reino Unido de la Gran Bretaña e Irlanda del Norte,2007,4,False,544.0381793,57.95034500000003
Reino Unido de la Gran Bretaña e Irlanda del Norte,2008,1,False,222.874872,222.874872
Reino Unido de la Gran Bretaña e Irlanda del Norte,2008,2,False,836.319295,613.444423
Reino Unido de la Gran Bretaña e Irlanda del Norte,2008,3,False,989.2026518,152.8833568
Reino Unido de la Gran Bretaña e Irlanda del Norte,2008,4,False,1092.657097,103.45444520000001
Reino Unido de la Gran Bretaña e Irlanda del Norte,2009,1,False,159.3624824,159.3624824
Reino Unido de la Gran Bretaña e Irlanda del Norte,2009,2,False,-47.84987021,-207.21235261
Reino Unido de la Gran Bretaña e Irlanda del Norte,2009,3,False,24.21818481,72.06805502
Reino Unido de la Gran Bretaña e Irlanda del Norte,2009,4,False,78.36403281,54.145848
Reino Unido de la Gran Bretaña e Irlanda del Norte,2010,1,False,23.06954321,23.06954321
Reino Unido de la Gran Bretaña e Irlanda del Norte,2010,2,False,226.2046497,203.13510649
Reino Unido de la Gran Bretaña e Irlanda del Norte,2010,3,False,463.8548254,237.65017569999998
Reino Unido de la Gran Bretaña e Irlanda del Norte,2010,4,False,513.1463658,49.29154040000003
Reino Unido de la Gran Bretaña e Irlanda del Norte,2011,1,False,7.83007619,7.83007619
Reino Unido de la Gran Bretaña e Irlanda del Norte,2011,2,False,127.9594409,120.12936471
Reino Unido de la Gran Bretaña e Irlanda del Norte,2011,3,False,126.5130392,-1.4464017000000098
Reino Unido de la Gran Bretaña e Irlanda del Norte,2011,4,False,177.9941833,51.48114410000001
Reino Unido de la Gran Bretaña e Irlanda del Norte,2012,1,False,209.0849315,209.0849315
Reino Unido de la Gran Bretaña e Irlanda del Norte,2012,2,False,205.9258262,-3.1591053000000215
Reino Unido de la Gran Bretaña e Irlanda del Norte,2012,3,False,440.8012547,234.87542850000003
Reino Unido de la Gran Bretaña e Irlanda del Norte,2012,4,False,423.761091,-17.040163699999994
Reino Unido de la Gran Bretaña e Irlanda del Norte,2013,1,False,599.1170948,599.1170948
Reino Unido de la Gran Bretaña e Irlanda del Norte,2013,2,False,1284.310962,685.1938672
Reino Unido de la Gran Bretaña e Irlanda del Norte,2013,3,False,1346.148325,61.837363000000096
Reino Unido de la Gran Bretaña e Irlanda del Norte,2013,4,False,1490.974244,144.82591899999989
Reino Unido de la Gran Bretaña e Irlanda del Norte,2014,1,False,153.7066051,153.7066051
Reino Unido de la Gran Bretaña e Irlanda del Norte,2014,2,False,187.0641955,33.35759040000002
Reino Unido de la Gran Bretaña e Irlanda del Norte,2014,3,False,193.7409627,6.6767672000000005
Reino Unido de la Gran Bretaña e Irlanda del Norte,2014,4,False,231.8244019,38.08343919999999
Reino Unido de la Gran Bretaña e Irlanda del Norte,2015,1,False,76.23631509,76.23631509
Reino Unido de la Gran Bretaña e Irlanda del Norte,2015,2,False,133.7086841,57.472369009999994
Reino Unido de la Gran Bretaña e Irlanda del Norte,2015,3,False,2569.865786,2436.1571019
Reino Unido de la Gran Bretaña e Irlanda del Norte,2015,4,False,3978.052827,1408.1870410000001
Reino Unido de la Gran Bretaña e Irlanda del Norte,2016,1,False,-66.5819863,-66.5819863
Reino Unido de la Gran Bretaña e Irlanda del Norte,2016,2,False,-141.0868179,-74.5048316
Reino Unido de la Gran Bretaña e Irlanda del Norte,2016,3,False,-87.15625511,53.930562789999996
Reino Unido de la Gran Bretaña e Irlanda del Norte,2016,4,False,344.5058338,431.66208891
Reino Unido de la Gran Bretaña e Irlanda del Norte,2017,1,False,-34.00960831,-34.00960831
Reino Unido de la Gran Bretaña e Irlanda del Norte,2017,2,False,90.53350528,124.54311358999999
Reino Unido de la Gran Bretaña e Irlanda del Norte,2017,3,False,162.4214134,71.88790812
Reino Unido de la Gran Bretaña e Irlanda del Norte,2017,4,False,214.1078984,51.686485000000005
Reino Unido de la Gran Bretaña e Irlanda del Norte,2018,1,False,939.5113249,939.5113249
Reino Unido de la Gran Bretaña e Irlanda del Norte,2018,2,False,1030.663674,91.15234909999992
Reino Unido de la Gran Bretaña e Irlanda del Norte,2018,3,False,911.8994051,-118.76426889999993
Reino Unido de la Gran Bretaña e Irlanda del Norte,2018,4,False,339.9085566,-571.9908485
Reino Unido de la Gran Bretaña e Irlanda del Norte,2019,1,False,1221.158308,1221.158308
Reino Unido de la Gran Bretaña e Irlanda del Norte,2019,2,False,1439.349374,218.19106599999986
Reino Unido de la Gran Bretaña e Irlanda del Norte,2019,3,False,1462.965764,23.616390000000138
Reino Unido de la Gran Bretaña e Irlanda del Norte,2019,4,False,865.6141789,-597.3515851000001
Reino Unido de la Gran Bretaña e Irlanda del Norte,2020,1,False,818.7911361,818.7911361
Reino Unido de la Gran Bretaña e Irlanda del Norte,2020,2,False,843.0130228,24.221886700000027
Reino Unido de la Gran Bretaña e Irlanda del Norte,2020,3,False,1452.164433,609.1514101999999
Reino Unido de la Gran Bretaña e Irlanda del Norte,2020,4,False,1428.205912,-23.95852100000002
Reino Unido de la Gran Bretaña e Irlanda del Norte,2021,1,False,489.0000404,489.0000404
Reino Unido de la Gran Bretaña e Irlanda del Norte,2021,2,False,808.0686762,319.06863580000004
Reino Unido de la Gran Bretaña e Irlanda del Norte,2021,3,False,684.4997921,-123.56888409999999
Reino Unido de la Gran Bretaña e Irlanda del Norte,2021,4,False,983.6070619,299.1072697999999
Reino Unido de la Gran Bretaña e Irlanda del Norte,2022,1,False,420.8604838,420.8604838
Reino Unido de la Gran Bretaña e Irlanda del Norte,2022,2,False,789.0755515,368.21506769999996
Reino Unido de la Gran Bretaña e Irlanda del Norte,2022,3,False,1099.587012,310.5114605
Reino Unido de la Gran Bretaña e Irlanda del Norte,2022,4,False,1207.804363,108.21735100000001
Reino Unido de la Gran Bretaña e Irlanda del Norte,2023,1,False,1068.604527,1068.604527
Reino Unido de la Gran Bretaña e Irlanda del Norte,2023,2,False,986.6104178,-81.99410919999991
Reino Unido de la Gran Bretaña e Irlanda del Norte,2023,3,False,1053.292388,66.68197020000002
Reino Unido de la Gran Bretaña e Irlanda del Norte,2023,4,False,803.0751628,-250.21722520000003
Reino Unido de la Gran Bretaña e Irlanda del Norte,2024,1,False,766.0735454,766.0735454
Reino Unido de la Gran Bretaña e Irlanda del Norte,2024,2,False,783.6094675,17.535922100000107
Reino Unido de la Gran Bretaña e Irlanda del Norte,2024,3,False,726.6101794,-56.99928810000006
Reino Unido de la Gran Bretaña e Irlanda del Norte,2024,4,False,804.0705374,77.46035800000004
Reino Unido de la Gran Bretaña e Irlanda del Norte,2025,1,False,293.277445,293.277445
Reino Unido de la Gran Bretaña e Irlanda del Norte,2025,2,False,332.7999259,39.522480900000005
Reino Unido de la Gran Bretaña e Irlanda del Norte,2025,3,False,-210.2803152,-543.0802411
Reino Unido de la Gran Bretaña e Irlanda del Norte,2025,4,False,46.94784493,257.22816013
República Centroafricana,2006,1,False,0.0,0.0
República Centroafricana,2006,2,False,0.0,0.0
República Centroafricana,2006,3,False,0.0,0.0
República Centroafricana,2006,4,False,0.0,0.0
República Centroafricana,2007,1,False,0.0,0.0
República Centroafricana,2007,2,False,0.0,0.0
República Centroafricana,2007,3,False,0.0,0.0
República Centroafricana,2007,4,False,0.0,0.0
República Centroafricana,2008,1,False,0.0,0.0
República Centroafricana,2008,2,False,0.0,0.0
República Centroafricana,2008,3,False,0.0,0.0
República Centroafricana,2008,4,False,0.0,0.0
República Centroafricana,2009,1,False,0.0,0.0
República Centroafricana,2009,2,False,0.0,0.0
República Centroafricana,2009,3,False,0.0,0.0
República Centroafricana,2009,4,False,0.0,0.0
República Centroafricana,2010,1,False,0.0,0.0
República Centroafricana,2010,2,False,0.0,0.0
República Centroafricana,2010,3,False,0.0,0.0
República Centroafricana,2010,4,False,0.0,0.0
República Centroafricana,2011,1,False,0.0,0.0
República Centroafricana,2011,2,False,0.0,0.0
República Centroafricana,2011,3,False,0.0,0.0
República Centroafricana,2011,4,False,0.0,0.0
República Centroafricana,2012,1,False,0.0,0.0
República Centroafricana,2012,2,False,0.0,0.0
República Centroafricana,2012,3,False,0.0,0.0
República Centroafricana,2012,4,False,0.0,0.0
República Centroafricana,2013,1,False,0.0,0.0
República Centroafricana,2013,2,False,0.0,0.0
República Centroafricana,2013,3,False,0.0,0.0
República Centroafricana,2013,4,False,0.0,0.0
República Centroafricana,2014,1,False,0.0,0.0
República Centroafricana,2014,2,False,0.0,0.0
República Centroafricana,2014,3,False,0.0,0.0
República Centroafricana,2014,4,False,0.0,0.0
República Centroafricana,2015,1,False,0.0,0.0
República Centroafricana,2015,2,False,0.0,0.0
República Centroafricana,2015,3,False,0.0,0.0
República Centroafricana,2015,4,False,0.0,0.0
República Centroafricana,2016,1,False,0.0,0.0
República Centroafricana,2016,2,False,0.0,0.0
República Centroafricana,2016,3,False,0.0,0.0
República Centroafricana,2016,4,False,0.0,0.0
República Centroafricana,2017,1,True,,
República Centroafricana,2017,2,True,,
República Centroafricana,2017,3,True,,
República Centroafricana,2017,4,True,,
República Centroafricana,2018,1,False,0.0,0.0
República Centroafricana,2018,2,False,0.0,0.0
República Centroafricana,2018,3,False,0.0,0.0
República Centroafricana,2018,4,False,0.0,0.0
República Centroafricana,2019,1,False,0.0,0.0
República Centroafricana,2019,2,False,0.0,0.0
República Centroafricana,2019,3,False,0.0,0.0
República Centroafricana,2019,4,False,0.0,0.0
República Centroafricana,2020,1,False,0.0,0.0
República Centroafricana,2020,2,False,0.0,0.0
República Centroafricana,2020,3,False,0.0,0.0
República Centroafricana,2020,4,False,0.0,0.0
República Centroafricana,2021,1,False,0.0,0.0
República Centroafricana,2021,2,False,0.0,0.0
República Centroafricana,2021,3,False,0.0,0.0
República Centroafricana,2021,4,False,0.0,0.0
República Centroafricana,2022,1,False,0.0,0.0
República Centroafricana,2022,2,False,0.0,0.0
República Centroafricana,2022,3,False,0.0,0.0
República Centroafricana,2022,4,False,0.0,0.0
República Centroafricana,2023,1,False,0.0,0.0
República Centroafricana,2023,2,False,0.0,0.0
República Centroafricana,2023,3,False,0.0,0.0
República Centroafricana,2023,4,False,0.0,0.0
República Centroafricana,2024,1,False,0.0,0.0
República Centroafricana,2024,2,False,0.0,0.0
República Centroafricana,2024,3,False,0.0,0.0
República Centroafricana,2024,4,False,0.0,0.0
República Centroafricana,2025,1,False,0.0,0.0
República Centroafricana,2025,2,False,0.0,0.0
República Centroafricana,2025,3,False,0.0,0.0
República Centroafricana,2025,4,False,0.0,0.0
República Dominicana,2006,1,False,1.902971,1.902971
República Dominicana,2006,2,False,2.005877,0.10290599999999994
República Dominicana,2006,3,False,2.013618,0.00774100000000022
República Dominicana,2006,4,False,2.01811,0.0044919999999999405
República Dominicana,2007,1,False,0.0,0.0
República Dominicana,2007,2,False,-1.807927,-1.807927
República Dominicana,2007,3,False,-1.588304,0.21962300000000012
República Dominicana,2007,4,False,-1.22382022,0.36448378000000003
República Dominicana,2008,1,True,,
República Dominicana,2008,2,True,,
República Dominicana,2008,3,True,,
República Dominicana,2008,4,False,0.016356,
República Dominicana,2009,1,True,,
República Dominicana,2009,2,True,,
República Dominicana,2009,3,True,,
República Dominicana,2009,4,False,0.14977137,
República Dominicana,2010,1,True,,
República Dominicana,2010,2,True,,
República Dominicana,2010,3,True,,
República Dominicana,2010,4,True,,
República Dominicana,2011,1,True,,
República Dominicana,2011,2,True,,
República Dominicana,2011,3,True,,
República Dominicana,2011,4,True,,
República Dominicana,2012,1,False,0.20189901,0.20189901
República Dominicana,2012,2,False,0.20182525,-7.375999999997829e-05
República Dominicana,2012,3,False,0.20182525,0.0
República Dominicana,2012,4,False,0.28428925,0.08246399999999998
República Dominicana,2013,1,False,0.0,0.0
República Dominicana,2013,2,True,,
República Dominicana,2013,3,False,0.16826949,
República Dominicana,2013,4,False,0.33255157,0.16428208000000002
República Dominicana,2014,1,True,,
República Dominicana,2014,2,False,0.18522042,
República Dominicana,2014,3,False,0.18908342,0.0038630000000000053
República Dominicana,2014,4,False,0.19022442,0.0011410000000000031
República Dominicana,2015,1,False,0.008426,0.008426
República Dominicana,2015,2,False,0.008426,0.0
República Dominicana,2015,3,False,0.011479,0.003053
República Dominicana,2015,4,False,0.155132,0.143653
República Dominicana,2016,1,False,0.0,0.0
República Dominicana,2016,2,False,0.0,0.0
República Dominicana,2016,3,True,,
República Dominicana,2016,4,True,,
República Dominicana,2017,1,True,,
República Dominicana,2017,2,True,,
República Dominicana,2017,3,False,0.10778034,
República Dominicana,2017,4,False,0.24581121,0.13803087
República Dominicana,2018,1,True,,
República Dominicana,2018,2,True,,
República Dominicana,2018,3,False,0.13969874,
República Dominicana,2018,4,False,0.24201525,0.10231651
República Dominicana,2019,1,True,,
República Dominicana,2019,2,False,-0.16998601,
República Dominicana,2019,3,False,-0.16751473,0.0024712799999999924
República Dominicana,2019,4,False,-0.16751473,0.0
República Dominicana,2020,1,False,0.07566305,0.07566305
República Dominicana,2020,2,False,0.17436533,0.09870228000000002
República Dominicana,2020,3,False,0.23114144,0.05677610999999999
República Dominicana,2020,4,False,-7.01339159,-7.24453303
República Dominicana,2021,1,False,1.37051726,1.37051726
República Dominicana,2021,2,False,1.31065523,-0.0598620299999999
República Dominicana,2021,3,False,1.69474618,0.38409095000000004
República Dominicana,2021,4,False,1.97572131,0.28097512999999985
República Dominicana,2022,1,True,,
República Dominicana,2022,2,True,,
República Dominicana,2022,3,False,0.35407494,
República Dominicana,2022,4,False,0.49223208,0.13815714
República Dominicana,2023,1,False,0.70315494,0.70315494
República Dominicana,2023,2,False,1.49511223,0.7919572899999999
República Dominicana,2023,3,False,1.88118902,0.38607679000000017
República Dominicana,2023,4,False,2.11866437,0.23747534999999975
República Dominicana,2024,1,False,0.37799545,0.37799545
República Dominicana,2024,2,False,0.37825698,0.0002615300000000098
República Dominicana,2024,3,False,0.73024389,0.35198691
República Dominicana,2024,4,False,0.73024389,0.0
República Dominicana,2025,1,False,-0.38622543,-0.38622543
República Dominicana,2025,2,False,0.87700905,1.26323448
República Dominicana,2025,3,False,0.90811341,0.031104360000000053
República Dominicana,2025,4,False,0.90811341,0.0
República de Macedonia del Norte,2006,1,False,0.0,0.0
República de Macedonia del Norte,2006,2,False,0.0,0.0
República de Macedonia del Norte,2006,3,False,0.0,0.0
República de Macedonia del Norte,2006,4,False,0.0,0.0
República de Macedonia del Norte,2007,1,False,0.0,0.0
República de Macedonia del Norte,2007,2,False,0.0,0.0
República de Macedonia del Norte,2007,3,False,0.0,0.0
República de Macedonia del Norte,2007,4,False,0.0,0.0
República de Macedonia del Norte,2008,1,False,0.0,0.0
República de Macedonia del Norte,2008,2,False,0.0,0.0
República de Macedonia del Norte,2008,3,False,0.0,0.0
República de Macedonia del Norte,2008,4,False,0.0,0.0
República de Macedonia del Norte,2009,1,False,0.0,0.0
República de Macedonia del Norte,2009,2,False,0.0,0.0
República de Macedonia del Norte,2009,3,False,0.0,0.0
República de Macedonia del Norte,2009,4,False,0.0,0.0
República de Macedonia del Norte,2010,1,False,0.0,0.0
República de Macedonia del Norte,2010,2,False,0.0,0.0
República de Macedonia del Norte,2010,3,False,0.0,0.0
República de Macedonia del Norte,2010,4,False,0.0,0.0
República de Macedonia del Norte,2011,1,False,0.0,0.0
República de Macedonia del Norte,2011,2,False,0.0,0.0
República de Macedonia del Norte,2011,3,False,0.0,0.0
República de Macedonia del Norte,2011,4,False,0.0,0.0
República de Macedonia del Norte,2012,1,False,0.0,0.0
República de Macedonia del Norte,2012,2,False,0.0,0.0
República de Macedonia del Norte,2012,3,False,0.0,0.0
República de Macedonia del Norte,2012,4,False,0.0,0.0
República de Macedonia del Norte,2013,1,False,0.0,0.0
República de Macedonia del Norte,2013,2,False,0.0,0.0
República de Macedonia del Norte,2013,3,False,0.0,0.0
República de Macedonia del Norte,2013,4,False,0.0,0.0
República de Macedonia del Norte,2014,1,False,0.0,0.0
República de Macedonia del Norte,2014,2,False,0.0,0.0
República de Macedonia del Norte,2014,3,False,0.0,0.0
República de Macedonia del Norte,2014,4,False,0.0,0.0
República de Macedonia del Norte,2015,1,False,0.0,0.0
República de Macedonia del Norte,2015,2,False,0.0,0.0
República de Macedonia del Norte,2015,3,False,0.0,0.0
República de Macedonia del Norte,2015,4,False,0.0,0.0
República de Macedonia del Norte,2016,1,False,0.0,0.0
República de Macedonia del Norte,2016,2,False,0.0,0.0
República de Macedonia del Norte,2016,3,False,0.0,0.0
República de Macedonia del Norte,2016,4,False,0.0,0.0
República de Macedonia del Norte,2017,1,False,0.0,0.0
República de Macedonia del Norte,2017,2,False,0.0,0.0
República de Macedonia del Norte,2017,3,False,0.0,0.0
República de Macedonia del Norte,2017,4,False,0.0,0.0
República de Macedonia del Norte,2018,1,False,0.0,0.0
República de Macedonia del Norte,2018,2,False,0.0,0.0
República de Macedonia del Norte,2018,3,False,0.0,0.0
República de Macedonia del Norte,2018,4,False,0.0,0.0
República de Macedonia del Norte,2019,1,False,0.0,0.0
República de Macedonia del Norte,2019,2,False,0.0,0.0
República de Macedonia del Norte,2019,3,False,0.0,0.0
República de Macedonia del Norte,2019,4,False,0.0,0.0
República de Macedonia del Norte,2020,1,False,0.0,0.0
República de Macedonia del Norte,2020,2,False,0.0,0.0
República de Macedonia del Norte,2020,3,False,0.0,0.0
República de Macedonia del Norte,2020,4,False,0.0,0.0
República de Macedonia del Norte,2021,1,False,0.0,0.0
República de Macedonia del Norte,2021,2,False,0.0,0.0
República de Macedonia del Norte,2021,3,False,0.0,0.0
República de Macedonia del Norte,2021,4,False,0.0,0.0
República de Macedonia del Norte,2022,1,False,0.0,0.0
República de Macedonia del Norte,2022,2,False,0.0,0.0
República de Macedonia del Norte,2022,3,False,0.0,0.0
República de Macedonia del Norte,2022,4,False,0.0,0.0
República de Macedonia del Norte,2023,1,False,0.0,0.0
República de Macedonia del Norte,2023,2,False,0.0,0.0
República de Macedonia del Norte,2023,3,False,0.0,0.0
República de Macedonia del Norte,2023,4,False,0.0,0.0
República de Macedonia del Norte,2024,1,False,0.0,0.0
República de Macedonia del Norte,2024,2,False,0.0,0.0
República de Macedonia del Norte,2024,3,False,0.0,0.0
República de Macedonia del Norte,2024,4,False,0.0,0.0
República de Macedonia del Norte,2025,1,False,0.0,0.0
República de Macedonia del Norte,2025,2,False,0.0,0.0
República de Macedonia del Norte,2025,3,False,0.0,0.0
República de Macedonia del Norte,2025,4,True,,
Rumanía,2006,1,False,0.0,0.0
Rumanía,2006,2,False,0.0,0.0
Rumanía,2006,3,True,,
Rumanía,2006,4,True,,
Rumanía,2007,1,True,,
Rumanía,2007,2,True,,
Rumanía,2007,3,True,,
Rumanía,2007,4,False,0.002017,
Rumanía,2008,1,False,0.0,0.0
Rumanía,2008,2,False,0.0,0.0
Rumanía,2008,3,True,,
Rumanía,2008,4,True,,
Rumanía,2009,1,False,0.0,0.0
Rumanía,2009,2,False,0.0,0.0
Rumanía,2009,3,False,0.0,0.0
Rumanía,2009,4,False,0.0,0.0
Rumanía,2010,1,False,0.0,0.0
Rumanía,2010,2,True,,
Rumanía,2010,3,True,,
Rumanía,2010,4,False,0.178888,
Rumanía,2011,1,True,,
Rumanía,2011,2,True,,
Rumanía,2011,3,True,,
Rumanía,2011,4,False,0.309685,
Rumanía,2012,1,True,,
Rumanía,2012,2,True,,
Rumanía,2012,3,True,,
Rumanía,2012,4,False,0.850438,
Rumanía,2013,1,True,,
Rumanía,2013,2,False,0.669496,
Rumanía,2013,3,False,0.669496,0.0
Rumanía,2013,4,False,2.007988,1.338492
Rumanía,2014,1,True,,
Rumanía,2014,2,True,,
Rumanía,2014,3,True,,
Rumanía,2014,4,False,0.014753,
Rumanía,2015,1,True,,
Rumanía,2015,2,True,,
Rumanía,2015,3,True,,
Rumanía,2015,4,False,0.131309,
Rumanía,2016,1,True,,
Rumanía,2016,2,True,,
Rumanía,2016,3,True,,
Rumanía,2016,4,True,,
Rumanía,2017,1,False,0.0,0.0
Rumanía,2017,2,False,0.25445547,0.25445547
Rumanía,2017,3,False,0.36387326,0.10941778999999996
Rumanía,2017,4,False,0.42305647,0.05918321000000004
Rumanía,2018,1,False,0.0,0.0
Rumanía,2018,2,True,,
Rumanía,2018,3,False,0.00458537,
Rumanía,2018,4,False,0.12185372,0.11726835
Rumanía,2019,1,False,0.0,0.0
Rumanía,2019,2,True,,
Rumanía,2019,3,False,-0.00968329,
Rumanía,2019,4,False,-0.00836011,0.0013231800000000002
Rumanía,2020,1,True,,
Rumanía,2020,2,True,,
Rumanía,2020,3,True,,
Rumanía,2020,4,True,,
Rumanía,2021,1,False,0.0,0.0
Rumanía,2021,2,False,0.17918931,0.17918931
Rumanía,2021,3,False,0.17918931,0.0
Rumanía,2021,4,False,0.17918931,0.0
Rumanía,2022,1,False,0.36764232,0.36764232
Rumanía,2022,2,False,0.36764232,0.0
Rumanía,2022,3,False,0.47384558,0.10620325999999997
Rumanía,2022,4,False,0.73746417,0.26361859
Rumanía,2023,1,True,,
Rumanía,2023,2,False,0.49435461,
Rumanía,2023,3,False,0.49435461,0.0
Rumanía,2023,4,False,-1.35671589,-1.8510705
Rumanía,2024,1,False,7.54192735,7.54192735
Rumanía,2024,2,False,13.96187353,6.41994618
Rumanía,2024,3,False,11.44178211,-2.52009142
Rumanía,2024,4,False,2.51305571,-8.9287264
Rumanía,2025,1,True,,
Rumanía,2025,2,False,-0.10961924,
Rumanía,2025,3,False,1.10604026,1.2156595000000001
Rumanía,2025,4,False,1.63844984,0.5324095799999999
Samoa,2006,1,False,0.0,0.0
Samoa,2006,2,False,0.0,0.0
Samoa,2006,3,False,0.0,0.0
Samoa,2006,4,False,0.0,0.0
Samoa,2007,1,False,0.0,0.0
Samoa,2007,2,False,0.0,0.0
Samoa,2007,3,False,0.0,0.0
Samoa,2007,4,False,0.0,0.0
Samoa,2008,1,False,0.0,0.0
Samoa,2008,2,False,0.0,0.0
Samoa,2008,3,False,0.0,0.0
Samoa,2008,4,False,0.0,0.0
Samoa,2009,1,False,0.0,0.0
Samoa,2009,2,False,0.0,0.0
Samoa,2009,3,False,0.0,0.0
Samoa,2009,4,False,0.0,0.0
Samoa,2010,1,False,0.0,0.0
Samoa,2010,2,False,0.0,0.0
Samoa,2010,3,False,0.0,0.0
Samoa,2010,4,False,0.0,0.0
Samoa,2011,1,False,0.0,0.0
Samoa,2011,2,False,0.0,0.0
Samoa,2011,3,False,0.0,0.0
Samoa,2011,4,False,0.0,0.0
Samoa,2012,1,False,0.0,0.0
Samoa,2012,2,False,0.0,0.0
Samoa,2012,3,False,0.0,0.0
Samoa,2012,4,False,0.0,0.0
Samoa,2013,1,False,0.0,0.0
Samoa,2013,2,False,0.0,0.0
Samoa,2013,3,False,0.0,0.0
Samoa,2013,4,False,0.0,0.0
Samoa,2014,1,False,0.0,0.0
Samoa,2014,2,False,0.0,0.0
Samoa,2014,3,False,0.0,0.0
Samoa,2014,4,False,0.0,0.0
Samoa,2015,1,False,0.0,0.0
Samoa,2015,2,False,0.0,0.0
Samoa,2015,3,False,0.0,0.0
Samoa,2015,4,False,0.0,0.0
Samoa,2016,1,False,0.0,0.0
Samoa,2016,2,False,0.0,0.0
Samoa,2016,3,False,0.0,0.0
Samoa,2016,4,False,0.0,0.0
Samoa,2017,1,False,0.0,0.0
Samoa,2017,2,False,0.0,0.0
Samoa,2017,3,False,0.0,0.0
Samoa,2017,4,False,0.0,0.0
Samoa,2018,1,False,0.0,0.0
Samoa,2018,2,False,0.0,0.0
Samoa,2018,3,False,0.0,0.0
Samoa,2018,4,False,0.0,0.0
Samoa,2019,1,False,0.0,0.0
Samoa,2019,2,False,0.0,0.0
Samoa,2019,3,False,0.0,0.0
Samoa,2019,4,False,0.0,0.0
Samoa,2020,1,False,0.0,0.0
Samoa,2020,2,False,0.0,0.0
Samoa,2020,3,False,0.0,0.0
Samoa,2020,4,False,0.0,0.0
Samoa,2021,1,False,0.0,0.0
Samoa,2021,2,False,0.0,0.0
Samoa,2021,3,False,0.0,0.0
Samoa,2021,4,False,0.0,0.0
Samoa,2022,1,False,0.0,0.0
Samoa,2022,2,False,0.0,0.0
Samoa,2022,3,False,0.0,0.0
Samoa,2022,4,False,0.0,0.0
Samoa,2023,1,False,0.0,0.0
Samoa,2023,2,False,0.0,0.0
Samoa,2023,3,False,0.0,0.0
Samoa,2023,4,False,0.0,0.0
Samoa,2024,1,False,0.0,0.0
Samoa,2024,2,False,0.0,0.0
Samoa,2024,3,False,0.0,0.0
Samoa,2024,4,True,,
Samoa,2025,1,True,,
Samoa,2025,2,True,,
Samoa,2025,3,True,,
Samoa,2025,4,True,,
San Cristóbal y Nieves,2006,1,False,0.0,0.0
San Cristóbal y Nieves,2006,2,False,0.0,0.0
San Cristóbal y Nieves,2006,3,False,0.0,0.0
San Cristóbal y Nieves,2006,4,False,0.0,0.0
San Cristóbal y Nieves,2007,1,False,0.0,0.0
San Cristóbal y Nieves,2007,2,False,0.0,0.0
San Cristóbal y Nieves,2007,3,False,0.0,0.0
San Cristóbal y Nieves,2007,4,False,0.0,0.0
San Cristóbal y Nieves,2008,1,False,0.0,0.0
San Cristóbal y Nieves,2008,2,False,0.0,0.0
San Cristóbal y Nieves,2008,3,False,0.0,0.0
San Cristóbal y Nieves,2008,4,False,0.0,0.0
San Cristóbal y Nieves,2009,1,False,0.0,0.0
San Cristóbal y Nieves,2009,2,False,0.0,0.0
San Cristóbal y Nieves,2009,3,False,0.0,0.0
San Cristóbal y Nieves,2009,4,False,0.0,0.0
San Cristóbal y Nieves,2010,1,False,0.0,0.0
San Cristóbal y Nieves,2010,2,False,0.0,0.0
San Cristóbal y Nieves,2010,3,False,0.0,0.0
San Cristóbal y Nieves,2010,4,False,0.0,0.0
San Cristóbal y Nieves,2011,1,False,0.0,0.0
San Cristóbal y Nieves,2011,2,False,0.0,0.0
San Cristóbal y Nieves,2011,3,False,0.0,0.0
San Cristóbal y Nieves,2011,4,False,0.0,0.0
San Cristóbal y Nieves,2012,1,False,0.0,0.0
San Cristóbal y Nieves,2012,2,False,0.0,0.0
San Cristóbal y Nieves,2012,3,False,0.0,0.0
San Cristóbal y Nieves,2012,4,False,0.0,0.0
San Cristóbal y Nieves,2013,1,False,0.0,0.0
San Cristóbal y Nieves,2013,2,False,0.0,0.0
San Cristóbal y Nieves,2013,3,False,0.0,0.0
San Cristóbal y Nieves,2013,4,False,0.0,0.0
San Cristóbal y Nieves,2014,1,False,0.0,0.0
San Cristóbal y Nieves,2014,2,False,0.0,0.0
San Cristóbal y Nieves,2014,3,False,0.0,0.0
San Cristóbal y Nieves,2014,4,False,0.0,0.0
San Cristóbal y Nieves,2015,1,False,0.0,0.0
San Cristóbal y Nieves,2015,2,False,0.0,0.0
San Cristóbal y Nieves,2015,3,False,0.0,0.0
San Cristóbal y Nieves,2015,4,False,0.0,0.0
San Cristóbal y Nieves,2016,1,False,0.0,0.0
San Cristóbal y Nieves,2016,2,False,0.0,0.0
San Cristóbal y Nieves,2016,3,False,0.0,0.0
San Cristóbal y Nieves,2016,4,False,0.0,0.0
San Cristóbal y Nieves,2017,1,False,0.0,0.0
San Cristóbal y Nieves,2017,2,False,0.0,0.0
San Cristóbal y Nieves,2017,3,False,0.0,0.0
San Cristóbal y Nieves,2017,4,False,0.0,0.0
San Cristóbal y Nieves,2018,1,False,0.0,0.0
San Cristóbal y Nieves,2018,2,False,0.0,0.0
San Cristóbal y Nieves,2018,3,False,0.0,0.0
San Cristóbal y Nieves,2018,4,False,0.0,0.0
San Cristóbal y Nieves,2019,1,False,0.0,0.0
San Cristóbal y Nieves,2019,2,False,0.0,0.0
San Cristóbal y Nieves,2019,3,False,0.0,0.0
San Cristóbal y Nieves,2019,4,False,0.0,0.0
San Cristóbal y Nieves,2020,1,False,0.0,0.0
San Cristóbal y Nieves,2020,2,False,0.0,0.0
San Cristóbal y Nieves,2020,3,False,0.0,0.0
San Cristóbal y Nieves,2020,4,False,0.0,0.0
San Cristóbal y Nieves,2021,1,False,0.0,0.0
San Cristóbal y Nieves,2021,2,True,,
San Cristóbal y Nieves,2021,3,True,,
San Cristóbal y Nieves,2021,4,True,,
San Cristóbal y Nieves,2022,1,True,,
San Cristóbal y Nieves,2022,2,False,1.90652509,
San Cristóbal y Nieves,2022,3,False,1.90652509,0.0
San Cristóbal y Nieves,2022,4,False,1.90652509,0.0
San Cristóbal y Nieves,2023,1,False,0.0,0.0
San Cristóbal y Nieves,2023,2,False,0.0,0.0
San Cristóbal y Nieves,2023,3,True,,
San Cristóbal y Nieves,2023,4,True,,
San Cristóbal y Nieves,2024,1,False,0.0,0.0
San Cristóbal y Nieves,2024,2,True,,
San Cristóbal y Nieves,2024,3,True,,
San Cristóbal y Nieves,2024,4,True,,
San Cristóbal y Nieves,2025,1,False,0.0,0.0
San Cristóbal y Nieves,2025,2,False,0.0,0.0
San Cristóbal y Nieves,2025,3,False,0.0,0.0
San Cristóbal y Nieves,2025,4,False,0.0,0.0
San Vicente y las Granadinas,2006,1,False,0.0,0.0
San Vicente y las Granadinas,2006,2,False,0.0,0.0
San Vicente y las Granadinas,2006,3,False,0.0,0.0
San Vicente y las Granadinas,2006,4,False,0.0,0.0
San Vicente y las Granadinas,2007,1,False,0.0,0.0
San Vicente y las Granadinas,2007,2,False,0.0,0.0
San Vicente y las Granadinas,2007,3,False,0.0,0.0
San Vicente y las Granadinas,2007,4,False,0.0,0.0
San Vicente y las Granadinas,2008,1,False,0.0,0.0
San Vicente y las Granadinas,2008,2,False,0.0,0.0
San Vicente y las Granadinas,2008,3,False,0.0,0.0
San Vicente y las Granadinas,2008,4,False,0.0,0.0
San Vicente y las Granadinas,2009,1,False,0.0,0.0
San Vicente y las Granadinas,2009,2,False,0.0,0.0
San Vicente y las Granadinas,2009,3,False,0.0,0.0
San Vicente y las Granadinas,2009,4,False,0.0,0.0
San Vicente y las Granadinas,2010,1,False,0.0,0.0
San Vicente y las Granadinas,2010,2,False,0.0,0.0
San Vicente y las Granadinas,2010,3,False,0.0,0.0
San Vicente y las Granadinas,2010,4,False,0.0,0.0
San Vicente y las Granadinas,2011,1,False,0.0,0.0
San Vicente y las Granadinas,2011,2,False,0.0,0.0
San Vicente y las Granadinas,2011,3,False,0.0,0.0
San Vicente y las Granadinas,2011,4,False,0.0,0.0
San Vicente y las Granadinas,2012,1,False,0.0,0.0
San Vicente y las Granadinas,2012,2,False,0.0,0.0
San Vicente y las Granadinas,2012,3,False,0.0,0.0
San Vicente y las Granadinas,2012,4,False,0.0,0.0
San Vicente y las Granadinas,2013,1,False,0.0,0.0
San Vicente y las Granadinas,2013,2,False,0.0,0.0
San Vicente y las Granadinas,2013,3,False,0.0,0.0
San Vicente y las Granadinas,2013,4,False,0.0,0.0
San Vicente y las Granadinas,2014,1,False,0.0,0.0
San Vicente y las Granadinas,2014,2,False,0.0,0.0
San Vicente y las Granadinas,2014,3,False,0.0,0.0
San Vicente y las Granadinas,2014,4,False,0.0,0.0
San Vicente y las Granadinas,2015,1,False,0.0,0.0
San Vicente y las Granadinas,2015,2,False,0.0,0.0
San Vicente y las Granadinas,2015,3,False,0.0,0.0
San Vicente y las Granadinas,2015,4,False,0.0,0.0
San Vicente y las Granadinas,2016,1,False,0.0,0.0
San Vicente y las Granadinas,2016,2,False,0.0,0.0
San Vicente y las Granadinas,2016,3,False,0.0,0.0
San Vicente y las Granadinas,2016,4,False,0.0,0.0
San Vicente y las Granadinas,2017,1,False,0.0,0.0
San Vicente y las Granadinas,2017,2,False,0.0,0.0
San Vicente y las Granadinas,2017,3,False,0.0,0.0
San Vicente y las Granadinas,2017,4,False,0.0,0.0
San Vicente y las Granadinas,2018,1,False,0.0,0.0
San Vicente y las Granadinas,2018,2,False,0.0,0.0
San Vicente y las Granadinas,2018,3,False,0.0,0.0
San Vicente y las Granadinas,2018,4,False,0.0,0.0
San Vicente y las Granadinas,2019,1,False,0.0,0.0
San Vicente y las Granadinas,2019,2,False,0.0,0.0
San Vicente y las Granadinas,2019,3,False,0.0,0.0
San Vicente y las Granadinas,2019,4,False,0.0,0.0
San Vicente y las Granadinas,2020,1,False,0.0,0.0
San Vicente y las Granadinas,2020,2,False,0.0,0.0
San Vicente y las Granadinas,2020,3,False,0.0,0.0
San Vicente y las Granadinas,2020,4,False,0.0,0.0
San Vicente y las Granadinas,2021,1,False,0.0,0.0
San Vicente y las Granadinas,2021,2,False,0.0,0.0
San Vicente y las Granadinas,2021,3,False,0.0,0.0
San Vicente y las Granadinas,2021,4,False,0.0,0.0
San Vicente y las Granadinas,2022,1,False,0.0,0.0
San Vicente y las Granadinas,2022,2,False,0.0,0.0
San Vicente y las Granadinas,2022,3,False,0.0,0.0
San Vicente y las Granadinas,2022,4,True,,
San Vicente y las Granadinas,2023,1,False,0.0,0.0
San Vicente y las Granadinas,2023,2,False,0.0,0.0
San Vicente y las Granadinas,2023,3,False,0.0,0.0
San Vicente y las Granadinas,2023,4,False,0.0,0.0
San Vicente y las Granadinas,2024,1,False,0.0,0.0
San Vicente y las Granadinas,2024,2,False,0.0,0.0
San Vicente y las Granadinas,2024,3,False,0.0,0.0
San Vicente y las Granadinas,2024,4,False,0.0,0.0
San Vicente y las Granadinas,2025,1,False,0.0,0.0
San Vicente y las Granadinas,2025,2,False,0.0,0.0
San Vicente y las Granadinas,2025,3,False,0.0,0.0
San Vicente y las Granadinas,2025,4,False,0.0,0.0
Santa Lucía,2006,1,False,0.0,0.0
Santa Lucía,2006,2,False,0.0,0.0
Santa Lucía,2006,3,False,0.0,0.0
Santa Lucía,2006,4,False,0.0,0.0
Santa Lucía,2007,1,False,0.0,0.0
Santa Lucía,2007,2,False,0.0,0.0
Santa Lucía,2007,3,False,0.0,0.0
Santa Lucía,2007,4,False,0.0,0.0
Santa Lucía,2008,1,False,0.0,0.0
Santa Lucía,2008,2,False,0.0,0.0
Santa Lucía,2008,3,False,0.0,0.0
Santa Lucía,2008,4,False,0.0,0.0
Santa Lucía,2009,1,False,0.0,0.0
Santa Lucía,2009,2,False,0.0,0.0
Santa Lucía,2009,3,False,0.0,0.0
Santa Lucía,2009,4,False,0.0,0.0
Santa Lucía,2010,1,False,0.0,0.0
Santa Lucía,2010,2,False,0.0,0.0
Santa Lucía,2010,3,False,0.0,0.0
Santa Lucía,2010,4,False,0.0,0.0
Santa Lucía,2011,1,False,0.0,0.0
Santa Lucía,2011,2,False,0.0,0.0
Santa Lucía,2011,3,False,0.0,0.0
Santa Lucía,2011,4,False,0.0,0.0
Santa Lucía,2012,1,False,0.0,0.0
Santa Lucía,2012,2,False,0.0,0.0
Santa Lucía,2012,3,False,0.0,0.0
Santa Lucía,2012,4,False,0.0,0.0
Santa Lucía,2013,1,False,0.0,0.0
Santa Lucía,2013,2,False,0.0,0.0
Santa Lucía,2013,3,False,0.0,0.0
Santa Lucía,2013,4,False,0.0,0.0
Santa Lucía,2014,1,False,0.0,0.0
Santa Lucía,2014,2,False,0.0,0.0
Santa Lucía,2014,3,False,0.0,0.0
Santa Lucía,2014,4,False,0.0,0.0
Santa Lucía,2015,1,False,0.0,0.0
Santa Lucía,2015,2,False,0.0,0.0
Santa Lucía,2015,3,False,0.0,0.0
Santa Lucía,2015,4,False,0.0,0.0
Santa Lucía,2016,1,False,0.0,0.0
Santa Lucía,2016,2,False,0.0,0.0
Santa Lucía,2016,3,False,0.0,0.0
Santa Lucía,2016,4,False,0.0,0.0
Santa Lucía,2017,1,False,0.0,0.0
Santa Lucía,2017,2,False,0.0,0.0
Santa Lucía,2017,3,False,0.0,0.0
Santa Lucía,2017,4,False,0.0,0.0
Santa Lucía,2018,1,False,0.0,0.0
Santa Lucía,2018,2,False,0.0,0.0
Santa Lucía,2018,3,False,0.0,0.0
Santa Lucía,2018,4,False,0.0,0.0
Santa Lucía,2019,1,False,0.0,0.0
Santa Lucía,2019,2,False,0.0,0.0
Santa Lucía,2019,3,False,0.0,0.0
Santa Lucía,2019,4,False,0.0,0.0
Santa Lucía,2020,1,False,0.0,0.0
Santa Lucía,2020,2,False,0.0,0.0
Santa Lucía,2020,3,False,0.0,0.0
Santa Lucía,2020,4,False,0.0,0.0
Santa Lucía,2021,1,False,0.0,0.0
Santa Lucía,2021,2,False,0.0,0.0
Santa Lucía,2021,3,False,0.0,0.0
Santa Lucía,2021,4,True,,
Santa Lucía,2022,1,False,0.0,0.0
Santa Lucía,2022,2,False,0.0,0.0
Santa Lucía,2022,3,False,0.0,0.0
Santa Lucía,2022,4,False,0.0,0.0
Santa Lucía,2023,1,False,0.0,0.0
Santa Lucía,2023,2,False,0.0,0.0
Santa Lucía,2023,3,False,0.0,0.0
Santa Lucía,2023,4,False,0.0,0.0
Santa Lucía,2024,1,False,0.0,0.0
Santa Lucía,2024,2,False,0.0,0.0
Santa Lucía,2024,3,False,0.0,0.0
Santa Lucía,2024,4,False,0.0,0.0
Santa Lucía,2025,1,False,0.0,0.0
Santa Lucía,2025,2,False,0.0,0.0
Santa Lucía,2025,3,False,0.0,0.0
Santa Lucía,2025,4,False,0.0,0.0
"Serbia, República de",2006,1,False,0.0,0.0
"Serbia, República de",2006,2,False,0.0,0.0
"Serbia, República de",2006,3,False,0.0,0.0
"Serbia, República de",2006,4,True,,
"Serbia, República de",2007,1,True,,
"Serbia, República de",2007,2,True,,
"Serbia, República de",2007,3,True,,
"Serbia, República de",2007,4,True,,
"Serbia, República de",2008,1,False,0.0,0.0
"Serbia, República de",2008,2,False,0.0,0.0
"Serbia, República de",2008,3,False,0.0,0.0
"Serbia, República de",2008,4,False,0.0,0.0
"Serbia, República de",2009,1,False,0.0,0.0
"Serbia, República de",2009,2,False,0.0,0.0
"Serbia, República de",2009,3,False,0.0,0.0
"Serbia, República de",2009,4,False,0.0,0.0
"Serbia, República de",2010,1,False,0.0,0.0
"Serbia, República de",2010,2,False,0.0,0.0
"Serbia, República de",2010,3,False,0.0,0.0
"Serbia, República de",2010,4,False,0.0,0.0
"Serbia, República de",2011,1,False,0.0,0.0
"Serbia, República de",2011,2,False,0.0,0.0
"Serbia, República de",2011,3,False,0.0,0.0
"Serbia, República de",2011,4,False,0.0,0.0
"Serbia, República de",2012,1,False,0.0,0.0
"Serbia, República de",2012,2,False,0.0,0.0
"Serbia, República de",2012,3,False,0.0,0.0
"Serbia, República de",2012,4,False,0.0,0.0
"Serbia, República de",2013,1,True,,
"Serbia, República de",2013,2,True,,
"Serbia, República de",2013,3,True,,
"Serbia, República de",2013,4,False,0.145412,
"Serbia, República de",2014,1,True,,
"Serbia, República de",2014,2,True,,
"Serbia, República de",2014,3,True,,
"Serbia, República de",2014,4,True,,
"Serbia, República de",2015,1,False,0.0,0.0
"Serbia, República de",2015,2,False,0.0,0.0
"Serbia, República de",2015,3,False,0.0,0.0
"Serbia, República de",2015,4,False,0.0,0.0
"Serbia, República de",2016,1,False,0.0,0.0
"Serbia, República de",2016,2,False,0.0,0.0
"Serbia, República de",2016,3,False,0.0,0.0
"Serbia, República de",2016,4,False,0.0,0.0
"Serbia, República de",2017,1,False,0.0,0.0
"Serbia, República de",2017,2,False,0.0,0.0
"Serbia, República de",2017,3,False,0.0,0.0
"Serbia, República de",2017,4,False,0.0,0.0
"Serbia, República de",2018,1,False,0.0,0.0
"Serbia, República de",2018,2,True,,
"Serbia, República de",2018,3,True,,
"Serbia, República de",2018,4,True,,
"Serbia, República de",2019,1,False,0.0,0.0
"Serbia, República de",2019,2,False,0.0,0.0
"Serbia, República de",2019,3,False,0.0,0.0
"Serbia, República de",2019,4,False,0.0,0.0
"Serbia, República de",2020,1,False,0.0,0.0
"Serbia, República de",2020,2,False,0.0,0.0
"Serbia, República de",2020,3,False,0.0,0.0
"Serbia, República de",2020,4,False,0.0,0.0
"Serbia, República de",2021,1,True,,
"Serbia, República de",2021,2,True,,
"Serbia, República de",2021,3,True,,
"Serbia, República de",2021,4,True,,
"Serbia, República de",2022,1,True,,
"Serbia, República de",2022,2,True,,
"Serbia, República de",2022,3,True,,
"Serbia, República de",2022,4,True,,
"Serbia, República de",2023,1,False,0.0,0.0
"Serbia, República de",2023,2,False,0.0,0.0
"Serbia, República de",2023,3,True,,
"Serbia, República de",2023,4,True,,
"Serbia, República de",2024,1,False,0.5560476,0.5560476
"Serbia, República de",2024,2,False,0.5560476,0.0
"Serbia, República de",2024,3,False,0.5560476,0.0
"Serbia, República de",2024,4,False,0.5560476,0.0
"Serbia, República de",2025,1,False,0.0,0.0
"Serbia, República de",2025,2,True,,
"Serbia, República de",2025,3,True,,
"Serbia, República de",2025,4,True,,
Singapur,2006,1,False,3.78647,3.78647
Singapur,2006,2,False,4.226578,0.44010799999999994
Singapur,2006,3,False,6.855798,2.62922
Singapur,2006,4,False,34.50466,27.648862
Singapur,2007,1,False,22.473955,22.473955
Singapur,2007,2,False,24.217786,1.7438310000000001
Singapur,2007,3,False,60.337506,36.11972
Singapur,2007,4,False,113.515957,53.178451
Singapur,2008,1,False,1.376448,1.376448
Singapur,2008,2,False,2.619611,1.243163
Singapur,2008,3,False,6.986073,4.366462
Singapur,2008,4,False,16.914514,9.928441
Singapur,2009,1,False,-8.505289,-8.505289
Singapur,2009,2,False,-0.947702,7.557587
Singapur,2009,3,False,22.849346,23.797048
Singapur,2009,4,False,24.444381,1.5950349999999993
Singapur,2010,1,False,13.113825,13.113825
Singapur,2010,2,False,27.859432,14.745607000000001
Singapur,2010,3,False,26.001938,-1.8574940000000026
Singapur,2010,4,False,20.61549033,-5.386447669999999
Singapur,2011,1,False,-3.08045272,-3.08045272
Singapur,2011,2,False,10.53652428,13.616977
Singapur,2011,3,False,10.36597528,-0.1705489999999994
Singapur,2011,4,False,65.30763628,54.941660999999996
Singapur,2012,1,False,12.740898,12.740898
Singapur,2012,2,False,17.353176,4.612278000000002
Singapur,2012,3,False,27.557054,10.203878
Singapur,2012,4,False,20.268198,-7.288855999999999
Singapur,2013,1,False,1.804682,1.804682
Singapur,2013,2,False,5.832925,4.028243000000001
Singapur,2013,3,False,10.612401,4.779476
Singapur,2013,4,False,15.659378,5.046977
Singapur,2014,1,False,3.57222193,3.57222193
Singapur,2014,2,False,3.90094693,0.32872499999999993
Singapur,2014,3,False,-19.13496307,-23.03591
Singapur,2014,4,False,-16.65313107,2.4818320000000007
Singapur,2015,1,False,3.356949,3.356949
Singapur,2015,2,False,0.6567465,-2.7002025
Singapur,2015,3,False,0.6567465,0.0
Singapur,2015,4,False,1.18183366,0.5250871599999999
Singapur,2016,1,True,,
Singapur,2016,2,True,,
Singapur,2016,3,False,12.56053388,
Singapur,2016,4,False,12.92518822,0.3646543400000013
Singapur,2017,1,True,,
Singapur,2017,2,False,4.36679079,
Singapur,2017,3,False,7.00235458,2.635563790000001
Singapur,2017,4,False,9.0560364,2.0536818199999995
Singapur,2018,1,False,-0.84997593,-0.84997593
Singapur,2018,2,False,14.53366121,15.38363714
Singapur,2018,3,False,7.33783879,-7.19582242
Singapur,2018,4,False,31.53463928,24.19680049
Singapur,2019,1,False,3.1601112,3.1601112
Singapur,2019,2,False,6.76102003,3.6009088300000003
Singapur,2019,3,False,12.04537469,5.284354659999999
Singapur,2019,4,False,12.86905684,0.8236821500000016
Singapur,2020,1,False,22.3740825,22.3740825
Singapur,2020,2,False,31.50989711,9.13581461
Singapur,2020,3,False,37.47962397,5.969726859999998
Singapur,2020,4,False,30.9184752,-6.561148769999999
Singapur,2021,1,False,3.84063865,3.84063865
Singapur,2021,2,False,1.70753471,-2.13310394
Singapur,2021,3,False,21.42999187,19.722457159999998
Singapur,2021,4,False,8.96328249,-12.46670938
Singapur,2022,1,False,-3.948996,-3.948996
Singapur,2022,2,False,4.11747907,8.06647507
Singapur,2022,3,False,6.02553497,1.9080559
Singapur,2022,4,False,3.06098522,-2.9645497499999998
Singapur,2023,1,False,3.52218738,3.52218738
Singapur,2023,2,False,20.25444352,16.732256139999997
Singapur,2023,3,False,30.65161179,10.397168270000002
Singapur,2023,4,False,25.19515275,-5.456459040000002
Singapur,2024,1,False,7.59073172,7.59073172
Singapur,2024,2,False,11.64545241,4.054720690000001
Singapur,2024,3,False,36.95139831,25.3059459
Singapur,2024,4,False,53.41721061,16.465812299999996
Singapur,2025,1,False,11.69802298,11.69802298
Singapur,2025,2,False,56.22932086,44.531297880000004
Singapur,2025,3,False,128.5231696,72.29384873999999
Singapur,2025,4,False,280.8030403,152.27987070000003
"Siria, República Árabe de",2006,1,True,,
"Siria, República Árabe de",2006,2,True,,
"Siria, República Árabe de",2006,3,True,,
"Siria, República Árabe de",2006,4,True,,
"Siria, República Árabe de",2007,1,True,,
"Siria, República Árabe de",2007,2,True,,
"Siria, República Árabe de",2007,3,True,,
"Siria, República Árabe de",2007,4,True,,
"Siria, República Árabe de",2008,1,False,0.0,0.0
"Siria, República Árabe de",2008,2,False,0.0,0.0
"Siria, República Árabe de",2008,3,True,,
"Siria, República Árabe de",2008,4,True,,
"Siria, República Árabe de",2009,1,False,0.0,0.0
"Siria, República Árabe de",2009,2,False,0.0,0.0
"Siria, República Árabe de",2009,3,False,0.0,0.0
"Siria, República Árabe de",2009,4,False,0.0,0.0
"Siria, República Árabe de",2010,1,False,0.0,0.0
"Siria, República Árabe de",2010,2,False,0.0,0.0
"Siria, República Árabe de",2010,3,False,0.0,0.0
"Siria, República Árabe de",2010,4,False,0.0,0.0
"Siria, República Árabe de",2011,1,False,0.0,0.0
"Siria, República Árabe de",2011,2,False,0.0,0.0
"Siria, República Árabe de",2011,3,False,0.0,0.0
"Siria, República Árabe de",2011,4,False,0.0,0.0
"Siria, República Árabe de",2012,1,False,0.0,0.0
"Siria, República Árabe de",2012,2,False,0.0,0.0
"Siria, República Árabe de",2012,3,False,0.0,0.0
"Siria, República Árabe de",2012,4,False,0.0,0.0
"Siria, República Árabe de",2013,1,False,0.0,0.0
"Siria, República Árabe de",2013,2,False,0.0,0.0
"Siria, República Árabe de",2013,3,False,0.0,0.0
"Siria, República Árabe de",2013,4,False,0.0,0.0
"Siria, República Árabe de",2014,1,False,0.0,0.0
"Siria, República Árabe de",2014,2,False,0.0,0.0
"Siria, República Árabe de",2014,3,False,0.0,0.0
"Siria, República Árabe de",2014,4,True,,
"Siria, República Árabe de",2015,1,False,0.0,0.0
"Siria, República Árabe de",2015,2,False,0.0,0.0
"Siria, República Árabe de",2015,3,False,0.0,0.0
"Siria, República Árabe de",2015,4,False,0.0,0.0
"Siria, República Árabe de",2016,1,False,0.0,0.0
"Siria, República Árabe de",2016,2,False,0.0,0.0
"Siria, República Árabe de",2016,3,False,0.0,0.0
"Siria, República Árabe de",2016,4,False,0.0,0.0
"Siria, República Árabe de",2017,1,False,0.0,0.0
"Siria, República Árabe de",2017,2,False,0.0,0.0
"Siria, República Árabe de",2017,3,False,0.0,0.0
"Siria, República Árabe de",2017,4,False,0.0,0.0
"Siria, República Árabe de",2018,1,False,0.0,0.0
"Siria, República Árabe de",2018,2,False,0.0,0.0
"Siria, República Árabe de",2018,3,True,,
"Siria, República Árabe de",2018,4,True,,
"Siria, República Árabe de",2019,1,False,0.0,0.0
"Siria, República Árabe de",2019,2,False,0.0,0.0
"Siria, República Árabe de",2019,3,False,0.0,0.0
"Siria, República Árabe de",2019,4,False,0.0,0.0
"Siria, República Árabe de",2020,1,False,0.0,0.0
"Siria, República Árabe de",2020,2,False,0.0,0.0
"Siria, República Árabe de",2020,3,False,0.0,0.0
"Siria, República Árabe de",2020,4,False,0.0,0.0
"Siria, República Árabe de",2021,1,False,0.0,0.0
"Siria, República Árabe de",2021,2,False,0.0,0.0
"Siria, República Árabe de",2021,3,False,0.0,0.0
"Siria, República Árabe de",2021,4,False,0.0,0.0
"Siria, República Árabe de",2022,1,False,0.0,0.0
"Siria, República Árabe de",2022,2,False,0.0,0.0
"Siria, República Árabe de",2022,3,False,0.0,0.0
"Siria, República Árabe de",2022,4,False,0.0,0.0
"Siria, República Árabe de",2023,1,False,0.0,0.0
"Siria, República Árabe de",2023,2,False,0.0,0.0
"Siria, República Árabe de",2023,3,False,0.0,0.0
"Siria, República Árabe de",2023,4,False,0.0,0.0
"Siria, República Árabe de",2024,1,False,0.0,0.0
"Siria, República Árabe de",2024,2,False,0.0,0.0
"Siria, República Árabe de",2024,3,False,0.0,0.0
"Siria, República Árabe de",2024,4,False,0.0,0.0
"Siria, República Árabe de",2025,1,False,0.0,0.0
"Siria, República Árabe de",2025,2,False,0.0,0.0
"Siria, República Árabe de",2025,3,True,,
"Siria, República Árabe de",2025,4,True,,
Sri Lanka,2006,1,False,0.0,0.0
Sri Lanka,2006,2,False,0.0,0.0
Sri Lanka,2006,3,False,0.0,0.0
Sri Lanka,2006,4,False,0.0,0.0
Sri Lanka,2007,1,False,0.0,0.0
Sri Lanka,2007,2,False,0.0,0.0
Sri Lanka,2007,3,False,0.0,0.0
Sri Lanka,2007,4,False,0.0,0.0
Sri Lanka,2008,1,False,0.0,0.0
Sri Lanka,2008,2,False,0.0,0.0
Sri Lanka,2008,3,False,0.0,0.0
Sri Lanka,2008,4,False,0.0,0.0
Sri Lanka,2009,1,False,0.0,0.0
Sri Lanka,2009,2,False,0.0,0.0
Sri Lanka,2009,3,False,0.0,0.0
Sri Lanka,2009,4,False,0.0,0.0
Sri Lanka,2010,1,False,0.0,0.0
Sri Lanka,2010,2,False,0.0,0.0
Sri Lanka,2010,3,False,0.0,0.0
Sri Lanka,2010,4,False,0.0,0.0
Sri Lanka,2011,1,False,0.0,0.0
Sri Lanka,2011,2,False,0.0,0.0
Sri Lanka,2011,3,False,0.0,0.0
Sri Lanka,2011,4,False,0.0,0.0
Sri Lanka,2012,1,False,0.0,0.0
Sri Lanka,2012,2,False,0.0,0.0
Sri Lanka,2012,3,False,0.0,0.0
Sri Lanka,2012,4,False,0.0,0.0
Sri Lanka,2013,1,False,0.0,0.0
Sri Lanka,2013,2,False,0.0,0.0
Sri Lanka,2013,3,False,0.0,0.0
Sri Lanka,2013,4,True,,
Sri Lanka,2014,1,False,0.0,0.0
Sri Lanka,2014,2,False,0.0,0.0
Sri Lanka,2014,3,False,0.0,0.0
Sri Lanka,2014,4,False,0.0,0.0
Sri Lanka,2015,1,False,0.0,0.0
Sri Lanka,2015,2,True,,
Sri Lanka,2015,3,True,,
Sri Lanka,2015,4,True,,
Sri Lanka,2016,1,False,0.0,0.0
Sri Lanka,2016,2,False,0.0,0.0
Sri Lanka,2016,3,False,0.0,0.0
Sri Lanka,2016,4,False,0.0,0.0
Sri Lanka,2017,1,False,0.0,0.0
Sri Lanka,2017,2,False,0.0,0.0
Sri Lanka,2017,3,False,0.0,0.0
Sri Lanka,2017,4,False,0.0,0.0
Sri Lanka,2018,1,False,0.0,0.0
Sri Lanka,2018,2,False,0.0,0.0
Sri Lanka,2018,3,False,0.0,0.0
Sri Lanka,2018,4,True,,
Sri Lanka,2019,1,False,0.0,0.0
Sri Lanka,2019,2,False,0.0,0.0
Sri Lanka,2019,3,False,0.0,0.0
Sri Lanka,2019,4,False,0.0,0.0
Sri Lanka,2020,1,False,0.0,0.0
Sri Lanka,2020,2,False,0.0,0.0
Sri Lanka,2020,3,False,0.0,0.0
Sri Lanka,2020,4,False,0.0,0.0
Sri Lanka,2021,1,False,0.0,0.0
Sri Lanka,2021,2,False,0.0,0.0
Sri Lanka,2021,3,False,0.0,0.0
Sri Lanka,2021,4,False,0.0,0.0
Sri Lanka,2022,1,True,,
Sri Lanka,2022,2,True,,
Sri Lanka,2022,3,True,,
Sri Lanka,2022,4,True,,
Sri Lanka,2023,1,False,0.0,0.0
Sri Lanka,2023,2,False,0.0,0.0
Sri Lanka,2023,3,False,0.0,0.0
Sri Lanka,2023,4,False,0.0,0.0
Sri Lanka,2024,1,False,0.0,0.0
Sri Lanka,2024,2,True,,
Sri Lanka,2024,3,True,,
Sri Lanka,2024,4,False,0.43000341,
Sri Lanka,2025,1,False,4.42442089,4.42442089
Sri Lanka,2025,2,False,4.42442089,0.0
Sri Lanka,2025,3,False,4.42442089,0.0
Sri Lanka,2025,4,False,4.42442089,0.0
Sudáfrica,2006,1,False,0.13482,0.13482
Sudáfrica,2006,2,False,-2.040779,-2.175599
Sudáfrica,2006,3,False,-2.03393,0.006849000000000327
Sudáfrica,2006,4,False,-1.925645,0.10828499999999974
Sudáfrica,2007,1,True,,
Sudáfrica,2007,2,False,-4.782409,
Sudáfrica,2007,3,False,-4.50665,0.27575900000000075
Sudáfrica,2007,4,False,-4.49965,0.006999999999999673
Sudáfrica,2008,1,True,,
Sudáfrica,2008,2,True,,
Sudáfrica,2008,3,False,2.790928,
Sudáfrica,2008,4,False,6.4461,3.6551720000000003
Sudáfrica,2009,1,True,,
Sudáfrica,2009,2,True,,
Sudáfrica,2009,3,False,-0.405007,
Sudáfrica,2009,4,False,20.257737,20.662744
Sudáfrica,2010,1,True,,
Sudáfrica,2010,2,True,,
Sudáfrica,2010,3,True,,
Sudáfrica,2010,4,False,2.362714,
Sudáfrica,2011,1,False,18.699571,18.699571
Sudáfrica,2011,2,False,-41.910379,-60.60995
Sudáfrica,2011,3,False,-9.757217,32.153161999999995
Sudáfrica,2011,4,False,262.287917,272.045134
Sudáfrica,2012,1,False,241.351584,241.351584
Sudáfrica,2012,2,False,353.983085,112.63150100000001
Sudáfrica,2012,3,False,151.138677,-202.84440800000002
Sudáfrica,2012,4,False,159.351068,8.212390999999997
Sudáfrica,2013,1,False,-9.408356,-9.408356
Sudáfrica,2013,2,False,-0.307531,9.100825
Sudáfrica,2013,3,False,40.288579,40.596109999999996
Sudáfrica,2013,4,False,116.084337,75.795758
Sudáfrica,2014,1,True,,
Sudáfrica,2014,2,True,,
Sudáfrica,2014,3,True,,
Sudáfrica,2014,4,False,4.756293,
Sudáfrica,2015,1,True,,
Sudáfrica,2015,2,False,0.01856132,
Sudáfrica,2015,3,False,2.99745632,2.978895
Sudáfrica,2015,4,False,2.99745632,0.0
Sudáfrica,2016,1,True,,
Sudáfrica,2016,2,True,,
Sudáfrica,2016,3,True,,
Sudáfrica,2016,4,True,,
Sudáfrica,2017,1,True,,
Sudáfrica,2017,2,True,,
Sudáfrica,2017,3,False,-5.40051847,
Sudáfrica,2017,4,False,-5.38379447,0.01672399999999996
Sudáfrica,2018,1,True,,
Sudáfrica,2018,2,False,0.19441038,
Sudáfrica,2018,3,False,0.20575438,0.011343999999999993
Sudáfrica,2018,4,False,0.30398326,0.09822887999999999
Sudáfrica,2019,1,True,,
Sudáfrica,2019,2,True,,
Sudáfrica,2019,3,True,,
Sudáfrica,2019,4,True,,
Sudáfrica,2020,1,True,,
Sudáfrica,2020,2,True,,
Sudáfrica,2020,3,False,-11.40413738,
Sudáfrica,2020,4,False,-11.39693716,0.007200219999999646
Sudáfrica,2021,1,True,,
Sudáfrica,2021,2,False,0.19687108,
Sudáfrica,2021,3,False,0.2164911,0.019620019999999988
Sudáfrica,2021,4,False,0.84791117,0.6314200700000001
Sudáfrica,2022,1,True,,
Sudáfrica,2022,2,False,0.69940725,
Sudáfrica,2022,3,False,0.73704119,0.03763393999999998
Sudáfrica,2022,4,False,0.91855789,0.18151669999999998
Sudáfrica,2023,1,False,0.29158916,0.29158916
Sudáfrica,2023,2,False,0.30076969,0.009180529999999965
Sudáfrica,2023,3,False,0.30868466,0.007914970000000021
Sudáfrica,2023,4,False,0.31783473,0.00915007000000001
Sudáfrica,2024,1,False,24.98712575,24.98712575
Sudáfrica,2024,2,False,-13.57301136,-38.56013711
Sudáfrica,2024,3,False,-16.17832401,-2.60531265
Sudáfrica,2024,4,False,-17.69305827,-1.5147342600000009
Sudáfrica,2025,1,True,,
Sudáfrica,2025,2,False,0.12724003,
Sudáfrica,2025,3,False,0.36466727,0.23742723999999998
Sudáfrica,2025,4,False,0.18229117,-0.18237609999999999
Sudán,2006,1,False,0.0,0.0
Sudán,2006,2,False,0.0,0.0
Sudán,2006,3,False,0.0,0.0
Sudán,2006,4,False,0.0,0.0
Sudán,2007,1,False,0.0,0.0
Sudán,2007,2,False,0.0,0.0
Sudán,2007,3,True,,
Sudán,2007,4,True,,
Sudán,2008,1,False,0.0,0.0
Sudán,2008,2,False,0.0,0.0
Sudán,2008,3,False,0.0,0.0
Sudán,2008,4,False,0.0,0.0
Sudán,2009,1,False,0.0,0.0
Sudán,2009,2,False,0.0,0.0
Sudán,2009,3,False,0.0,0.0
Sudán,2009,4,False,0.0,0.0
Sudán,2010,1,False,0.0,0.0
Sudán,2010,2,False,0.0,0.0
Sudán,2010,3,False,0.0,0.0
Sudán,2010,4,False,0.0,0.0
Sudán,2011,1,False,0.0,0.0
Sudán,2011,2,False,0.0,0.0
Sudán,2011,3,False,0.0,0.0
Sudán,2011,4,False,0.0,0.0
Sudán,2012,1,False,0.0,0.0
Sudán,2012,2,False,0.0,0.0
Sudán,2012,3,False,0.0,0.0
Sudán,2012,4,False,0.0,0.0
Sudán,2013,1,False,0.0,0.0
Sudán,2013,2,False,0.0,0.0
Sudán,2013,3,False,0.0,0.0
Sudán,2013,4,False,0.0,0.0
Sudán,2014,1,True,,
Sudán,2014,2,True,,
Sudán,2014,3,True,,
Sudán,2014,4,True,,
Sudán,2015,1,False,0.0,0.0
Sudán,2015,2,False,0.0,0.0
Sudán,2015,3,False,0.0,0.0
Sudán,2015,4,False,0.0,0.0
Sudán,2016,1,False,0.0,0.0
Sudán,2016,2,False,0.0,0.0
Sudán,2016,3,False,0.0,0.0
Sudán,2016,4,False,0.0,0.0
Sudán,2017,1,False,0.0,0.0
Sudán,2017,2,False,0.0,0.0
Sudán,2017,3,False,0.0,0.0
Sudán,2017,4,False,0.0,0.0
Sudán,2018,1,False,0.0,0.0
Sudán,2018,2,False,0.0,0.0
Sudán,2018,3,False,0.0,0.0
Sudán,2018,4,False,0.0,0.0
Sudán,2019,1,False,0.0,0.0
Sudán,2019,2,False,0.0,0.0
Sudán,2019,3,False,0.0,0.0
Sudán,2019,4,False,0.0,0.0
Sudán,2020,1,False,0.0,0.0
Sudán,2020,2,False,0.0,0.0
Sudán,2020,3,False,0.0,0.0
Sudán,2020,4,False,0.0,0.0
Sudán,2021,1,False,0.0,0.0
Sudán,2021,2,False,0.0,0.0
Sudán,2021,3,False,0.0,0.0
Sudán,2021,4,False,0.0,0.0
Sudán,2022,1,False,0.0,0.0
Sudán,2022,2,False,0.0,0.0
Sudán,2022,3,False,0.0,0.0
Sudán,2022,4,False,0.0,0.0
Sudán,2023,1,False,0.0,0.0
Sudán,2023,2,False,0.0,0.0
Sudán,2023,3,False,0.0,0.0
Sudán,2023,4,False,0.0,0.0
Sudán,2024,1,False,0.0,0.0
Sudán,2024,2,False,0.0,0.0
Sudán,2024,3,False,0.0,0.0
Sudán,2024,4,False,0.0,0.0
Sudán,2025,1,False,0.0,0.0
Sudán,2025,2,False,0.0,0.0
Sudán,2025,3,False,0.0,0.0
Sudán,2025,4,False,0.0,0.0
Suecia,2006,1,False,56.957422,56.957422
Suecia,2006,2,False,84.387066,27.429644000000003
Suecia,2006,3,False,93.827194,9.440128000000001
Suecia,2006,4,False,66.026219,-27.800975000000008
Suecia,2007,1,False,32.222668,32.222668
Suecia,2007,2,False,52.754005,20.531337
Suecia,2007,3,False,68.578222,15.824216999999997
Suecia,2007,4,False,112.260433,43.68221100000001
Suecia,2008,1,False,33.331696,33.331696
Suecia,2008,2,False,34.676422,1.3447260000000014
Suecia,2008,3,False,75.754674,41.07825199999999
Suecia,2008,4,False,195.251628,119.49695400000002
Suecia,2009,1,False,0.916139,0.916139
Suecia,2009,2,False,-6.814162,-7.730301
Suecia,2009,3,False,6.129495,12.943657
Suecia,2009,4,False,19.47668234,13.34718734
Suecia,2010,1,False,-57.743708,-57.743708
Suecia,2010,2,False,-41.08164751,16.662060489999995
Suecia,2010,3,False,-100.6493255,-59.56767799
Suecia,2010,4,False,-172.2955615,-71.64623599999999
Suecia,2011,1,False,48.18134742,48.18134742
Suecia,2011,2,False,63.08325442,14.901907000000001
Suecia,2011,3,False,65.38889742,2.3056430000000034
Suecia,2011,4,False,82.90002842,17.511130999999992
Suecia,2012,1,False,36.9775224,36.9775224
Suecia,2012,2,False,85.9481564,48.970634000000004
Suecia,2012,3,False,226.4455354,140.49737900000002
Suecia,2012,4,False,249.1854174,22.739881999999994
Suecia,2013,1,False,167.3095506,167.3095506
Suecia,2013,2,False,172.2780016,4.968451000000016
Suecia,2013,3,False,157.8439596,-14.434042000000005
Suecia,2013,4,False,211.1209256,53.27696599999999
Suecia,2014,1,False,-30.2966064,-30.2966064
Suecia,2014,2,False,-16.4019014,13.894705000000002
Suecia,2014,3,False,162.1460222,178.5479236
Suecia,2014,4,False,147.4941602,-14.651861999999994
Suecia,2015,1,False,-16.92563991,-16.92563991
Suecia,2015,2,False,4.18457404,21.110213950000002
Suecia,2015,3,False,17.21876904,13.034195
Suecia,2015,4,False,12.99391797,-4.2248510700000015
Suecia,2016,1,False,46.06994244,46.06994244
Suecia,2016,2,False,89.13774944,43.067806999999995
Suecia,2016,3,False,109.7527784,20.615028960000004
Suecia,2016,4,False,71.05667986,-38.696098539999994
Suecia,2017,1,False,72.14272693,72.14272693
Suecia,2017,2,False,66.07724694,-6.06547999
Suecia,2017,3,False,67.85220102,1.7749540800000005
Suecia,2017,4,False,53.91050409,-13.941696929999992
Suecia,2018,1,False,60.31754893,60.31754893
Suecia,2018,2,False,224.1013835,163.78383457
Suecia,2018,3,False,151.7958327,-72.30555079999999
Suecia,2018,4,False,176.101991,24.306158299999993
Suecia,2019,1,False,-7.63472113,-7.63472113
Suecia,2019,2,False,48.85548881,56.49020994
Suecia,2019,3,False,83.90261494,35.04712613000001
Suecia,2019,4,False,125.8026252,41.90001025999999
Suecia,2020,1,False,41.08992672,41.08992672
Suecia,2020,2,False,59.78790704,18.69798032
Suecia,2020,3,False,77.81199074,18.0240837
Suecia,2020,4,False,140.0943196,62.28232886000001
Suecia,2021,1,False,-69.82758322,-69.82758322
Suecia,2021,2,False,-112.8485343,-43.02095108
Suecia,2021,3,False,-109.6595825,3.188951799999998
Suecia,2021,4,False,-141.554558,-31.894975499999987
Suecia,2022,1,False,49.9972004,49.9972004
Suecia,2022,2,False,51.82551864,1.8283182400000015
Suecia,2022,3,False,100.397081,48.57156236
Suecia,2022,4,False,97.16181248,-3.2352685200000053
Suecia,2023,1,False,-8.21175704,-8.21175704
Suecia,2023,2,False,-7.85729949,0.35445755000000023
Suecia,2023,3,False,14.11016214,21.96746163
Suecia,2023,4,False,47.11073067,33.00056853
Suecia,2024,1,False,-1.63859429,-1.63859429
Suecia,2024,2,False,2.7097103,4.34830459
Suecia,2024,3,False,1.06347959,-1.6462307099999998
Suecia,2024,4,False,117.6642866,116.60080701
Suecia,2025,1,False,214.027058,214.027058
Suecia,2025,2,False,343.9513256,129.9242676
Suecia,2025,3,False,513.3962526,169.444927
Suecia,2025,4,False,439.2057025,-74.19055010000005
Suiza,2006,1,False,11.252104,11.252104
Suiza,2006,2,False,523.992957,512.740853
Suiza,2006,3,False,528.167202,4.174244999999928
Suiza,2006,4,False,586.310843,58.143641
Suiza,2007,1,False,-6.412362,-6.412362
Suiza,2007,2,False,305.55742,311.96978199999995
Suiza,2007,3,False,289.608326,-15.949094000000002
Suiza,2007,4,False,342.466547,52.858221000000015
Suiza,2008,1,False,8.731907,8.731907
Suiza,2008,2,False,317.517438,308.78553100000005
Suiza,2008,3,False,320.388442,2.871003999999971
Suiza,2008,4,False,320.219391,-0.1690510000000245
Suiza,2009,1,False,0.22082213,0.22082213
Suiza,2009,2,False,53.50607101,53.28524888
Suiza,2009,3,False,102.4442026,48.93813159
Suiza,2009,4,False,107.2094556,4.765253000000001
Suiza,2010,1,False,-47.293406,-47.293406
Suiza,2010,2,False,-169.1980208,-121.90461479999999
Suiza,2010,3,False,-193.2020039,-24.0039831
Suiza,2010,4,False,-164.3791419,28.822861999999986
Suiza,2011,1,False,73.5680509,73.5680509
Suiza,2011,2,False,240.230887,166.6628361
Suiza,2011,3,False,140.510748,-99.72013899999999
Suiza,2011,4,False,113.805634,-26.70511400000001
Suiza,2012,1,False,33.2046,33.2046
Suiza,2012,2,False,83.042414,49.837813999999995
Suiza,2012,3,False,127.05737,44.01495600000001
Suiza,2012,4,False,198.939896,71.882526
Suiza,2013,1,False,211.2101392,211.2101392
Suiza,2013,2,False,374.9245994,163.7144602
Suiza,2013,3,False,400.4357958,25.511196400000017
Suiza,2013,4,False,552.9898488,152.554053
Suiza,2014,1,False,50.04105941,50.04105941
Suiza,2014,2,False,85.73250593,35.69144652
Suiza,2014,3,False,185.4206891,99.68818317
Suiza,2014,4,False,357.9376028,172.51691369999998
Suiza,2015,1,False,16.77604846,16.77604846
Suiza,2015,2,False,318.128214,301.35216554
Suiza,2015,3,False,340.6217582,22.493544199999974
Suiza,2015,4,False,389.1536997,48.531941500000016
Suiza,2016,1,False,143.6673053,143.6673053
Suiza,2016,2,False,315.370873,171.7035677
Suiza,2016,3,False,418.8469687,103.47609569999997
Suiza,2016,4,False,336.351891,-82.49507769999997
Suiza,2017,1,False,240.6645911,240.6645911
Suiza,2017,2,False,226.3370989,-14.327492199999995
Suiza,2017,3,False,238.8545947,12.517495800000006
Suiza,2017,4,False,245.569826,6.715231299999999
Suiza,2018,1,False,181.070336,181.070336
Suiza,2018,2,False,525.4964257,344.42608970000003
Suiza,2018,3,False,612.4469463,86.9505206
Suiza,2018,4,False,612.2615352,-0.18541110000001026
Suiza,2019,1,False,579.3878289,579.3878289
Suiza,2019,2,False,606.568048,27.18021909999993
Suiza,2019,3,False,725.4146922,118.84664420000001
Suiza,2019,4,False,629.8002333,-95.61445890000005
Suiza,2020,1,False,672.1149118,672.1149118
Suiza,2020,2,False,750.5335025,78.4185907000001
Suiza,2020,3,False,605.9752324,-144.55827010000007
Suiza,2020,4,False,684.5051089,78.5298765
Suiza,2021,1,False,158.522758,158.522758
Suiza,2021,2,False,221.8144447,63.291686699999985
Suiza,2021,3,False,400.7700635,178.9556188
Suiza,2021,4,False,363.1637014,-37.60636210000001
Suiza,2022,1,False,161.4544046,161.4544046
Suiza,2022,2,False,155.9889556,-5.465449000000007
Suiza,2022,3,False,52.18002505,-103.80893055
Suiza,2022,4,False,78.28278619,26.10276114
Suiza,2023,1,False,558.023739,558.023739
Suiza,2023,2,False,559.5854986,1.561759600000073
Suiza,2023,3,False,585.2219785,25.636479899999927
Suiza,2023,4,False,633.9705591,48.74858059999997
Suiza,2024,1,False,817.1178979,817.1178979
Suiza,2024,2,False,456.5650011,-360.5528968
Suiza,2024,3,False,413.6612033,-42.90379780000001
Suiza,2024,4,False,484.9846394,71.32343609999998
Suiza,2025,1,False,528.7165642,528.7165642
Suiza,2025,2,False,640.9582507,112.24168650000001
Suiza,2025,3,False,1521.878673,880.9204222999999
Suiza,2025,4,False,2014.558469,492.6797960000001
Surinam,2006,1,False,0.0,0.0
Surinam,2006,2,False,0.0,0.0
Surinam,2006,3,False,0.0,0.0
Surinam,2006,4,False,0.0,0.0
Surinam,2007,1,True,,
Surinam,2007,2,True,,
Surinam,2007,3,True,,
Surinam,2007,4,True,,
Surinam,2008,1,False,0.0,0.0
Surinam,2008,2,False,0.0,0.0
Surinam,2008,3,False,0.0,0.0
Surinam,2008,4,False,0.0,0.0
Surinam,2009,1,False,0.0,0.0
Surinam,2009,2,False,0.0,0.0
Surinam,2009,3,False,0.0,0.0
Surinam,2009,4,False,0.0,0.0
Surinam,2010,1,False,0.0,0.0
Surinam,2010,2,False,0.0,0.0
Surinam,2010,3,False,0.0,0.0
Surinam,2010,4,False,0.0,0.0
Surinam,2011,1,False,0.0,0.0
Surinam,2011,2,False,0.0,0.0
Surinam,2011,3,False,0.0,0.0
Surinam,2011,4,False,0.0,0.0
Surinam,2012,1,False,0.0,0.0
Surinam,2012,2,False,0.0,0.0
Surinam,2012,3,False,0.0,0.0
Surinam,2012,4,False,0.0,0.0
Surinam,2013,1,False,0.0,0.0
Surinam,2013,2,False,0.0,0.0
Surinam,2013,3,False,0.0,0.0
Surinam,2013,4,False,0.0,0.0
Surinam,2014,1,False,0.0,0.0
Surinam,2014,2,False,0.0,0.0
Surinam,2014,3,False,0.0,0.0
Surinam,2014,4,False,0.0,0.0
Surinam,2015,1,False,0.0,0.0
Surinam,2015,2,False,0.0,0.0
Surinam,2015,3,False,0.0,0.0
Surinam,2015,4,False,0.0,0.0
Surinam,2016,1,False,0.0,0.0
Surinam,2016,2,False,0.0,0.0
Surinam,2016,3,False,0.0,0.0
Surinam,2016,4,False,0.0,0.0
Surinam,2017,1,False,0.0,0.0
Surinam,2017,2,False,0.0,0.0
Surinam,2017,3,False,0.0,0.0
Surinam,2017,4,False,0.0,0.0
Surinam,2018,1,False,0.0,0.0
Surinam,2018,2,False,0.0,0.0
Surinam,2018,3,False,0.0,0.0
Surinam,2018,4,False,0.0,0.0
Surinam,2019,1,False,0.0,0.0
Surinam,2019,2,False,0.0,0.0
Surinam,2019,3,False,0.0,0.0
Surinam,2019,4,False,0.0,0.0
Surinam,2020,1,False,0.0,0.0
Surinam,2020,2,False,0.0,0.0
Surinam,2020,3,False,0.0,0.0
Surinam,2020,4,False,0.0,0.0
Surinam,2021,1,False,0.0,0.0
Surinam,2021,2,False,0.0,0.0
Surinam,2021,3,False,0.0,0.0
Surinam,2021,4,False,0.0,0.0
Surinam,2022,1,False,0.0,0.0
Surinam,2022,2,False,0.0,0.0
Surinam,2022,3,False,0.0,0.0
Surinam,2022,4,False,0.0,0.0
Surinam,2023,1,False,0.0,0.0
Surinam,2023,2,False,0.0,0.0
Surinam,2023,3,False,0.0,0.0
Surinam,2023,4,False,0.0,0.0
Surinam,2024,1,False,0.0,0.0
Surinam,2024,2,False,0.0,0.0
Surinam,2024,3,False,0.0,0.0
Surinam,2024,4,False,0.0,0.0
Surinam,2025,1,False,0.0,0.0
Surinam,2025,2,False,0.0,0.0
Surinam,2025,3,False,0.0,0.0
Surinam,2025,4,False,0.0,0.0
Tailandia,2006,1,False,0.0,0.0
Tailandia,2006,2,True,,
Tailandia,2006,3,True,,
Tailandia,2006,4,True,,
Tailandia,2007,1,False,0.0,0.0
Tailandia,2007,2,True,,
Tailandia,2007,3,True,,
Tailandia,2007,4,True,,
Tailandia,2008,1,False,0.0,0.0
Tailandia,2008,2,False,0.0,0.0
Tailandia,2008,3,False,0.0,0.0
Tailandia,2008,4,False,194.00682,194.00682
Tailandia,2009,1,False,0.0,0.0
Tailandia,2009,2,False,489.783894,489.783894
Tailandia,2009,3,False,489.783894,0.0
Tailandia,2009,4,False,500.739309,10.955415000000016
Tailandia,2010,1,True,,
Tailandia,2010,2,True,,
Tailandia,2010,3,True,,
Tailandia,2010,4,True,,
Tailandia,2011,1,True,,
Tailandia,2011,2,True,,
Tailandia,2011,3,False,8.106143,
Tailandia,2011,4,False,97.560689,89.454546
Tailandia,2012,1,False,0.0,0.0
Tailandia,2012,2,False,0.0,0.0
Tailandia,2012,3,False,0.0,0.0
Tailandia,2012,4,False,0.0,0.0
Tailandia,2013,1,False,0.0,0.0
Tailandia,2013,2,False,0.0,0.0
Tailandia,2013,3,True,,
Tailandia,2013,4,True,,
Tailandia,2014,1,False,0.0,0.0
Tailandia,2014,2,False,0.0,0.0
Tailandia,2014,3,True,,
Tailandia,2014,4,True,,
Tailandia,2015,1,False,0.0,0.0
Tailandia,2015,2,False,0.0,0.0
Tailandia,2015,3,False,0.0,0.0
Tailandia,2015,4,True,,
Tailandia,2016,1,False,0.0,0.0
Tailandia,2016,2,False,0.0,0.0
Tailandia,2016,3,False,0.0,0.0
Tailandia,2016,4,True,,
Tailandia,2017,1,True,,
Tailandia,2017,2,False,22.60645581,
Tailandia,2017,3,False,22.60645581,0.0
Tailandia,2017,4,False,17.5911478,-5.015308009999998
Tailandia,2018,1,True,,
Tailandia,2018,2,True,,
Tailandia,2018,3,False,86.58848818,
Tailandia,2018,4,False,86.71398499,0.12549681000000135
Tailandia,2019,1,False,7.13767509,7.13767509
Tailandia,2019,2,False,40.2852661,33.14759101
Tailandia,2019,3,False,25.26619088,-15.019075220000001
Tailandia,2019,4,False,25.26619088,0.0
Tailandia,2020,1,False,18.18919173,18.18919173
Tailandia,2020,2,False,34.21883236,16.02964063
Tailandia,2020,3,False,20.81094275,-13.407889610000002
Tailandia,2020,4,False,16.33181006,-4.47913269
Tailandia,2021,1,False,44.24528154,44.24528154
Tailandia,2021,2,False,44.2207095,-0.02457204000000246
Tailandia,2021,3,False,66.35443708,22.13372758
Tailandia,2021,4,False,41.4265065,-24.927930579999995
Tailandia,2022,1,True,,
Tailandia,2022,2,False,71.73737141,
Tailandia,2022,3,False,64.51073421,-7.226637199999999
Tailandia,2022,4,False,74.95362874,10.442894530000004
Tailandia,2023,1,True,,
Tailandia,2023,2,False,84.46075251,
Tailandia,2023,3,False,88.64597893,4.185226419999992
Tailandia,2023,4,False,78.61131002,-10.034668909999994
Tailandia,2024,1,False,-20.39882743,-20.39882743
Tailandia,2024,2,False,-28.68432319,-8.28549576
Tailandia,2024,3,False,6.060875,34.74519819
Tailandia,2024,4,False,-12.75272678,-18.81360178
Tailandia,2025,1,True,,
Tailandia,2025,2,False,21.32715548,
Tailandia,2025,3,False,21.32715548,0.0
Tailandia,2025,4,False,-10.27104074,-31.59819622
Taiwán,2006,1,False,51.563008,51.563008
Taiwán,2006,2,False,164.78951,113.22650200000001
Taiwán,2006,3,False,274.489828,109.70031799999998
Taiwán,2006,4,False,274.42174,-0.06808799999998882
Taiwán,2007,1,False,7.788908,7.788908
Taiwán,2007,2,False,81.333744,73.54483599999999
Taiwán,2007,3,False,213.1872,131.853456
Taiwán,2007,4,False,43.431959,-169.75524099999998
Taiwán,2008,1,False,21.645023,21.645023
Taiwán,2008,2,False,47.364885,25.719862000000003
Taiwán,2008,3,False,89.726195,42.36131
Taiwán,2008,4,False,82.499545,-7.2266500000000065
Taiwán,2009,1,False,6.487386,6.487386
Taiwán,2009,2,False,104.5564873,98.0691013
Taiwán,2009,3,False,138.593775,34.03728769999999
Taiwán,2009,4,False,192.68169,54.08791500000001
Taiwán,2010,1,False,54.190302,54.190302
Taiwán,2010,2,False,80.606259,26.41595699999999
Taiwán,2010,3,False,115.600482,34.994223000000005
Taiwán,2010,4,False,195.85168,80.25119799999999
Taiwán,2011,1,False,19.2120736,19.2120736
Taiwán,2011,2,False,48.87062192,29.658548319999998
Taiwán,2011,3,False,69.06903592,20.198414000000007
Taiwán,2011,4,False,79.90303392,10.833997999999994
Taiwán,2012,1,False,20.91739302,20.91739302
Taiwán,2012,2,False,41.01927509,20.101882070000002
Taiwán,2012,3,False,81.74639709,40.727122
Taiwán,2012,4,False,133.4756571,51.729260010000004
Taiwán,2013,1,False,69.97898556,69.97898556
Taiwán,2013,2,False,118.100771,48.12178544
Taiwán,2013,3,False,140.3210854,22.220314399999992
Taiwán,2013,4,False,155.7744001,15.453314700000021
Taiwán,2014,1,False,49.66567513,49.66567513
Taiwán,2014,2,False,67.92247413,18.256799
Taiwán,2014,3,False,87.76011613,19.837642000000002
Taiwán,2014,4,False,103.5519214,15.791805269999998
Taiwán,2015,1,False,25.36525589,25.36525589
Taiwán,2015,2,False,34.07977848,8.714522590000001
Taiwán,2015,3,False,48.04038729,13.960608809999997
Taiwán,2015,4,False,54.82610157,6.7857142800000005
Taiwán,2016,1,False,25.51210482,25.51210482
Taiwán,2016,2,False,35.05585188,9.543747059999998
Taiwán,2016,3,False,38.3480887,3.2922368199999994
Taiwán,2016,4,False,59.83375879,21.48567009
Taiwán,2017,1,False,29.11783044,29.11783044
Taiwán,2017,2,False,32.92409712,3.8062666800000002
Taiwán,2017,3,False,-18.78398959,-51.70808671
Taiwán,2017,4,False,-35.40781291,-16.623823319999996
Taiwán,2018,1,False,3.72874993,3.72874993
Taiwán,2018,2,False,9.98223999,6.25349006
Taiwán,2018,3,False,-2.82803926,-12.81027925
Taiwán,2018,4,False,-61.82236851,-58.99432925
Taiwán,2019,1,False,22.17996826,22.17996826
Taiwán,2019,2,False,23.35209614,1.1721278800000015
Taiwán,2019,3,False,33.60870932,10.256613180000002
Taiwán,2019,4,False,81.32954766,47.72083834
Taiwán,2020,1,False,25.704535,25.704535
Taiwán,2020,2,False,37.45474372,11.750208720000003
Taiwán,2020,3,False,42.25389905,4.799155329999998
Taiwán,2020,4,False,68.11219041,25.858291359999996
Taiwán,2021,1,False,15.36295322,15.36295322
Taiwán,2021,2,False,40.40850428,25.04555106
Taiwán,2021,3,False,75.5109732,35.10246891999999
Taiwán,2021,4,False,285.5901969,210.07922370000003
Taiwán,2022,1,False,60.88527554,60.88527554
Taiwán,2022,2,False,76.75496053,15.869684990000003
Taiwán,2022,3,False,174.2080291,97.45306857
Taiwán,2022,4,False,196.0973997,21.889370600000007
Taiwán,2023,1,False,64.4114963,64.4114963
Taiwán,2023,2,False,57.86774746,-6.543748839999999
Taiwán,2023,3,False,60.55643563,2.688688170000006
Taiwán,2023,4,False,88.37767758,27.821241949999994
Taiwán,2024,1,False,13.06849856,13.06849856
Taiwán,2024,2,False,43.0754576,30.006959039999998
Taiwán,2024,3,False,47.86017055,4.784712949999999
Taiwán,2024,4,False,81.35204683,33.49187628000001
Taiwán,2025,1,False,19.73051895,19.73051895
Taiwán,2025,2,False,40.48657724,20.756058290000002
Taiwán,2025,3,False,-17.74733699,-58.23391423
Taiwán,2025,4,False,39.98316396,57.73050095
Total general,2006,1,False,7437.856436,7437.856436
Total general,2006,2,False,14072.16743,6634.3109939999995
Total general,2006,3,False,16418.89036,2346.7229300000017
Total general,2006,4,False,21236.85354,4817.963179999999
Total general,2007,1,False,10815.78141,10815.78141
Total general,2007,2,False,16953.41971,6137.638299999999
Total general,2007,3,False,24582.0733,7628.653590000002
Total general,2007,4,False,32394.03782,7811.964520000001
Total general,2008,1,False,8554.831515,8554.831515
Total general,2008,2,False,16931.58843,8376.756915
Total general,2008,3,False,22575.7258,5644.13737
Total general,2008,4,False,29521.41915,6945.693350000001
Total general,2009,1,False,6105.295414,6105.295414
Total general,2009,2,False,12199.78877,6094.493355999999
Total general,2009,3,False,14597.82536,2398.0365900000015
Total general,2009,4,False,17851.25998,3253.434619999998
Total general,2010,1,False,8722.791699,8722.791699
Total general,2010,2,False,18024.41308,9301.621380999999
Total general,2010,3,False,21966.4972,3942.084120000003
Total general,2010,4,False,27199.00238,5232.50518
Total general,2011,1,False,8431.22347,8431.22347
Total general,2011,2,False,15128.67303,6697.449559999999
Total general,2011,3,False,19478.5681,4349.8950700000005
Total general,2011,4,False,25632.57812,6154.010019999998
Total general,2012,1,False,7893.189099,7893.189099
Total general,2012,2,False,13515.32,5622.1309009999995
Total general,2012,3,False,19251.61605,5736.296050000001
Total general,2012,4,False,21769.8314,2518.2153499999986
Total general,2013,1,False,10571.57965,10571.57965
Total general,2013,2,False,31590.7256,21019.145950000002
Total general,2013,3,False,35769.53974,4178.814139999999
Total general,2013,4,False,48356.76385,12587.224110000003
Total general,2014,1,False,13828.00835,13828.00835
Total general,2014,2,False,19306.93016,5478.92181
Total general,2014,3,False,22529.05437,3222.1242100000018
Total general,2014,4,False,30351.50532,7822.450949999999
Total general,2015,1,False,12136.45616,12136.45616
Total general,2015,2,False,18793.30501,6656.84885
Total general,2015,3,False,28428.94887,9635.64386
Total general,2015,4,False,35945.17943,7516.230559999996
Total general,2016,1,False,12805.79588,12805.79588
Total general,2016,2,False,19016.441,6210.645119999999
Total general,2016,3,False,23336.53952,4320.09852
Total general,2016,4,False,31192.3144,7855.774880000001
Total general,2017,1,False,13781.54394,13781.54394
Total general,2017,2,False,20618.88588,6837.341940000002
Total general,2017,3,False,26980.38784,6361.501959999998
Total general,2017,4,False,34043.05263,7062.664789999999
Total general,2018,1,False,14075.43313,14075.43313
Total general,2018,2,False,23655.14907,9579.71594
Total general,2018,3,False,27788.67545,4133.526379999999
Total general,2018,4,False,34110.95585,6322.2804
Total general,2019,1,False,15213.11924,15213.11924
Total general,2019,2,False,21718.73892,6505.61968
Total general,2019,3,False,29937.43623,8218.69731
Total general,2019,4,False,34621.972,4684.535770000002
Total general,2020,1,False,16782.6262,16782.6262
Total general,2020,2,False,24160.26854,7377.642340000002
Total general,2020,3,False,25498.10811,1337.83957
Total general,2020,4,False,28280.20107,2782.092959999998
Total general,2021,1,False,16503.341,16503.341
Total general,2021,2,False,22430.73343,5927.39243
Total general,2021,3,False,28863.38704,6432.653610000001
Total general,2021,4,False,33847.70895,4984.321909999999
Total general,2022,1,False,22783.25914,22783.25914
Total general,2022,2,False,31165.29736,8382.038220000002
Total general,2022,3,False,34615.66942,3450.372059999998
Total general,2022,4,False,36420.48695,1804.8175300000003
Total general,2023,1,False,23658.91059,23658.91059
Total general,2023,2,False,32170.76056,8511.84997
Total general,2023,3,False,35214.3864,3043.6258400000042
Total general,2023,4,False,36477.61773,1263.231329999995
Total general,2024,1,False,27216.25856,27216.25856
Total general,2024,2,False,33698.35343,6482.094870000004
Total general,2024,3,False,36761.70618,3063.352749999998
Total general,2024,4,False,37939.26484,1177.5586600000024
Total general,2025,1,False,24412.60993,24412.60993
Total general,2025,2,False,38172.02681,13759.416880000004
Total general,2025,3,False,45908.43995,7736.413139999997
Total general,2025,4,False,40812.05763,-5096.382319999997
Trinidad y Tobago,2006,1,False,0.0,0.0
Trinidad y Tobago,2006,2,False,0.0,0.0
Trinidad y Tobago,2006,3,False,0.0,0.0
Trinidad y Tobago,2006,4,False,0.0,0.0
Trinidad y Tobago,2007,1,False,0.0,0.0
Trinidad y Tobago,2007,2,False,0.0,0.0
Trinidad y Tobago,2007,3,False,0.0,0.0
Trinidad y Tobago,2007,4,False,0.0,0.0
Trinidad y Tobago,2008,1,False,0.0,0.0
Trinidad y Tobago,2008,2,False,0.0,0.0
Trinidad y Tobago,2008,3,True,,
Trinidad y Tobago,2008,4,True,,
Trinidad y Tobago,2009,1,False,0.0,0.0
Trinidad y Tobago,2009,2,False,0.0,0.0
Trinidad y Tobago,2009,3,False,0.0,0.0
Trinidad y Tobago,2009,4,False,0.0,0.0
Trinidad y Tobago,2010,1,False,0.0,0.0
Trinidad y Tobago,2010,2,False,0.0,0.0
Trinidad y Tobago,2010,3,False,0.0,0.0
Trinidad y Tobago,2010,4,True,,
Trinidad y Tobago,2011,1,False,0.0,0.0
Trinidad y Tobago,2011,2,False,0.0,0.0
Trinidad y Tobago,2011,3,False,0.0,0.0
Trinidad y Tobago,2011,4,False,0.0,0.0
Trinidad y Tobago,2012,1,False,0.0,0.0
Trinidad y Tobago,2012,2,False,0.0,0.0
Trinidad y Tobago,2012,3,False,0.0,0.0
Trinidad y Tobago,2012,4,False,0.0,0.0
Trinidad y Tobago,2013,1,False,0.0,0.0
Trinidad y Tobago,2013,2,False,0.0,0.0
Trinidad y Tobago,2013,3,False,0.0,0.0
Trinidad y Tobago,2013,4,True,,
Trinidad y Tobago,2014,1,False,0.0,0.0
Trinidad y Tobago,2014,2,False,0.0,0.0
Trinidad y Tobago,2014,3,False,0.0,0.0
Trinidad y Tobago,2014,4,False,0.0,0.0
Trinidad y Tobago,2015,1,False,0.0,0.0
Trinidad y Tobago,2015,2,False,0.0,0.0
Trinidad y Tobago,2015,3,False,0.0,0.0
Trinidad y Tobago,2015,4,False,0.0,0.0
Trinidad y Tobago,2016,1,False,0.0,0.0
Trinidad y Tobago,2016,2,False,0.0,0.0
Trinidad y Tobago,2016,3,False,0.0,0.0
Trinidad y Tobago,2016,4,False,0.0,0.0
Trinidad y Tobago,2017,1,False,0.0,0.0
Trinidad y Tobago,2017,2,False,0.0,0.0
Trinidad y Tobago,2017,3,False,0.0,0.0
Trinidad y Tobago,2017,4,True,,
Trinidad y Tobago,2018,1,False,0.0,0.0
Trinidad y Tobago,2018,2,False,0.0,0.0
Trinidad y Tobago,2018,3,False,0.0,0.0
Trinidad y Tobago,2018,4,False,0.0,0.0
Trinidad y Tobago,2019,1,True,,
Trinidad y Tobago,2019,2,False,0.1132334,
Trinidad y Tobago,2019,3,False,0.12852447,0.015291070000000004
Trinidad y Tobago,2019,4,False,0.12852447,0.0
Trinidad y Tobago,2020,1,False,0.0,0.0
Trinidad y Tobago,2020,2,False,0.0,0.0
Trinidad y Tobago,2020,3,False,0.0,0.0
Trinidad y Tobago,2020,4,True,,
Trinidad y Tobago,2021,1,False,0.0,0.0
Trinidad y Tobago,2021,2,False,0.0,0.0
Trinidad y Tobago,2021,3,True,,
Trinidad y Tobago,2021,4,True,,
Trinidad y Tobago,2022,1,True,,
Trinidad y Tobago,2022,2,True,,
Trinidad y Tobago,2022,3,True,,
Trinidad y Tobago,2022,4,True,,
Trinidad y Tobago,2023,1,False,0.0,0.0
Trinidad y Tobago,2023,2,False,0.0,0.0
Trinidad y Tobago,2023,3,False,0.0,0.0
Trinidad y Tobago,2023,4,False,0.0,0.0
Trinidad y Tobago,2024,1,False,0.0,0.0
Trinidad y Tobago,2024,2,False,0.0,0.0
Trinidad y Tobago,2024,3,False,0.0,0.0
Trinidad y Tobago,2024,4,False,0.0,0.0
Trinidad y Tobago,2025,1,True,,
Trinidad y Tobago,2025,2,True,,
Trinidad y Tobago,2025,3,True,,
Trinidad y Tobago,2025,4,True,,
Turquía,2006,1,False,0.009539,0.009539
Turquía,2006,2,False,0.014059,0.00452
Turquía,2006,3,False,0.018606,0.004547000000000001
Turquía,2006,4,False,-0.38269,-0.401296
Turquía,2007,1,False,0.0,0.0
Turquía,2007,2,True,,
Turquía,2007,3,False,0.069792,
Turquía,2007,4,False,0.069792,0.0
Turquía,2008,1,True,,
Turquía,2008,2,False,0.014088,
Turquía,2008,3,False,0.039264,0.025176
Turquía,2008,4,False,0.04093,0.0016660000000000008
Turquía,2009,1,True,,
Turquía,2009,2,True,,
Turquía,2009,3,True,,
Turquía,2009,4,True,,
Turquía,2010,1,True,,
Turquía,2010,2,True,,
Turquía,2010,3,True,,
Turquía,2010,4,True,,
Turquía,2011,1,True,,
Turquía,2011,2,True,,
Turquía,2011,3,False,-0.019755,
Turquía,2011,4,False,-0.016393,0.0033620000000000004
Turquía,2012,1,True,,
Turquía,2012,2,False,0.35929186,
Turquía,2012,3,False,1.25850886,0.899217
Turquía,2012,4,False,1.61216986,0.353661
Turquía,2013,1,False,0.0,0.0
Turquía,2013,2,True,,
Turquía,2013,3,False,1.63459459,
Turquía,2013,4,False,1.63459459,0.0
Turquía,2014,1,False,0.0,0.0
Turquía,2014,2,True,,
Turquía,2014,3,True,,
Turquía,2014,4,True,,
Turquía,2015,1,False,0.0,0.0
Turquía,2015,2,True,,
Turquía,2015,3,True,,
Turquía,2015,4,True,,
Turquía,2016,1,False,0.0,0.0
Turquía,2016,2,False,0.0,0.0
Turquía,2016,3,True,,
Turquía,2016,4,True,,
Turquía,2017,1,True,,
Turquía,2017,2,False,0.23352627,
Turquía,2017,3,False,0.23541162,0.00188534999999998
Turquía,2017,4,False,1.91489983,1.67948821
Turquía,2018,1,False,0.0,0.0
Turquía,2018,2,False,0.0,0.0
Turquía,2018,3,True,,
Turquía,2018,4,True,,
Turquía,2019,1,False,0.51710135,0.51710135
Turquía,2019,2,False,0.1991871,-0.31791425
Turquía,2019,3,False,0.27592006,0.07673296000000002
Turquía,2019,4,False,0.27867016,0.0027500999999999776
Turquía,2020,1,False,0.0,0.0
Turquía,2020,2,False,0.0,0.0
Turquía,2020,3,True,,
Turquía,2020,4,False,0.12760681,
Turquía,2021,1,True,,
Turquía,2021,2,False,0.07702387,
Turquía,2021,3,False,0.16542972,0.08840585000000001
Turquía,2021,4,False,0.29307329,0.12764356999999998
Turquía,2022,1,False,-4.25004359,-4.25004359
Turquía,2022,2,False,-6.10340287,-1.8533592800000003
Turquía,2022,3,False,3.53121293,9.6346158
Turquía,2022,4,False,-2.48128156,-6.01249449
Turquía,2023,1,False,-5.06406094,-5.06406094
Turquía,2023,2,False,-8.79515403,-3.731093090000001
Turquía,2023,3,False,-8.6954363,0.09971773000000006
Turquía,2023,4,False,-5.29430409,3.401132210000001
Turquía,2024,1,False,1.05080962,1.05080962
Turquía,2024,2,False,-0.45120674,-1.50201636
Turquía,2024,3,False,-0.42391201,0.02729472999999999
Turquía,2024,4,False,-0.42391201,0.0
Turquía,2025,1,False,0.27176129,0.27176129
Turquía,2025,2,False,1.09579402,0.8240327300000001
Turquía,2025,3,False,1.15180868,0.056014659999999994
Turquía,2025,4,False,1.33836195,0.18655326999999988
Túnez,2006,1,False,0.0,0.0
Túnez,2006,2,False,0.0,0.0
Túnez,2006,3,False,0.0,0.0
Túnez,2006,4,False,0.0,0.0
Túnez,2007,1,False,0.0,0.0
Túnez,2007,2,False,0.0,0.0
Túnez,2007,3,False,0.0,0.0
Túnez,2007,4,False,0.0,0.0
Túnez,2008,1,False,0.0,0.0
Túnez,2008,2,False,0.0,0.0
Túnez,2008,3,False,0.0,0.0
Túnez,2008,4,False,0.0,0.0
Túnez,2009,1,False,0.0,0.0
Túnez,2009,2,False,0.0,0.0
Túnez,2009,3,False,0.0,0.0
Túnez,2009,4,False,0.0,0.0
Túnez,2010,1,False,0.0,0.0
Túnez,2010,2,True,,
Túnez,2010,3,True,,
Túnez,2010,4,True,,
Túnez,2011,1,False,0.0,0.0
Túnez,2011,2,False,0.0,0.0
Túnez,2011,3,False,0.0,0.0
Túnez,2011,4,False,0.0,0.0
Túnez,2012,1,False,0.0,0.0
Túnez,2012,2,False,0.0,0.0
Túnez,2012,3,True,,
Túnez,2012,4,True,,
Túnez,2013,1,False,0.0,0.0
Túnez,2013,2,False,0.0,0.0
Túnez,2013,3,False,0.0,0.0
Túnez,2013,4,False,0.0,0.0
Túnez,2014,1,False,0.0,0.0
Túnez,2014,2,False,0.0,0.0
Túnez,2014,3,False,0.0,0.0
Túnez,2014,4,False,0.0,0.0
Túnez,2015,1,False,0.0,0.0
Túnez,2015,2,True,,
Túnez,2015,3,True,,
Túnez,2015,4,True,,
Túnez,2016,1,False,0.0,0.0
Túnez,2016,2,False,0.0,0.0
Túnez,2016,3,False,0.0,0.0
Túnez,2016,4,False,0.0,0.0
Túnez,2017,1,False,0.0,0.0
Túnez,2017,2,False,0.0,0.0
Túnez,2017,3,False,0.0,0.0
Túnez,2017,4,False,0.0,0.0
Túnez,2018,1,False,0.0,0.0
Túnez,2018,2,False,0.0,0.0
Túnez,2018,3,False,0.0,0.0
Túnez,2018,4,False,0.0,0.0
Túnez,2019,1,False,0.0,0.0
Túnez,2019,2,False,0.0,0.0
Túnez,2019,3,False,0.0,0.0
Túnez,2019,4,False,0.0,0.0
Túnez,2020,1,False,0.0,0.0
Túnez,2020,2,False,0.0,0.0
Túnez,2020,3,False,0.0,0.0
Túnez,2020,4,False,0.0,0.0
Túnez,2021,1,False,0.0,0.0
Túnez,2021,2,False,0.0,0.0
Túnez,2021,3,True,,
Túnez,2021,4,True,,
Túnez,2022,1,False,0.0,0.0
Túnez,2022,2,False,0.0,0.0
Túnez,2022,3,False,0.0,0.0
Túnez,2022,4,False,0.0,0.0
Túnez,2023,1,True,,
Túnez,2023,2,True,,
Túnez,2023,3,True,,
Túnez,2023,4,True,,
Túnez,2024,1,False,0.0,0.0
Túnez,2024,2,False,0.0,0.0
Túnez,2024,3,False,0.0,0.0
Túnez,2024,4,False,0.0,0.0
Túnez,2025,1,False,0.0,0.0
Túnez,2025,2,False,0.0,0.0
Túnez,2025,3,False,0.0,0.0
Túnez,2025,4,False,0.0,0.0
Ucrania,2006,1,False,0.0,0.0
Ucrania,2006,2,False,0.0,0.0
Ucrania,2006,3,False,0.0,0.0
Ucrania,2006,4,True,,
Ucrania,2007,1,True,,
Ucrania,2007,2,True,,
Ucrania,2007,3,False,0.051103,
Ucrania,2007,4,False,0.218531,0.167428
Ucrania,2008,1,False,0.0,0.0
Ucrania,2008,2,False,0.0,0.0
Ucrania,2008,3,True,,
Ucrania,2008,4,True,,
Ucrania,2009,1,False,0.0,0.0
Ucrania,2009,2,False,0.0,0.0
Ucrania,2009,3,False,0.0,0.0
Ucrania,2009,4,True,,
Ucrania,2010,1,False,0.0,0.0
Ucrania,2010,2,False,0.0,0.0
Ucrania,2010,3,False,0.0,0.0
Ucrania,2010,4,False,0.0,0.0
Ucrania,2011,1,False,0.0,0.0
Ucrania,2011,2,False,0.0,0.0
Ucrania,2011,3,False,0.0,0.0
Ucrania,2011,4,False,0.0,0.0
Ucrania,2012,1,True,,
Ucrania,2012,2,True,,
Ucrania,2012,3,True,,
Ucrania,2012,4,True,,
Ucrania,2013,1,False,0.0,0.0
Ucrania,2013,2,True,,
Ucrania,2013,3,True,,
Ucrania,2013,4,True,,
Ucrania,2014,1,False,0.0,0.0
Ucrania,2014,2,True,,
Ucrania,2014,3,True,,
Ucrania,2014,4,False,0.048785,
Ucrania,2015,1,True,,
Ucrania,2015,2,False,0.501648,
Ucrania,2015,3,False,0.634661,0.13301300000000005
Ucrania,2015,4,False,0.634661,0.0
Ucrania,2016,1,False,0.0,0.0
Ucrania,2016,2,True,,
Ucrania,2016,3,False,0.32755546,
Ucrania,2016,4,False,0.32755546,0.0
Ucrania,2017,1,True,,
Ucrania,2017,2,False,0.48305829,
Ucrania,2017,3,False,0.68906168,0.20600339
Ucrania,2017,4,False,0.6917019,0.002640219999999971
Ucrania,2018,1,False,0.0,0.0
Ucrania,2018,2,True,,
Ucrania,2018,3,True,,
Ucrania,2018,4,False,0.23210087,
Ucrania,2019,1,False,0.0,0.0
Ucrania,2019,2,False,0.73866294,0.73866294
Ucrania,2019,3,False,0.73866294,0.0
Ucrania,2019,4,False,0.73866294,0.0
Ucrania,2020,1,True,,
Ucrania,2020,2,True,,
Ucrania,2020,3,True,,
Ucrania,2020,4,False,0.09992355,
Ucrania,2021,1,False,0.0,0.0
Ucrania,2021,2,True,,
Ucrania,2021,3,False,0.32945324,
Ucrania,2021,4,False,0.39212213,0.06266889000000003
Ucrania,2022,1,False,0.73495628,0.73495628
Ucrania,2022,2,False,1.26035457,0.52539829
Ucrania,2022,3,False,1.65296085,0.39260627999999986
Ucrania,2022,4,False,1.9570898,0.3041289500000002
Ucrania,2023,1,True,,
Ucrania,2023,2,False,1.00141403,
Ucrania,2023,3,False,1.59813519,0.59672116
Ucrania,2023,4,False,1.59813519,0.0
Ucrania,2024,1,True,,
Ucrania,2024,2,False,0.73627322,
Ucrania,2024,3,False,1.71596827,0.9796950500000001
Ucrania,2024,4,False,1.86353266,0.14756438999999988
Ucrania,2025,1,True,,
Ucrania,2025,2,False,0.73902734,
Ucrania,2025,3,False,0.8326913,0.09366395999999999
Ucrania,2025,4,False,0.84901779,0.01632648999999997
Uruguay,2006,1,False,0.080589,0.080589
Uruguay,2006,2,False,1.225581,1.144992
Uruguay,2006,3,False,1.516505,0.29092399999999996
Uruguay,2006,4,False,0.311787,-1.204718
Uruguay,2007,1,False,-0.418833,-0.418833
Uruguay,2007,2,False,-0.610099,-0.19126599999999994
Uruguay,2007,3,False,-0.602688,0.007410999999999945
Uruguay,2007,4,False,0.805094,1.407782
Uruguay,2008,1,False,0.504704,0.504704
Uruguay,2008,2,False,5.08895,4.584245999999999
Uruguay,2008,3,False,5.116575,0.027625000000000455
Uruguay,2008,4,False,6.136811,1.0202359999999997
Uruguay,2009,1,False,0.05772,0.05772
Uruguay,2009,2,False,0.273885,0.216165
Uruguay,2009,3,False,0.287383,0.01349800000000001
Uruguay,2009,4,False,0.306391,0.019008000000000025
Uruguay,2010,1,False,0.079252,0.079252
Uruguay,2010,2,False,-1.56676625,-1.64601825
Uruguay,2010,3,False,-1.52825525,0.03851099999999996
Uruguay,2010,4,False,5.39481796,6.92307321
Uruguay,2011,1,False,0.14585898,0.14585898
Uruguay,2011,2,False,14.26791398,14.122055
Uruguay,2011,3,False,16.97577453,2.7078605499999995
Uruguay,2011,4,False,50.28892353,33.313148999999996
Uruguay,2012,1,False,0.51395,0.51395
Uruguay,2012,2,False,20.056992,19.543042
Uruguay,2012,3,False,73.1201243,53.0631323
Uruguay,2012,4,False,93.9813857,20.861261400000004
Uruguay,2013,1,False,7.259735,7.259735
Uruguay,2013,2,False,12.47628694,5.2165519399999996
Uruguay,2013,3,False,16.30796553,3.831678590000001
Uruguay,2013,4,False,34.79837653,18.490410999999998
Uruguay,2014,1,False,0.01149659,0.01149659
Uruguay,2014,2,False,0.14256359,0.131067
Uruguay,2014,3,False,4.28475959,4.142196
Uruguay,2014,4,False,28.08554386,23.80078427
Uruguay,2015,1,False,1.0370524,1.0370524
Uruguay,2015,2,False,0.9203594,-0.11669300000000005
Uruguay,2015,3,False,17.83876484,16.91840544
Uruguay,2015,4,False,37.26649804,19.427733200000002
Uruguay,2016,1,False,20.219184,20.219184
Uruguay,2016,2,False,18.07256258,-2.146621419999999
Uruguay,2016,3,False,18.74995276,0.6773901799999997
Uruguay,2016,4,False,19.73672532,0.9867725600000021
Uruguay,2017,1,False,36.89055036,36.89055036
Uruguay,2017,2,False,14.10413074,-22.786419619999997
Uruguay,2017,3,False,14.1044113,0.0002805600000002073
Uruguay,2017,4,False,9.24121215,-4.86319915
Uruguay,2018,1,False,24.71008349,24.71008349
Uruguay,2018,2,False,31.55941658,6.849333090000002
Uruguay,2018,3,False,33.1863871,1.6269705199999969
Uruguay,2018,4,False,50.63833853,17.45195143
Uruguay,2019,1,False,33.30234521,33.30234521
Uruguay,2019,2,False,35.13487432,1.832529110000003
Uruguay,2019,3,False,34.22848277,-0.9063915500000022
Uruguay,2019,4,False,29.68802141,-4.540461359999998
Uruguay,2020,1,False,19.3735775,19.3735775
Uruguay,2020,2,False,19.43794855,0.06437105000000187
Uruguay,2020,3,False,19.51389414,0.0759455899999999
Uruguay,2020,4,False,20.80076434,1.2868701999999992
Uruguay,2021,1,True,,
Uruguay,2021,2,False,33.71770696,
Uruguay,2021,3,False,29.8531097,-3.86459726
Uruguay,2021,4,False,34.34987347,4.496763769999998
Uruguay,2022,1,False,27.20475961,27.20475961
Uruguay,2022,2,False,28.26703309,1.0622734800000018
Uruguay,2022,3,False,26.63623597,-1.6307971200000004
Uruguay,2022,4,False,28.95845696,2.322220989999998
Uruguay,2023,1,False,64.76623317,64.76623317
Uruguay,2023,2,False,56.1615918,-8.60464137000001
Uruguay,2023,3,False,58.79586656,2.634274760000004
Uruguay,2023,4,False,60.53061137,1.7347448100000022
Uruguay,2024,1,False,1.33565251,1.33565251
Uruguay,2024,2,False,51.86129719,50.52564468
Uruguay,2024,3,False,44.623818,-7.237479190000002
Uruguay,2024,4,False,46.55631688,1.9324988799999971
Uruguay,2025,1,False,27.87343105,27.87343105
Uruguay,2025,2,False,32.67541431,4.80198326
Uruguay,2025,3,False,35.6330634,2.9576490899999968
Uruguay,2025,4,False,36.60066399,0.9676005900000035
Vanuatu,2006,1,False,0.0,0.0
Vanuatu,2006,2,False,0.0,0.0
Vanuatu,2006,3,False,0.0,0.0
Vanuatu,2006,4,False,0.0,0.0
Vanuatu,2007,1,False,0.0,0.0
Vanuatu,2007,2,False,0.0,0.0
Vanuatu,2007,3,False,0.0,0.0
Vanuatu,2007,4,False,0.0,0.0
Vanuatu,2008,1,False,0.0,0.0
Vanuatu,2008,2,False,0.0,0.0
Vanuatu,2008,3,False,0.0,0.0
Vanuatu,2008,4,False,0.0,0.0
Vanuatu,2009,1,False,0.0,0.0
Vanuatu,2009,2,False,0.0,0.0
Vanuatu,2009,3,False,0.0,0.0
Vanuatu,2009,4,False,0.0,0.0
Vanuatu,2010,1,False,0.0,0.0
Vanuatu,2010,2,False,0.0,0.0
Vanuatu,2010,3,False,0.0,0.0
Vanuatu,2010,4,False,0.0,0.0
Vanuatu,2011,1,False,0.0,0.0
Vanuatu,2011,2,False,0.0,0.0
Vanuatu,2011,3,False,0.0,0.0
Vanuatu,2011,4,False,0.0,0.0
Vanuatu,2012,1,False,0.0,0.0
Vanuatu,2012,2,False,0.0,0.0
Vanuatu,2012,3,False,0.0,0.0
Vanuatu,2012,4,False,0.0,0.0
Vanuatu,2013,1,False,0.0,0.0
Vanuatu,2013,2,False,0.0,0.0
Vanuatu,2013,3,False,0.0,0.0
Vanuatu,2013,4,False,0.0,0.0
Vanuatu,2014,1,False,0.0,0.0
Vanuatu,2014,2,False,0.0,0.0
Vanuatu,2014,3,False,0.0,0.0
Vanuatu,2014,4,False,0.0,0.0
Vanuatu,2015,1,False,0.0,0.0
Vanuatu,2015,2,False,0.0,0.0
Vanuatu,2015,3,False,0.0,0.0
Vanuatu,2015,4,False,0.0,0.0
Vanuatu,2016,1,False,0.0,0.0
Vanuatu,2016,2,False,0.0,0.0
Vanuatu,2016,3,False,0.0,0.0
Vanuatu,2016,4,False,0.0,0.0
Vanuatu,2017,1,False,0.0,0.0
Vanuatu,2017,2,False,0.0,0.0
Vanuatu,2017,3,False,0.0,0.0
Vanuatu,2017,4,False,0.0,0.0
Vanuatu,2018,1,False,0.0,0.0
Vanuatu,2018,2,True,,
Vanuatu,2018,3,True,,
Vanuatu,2018,4,True,,
Vanuatu,2019,1,False,0.0,0.0
Vanuatu,2019,2,False,0.0,0.0
Vanuatu,2019,3,False,0.0,0.0
Vanuatu,2019,4,True,,
Vanuatu,2020,1,False,0.0,0.0
Vanuatu,2020,2,False,0.0,0.0
Vanuatu,2020,3,False,0.0,0.0
Vanuatu,2020,4,False,0.0,0.0
Vanuatu,2021,1,False,0.0,0.0
Vanuatu,2021,2,False,0.0,0.0
Vanuatu,2021,3,False,0.0,0.0
Vanuatu,2021,4,False,0.0,0.0
Vanuatu,2022,1,False,0.0,0.0
Vanuatu,2022,2,False,0.0,0.0
Vanuatu,2022,3,False,0.0,0.0
Vanuatu,2022,4,False,0.0,0.0
Vanuatu,2023,1,False,0.0,0.0
Vanuatu,2023,2,False,0.0,0.0
Vanuatu,2023,3,False,0.0,0.0
Vanuatu,2023,4,False,0.0,0.0
Vanuatu,2024,1,False,0.0,0.0
Vanuatu,2024,2,False,0.0,0.0
Vanuatu,2024,3,False,0.0,0.0
Vanuatu,2024,4,False,0.0,0.0
Vanuatu,2025,1,False,0.0,0.0
Vanuatu,2025,2,False,0.0,0.0
Vanuatu,2025,3,False,0.0,0.0
Vanuatu,2025,4,False,0.0,0.0
"Venezuela, República Bolivariana de",2006,1,False,-5.385087,-5.385087
"Venezuela, República Bolivariana de",2006,2,False,-4.09844893,1.2866380700000004
"Venezuela, República Bolivariana de",2006,3,False,-5.82781293,-1.7293640000000003
"Venezuela, República Bolivariana de",2006,4,False,-6.14823793,-0.3204249999999993
"Venezuela, República Bolivariana de",2007,1,False,0.96023,0.96023
"Venezuela, República Bolivariana de",2007,2,False,0.020681,-0.9395490000000001
"Venezuela, República Bolivariana de",2007,3,False,0.079584,0.058903
"Venezuela, República Bolivariana de",2007,4,False,4.412056,4.332472
"Venezuela, República Bolivariana de",2008,1,False,3.1313244,3.1313244
"Venezuela, República Bolivariana de",2008,2,False,3.9770219,0.8456975
"Venezuela, República Bolivariana de",2008,3,False,0.91817422,-3.05884768
"Venezuela, República Bolivariana de",2008,4,False,4.04977435,3.13160013
"Venezuela, República Bolivariana de",2009,1,False,-1.07953164,-1.07953164
"Venezuela, República Bolivariana de",2009,2,False,-2.05565664,-0.9761250000000001
"Venezuela, República Bolivariana de",2009,3,False,-3.39455664,-1.3388999999999998
"Venezuela, República Bolivariana de",2009,4,False,1.7081206,5.10267724
"Venezuela, República Bolivariana de",2010,1,False,-0.68981219,-0.68981219
"Venezuela, República Bolivariana de",2010,2,False,7.70886581,8.398678
"Venezuela, República Bolivariana de",2010,3,False,8.05344981,0.3445840000000002
"Venezuela, República Bolivariana de",2010,4,False,6.13833293,-1.9151168800000002
"Venezuela, República Bolivariana de",2011,1,False,3.53804758,3.53804758
"Venezuela, República Bolivariana de",2011,2,False,6.92892669,3.3908791099999998
"Venezuela, República Bolivariana de",2011,3,False,23.65356651,16.72463982
"Venezuela, República Bolivariana de",2011,4,False,25.40301786,1.7494513499999975
"Venezuela, República Bolivariana de",2012,1,False,3.15874435,3.15874435
"Venezuela, República Bolivariana de",2012,2,False,9.14905335,5.990309000000001
"Venezuela, República Bolivariana de",2012,3,False,11.42864931,2.27959596
"Venezuela, República Bolivariana de",2012,4,False,17.35199234,5.923343029999998
"Venezuela, República Bolivariana de",2013,1,False,4.68982799,4.68982799
"Venezuela, República Bolivariana de",2013,2,False,7.89231196,3.2024839699999994
"Venezuela, República Bolivariana de",2013,3,False,18.70601696,10.813704999999999
"Venezuela, República Bolivariana de",2013,4,False,27.57626222,8.87024526
"Venezuela, República Bolivariana de",2014,1,False,4.96347242,4.96347242
"Venezuela, República Bolivariana de",2014,2,False,9.56537469,4.60190227
"Venezuela, República Bolivariana de",2014,3,False,11.36995369,1.8045789999999986
"Venezuela, República Bolivariana de",2014,4,False,21.26572433,9.895770640000002
"Venezuela, República Bolivariana de",2015,1,False,3.31093809,3.31093809
"Venezuela, República Bolivariana de",2015,2,False,5.45721404,2.14627595
"Venezuela, República Bolivariana de",2015,3,False,9.16940921,3.7121951699999993
"Venezuela, República Bolivariana de",2015,4,False,10.549784,1.3803747900000012
"Venezuela, República Bolivariana de",2016,1,False,2.64743656,2.64743656
"Venezuela, República Bolivariana de",2016,2,False,5.75840806,3.1109715
"Venezuela, República Bolivariana de",2016,3,False,6.80272579,1.0443177300000004
"Venezuela, República Bolivariana de",2016,4,False,10.52291642,3.7201906299999994
"Venezuela, República Bolivariana de",2017,1,False,1.73174493,1.73174493
"Venezuela, República Bolivariana de",2017,2,False,3.43310617,1.7013612399999998
"Venezuela, República Bolivariana de",2017,3,False,5.56145083,2.12834466
"Venezuela, República Bolivariana de",2017,4,False,7.13967697,1.57822614
"Venezuela, República Bolivariana de",2018,1,False,3.20657768,3.20657768
"Venezuela, República Bolivariana de",2018,2,False,5.02394156,1.8173638799999998
"Venezuela, República Bolivariana de",2018,3,False,5.69256369,0.6686221300000001
"Venezuela, República Bolivariana de",2018,4,False,9.57241502,3.8798513299999993
"Venezuela, República Bolivariana de",2019,1,False,5.55862961,5.55862961
"Venezuela, República Bolivariana de",2019,2,False,3.61322231,-1.9454072999999998
"Venezuela, República Bolivariana de",2019,3,False,4.47567681,0.8624545000000006
"Venezuela, República Bolivariana de",2019,4,False,1.66432088,-2.8113559300000004
"Venezuela, República Bolivariana de",2020,1,False,2.63109554,2.63109554
"Venezuela, República Bolivariana de",2020,2,False,2.47863902,-0.15245651999999987
"Venezuela, República Bolivariana de",2020,3,False,2.01814621,-0.4604928100000003
"Venezuela, República Bolivariana de",2020,4,False,0.9343618,-1.0837844099999998
"Venezuela, República Bolivariana de",2021,1,False,1.5883042,1.5883042
"Venezuela, República Bolivariana de",2021,2,False,4.62844609,3.0401418899999997
"Venezuela, República Bolivariana de",2021,3,False,6.31124538,1.6827992900000002
"Venezuela, República Bolivariana de",2021,4,False,3.07771581,-3.23352957
"Venezuela, República Bolivariana de",2022,1,False,1.4973197,1.4973197
"Venezuela, República Bolivariana de",2022,2,False,4.33876707,2.84144737
"Venezuela, República Bolivariana de",2022,3,False,6.77994299,2.44117592
"Venezuela, República Bolivariana de",2022,4,False,9.24633698,2.4663939900000003
"Venezuela, República Bolivariana de",2023,1,False,5.61957082,5.61957082
"Venezuela, República Bolivariana de",2023,2,False,9.21581485,3.5962440299999994
"Venezuela, República Bolivariana de",2023,3,False,11.62509367,2.409278820000001
"Venezuela, República Bolivariana de",2023,4,False,-2.63059517,-14.25568884
"Venezuela, República Bolivariana de",2024,1,False,22.52691217,22.52691217
"Venezuela, República Bolivariana de",2024,2,False,29.25931088,6.732398710000002
"Venezuela, República Bolivariana de",2024,3,False,34.24371969,4.984408809999998
"Venezuela, República Bolivariana de",2024,4,False,48.85534776,14.611628070000002
"Venezuela, República Bolivariana de",2025,1,False,3.89457147,3.89457147
"Venezuela, República Bolivariana de",2025,2,False,18.77605422,14.88148275
"Venezuela, República Bolivariana de",2025,3,False,24.42012856,5.6440743399999995
"Venezuela, República Bolivariana de",2025,4,False,28.85175931,4.43163075
Vietnam,2006,1,False,0.0,0.0
Vietnam,2006,2,False,0.0,0.0
Vietnam,2006,3,False,0.0,0.0
Vietnam,2006,4,False,0.0,0.0
Vietnam,2007,1,False,0.0,0.0
Vietnam,2007,2,False,0.0,0.0
Vietnam,2007,3,False,0.0,0.0
Vietnam,2007,4,False,0.0,0.0
Vietnam,2008,1,False,0.0,0.0
Vietnam,2008,2,False,0.0,0.0
Vietnam,2008,3,False,0.0,0.0
Vietnam,2008,4,False,0.0,0.0
Vietnam,2009,1,False,0.0,0.0
Vietnam,2009,2,False,0.0,0.0
Vietnam,2009,3,False,0.0,0.0
Vietnam,2009,4,False,0.0,0.0
Vietnam,2010,1,False,0.0,0.0
Vietnam,2010,2,False,0.0,0.0
Vietnam,2010,3,False,0.0,0.0
Vietnam,2010,4,False,0.0,0.0
Vietnam,2011,1,False,0.0,0.0
Vietnam,2011,2,False,0.0,0.0
Vietnam,2011,3,False,0.0,0.0
Vietnam,2011,4,False,0.0,0.0
Vietnam,2012,1,False,0.0,0.0
Vietnam,2012,2,False,0.0,0.0
Vietnam,2012,3,False,0.0,0.0
Vietnam,2012,4,False,0.0,0.0
Vietnam,2013,1,False,0.0,0.0
Vietnam,2013,2,False,0.0,0.0
Vietnam,2013,3,False,0.0,0.0
Vietnam,2013,4,False,0.0,0.0
Vietnam,2014,1,False,0.0,0.0
Vietnam,2014,2,False,0.0,0.0
Vietnam,2014,3,False,0.0,0.0
Vietnam,2014,4,False,0.0,0.0
Vietnam,2015,1,False,0.0,0.0
Vietnam,2015,2,False,0.0,0.0
Vietnam,2015,3,False,0.0,0.0
Vietnam,2015,4,False,0.0,0.0
Vietnam,2016,1,False,0.0,0.0
Vietnam,2016,2,False,0.0,0.0
Vietnam,2016,3,False,2.567429,2.567429
Vietnam,2016,4,False,2.567429,0.0
Vietnam,2017,1,True,,
Vietnam,2017,2,True,,
Vietnam,2017,3,True,,
Vietnam,2017,4,False,1.16299822,
Vietnam,2018,1,False,0.0,0.0
Vietnam,2018,2,False,0.7669635,0.7669635
Vietnam,2018,3,False,0.7669635,0.0
Vietnam,2018,4,False,0.7669635,0.0
Vietnam,2019,1,False,0.0,0.0
Vietnam,2019,2,False,0.0,0.0
Vietnam,2019,3,False,0.0,0.0
Vietnam,2019,4,False,0.0,0.0
Vietnam,2020,1,False,0.0,0.0
Vietnam,2020,2,False,0.0,0.0
Vietnam,2020,3,True,,
Vietnam,2020,4,True,,
Vietnam,2021,1,False,0.0,0.0
Vietnam,2021,2,False,0.0,0.0
Vietnam,2021,3,False,0.0,0.0
Vietnam,2021,4,False,0.0,0.0
Vietnam,2022,1,False,0.0,0.0
Vietnam,2022,2,False,0.0,0.0
Vietnam,2022,3,True,,
Vietnam,2022,4,True,,
Vietnam,2023,1,False,0.0,0.0
Vietnam,2023,2,False,0.0,0.0
Vietnam,2023,3,False,0.0,0.0
Vietnam,2023,4,True,,
Vietnam,2024,1,False,0.0,0.0
Vietnam,2024,2,True,,
Vietnam,2024,3,True,,
Vietnam,2024,4,True,,
Vietnam,2025,1,True,,
Vietnam,2025,2,True,,
Vietnam,2025,3,True,,
Vietnam,2025,4,True,,
"Yemen, República de",2006,1,False,0.0,0.0
"Yemen, República de",2006,2,False,0.0,0.0
"Yemen, República de",2006,3,False,0.0,0.0
"Yemen, República de",2006,4,False,0.0,0.0
"Yemen, República de",2007,1,False,0.0,0.0
"Yemen, República de",2007,2,False,0.0,0.0
"Yemen, República de",2007,3,False,0.0,0.0
"Yemen, República de",2007,4,False,0.0,0.0
"Yemen, República de",2008,1,False,0.0,0.0
"Yemen, República de",2008,2,False,0.0,0.0
"Yemen, República de",2008,3,False,0.0,0.0
"Yemen, República de",2008,4,False,0.0,0.0
"Yemen, República de",2009,1,False,0.0,0.0
"Yemen, República de",2009,2,False,0.0,0.0
"Yemen, República de",2009,3,False,0.0,0.0
"Yemen, República de",2009,4,False,0.0,0.0
"Yemen, República de",2010,1,True,,
"Yemen, República de",2010,2,True,,
"Yemen, República de",2010,3,True,,
"Yemen, República de",2010,4,True,,
"Yemen, República de",2011,1,False,0.0,0.0
"Yemen, República de",2011,2,False,0.0,0.0
"Yemen, República de",2011,3,False,0.0,0.0
"Yemen, República de",2011,4,False,0.0,0.0
"Yemen, República de",2012,1,False,0.0,0.0
"Yemen, República de",2012,2,False,0.0,0.0
"Yemen, República de",2012,3,False,0.0,0.0
"Yemen, República de",2012,4,False,0.0,0.0
"Yemen, República de",2013,1,False,0.0,0.0
"Yemen, República de",2013,2,False,0.0,0.0
"Yemen, República de",2013,3,False,0.0,0.0
"Yemen, República de",2013,4,False,0.0,0.0
"Yemen, República de",2014,1,False,0.0,0.0
"Yemen, República de",2014,2,False,0.0,0.0
"Yemen, República de",2014,3,False,0.0,0.0
"Yemen, República de",2014,4,False,0.0,0.0
"Yemen, República de",2015,1,False,0.0,0.0
"Yemen, República de",2015,2,False,0.0,0.0
"Yemen, República de",2015,3,False,0.0,0.0
"Yemen, República de",2015,4,False,0.0,0.0
"Yemen, República de",2016,1,False,0.0,0.0
"Yemen, República de",2016,2,False,0.0,0.0
"Yemen, República de",2016,3,False,0.0,0.0
"Yemen, República de",2016,4,False,0.0,0.0
"Yemen, República de",2017,1,False,0.0,0.0
"Yemen, República de",2017,2,False,0.0,0.0
"Yemen, República de",2017,3,False,0.0,0.0
"Yemen, República de",2017,4,False,0.0,0.0
"Yemen, República de",2018,1,False,0.0,0.0
"Yemen, República de",2018,2,False,0.0,0.0
"Yemen, República de",2018,3,False,0.0,0.0
"Yemen, República de",2018,4,False,0.0,0.0
"Yemen, República de",2019,1,False,0.0,0.0
"Yemen, República de",2019,2,False,0.0,0.0
"Yemen, República de",2019,3,False,0.0,0.0
"Yemen, República de",2019,4,False,0.0,0.0
"Yemen, República de",2020,1,False,0.0,0.0
"Yemen, República de",2020,2,False,0.0,0.0
"Yemen, República de",2020,3,False,0.0,0.0
"Yemen, República de",2020,4,False,0.0,0.0
"Yemen, República de",2021,1,False,0.0,0.0
"Yemen, República de",2021,2,False,0.0,0.0
"Yemen, República de",2021,3,False,0.0,0.0
"Yemen, República de",2021,4,False,0.0,0.0
"Yemen, República de",2022,1,False,0.0,0.0
"Yemen, República de",2022,2,False,0.0,0.0
"Yemen, República de",2022,3,False,0.0,0.0
"Yemen, República de",2022,4,False,0.0,0.0
"Yemen, República de",2023,1,False,0.0,0.0
"Yemen, República de",2023,2,False,0.0,0.0
"Yemen, República de",2023,3,False,0.0,0.0
"Yemen, República de",2023,4,False,0.0,0.0
"Yemen, República de",2024,1,False,0.0,0.0
"Yemen, República de",2024,2,False,0.0,0.0
"Yemen, República de",2024,3,False,0.0,0.0
"Yemen, República de",2024,4,False,0.0,0.0
"Yemen, República de",2025,1,False,0.0,0.0
"Yemen, República de",2025,2,False,0.0,0.0
"Yemen, República de",2025,3,False,0.0,0.0
"Yemen, República de",2025,4,False,0.0,0.0
Zambia,2006,1,False,0.0,0.0
Zambia,2006,2,False,0.0,0.0
Zambia,2006,3,False,0.0,0.0
Zambia,2006,4,False,0.0,0.0
Zambia,2007,1,False,0.0,0.0
Zambia,2007,2,False,0.0,0.0
Zambia,2007,3,False,0.0,0.0
Zambia,2007,4,False,0.0,0.0
Zambia,2008,1,False,0.0,0.0
Zambia,2008,2,False,0.0,0.0
Zambia,2008,3,False,0.0,0.0
Zambia,2008,4,False,0.0,0.0
Zambia,2009,1,False,0.0,0.0
Zambia,2009,2,False,0.0,0.0
Zambia,2009,3,False,0.0,0.0
Zambia,2009,4,False,0.0,0.0
Zambia,2010,1,False,0.0,0.0
Zambia,2010,2,False,0.0,0.0
Zambia,2010,3,False,0.0,0.0
Zambia,2010,4,False,0.0,0.0
Zambia,2011,1,False,0.0,0.0
Zambia,2011,2,False,0.0,0.0
Zambia,2011,3,False,0.0,0.0
Zambia,2011,4,False,0.0,0.0
Zambia,2012,1,False,0.0,0.0
Zambia,2012,2,False,0.0,0.0
Zambia,2012,3,False,0.0,0.0
Zambia,2012,4,False,0.0,0.0
Zambia,2013,1,False,0.0,0.0
Zambia,2013,2,False,0.0,0.0
Zambia,2013,3,False,0.0,0.0
Zambia,2013,4,False,0.0,0.0
Zambia,2014,1,False,0.0,0.0
Zambia,2014,2,False,0.0,0.0
Zambia,2014,3,False,0.0,0.0
Zambia,2014,4,False,0.0,0.0
Zambia,2015,1,False,0.0,0.0
Zambia,2015,2,False,0.0,0.0
Zambia,2015,3,False,0.0,0.0
Zambia,2015,4,False,0.0,0.0
Zambia,2016,1,False,0.0,0.0
Zambia,2016,2,False,0.0,0.0
Zambia,2016,3,False,0.0,0.0
Zambia,2016,4,False,0.0,0.0
Zambia,2017,1,False,0.0,0.0
Zambia,2017,2,False,0.0,0.0
Zambia,2017,3,False,0.0,0.0
Zambia,2017,4,False,0.0,0.0
Zambia,2018,1,False,0.0,0.0
Zambia,2018,2,False,0.0,0.0
Zambia,2018,3,False,0.0,0.0
Zambia,2018,4,False,0.0,0.0
Zambia,2019,1,False,0.0,0.0
Zambia,2019,2,False,0.0,0.0
Zambia,2019,3,False,0.0,0.0
Zambia,2019,4,False,0.0,0.0
Zambia,2020,1,False,0.0,0.0
Zambia,2020,2,False,0.0,0.0
Zambia,2020,3,False,0.0,0.0
Zambia,2020,4,False,0.0,0.0
Zambia,2021,1,False,0.0,0.0
Zambia,2021,2,False,0.0,0.0
Zambia,2021,3,False,0.0,0.0
Zambia,2021,4,False,0.0,0.0
Zambia,2022,1,False,0.0,0.0
Zambia,2022,2,False,0.0,0.0
Zambia,2022,3,False,0.0,0.0
Zambia,2022,4,True,,
Zambia,2023,1,False,0.0,0.0
Zambia,2023,2,False,0.0,0.0
Zambia,2023,3,False,0.0,0.0
Zambia,2023,4,False,0.0,0.0
Zambia,2024,1,False,0.0,0.0
Zambia,2024,2,True,,
Zambia,2024,3,True,,
Zambia,2024,4,True,,
Zambia,2025,1,False,0.0,0.0
Zambia,2025,2,False,0.0,0.0
Zambia,2025,3,False,0.0,0.0
Zambia,2025,4,False,0.0,0.0
Zimbabue,2006,1,False,0.0,0.0
Zimbabue,2006,2,False,0.0,0.0
Zimbabue,2006,3,False,0.0,0.0
Zimbabue,2006,4,False,0.0,0.0
Zimbabue,2007,1,False,0.0,0.0
Zimbabue,2007,2,False,0.0,0.0
Zimbabue,2007,3,False,0.0,0.0
Zimbabue,2007,4,False,0.0,0.0
Zimbabue,2008,1,False,0.0,0.0
Zimbabue,2008,2,False,0.0,0.0
Zimbabue,2008,3,False,0.0,0.0
Zimbabue,2008,4,False,0.0,0.0
Zimbabue,2009,1,False,0.0,0.0
Zimbabue,2009,2,False,0.0,0.0
Zimbabue,2009,3,True,,
Zimbabue,2009,4,True,,
Zimbabue,2010,1,False,0.0,0.0
Zimbabue,2010,2,False,0.0,0.0
Zimbabue,2010,3,False,0.0,0.0
Zimbabue,2010,4,False,0.0,0.0
Zimbabue,2011,1,False,0.0,0.0
Zimbabue,2011,2,False,0.0,0.0
Zimbabue,2011,3,False,0.0,0.0
Zimbabue,2011,4,False,0.0,0.0
Zimbabue,2012,1,False,0.0,0.0
Zimbabue,2012,2,False,0.0,0.0
Zimbabue,2012,3,False,0.0,0.0
Zimbabue,2012,4,False,0.0,0.0
Zimbabue,2013,1,False,0.0,0.0
Zimbabue,2013,2,False,0.0,0.0
Zimbabue,2013,3,False,0.0,0.0
Zimbabue,2013,4,False,0.0,0.0
Zimbabue,2014,1,False,0.0,0.0
Zimbabue,2014,2,False,0.0,0.0
Zimbabue,2014,3,False,0.0,0.0
Zimbabue,2014,4,False,0.0,0.0
Zimbabue,2015,1,False,0.0,0.0
Zimbabue,2015,2,False,0.0,0.0
Zimbabue,2015,3,False,0.0,0.0
Zimbabue,2015,4,False,0.0,0.0
Zimbabue,2016,1,False,0.0,0.0
Zimbabue,2016,2,False,0.0,0.0
Zimbabue,2016,3,False,0.0,0.0
Zimbabue,2016,4,False,0.0,0.0
Zimbabue,2017,1,False,0.0,0.0
Zimbabue,2017,2,False,0.0,0.0
Zimbabue,2017,3,False,0.0,0.0
Zimbabue,2017,4,True,,
Zimbabue,2018,1,False,0.0,0.0
Zimbabue,2018,2,False,0.0,0.0
Zimbabue,2018,3,False,0.0,0.0
Zimbabue,2018,4,True,,
Zimbabue,2019,1,False,0.0,0.0
Zimbabue,2019,2,False,0.0,0.0
Zimbabue,2019,3,False,0.0,0.0
Zimbabue,2019,4,False,0.0,0.0
Zimbabue,2020,1,False,0.0,0.0
Zimbabue,2020,2,False,0.0,0.0
Zimbabue,2020,3,False,0.0,0.0
Zimbabue,2020,4,False,0.0,0.0
Zimbabue,2021,1,False,0.0,0.0
Zimbabue,2021,2,False,0.0,0.0
Zimbabue,2021,3,False,0.0,0.0
Zimbabue,2021,4,False,0.0,0.0
Zimbabue,2022,1,False,0.0,0.0
Zimbabue,2022,2,False,0.0,0.0
Zimbabue,2022,3,False,0.0,0.0
Zimbabue,2022,4,False,0.0,0.0
Zimbabue,2023,1,False,0.0,0.0
Zimbabue,2023,2,False,0.0,0.0
Zimbabue,2023,3,False,0.0,0.0
Zimbabue,2023,4,False,0.0,0.0
Zimbabue,2024,1,False,0.0,0.0
Zimbabue,2024,2,False,0.0,0.0
Zimbabue,2024,3,False,0.0,0.0
Zimbabue,2024,4,False,0.0,0.0
Zimbabue,2025,1,False,0.0,0.0
Zimbabue,2025,2,False,0.0,0.0
Zimbabue,2025,3,False,0.0,0.0
Zimbabue,2025,4,False,0.0,0.0
